date,q_cor
1979-01-01,0.0
1979-01-02,0.0
1979-01-03,0.0
1979-01-04,0.0
1979-01-05,0.0
1979-01-06,0.0
1979-01-07,0.0
1979-01-08,0.0
1979-01-09,0.0
1979-01-10,0.0
1979-01-11,0.0
1979-01-12,0.0
1979-01-13,0.0
1979-01-14,0.0
1979-01-15,0.0
1979-01-16,0.0
1979-01-17,0.0
1979-01-18,0.0
1979-01-19,0.0
1979-01-20,0.0
1979-01-21,0.0
1979-01-22,0.0
1979-01-23,0.0
1979-01-24,0.0
1979-01-25,0.0
1979-01-26,0.0
1979-01-27,0.0
1979-01-28,0.0
1979-01-29,0.0
1979-01-30,0.0
1979-01-31,0.0
1979-02-01,0.0
1979-02-02,0.0
1979-02-03,0.0
1979-02-04,0.0
1979-02-05,0.0
1979-02-06,0.0
1979-02-07,0.0
1979-02-08,0.0
1979-02-09,0.0
1979-02-10,0.0
1979-02-11,0.0
1979-02-12,0.0
1979-02-13,0.0
1979-02-14,0.0
1979-02-15,0.0
1979-02-16,0.0
1979-02-17,0.0
1979-02-18,0.0
1979-02-19,0.0
1979-02-20,0.0
1979-02-21,0.0
1979-02-22,0.0
1979-02-23,0.0
1979-02-24,0.0
1979-02-25,0.0
1979-02-26,0.0
1979-02-27,0.0
1979-02-28,0.0
1979-03-01,0.0
1979-03-02,0.0
1979-03-03,0.0
1979-03-04,0.0
1979-03-05,0.0
1979-03-06,0.0
1979-03-07,0.0
1979-03-08,0.0
1979-03-09,0.0
1979-03-10,0.0
1979-03-11,0.0
1979-03-12,0.0
1979-03-13,0.0
1979-03-14,0.0
1979-03-15,0.0
1979-03-16,0.0
1979-03-17,0.0
1979-03-18,0.0
1979-03-19,0.0
1979-03-20,0.0
1979-03-21,0.0
1979-03-22,0.0
1979-03-23,0.0
1979-03-24,0.0
1979-03-25,0.0
1979-03-26,0.0
1979-03-27,0.0
1979-03-28,0.0
1979-03-29,0.0
1979-03-30,0.0
1979-03-31,0.0
1979-04-01,0.0
1979-04-02,0.0
1979-04-03,0.0
1979-04-04,0.0
1979-04-05,0.0
1979-04-06,0.0
1979-04-07,0.0
1979-04-08,0.0
1979-04-09,0.0
1979-04-10,0.0
1979-04-11,0.0
1979-04-12,0.0
1979-04-13,0.0
1979-04-14,0.0
1979-04-15,0.0
1979-04-16,0.0
1979-04-17,0.0
1979-04-18,0.0
1979-04-19,0.0
1979-04-20,0.0
1979-04-21,0.0
1979-04-22,0.0
1979-04-23,0.0
1979-04-24,0.0
1979-04-25,0.0
1979-04-26,0.0
1979-04-27,0.0
1979-04-28,0.0
1979-04-29,0.0
1979-04-30,0.0
1979-05-01,0.7752499999999999
1979-05-02,0.7752499999999999
1979-05-03,0.7752500000000001
1979-05-04,0.7752499999999999
1979-05-05,0.77525
1979-05-06,0.7752499999999999
1979-05-07,0.7752499999999999
1979-05-08,0.77525
1979-05-09,0.7752500000000001
1979-05-10,0.77525
1979-05-11,8.391206030150764
1979-05-12,1.3398379193366012
1979-05-13,1.637505271217386
1979-05-14,2.399708597522915
1979-05-15,2.675950543297315
1979-05-16,2.9509382774552773
1979-05-17,1.855417248896093
1979-05-18,3.4212902610354696
1979-05-19,1.8310921337205694
1979-05-20,8.070831379730153
1979-05-21,6.903211916918655
1979-05-22,5.813396570386834
1979-05-23,6.074408538719192
1979-05-24,6.557800361632137
1979-05-25,10.268742955408372
1979-05-26,18.622940734564487
1979-05-27,96.88040602336571
1979-05-28,178.50308148363538
1979-05-29,231.29030234279705
1979-05-30,402.0267018806623
1979-05-31,387.0276259966057
1979-06-01,445.6777840141208
1979-06-02,580.738373931346
1979-06-03,968.5258771260922
1979-06-04,1646.1105506693445
1979-06-05,1965.9710988043535
1979-06-06,1991.3900144105821
1979-06-07,1961.8430529371922
1979-06-08,1945.0349910086652
1979-06-09,1933.5627603965697
1979-06-10,1754.9112429107236
1979-06-11,1640.9645584375103
1979-06-12,1601.4277129423824
1979-06-13,1612.5016623863057
1979-06-14,1639.001411240045
1979-06-15,1630.1227973218101
1979-06-16,1615.2070330740598
1979-06-17,1287.7535159395786
1979-06-18,946.9200695469017
1979-06-19,829.5877892908624
1979-06-20,657.3846388721447
1979-06-21,631.3902583706831
1979-06-22,613.7370676012144
1979-06-23,523.8949176389016
1979-06-24,467.78799393433684
1979-06-25,426.3004678075915
1979-06-26,388.4701663665199
1979-06-27,350.3159578916327
1979-06-28,311.57548304459476
1979-06-29,251.85883372521866
1979-06-30,207.593930458572
1979-07-01,177.74358352866588
1979-07-02,182.46482392777568
1979-07-03,192.6872429242092
1979-07-04,172.43927839188484
1979-07-05,164.18447294967206
1979-07-06,147.5692754007625
1979-07-07,145.9193249573234
1979-07-08,140.95489750030063
1979-07-09,135.59306178601094
1979-07-10,137.60721418751234
1979-07-11,134.62031303406553
1979-07-12,135.33473343385833
1979-07-13,134.1810227558057
1979-07-14,135.32438992336986
1979-07-15,126.15280506038958
1979-07-16,127.50282121222932
1979-07-17,128.55619511572675
1979-07-18,162.18436292463494
1979-07-19,176.05745213262256
1979-07-20,155.4787386134488
1979-07-21,173.97436213147785
1979-07-22,223.10008504440617
1979-07-23,222.40186814859018
1979-07-24,217.35373371857148
1979-07-25,215.5709169831795
1979-07-26,202.58002455511823
1979-07-27,196.19814493616494
1979-07-28,189.23424262880013
1979-07-29,197.72200509167308
1979-07-30,194.1719342084369
1979-07-31,196.61074139042887
1979-08-01,182.796360403196
1979-08-02,169.12866014486187
1979-08-03,167.2846841765552
1979-08-04,206.2093869733381
1979-08-05,391.60869998304287
1979-08-06,527.6262695371701
1979-08-07,662.0458415449729
1979-08-08,671.9330065504653
1979-08-09,683.8275680103881
1979-08-10,685.15333088266
1979-08-11,651.8141548940491
1979-08-12,511.75255473968775
1979-08-13,616.9099368656114
1979-08-14,506.68620098002367
1979-08-15,375.61103813262713
1979-08-16,265.6861417484572
1979-08-17,231.4113773192184
1979-08-18,224.155629086248
1979-08-19,222.06690220585463
1979-08-20,231.96788083767578
1979-08-21,244.2799781137447
1979-08-22,242.17825673898778
1979-08-23,223.71311307379221
1979-08-24,217.5629272772154
1979-08-25,237.95257523411004
1979-08-26,266.42780088512376
1979-08-27,331.89407773671155
1979-08-28,306.5610688993162
1979-08-29,295.01684896327276
1979-08-30,283.8055595958868
1979-08-31,243.745234732591
1979-09-01,217.4493775620143
1979-09-02,204.43854443366052
1979-09-03,189.52846931227532
1979-09-04,172.15001321953665
1979-09-05,165.54377528792165
1979-09-06,191.06284471293574
1979-09-07,275.0785164218475
1979-09-08,287.01032668498135
1979-09-09,279.02593827426983
1979-09-10,290.54080184034717
1979-09-11,407.6738148419896
1979-09-12,404.6538901261491
1979-09-13,356.57447316731356
1979-09-14,305.91577002532154
1979-09-15,262.93380425147404
1979-09-16,232.36883121779172
1979-09-17,217.92249800010623
1979-09-18,207.2307663743345
1979-09-19,194.43066025720296
1979-09-20,179.9489787513956
1979-09-21,162.7821891627215
1979-09-22,123.10635311314289
1979-09-23,111.7407447686762
1979-09-24,100.43479380488957
1979-09-25,88.7714986659431
1979-09-26,78.31629595788782
1979-09-27,68.81209102722065
1979-09-28,59.535874917788476
1979-09-29,52.61916618872089
1979-09-30,46.713467713107995
1979-10-01,71.1484375
1979-10-02,64.15625
1979-10-03,57.6640625
1979-10-04,51.703125
1979-10-05,46.2578125
1979-10-06,41.3125
1979-10-07,36.703125
1979-10-08,32.3828125
1979-10-09,28.4609375
1979-10-10,24.859375
1979-10-11,21.5078125
1979-10-12,18.3984375
1979-10-13,15.5390625
1979-10-14,12.953125
1979-10-15,10.6328125
1979-10-16,8.5859375
1979-10-17,6.828125
1979-10-18,5.328125
1979-10-19,4.125
1979-10-20,3.2109375
1979-10-21,2.515625
1979-10-22,1.984375
1979-10-23,1.5703125
1979-10-24,1.2578125
1979-10-25,1.015625
1979-10-26,0.828125
1979-10-27,0.6875
1979-10-28,0.578125
1979-10-29,0.4921875
1979-10-30,0.421875
1979-10-31,0.3671875
1979-11-01,0.3203125
1979-11-02,0.28125
1979-11-03,0.2421875
1979-11-04,0.2109375
1979-11-05,0.1875
1979-11-06,0.15625
1979-11-07,0.140625
1979-11-08,0.11718750000000001
1979-11-09,0.1015625
1979-11-10,0.0859375
1979-11-11,0.0703125
1979-11-12,0.06249999999999999
1979-11-13,0.05468749999999999
1979-11-14,0.046875
1979-11-15,0.0390625
1979-11-16,0.03125
1979-11-17,0.0234375
1979-11-18,0.0234375
1979-11-19,0.015625
1979-11-20,0.015625
1979-11-21,0.015625
1979-11-22,0.015625
1979-11-23,0.015625
1979-11-24,0.015625
1979-11-25,0.0
1979-11-26,0.0
1979-11-27,0.0
1979-11-28,0.0
1979-11-29,0.0
1979-11-30,0.0
1979-12-01,0.0
1979-12-02,0.0
1979-12-03,0.0
1979-12-04,0.0
1979-12-05,0.0
1979-12-06,0.0
1979-12-07,0.0
1979-12-08,0.0
1979-12-09,0.0
1979-12-10,0.0
1979-12-11,0.0
1979-12-12,0.0
1979-12-13,0.0
1979-12-14,0.0
1979-12-15,0.0
1979-12-16,0.0
1979-12-17,0.0
1979-12-18,0.0
1979-12-19,0.0
1979-12-20,0.0
1979-12-21,0.0
1979-12-22,0.0
1979-12-23,0.0
1979-12-24,0.0
1979-12-25,0.0
1979-12-26,0.0
1979-12-27,0.0
1979-12-28,0.0
1979-12-29,0.0
1979-12-30,0.0
1979-12-31,0.0
1980-01-01,0.0
1980-01-02,0.0
1980-01-03,0.0
1980-01-04,0.0
1980-01-05,0.0
1980-01-06,0.0
1980-01-07,0.0
1980-01-08,0.0
1980-01-09,0.0
1980-01-10,0.0
1980-01-11,0.0
1980-01-12,0.0
1980-01-13,0.0
1980-01-14,0.0
1980-01-15,0.0
1980-01-16,0.0
1980-01-17,0.0
1980-01-18,0.0
1980-01-19,0.0
1980-01-20,0.0
1980-01-21,0.0
1980-01-22,0.0
1980-01-23,0.0
1980-01-24,0.0
1980-01-25,0.0
1980-01-26,0.0
1980-01-27,0.0
1980-01-28,0.0
1980-01-29,0.0
1980-01-30,0.0
1980-01-31,0.0
1980-02-01,0.0
1980-02-02,0.0
1980-02-03,0.0
1980-02-04,0.0
1980-02-05,0.0
1980-02-06,0.0
1980-02-07,0.0
1980-02-08,0.0
1980-02-09,0.0
1980-02-10,0.0
1980-02-11,0.0
1980-02-12,0.0
1980-02-13,0.0
1980-02-14,0.0
1980-02-15,0.0
1980-02-16,0.0
1980-02-17,0.0
1980-02-18,0.0
1980-02-19,0.0
1980-02-20,0.0
1980-02-21,0.0
1980-02-22,0.0
1980-02-23,0.0
1980-02-24,0.0
1980-02-25,0.0
1980-02-26,0.0
1980-02-27,0.0
1980-02-28,0.0
1980-02-29,0.0
1980-03-01,0.0
1980-03-02,0.0
1980-03-03,0.0
1980-03-04,0.0
1980-03-05,0.0
1980-03-06,0.0
1980-03-07,0.0
1980-03-08,0.0
1980-03-09,0.0
1980-03-10,0.0
1980-03-11,0.0
1980-03-12,0.0
1980-03-13,0.0
1980-03-14,0.0
1980-03-15,0.0
1980-03-16,0.0
1980-03-17,0.0
1980-03-18,0.0
1980-03-19,0.0
1980-03-20,0.0
1980-03-21,0.0
1980-03-22,0.0
1980-03-23,0.0
1980-03-24,0.0
1980-03-25,0.0
1980-03-26,0.0
1980-03-27,0.0
1980-03-28,0.0
1980-03-29,0.0
1980-03-30,0.0
1980-03-31,0.0
1980-04-01,0.0
1980-04-02,0.0
1980-04-03,0.0
1980-04-04,0.0
1980-04-05,0.0
1980-04-06,0.0
1980-04-07,0.0
1980-04-08,0.0
1980-04-09,0.0
1980-04-10,0.0
1980-04-11,0.0
1980-04-12,0.0
1980-04-13,0.0
1980-04-14,0.0
1980-04-15,0.0
1980-04-16,0.0
1980-04-17,0.0
1980-04-18,0.0
1980-04-19,0.0
1980-04-20,0.0
1980-04-21,0.0
1980-04-22,0.0
1980-04-23,0.0
1980-04-24,0.0
1980-04-25,0.0
1980-04-26,0.0
1980-04-27,0.0
1980-04-28,0.0
1980-04-29,0.0
1980-04-30,0.0
1980-05-01,0.7752499999999999
1980-05-02,0.7752500000000002
1980-05-03,0.77525
1980-05-04,0.7752500000000001
1980-05-05,0.7752500000000001
1980-05-06,0.7752500000000001
1980-05-07,0.77525
1980-05-08,0.7752500000000001
1980-05-09,0.77525
1980-05-10,0.7752500000000001
1980-05-11,0.78
1980-05-12,0.7799999999999999
1980-05-13,0.7799999999999998
1980-05-14,0.7799999999999999
1980-05-15,0.7800000000000001
1980-05-16,5.862500000000001
1980-05-17,1.0317788461538462
1980-05-18,0.9245638192937465
1980-05-19,2.626621423330887
1980-05-20,5.5920267610306285
1980-05-21,9.302222605099931
1980-05-22,21.069669911066445
1980-05-23,125.90401776705819
1980-05-24,281.5366000836245
1980-05-25,382.38617006051754
1980-05-26,720.6023012486502
1980-05-27,780.0260784963995
1980-05-28,931.9299774833096
1980-05-29,1089.7549288190987
1980-05-30,1422.124768263796
1980-05-31,1684.7658935553166
1980-06-01,1617.29128734767
1980-06-02,1581.1072156339526
1980-06-03,1380.2407623390693
1980-06-04,1071.1283646716454
1980-06-05,929.0709122110704
1980-06-06,831.2119842849074
1980-06-07,725.4718959106615
1980-06-08,618.7012305871065
1980-06-09,561.6746923525535
1980-06-10,573.6323453933819
1980-06-11,507.0214490787567
1980-06-12,477.3842750801702
1980-06-13,464.65307626944605
1980-06-14,474.6867680004469
1980-06-15,534.3815727804869
1980-06-16,530.4394297478631
1980-06-17,455.44720362147643
1980-06-18,425.71505922715437
1980-06-19,415.2905243164856
1980-06-20,364.08338931963544
1980-06-21,333.5334001043609
1980-06-22,314.66712549991274
1980-06-23,268.17875829004583
1980-06-24,209.2946189580952
1980-06-25,171.06728869693214
1980-06-26,166.4340910174096
1980-06-27,169.0185218522702
1980-06-28,159.2059478105177
1980-06-29,181.56451548371606
1980-06-30,183.49346609775347
1980-07-01,204.9248246634608
1980-07-02,195.285946912867
1980-07-03,172.7134857843358
1980-07-04,178.81319816865664
1980-07-05,164.1673392375986
1980-07-06,148.53706683100984
1980-07-07,145.39357539929946
1980-07-08,141.501447514293
1980-07-09,136.20776109555283
1980-07-10,142.3306224770481
1980-07-11,204.1308609688959
1980-07-12,253.188420984923
1980-07-13,308.489087763984
1980-07-14,372.9470685998589
1980-07-15,373.61971148137894
1980-07-16,486.2749042827814
1980-07-17,679.0170087787766
1980-07-18,689.4002594703645
1980-07-19,716.0981936184407
1980-07-20,743.4570227361429
1980-07-21,849.477861621876
1980-07-22,907.3220006247647
1980-07-23,909.7533944013459
1980-07-24,875.5589604638719
1980-07-25,860.5035020625776
1980-07-26,699.4934706725247
1980-07-27,692.0629197009513
1980-07-28,701.2200335123171
1980-07-29,686.4283297543996
1980-07-30,674.3696932680208
1980-07-31,698.6359932832653
1980-08-01,692.9905268667304
1980-08-02,536.373628438161
1980-08-03,502.29110335662045
1980-08-04,394.3369248626333
1980-08-05,524.6449037593848
1980-08-06,674.8921105663607
1980-08-07,662.1632663075084
1980-08-08,529.0020583127914
1980-08-09,396.78667872490524
1980-08-10,315.3199482013872
1980-08-11,255.80641274569783
1980-08-12,227.13915837603187
1980-08-13,199.41291583026535
1980-08-14,176.20791080794714
1980-08-15,165.12339430200797
1980-08-16,162.77608377235197
1980-08-17,140.09169607393412
1980-08-18,124.82317253539458
1980-08-19,110.44746562252055
1980-08-20,102.77368950349991
1980-08-21,87.98543461197993
1980-08-22,80.042445849238
1980-08-23,82.47857556608024
1980-08-24,72.73273589900523
1980-08-25,74.05094867905264
1980-08-26,73.84428946286212
1980-08-27,71.14549859909437
1980-08-28,72.85654019816756
1980-08-29,68.10760024657178
1980-08-30,64.20681477797598
1980-08-31,62.36223090229553
1980-09-01,65.86829300380441
1980-09-02,67.1036986161945
1980-09-03,63.78164267964252
1980-09-04,61.80675881855829
1980-09-05,61.26477965537624
1980-09-06,59.77423982767197
1980-09-07,56.849805713364596
1980-09-08,51.12512255782215
1980-09-09,48.539886301559186
1980-09-10,44.86058706606306
1980-09-11,41.04650281596429
1980-09-12,40.33211258287583
1980-09-13,39.64817563162399
1980-09-14,39.792991641233435
1980-09-15,36.581585362252845
1980-09-16,30.807904641993307
1980-09-17,27.19605126095006
1980-09-18,24.213643961912766
1980-09-19,21.39056840052931
1980-09-20,16.29851381324871
1980-09-21,13.955784761680418
1980-09-22,13.569790173355422
1980-09-23,17.462650060298838
1980-09-24,28.71801240883056
1980-09-25,32.25367220839362
1980-09-26,28.871652772296997
1980-09-27,25.686427513701993
1980-09-28,23.250177226264224
1980-09-29,21.18632252794124
1980-09-30,16.674326057063524
1980-10-01,9.5078125
1980-10-02,7.8671875
1980-10-03,6.4765625
1980-10-04,5.3046875
1980-10-05,4.34375
1980-10-06,3.546875
1980-10-07,2.875
1980-10-08,2.3203125
1980-10-09,1.875
1980-10-10,1.515625
1980-10-11,1.265625
1980-10-12,1.109375
1980-10-13,0.9375
1980-10-14,0.7734375
1980-10-15,0.6328125
1980-10-16,0.5234375
1980-10-17,0.4375
1980-10-18,0.359375
1980-10-19,0.3046875
1980-10-20,0.2578125
1980-10-21,0.21875
1980-10-22,0.1875
1980-10-23,0.1484375
1980-10-24,0.109375
1980-10-25,0.078125
1980-10-26,0.06249999999999999
1980-10-27,0.046875
1980-10-28,0.046875
1980-10-29,0.03125
1980-10-30,0.03125
1980-10-31,0.03125
1980-11-01,0.015625
1980-11-02,0.015625
1980-11-03,0.015625
1980-11-04,0.015625
1980-11-05,0.015625
1980-11-06,0.015625
1980-11-07,0.015625
1980-11-08,0.015625
1980-11-09,0.0
1980-11-10,0.0
1980-11-11,0.0
1980-11-12,0.0
1980-11-13,0.0
1980-11-14,0.0
1980-11-15,0.0
1980-11-16,0.0
1980-11-17,0.0
1980-11-18,0.0
1980-11-19,0.0
1980-11-20,0.0
1980-11-21,0.0
1980-11-22,0.0
1980-11-23,0.0
1980-11-24,0.0
1980-11-25,0.0
1980-11-26,0.0
1980-11-27,0.0
1980-11-28,0.0
1980-11-29,0.0
1980-11-30,0.0
1980-12-01,0.0
1980-12-02,0.0
1980-12-03,0.0
1980-12-04,0.0
1980-12-05,0.0
1980-12-06,0.0
1980-12-07,0.0
1980-12-08,0.0
1980-12-09,0.0
1980-12-10,0.0
1980-12-11,0.0
1980-12-12,0.0
1980-12-13,0.0
1980-12-14,0.0
1980-12-15,0.0
1980-12-16,0.0
1980-12-17,0.0
1980-12-18,0.0
1980-12-19,0.0
1980-12-20,0.0
1980-12-21,0.0
1980-12-22,0.0
1980-12-23,0.0
1980-12-24,0.0
1980-12-25,0.0
1980-12-26,0.0
1980-12-27,0.0
1980-12-28,0.0
1980-12-29,0.0
1980-12-30,0.0
1980-12-31,0.0
1981-01-01,0.0
1981-01-02,0.0
1981-01-03,0.0
1981-01-04,0.0
1981-01-05,0.0
1981-01-06,0.0
1981-01-07,0.0
1981-01-08,0.0
1981-01-09,0.0
1981-01-10,0.0
1981-01-11,0.0
1981-01-12,0.0
1981-01-13,0.0
1981-01-14,0.0
1981-01-15,0.0
1981-01-16,0.0
1981-01-17,0.0
1981-01-18,0.0
1981-01-19,0.0
1981-01-20,0.0
1981-01-21,0.0
1981-01-22,0.0
1981-01-23,0.0
1981-01-24,0.0
1981-01-25,0.0
1981-01-26,0.0
1981-01-27,0.0
1981-01-28,0.0
1981-01-29,0.0
1981-01-30,0.0
1981-01-31,0.0
1981-02-01,0.0
1981-02-02,0.0
1981-02-03,0.0
1981-02-04,0.0
1981-02-05,0.0
1981-02-06,0.0
1981-02-07,0.0
1981-02-08,0.0
1981-02-09,0.0
1981-02-10,0.0
1981-02-11,0.0
1981-02-12,0.0
1981-02-13,0.0
1981-02-14,0.0
1981-02-15,0.0
1981-02-16,0.0
1981-02-17,0.0
1981-02-18,0.0
1981-02-19,0.0
1981-02-20,0.0
1981-02-21,0.0
1981-02-22,0.0
1981-02-23,0.0
1981-02-24,0.0
1981-02-25,0.0
1981-02-26,0.0
1981-02-27,0.0
1981-02-28,0.0
1981-03-01,0.0
1981-03-02,0.0
1981-03-03,0.0
1981-03-04,0.0
1981-03-05,0.0
1981-03-06,0.0
1981-03-07,0.0
1981-03-08,0.0
1981-03-09,0.0
1981-03-10,0.0
1981-03-11,0.0
1981-03-12,0.0
1981-03-13,0.0
1981-03-14,0.0
1981-03-15,0.0
1981-03-16,0.0
1981-03-17,0.0
1981-03-18,0.0
1981-03-19,0.0
1981-03-20,0.0
1981-03-21,0.0
1981-03-22,0.0
1981-03-23,0.0
1981-03-24,0.0
1981-03-25,0.0
1981-03-26,0.0
1981-03-27,0.0
1981-03-28,0.0
1981-03-29,0.0
1981-03-30,0.0
1981-03-31,0.0
1981-04-01,0.0
1981-04-02,0.0
1981-04-03,0.0
1981-04-04,0.0
1981-04-05,0.0
1981-04-06,0.0
1981-04-07,0.0
1981-04-08,0.0
1981-04-09,0.0
1981-04-10,0.0
1981-04-11,0.0
1981-04-12,0.0
1981-04-13,0.0
1981-04-14,0.0
1981-04-15,0.0
1981-04-16,0.0
1981-04-17,0.0
1981-04-18,0.0
1981-04-19,0.0
1981-04-20,0.0
1981-04-21,0.0
1981-04-22,0.0
1981-04-23,0.0
1981-04-24,0.0
1981-04-25,0.0
1981-04-26,0.0
1981-04-27,0.0
1981-04-28,0.0
1981-04-29,0.0
1981-04-30,0.0
1981-05-01,0.7752499999999999
1981-05-02,0.77525
1981-05-03,0.7752500000000001
1981-05-04,0.77525
1981-05-05,0.77525
1981-05-06,0.77525
1981-05-07,0.7752500000000001
1981-05-08,2.692713567839199
1981-05-09,10.019346733668355
1981-05-10,3.174412770809579
1981-05-11,3.985394082332762
1981-05-12,3.9945804733872343
1981-05-13,6.313755227126697
1981-05-14,4.412222303684116
1981-05-15,3.4208596086282554
1981-05-16,3.123296622828857
1981-05-17,3.9556631826057798
1981-05-18,1.8631490943880324
1981-05-19,1.9441644936043978
1981-05-20,9.14520832285263
1981-05-21,10.299870085856302
1981-05-22,15.721346894584519
1981-05-23,51.84410249847413
1981-05-24,75.90925165188055
1981-05-25,72.35919584036581
1981-05-26,81.56862201858675
1981-05-27,104.48164080553353
1981-05-28,182.1771489612613
1981-05-29,307.1292506643293
1981-05-30,454.67929323237087
1981-05-31,476.90260558704745
1981-06-01,561.8754384214179
1981-06-02,1020.9133861500526
1981-06-03,1839.0792669970265
1981-06-04,1965.4727091083905
1981-06-05,1957.0325160647444
1981-06-06,1718.8800677866864
1981-06-07,1479.8147326728522
1981-06-08,1023.8365289880462
1981-06-09,894.194752304458
1981-06-10,805.551424435566
1981-06-11,673.3345694319332
1981-06-12,520.6431982935385
1981-06-13,517.4693286747722
1981-06-14,599.1252803104721
1981-06-15,706.4236278128778
1981-06-16,712.5087888946889
1981-06-17,619.9996179328487
1981-06-18,603.7956451467804
1981-06-19,525.4222815380896
1981-06-20,512.0514455206874
1981-06-21,514.1700614196686
1981-06-22,489.4797069355423
1981-06-23,418.1779694268882
1981-06-24,391.83588307403255
1981-06-25,356.5975086420293
1981-06-26,338.288011905279
1981-06-27,336.14851102937837
1981-06-28,344.39113307923196
1981-06-29,291.37646365503133
1981-06-30,256.71406593136453
1981-07-01,240.89478048692143
1981-07-02,238.24407256125426
1981-07-03,224.03648168785224
1981-07-04,189.0599784479072
1981-07-05,161.16450621331245
1981-07-06,143.1624417733541
1981-07-07,145.77541438484883
1981-07-08,144.97536891261996
1981-07-09,160.482927343975
1981-07-10,156.8854124104703
1981-07-11,146.0120691083519
1981-07-12,144.8577036143697
1981-07-13,194.22514177770321
1981-07-14,268.94448803414735
1981-07-15,294.38702936722535
1981-07-16,413.74075315203237
1981-07-17,508.41745854738406
1981-07-18,668.9177099342597
1981-07-19,669.0246938411743
1981-07-20,670.4555326247731
1981-07-21,650.6728541855096
1981-07-22,508.4162442968271
1981-07-23,527.302318578709
1981-07-24,687.0227451595272
1981-07-25,934.8890895742915
1981-07-26,1030.6859036620392
1981-07-27,1055.4236668793706
1981-07-28,1068.6785008878312
1981-07-29,1096.593480024124
1981-07-30,1085.6098576735244
1981-07-31,1128.9266569820727
1981-08-01,1071.1887490711165
1981-08-02,1016.4725704191826
1981-08-03,697.924053985471
1981-08-04,533.8205978503612
1981-08-05,522.0854207493588
1981-08-06,519.2082955763649
1981-08-07,405.5468436744301
1981-08-08,389.247945041243
1981-08-09,318.40667421282853
1981-08-10,256.13643148212554
1981-08-11,222.5620821163945
1981-08-12,200.11242238297146
1981-08-13,187.9822301502353
1981-08-14,184.46602749762226
1981-08-15,174.49722440994827
1981-08-16,160.54102773246328
1981-08-17,160.08496410880585
1981-08-18,150.19195616682651
1981-08-19,139.32368698417616
1981-08-20,135.2340922740763
1981-08-21,127.25774391309523
1981-08-22,108.5564444533489
1981-08-23,98.0513513833521
1981-08-24,84.2004536748787
1981-08-25,77.3996405300427
1981-08-26,72.63067307608318
1981-08-27,70.84365455771918
1981-08-28,84.15285630115638
1981-08-29,128.84322005178672
1981-08-30,179.562549111557
1981-08-31,193.4567274571529
1981-09-01,230.46744441912222
1981-09-02,232.25651669333743
1981-09-03,227.7144492820799
1981-09-04,211.39445113437037
1981-09-05,197.58644736712125
1981-09-06,176.3907942294434
1981-09-07,158.637546827426
1981-09-08,137.32232880460523
1981-09-09,126.43394250502965
1981-09-10,119.6330385916381
1981-09-11,108.56208509955647
1981-09-12,102.47502418397562
1981-09-13,99.49157275746597
1981-09-14,104.95864603541484
1981-09-15,101.97501920736168
1981-09-16,93.31490294890472
1981-09-17,89.93243236548003
1981-09-18,86.50285376033536
1981-09-19,86.02397269637838
1981-09-20,80.73171008451547
1981-09-21,76.55855301777228
1981-09-22,71.62293835496513
1981-09-23,68.37444612133693
1981-09-24,66.1929866216778
1981-09-25,69.20662665885213
1981-09-26,90.21206809468515
1981-09-27,137.62770366840252
1981-09-28,143.55492163066782
1981-09-29,139.10295430592876
1981-09-30,141.03858504213395
1981-10-01,195.6171875
1981-10-02,206.1953125
1981-10-03,198.6484375
1981-10-04,183.2109375
1981-10-05,166.3125
1981-10-06,151.484375
1981-10-07,138.203125
1981-10-08,126.7578125
1981-10-09,117.84375
1981-10-10,112.2890625
1981-10-11,109.0078125
1981-10-12,105.6484375
1981-10-13,98.40625
1981-10-14,89.8203125
1981-10-15,81.5625
1981-10-16,73.859375
1981-10-17,66.75
1981-10-18,60.1796875
1981-10-19,54.109375
1981-10-20,48.4921875
1981-10-21,43.2734375
1981-10-22,38.46875
1981-10-23,34.109375
1981-10-24,30.140625
1981-10-25,26.5
1981-10-26,23.15625
1981-10-27,20.125
1981-10-28,17.390625
1981-10-29,14.9296875
1981-10-30,12.7109375
1981-10-31,10.7109375
1981-11-01,8.9375
1981-11-02,7.390625
1981-11-03,6.0546875
1981-11-04,4.9296875
1981-11-05,3.9765625
1981-11-06,3.1875
1981-11-07,2.53125
1981-11-08,2.0078125
1981-11-09,1.6015625
1981-11-10,1.28125
1981-11-11,1.0234375
1981-11-12,0.828125
1981-11-13,0.671875
1981-11-14,0.546875
1981-11-15,0.453125
1981-11-16,0.375
1981-11-17,0.3046875
1981-11-18,0.3125
1981-11-19,0.3984375
1981-11-20,0.4375
1981-11-21,0.3984375
1981-11-22,0.34375
1981-11-23,0.2890625
1981-11-24,0.234375
1981-11-25,0.1875
1981-11-26,0.1484375
1981-11-27,0.11718750000000001
1981-11-28,0.09375
1981-11-29,0.078125
1981-11-30,0.06249999999999999
1981-12-01,0.046875
1981-12-02,0.03125
1981-12-03,0.03125
1981-12-04,0.015625
1981-12-05,0.015625
1981-12-06,0.015625
1981-12-07,0.015625
1981-12-08,0.015625
1981-12-09,0.015625
1981-12-10,0.0
1981-12-11,0.0
1981-12-12,0.0
1981-12-13,0.0
1981-12-14,0.0
1981-12-15,0.0
1981-12-16,0.0
1981-12-17,0.0
1981-12-18,0.0
1981-12-19,0.0
1981-12-20,0.0
1981-12-21,0.0
1981-12-22,0.0
1981-12-23,0.0
1981-12-24,0.0
1981-12-25,0.0
1981-12-26,0.0
1981-12-27,0.0
1981-12-28,0.0
1981-12-29,0.0
1981-12-30,0.0
1981-12-31,0.0
1982-01-01,0.0
1982-01-02,0.0
1982-01-03,0.0
1982-01-04,0.0
1982-01-05,0.0
1982-01-06,0.0
1982-01-07,0.0
1982-01-08,0.0
1982-01-09,0.0
1982-01-10,0.0
1982-01-11,0.0
1982-01-12,0.0
1982-01-13,0.0
1982-01-14,0.0
1982-01-15,0.0
1982-01-16,0.0
1982-01-17,0.0
1982-01-18,0.0
1982-01-19,0.0
1982-01-20,0.0
1982-01-21,0.0
1982-01-22,0.0
1982-01-23,0.0
1982-01-24,0.0
1982-01-25,0.0
1982-01-26,0.0
1982-01-27,0.0
1982-01-28,0.0
1982-01-29,0.0
1982-01-30,0.0
1982-01-31,0.0
1982-02-01,0.0
1982-02-02,0.0
1982-02-03,0.0
1982-02-04,0.0
1982-02-05,0.0
1982-02-06,0.0
1982-02-07,0.0
1982-02-08,0.0
1982-02-09,0.0
1982-02-10,0.0
1982-02-11,0.0
1982-02-12,0.0
1982-02-13,0.0
1982-02-14,0.0
1982-02-15,0.0
1982-02-16,0.0
1982-02-17,0.0
1982-02-18,0.0
1982-02-19,0.0
1982-02-20,0.0
1982-02-21,0.0
1982-02-22,0.0
1982-02-23,0.0
1982-02-24,0.0
1982-02-25,0.0
1982-02-26,0.0
1982-02-27,0.0
1982-02-28,0.0
1982-03-01,0.0
1982-03-02,0.0
1982-03-03,0.0
1982-03-04,0.0
1982-03-05,0.0
1982-03-06,0.0
1982-03-07,0.0
1982-03-08,0.0
1982-03-09,0.0
1982-03-10,0.0
1982-03-11,0.0
1982-03-12,0.0
1982-03-13,0.0
1982-03-14,0.0
1982-03-15,0.0
1982-03-16,0.0
1982-03-17,0.0
1982-03-18,0.0
1982-03-19,0.0
1982-03-20,0.0
1982-03-21,0.0
1982-03-22,0.0
1982-03-23,0.0
1982-03-24,0.0
1982-03-25,0.0
1982-03-26,0.0
1982-03-27,0.0
1982-03-28,0.0
1982-03-29,0.0
1982-03-30,0.0
1982-03-31,0.0
1982-04-01,0.0
1982-04-02,0.0
1982-04-03,0.0
1982-04-04,0.0
1982-04-05,0.0
1982-04-06,0.0
1982-04-07,0.0
1982-04-08,0.0
1982-04-09,0.0
1982-04-10,0.0
1982-04-11,0.0
1982-04-12,0.0
1982-04-13,0.0
1982-04-14,0.0
1982-04-15,0.0
1982-04-16,0.0
1982-04-17,0.0
1982-04-18,0.0
1982-04-19,0.0
1982-04-20,0.0
1982-04-21,0.0
1982-04-22,0.0
1982-04-23,0.0
1982-04-24,0.0
1982-04-25,0.0
1982-04-26,0.0
1982-04-27,0.0
1982-04-28,0.0
1982-04-29,0.0
1982-04-30,0.0
1982-05-01,0.7752499999999999
1982-05-02,0.77525
1982-05-03,0.7752500000000001
1982-05-04,0.7752499999999999
1982-05-05,0.77525
1982-05-06,0.7752500000000001
1982-05-07,0.77525
1982-05-08,0.77525
1982-05-09,0.7752500000000001
1982-05-10,0.77525
1982-05-11,0.77525
1982-05-12,0.7800000000000001
1982-05-13,0.78
1982-05-14,0.78
1982-05-15,0.78
1982-05-16,0.78
1982-05-17,0.8
1982-05-18,0.78
1982-05-19,0.8
1982-05-20,0.7799999999999998
1982-05-21,1.4749999999999996
1982-05-22,2.16
1982-05-23,4.519498327759196
1982-05-24,3.988675066819399
1982-05-25,4.24229512393809
1982-05-26,4.399316517493901
1982-05-27,5.125758531531368
1982-05-28,4.719442486616834
1982-05-29,4.172252909348834
1982-05-30,4.839961399849991
1982-05-31,5.338993155933474
1982-06-01,11.1931407918847
1982-06-02,16.006174976085966
1982-06-03,21.850355510085784
1982-06-04,28.06729341813639
1982-06-05,51.758807931359435
1982-06-06,58.107248892044204
1982-06-07,75.71966721514866
1982-06-08,56.746687842939174
1982-06-09,45.20671976107518
1982-06-10,60.65747474780923
1982-06-11,80.2806505598564
1982-06-12,111.88777864127331
1982-06-13,131.50687126692873
1982-06-14,218.0711996925193
1982-06-15,342.6507751794795
1982-06-16,541.8664004148343
1982-06-17,864.1129573042941
1982-06-18,1054.403080606828
1982-06-19,1107.9386689611442
1982-06-20,1217.2674406585877
1982-06-21,1884.2731690388782
1982-06-22,2311.116226903492
1982-06-23,2786.058752196208
1982-06-24,2933.2622942941066
1982-06-25,2918.96661316786
1982-06-26,2848.7227223143673
1982-06-27,2733.771689370129
1982-06-28,2533.0632313060974
1982-06-29,2355.3861347046136
1982-06-30,1853.7575195817751
1982-07-01,1687.6844625782055
1982-07-02,1264.3484345189818
1982-07-03,1285.1149180545294
1982-07-04,1234.6272590626932
1982-07-05,1124.9531547482225
1982-07-06,1069.542571304966
1982-07-07,939.8958475438557
1982-07-08,862.103705075854
1982-07-09,852.7006891282233
1982-07-10,862.1746973583652
1982-07-11,865.0799946072315
1982-07-12,784.3511884282294
1982-07-13,751.6941503862855
1982-07-14,702.8746568333137
1982-07-15,762.045354286384
1982-07-16,787.5750796593238
1982-07-17,854.0774281779202
1982-07-18,835.8072284091184
1982-07-19,782.5135979890541
1982-07-20,733.5759469371927
1982-07-21,689.6044738915979
1982-07-22,669.9672138104353
1982-07-23,656.3407374408
1982-07-24,542.9840892710191
1982-07-25,413.43558414628217
1982-07-26,350.233131116515
1982-07-27,265.8183005010926
1982-07-28,222.92110460601268
1982-07-29,199.7582375744597
1982-07-30,177.0444568316297
1982-07-31,155.38309070074197
1982-08-01,141.07317875956784
1982-08-02,141.85618251946798
1982-08-03,155.11667146659116
1982-08-04,163.16043377084836
1982-08-05,150.09765785269482
1982-08-06,135.55603567866874
1982-08-07,129.5397096660255
1982-08-08,135.41686193900986
1982-08-09,165.21979531112532
1982-08-10,179.6753234120618
1982-08-11,176.74133307405634
1982-08-12,159.32160350290718
1982-08-13,146.7008252406595
1982-08-14,139.00105399948777
1982-08-15,122.34555682147084
1982-08-16,102.86579144897334
1982-08-17,102.44954217750976
1982-08-18,126.59089550555458
1982-08-19,167.83904797703195
1982-08-20,217.89970822556091
1982-08-21,223.28557599554276
1982-08-22,221.4703838864414
1982-08-23,211.20358615585158
1982-08-24,189.2366525833881
1982-08-25,193.04497228858338
1982-08-26,191.27078271735726
1982-08-27,181.04228390673268
1982-08-28,172.1204966986297
1982-08-29,159.8345216938937
1982-08-30,155.59534824283844
1982-08-31,142.24081240000092
1982-09-01,134.27479669410596
1982-09-02,130.47944374269196
1982-09-03,133.17024431806573
1982-09-04,140.15182355978354
1982-09-05,154.0535770067314
1982-09-06,172.22411207872835
1982-09-07,171.66811849692894
1982-09-08,156.38491090121738
1982-09-09,148.0763067202189
1982-09-10,148.04060100487703
1982-09-11,157.50960526467085
1982-09-12,156.62133000587198
1982-09-13,140.958251520215
1982-09-14,130.9504190550574
1982-09-15,119.4868755994877
1982-09-16,105.84035684386103
1982-09-17,95.56240300681826
1982-09-18,84.94812448990847
1982-09-19,81.88867773564215
1982-09-20,74.66231792502623
1982-09-21,68.2934093467942
1982-09-22,62.23693155893211
1982-09-23,57.630660660218865
1982-09-24,54.26490182686707
1982-09-25,55.019702325804026
1982-09-26,56.5458100756475
1982-09-27,57.40710239237492
1982-09-28,53.27497489837894
1982-09-29,48.911173002496234
1982-09-30,49.65973322872079
1982-10-01,78.2890625
1982-10-02,75.390625
1982-10-03,69.453125
1982-10-04,62.890625
1982-10-05,56.5546875
1982-10-06,50.7265625
1982-10-07,45.3515625
1982-10-08,40.3828125
1982-10-09,35.859375
1982-10-10,31.6796875
1982-10-11,27.828125
1982-10-12,24.2734375
1982-10-13,21.0078125
1982-10-14,18.0625
1982-10-15,15.4453125
1982-10-16,13.140625
1982-10-17,11.0703125
1982-10-18,9.234375
1982-10-19,7.625
1982-10-20,6.3671875
1982-10-21,5.4609375
1982-10-22,4.515625
1982-10-23,3.609375
1982-10-24,2.8671875
1982-10-25,2.2734375
1982-10-26,1.796875
1982-10-27,1.4296875
1982-10-28,1.140625
1982-10-29,0.9296875
1982-10-30,0.7578125
1982-10-31,0.6171875
1982-11-01,0.5078125
1982-11-02,0.421875
1982-11-03,0.34375
1982-11-04,0.2890625
1982-11-05,0.234375
1982-11-06,0.1953125
1982-11-07,0.1640625
1982-11-08,0.125
1982-11-09,0.1015625
1982-11-10,0.0859375
1982-11-11,0.078125
1982-11-12,0.0703125
1982-11-13,0.05468749999999999
1982-11-14,0.046875
1982-11-15,0.0390625
1982-11-16,0.0390625
1982-11-17,0.03125
1982-11-18,0.03125
1982-11-19,0.0234375
1982-11-20,0.015625
1982-11-21,0.015625
1982-11-22,0.015625
1982-11-23,0.015625
1982-11-24,0.015625
1982-11-25,0.015625
1982-11-26,0.015625
1982-11-27,0.0
1982-11-28,0.0
1982-11-29,0.0
1982-11-30,0.0
1982-12-01,0.0
1982-12-02,0.0
1982-12-03,0.0
1982-12-04,0.0
1982-12-05,0.0
1982-12-06,0.0
1982-12-07,0.0
1982-12-08,0.0
1982-12-09,0.0
1982-12-10,0.0
1982-12-11,0.0
1982-12-12,0.0
1982-12-13,0.0
1982-12-14,0.0
1982-12-15,0.0
1982-12-16,0.0
1982-12-17,0.0
1982-12-18,0.0
1982-12-19,0.0
1982-12-20,0.0
1982-12-21,0.0
1982-12-22,0.0
1982-12-23,0.0
1982-12-24,0.0
1982-12-25,0.0
1982-12-26,0.0
1982-12-27,0.0
1982-12-28,0.0
1982-12-29,0.0
1982-12-30,0.0
1982-12-31,0.0
1983-01-01,0.0
1983-01-02,0.0
1983-01-03,0.0
1983-01-04,0.0
1983-01-05,0.0
1983-01-06,0.0
1983-01-07,0.0
1983-01-08,0.0
1983-01-09,0.0
1983-01-10,0.0
1983-01-11,0.0
1983-01-12,0.0
1983-01-13,0.0
1983-01-14,0.0
1983-01-15,0.0
1983-01-16,0.0
1983-01-17,0.0
1983-01-18,0.0
1983-01-19,0.0
1983-01-20,0.0
1983-01-21,0.0
1983-01-22,0.0
1983-01-23,0.0
1983-01-24,0.0
1983-01-25,0.0
1983-01-26,0.0
1983-01-27,0.0
1983-01-28,0.0
1983-01-29,0.0
1983-01-30,0.0
1983-01-31,0.0
1983-02-01,0.0
1983-02-02,0.0
1983-02-03,0.0
1983-02-04,0.0
1983-02-05,0.0
1983-02-06,0.0
1983-02-07,0.0
1983-02-08,0.0
1983-02-09,0.0
1983-02-10,0.0
1983-02-11,0.0
1983-02-12,0.0
1983-02-13,0.0
1983-02-14,0.0
1983-02-15,0.0
1983-02-16,0.0
1983-02-17,0.0
1983-02-18,0.0
1983-02-19,0.0
1983-02-20,0.0
1983-02-21,0.0
1983-02-22,0.0
1983-02-23,0.0
1983-02-24,0.0
1983-02-25,0.0
1983-02-26,0.0
1983-02-27,0.0
1983-02-28,0.0
1983-03-01,0.0
1983-03-02,0.0
1983-03-03,0.0
1983-03-04,0.0
1983-03-05,0.0
1983-03-06,0.0
1983-03-07,0.0
1983-03-08,0.0
1983-03-09,0.0
1983-03-10,0.0
1983-03-11,0.0
1983-03-12,0.0
1983-03-13,0.0
1983-03-14,0.0
1983-03-15,0.0
1983-03-16,0.0
1983-03-17,0.0
1983-03-18,0.0
1983-03-19,0.0
1983-03-20,0.0
1983-03-21,0.0
1983-03-22,0.0
1983-03-23,0.0
1983-03-24,0.0
1983-03-25,0.0
1983-03-26,0.0
1983-03-27,0.0
1983-03-28,0.0
1983-03-29,0.0
1983-03-30,0.0
1983-03-31,0.0
1983-04-01,0.0
1983-04-02,0.0
1983-04-03,0.0
1983-04-04,0.0
1983-04-05,0.0
1983-04-06,0.0
1983-04-07,0.0
1983-04-08,0.0
1983-04-09,0.0
1983-04-10,0.0
1983-04-11,0.0
1983-04-12,0.0
1983-04-13,0.0
1983-04-14,0.0
1983-04-15,0.0
1983-04-16,0.0
1983-04-17,0.0
1983-04-18,0.0
1983-04-19,0.0
1983-04-20,0.0
1983-04-21,0.0
1983-04-22,0.0
1983-04-23,0.0
1983-04-24,0.0
1983-04-25,0.0
1983-04-26,0.0
1983-04-27,0.0
1983-04-28,0.0
1983-04-29,0.0
1983-04-30,0.0
1983-05-01,0.77525
1983-05-02,0.7752499999999999
1983-05-03,0.7752500000000002
1983-05-04,0.7752499999999999
1983-05-05,0.7752500000000001
1983-05-06,0.7752499999999999
1983-05-07,0.77525
1983-05-08,0.77525
1983-05-09,0.7752500000000001
1983-05-10,0.7752500000000001
1983-05-11,0.7752500000000001
1983-05-12,3.2487500000000007
1983-05-13,1.2136552315608922
1983-05-14,2.3177085318177344
1983-05-15,4.7815037635636495
1983-05-16,5.243863757667925
1983-05-17,7.765395532235275
1983-05-18,9.229698390624884
1983-05-19,54.593300181857806
1983-05-20,174.34964924671254
1983-05-21,118.30923770830462
1983-05-22,126.90538665305446
1983-05-23,110.73779003748773
1983-05-24,87.2946007745204
1983-05-25,107.64388687507476
1983-05-26,206.11654716321576
1983-05-27,302.8157568398744
1983-05-28,276.0094348792878
1983-05-29,313.825286948537
1983-05-30,270.39986317309626
1983-05-31,269.3262290137137
1983-06-01,262.1942493047198
1983-06-02,220.5689813947696
1983-06-03,124.70055777441122
1983-06-04,105.87086823760482
1983-06-05,89.19591878189831
1983-06-06,88.91135864706044
1983-06-07,83.70975897589318
1983-06-08,121.60577247187335
1983-06-09,314.0781984811244
1983-06-10,403.8911468929734
1983-06-11,599.3399141058367
1983-06-12,1059.3312069694769
1983-06-13,1876.0511190427903
1983-06-14,2081.7245229538476
1983-06-15,1870.0900725364445
1983-06-16,1833.5725574092098
1983-06-17,1794.4515108723201
1983-06-18,1287.168788459633
1983-06-19,1101.514554633136
1983-06-20,1174.645629893121
1983-06-21,1170.9329112639105
1983-06-22,973.4281244432643
1983-06-23,835.4468917684607
1983-06-24,739.5861575979292
1983-06-25,625.4807471183057
1983-06-26,526.9461897649336
1983-06-27,466.10083666466727
1983-06-28,419.51814966102074
1983-06-29,368.30517825996594
1983-06-30,280.7531354507043
1983-07-01,240.49882142498916
1983-07-02,229.56308064561753
1983-07-03,199.08510208788636
1983-07-04,187.12298175212575
1983-07-05,163.42637430391923
1983-07-06,165.83647651634743
1983-07-07,265.70168332653185
1983-07-08,396.98530983487126
1983-07-09,405.59161741557506
1983-07-10,348.0053066698841
1983-07-11,305.6893666570637
1983-07-12,285.5545360915552
1983-07-13,308.4054745575137
1983-07-14,319.7901691770829
1983-07-15,313.10715549723994
1983-07-16,322.65740979328314
1983-07-17,359.0180777191045
1983-07-18,351.13082387485946
1983-07-19,386.4186468166203
1983-07-20,377.755074394283
1983-07-21,333.34950136244646
1983-07-22,286.98872978233203
1983-07-23,238.06333114357358
1983-07-24,214.91077053784443
1983-07-25,189.0057878037029
1983-07-26,185.6387475511378
1983-07-27,186.35313217783613
1983-07-28,174.90314834316504
1983-07-29,195.87787001292293
1983-07-30,249.24727413784916
1983-07-31,335.63378699944803
1983-08-01,404.51709401562374
1983-08-02,508.1301287980447
1983-08-03,522.5517525273009
1983-08-04,684.4480120797672
1983-08-05,989.3183390725361
1983-08-06,1028.8361318740142
1983-08-07,995.1833945625267
1983-08-08,695.417959057573
1983-08-09,675.9358235875986
1983-08-10,657.9575460006902
1983-08-11,521.3781317889285
1983-08-12,497.3731741777367
1983-08-13,392.79673573205326
1983-08-14,311.108044085311
1983-08-15,226.9998733712215
1983-08-16,202.51229481117755
1983-08-17,186.85824655822725
1983-08-18,172.95833108000284
1983-08-19,188.1165528655563
1983-08-20,198.6090524220412
1983-08-21,192.07923519872494
1983-08-22,174.87764912061724
1983-08-23,153.36778072075364
1983-08-24,134.4061241973921
1983-08-25,121.78153563647132
1983-08-26,108.05302671407183
1983-08-27,112.67840175119527
1983-08-28,134.76473976801708
1983-08-29,129.33430585749167
1983-08-30,117.73417358635224
1983-08-31,118.48342849424048
1983-09-01,123.06238907453283
1983-09-02,115.81784491721548
1983-09-03,110.43692703231048
1983-09-04,107.33577043201412
1983-09-05,106.3280417876604
1983-09-06,102.778489731477
1983-09-07,103.5334503190793
1983-09-08,101.60334095491699
1983-09-09,95.75208692130532
1983-09-10,93.19998071064605
1983-09-11,88.8253613353609
1983-09-12,79.27560925589684
1983-09-13,73.02328252467898
1983-09-14,70.97056011990756
1983-09-15,67.29291382286301
1983-09-16,63.99842951917963
1983-09-17,62.04683283592676
1983-09-18,57.76022168585735
1983-09-19,58.58539965322808
1983-09-20,56.65127818245877
1983-09-21,54.47103390594601
1983-09-22,50.26741438938508
1983-09-23,49.093756977911966
1983-09-24,49.84938924949894
1983-09-25,51.999291922354615
1983-09-26,57.43627008755405
1983-09-27,64.0850651309142
1983-09-28,66.84122808598624
1983-09-29,71.15590762342941
1983-09-30,64.59432414726442
1983-10-01,87.6015625
1983-10-02,79.34375
1983-10-03,71.8515625
1983-10-04,64.875
1983-10-05,58.3671875
1983-10-06,52.3984375
1983-10-07,46.859375
1983-10-08,41.6796875
1983-10-09,36.890625
1983-10-10,32.515625
1983-10-11,28.5625
1983-10-12,24.984375
1983-10-13,21.6953125
1983-10-14,18.671875
1983-10-15,15.9453125
1983-10-16,13.4921875
1983-10-17,11.3046875
1983-10-18,9.375
1983-10-19,7.6953125
1983-10-20,6.2734375
1983-10-21,5.0859375
1983-10-22,4.1015625
1983-10-23,3.296875
1983-10-24,2.6484375
1983-10-25,2.140625
1983-10-26,1.734375
1983-10-27,1.4140625
1983-10-28,1.15625
1983-10-29,0.953125
1983-10-30,0.7890625
1983-10-31,0.65625
1983-11-01,0.5546875
1983-11-02,0.46875
1983-11-03,0.40625
1983-11-04,0.34375
1983-11-05,0.296875
1983-11-06,0.25
1983-11-07,0.21875
1983-11-08,0.1875
1983-11-09,0.171875
1983-11-10,0.140625
1983-11-11,0.125
1983-11-12,0.109375
1983-11-13,0.09375
1983-11-14,0.078125
1983-11-15,0.078125
1983-11-16,0.06249999999999999
1983-11-17,0.046875
1983-11-18,0.046875
1983-11-19,0.046875
1983-11-20,0.03125
1983-11-21,0.03125
1983-11-22,0.03125
1983-11-23,0.03125
1983-11-24,0.015625
1983-11-25,0.015625
1983-11-26,0.015625
1983-11-27,0.015625
1983-11-28,0.015625
1983-11-29,0.015625
1983-11-30,0.015625
1983-12-01,0.0
1983-12-02,0.0
1983-12-03,0.0
1983-12-04,0.0
1983-12-05,0.0
1983-12-06,0.0
1983-12-07,0.0
1983-12-08,0.0
1983-12-09,0.0
1983-12-10,0.0
1983-12-11,0.0
1983-12-12,0.0
1983-12-13,0.0
1983-12-14,0.0
1983-12-15,0.0
1983-12-16,0.0
1983-12-17,0.0
1983-12-18,0.0
1983-12-19,0.0
1983-12-20,0.0
1983-12-21,0.0
1983-12-22,0.0
1983-12-23,0.0
1983-12-24,0.0
1983-12-25,0.0
1983-12-26,0.0
1983-12-27,0.0
1983-12-28,0.0
1983-12-29,0.0
1983-12-30,0.0
1983-12-31,0.0
1984-01-01,0.0
1984-01-02,0.0
1984-01-03,0.0
1984-01-04,0.0
1984-01-05,0.0
1984-01-06,0.0
1984-01-07,0.0
1984-01-08,0.0
1984-01-09,0.0
1984-01-10,0.0
1984-01-11,0.0
1984-01-12,0.0
1984-01-13,0.0
1984-01-14,0.0
1984-01-15,0.0
1984-01-16,0.0
1984-01-17,0.0
1984-01-18,0.0
1984-01-19,0.0
1984-01-20,0.0
1984-01-21,0.0
1984-01-22,0.0
1984-01-23,0.0
1984-01-24,0.0
1984-01-25,0.0
1984-01-26,0.0
1984-01-27,0.0
1984-01-28,0.0
1984-01-29,0.0
1984-01-30,0.0
1984-01-31,0.0
1984-02-01,0.0
1984-02-02,0.0
1984-02-03,0.0
1984-02-04,0.0
1984-02-05,0.0
1984-02-06,0.0
1984-02-07,0.0
1984-02-08,0.0
1984-02-09,0.0
1984-02-10,0.0
1984-02-11,0.0
1984-02-12,0.0
1984-02-13,0.0
1984-02-14,0.0
1984-02-15,0.0
1984-02-16,0.0
1984-02-17,0.0
1984-02-18,0.0
1984-02-19,0.0
1984-02-20,0.0
1984-02-21,0.0
1984-02-22,0.0
1984-02-23,0.0
1984-02-24,0.0
1984-02-25,0.0
1984-02-26,0.0
1984-02-27,0.0
1984-02-28,0.0
1984-02-29,0.0
1984-03-01,0.0
1984-03-02,0.0
1984-03-03,0.0
1984-03-04,0.0
1984-03-05,0.0
1984-03-06,0.0
1984-03-07,0.0
1984-03-08,0.0
1984-03-09,0.0
1984-03-10,0.0
1984-03-11,0.0
1984-03-12,0.0
1984-03-13,0.0
1984-03-14,0.0
1984-03-15,0.0
1984-03-16,0.0
1984-03-17,0.0
1984-03-18,0.0
1984-03-19,0.0
1984-03-20,0.0
1984-03-21,0.0
1984-03-22,0.0
1984-03-23,0.0
1984-03-24,0.0
1984-03-25,0.0
1984-03-26,0.0
1984-03-27,0.0
1984-03-28,0.0
1984-03-29,0.0
1984-03-30,0.0
1984-03-31,0.0
1984-04-01,0.0
1984-04-02,0.0
1984-04-03,0.0
1984-04-04,0.0
1984-04-05,0.0
1984-04-06,0.0
1984-04-07,0.0
1984-04-08,0.0
1984-04-09,0.0
1984-04-10,0.0
1984-04-11,0.0
1984-04-12,0.0
1984-04-13,0.0
1984-04-14,0.0
1984-04-15,0.0
1984-04-16,0.0
1984-04-17,0.0
1984-04-18,0.0
1984-04-19,0.0
1984-04-20,0.0
1984-04-21,0.0
1984-04-22,0.0
1984-04-23,0.0
1984-04-24,0.0
1984-04-25,0.0
1984-04-26,0.0
1984-04-27,0.0
1984-04-28,0.0
1984-04-29,0.0
1984-04-30,0.0
1984-05-01,0.7752500000000001
1984-05-02,0.7752500000000001
1984-05-03,0.7752499999999999
1984-05-04,0.7752500000000001
1984-05-05,0.77525
1984-05-06,0.7752500000000001
1984-05-07,0.77525
1984-05-08,2.6927135678392
1984-05-09,2.1969327251995447
1984-05-10,3.553822469982847
1984-05-11,2.2767084989651436
1984-05-12,3.964731185422214
1984-05-13,5.751600873050852
1984-05-14,3.712426213257268
1984-05-15,3.784391879436449
1984-05-16,5.773544507830154
1984-05-17,5.6159282472709435
1984-05-18,5.7924942862938655
1984-05-19,18.080517683239382
1984-05-20,62.07111521021178
1984-05-21,141.60197379812496
1984-05-22,326.48912842316724
1984-05-23,306.5721094512667
1984-05-24,321.61953588262105
1984-05-25,372.2984037266306
1984-05-26,462.226395753771
1984-05-27,408.90857687174235
1984-05-28,352.89078773460204
1984-05-29,427.78025744053775
1984-05-30,273.7205348775817
1984-05-31,259.5944996648346
1984-06-01,244.96535723356413
1984-06-02,379.0700919046639
1984-06-03,468.4233247685913
1984-06-04,628.3598107446184
1984-06-05,988.4833618103511
1984-06-06,1236.6565178174917
1984-06-07,1638.4622975296459
1984-06-08,1639.548306730848
1984-06-09,1292.193398382172
1984-06-10,1075.4799713550146
1984-06-11,956.0266525446435
1984-06-12,913.8147310977763
1984-06-13,861.3491330057299
1984-06-14,752.2151870689867
1984-06-15,633.5129206775355
1984-06-16,619.3444855774561
1984-06-17,604.596791232037
1984-06-18,605.4328453049818
1984-06-19,514.4113565782303
1984-06-20,465.7298856317081
1984-06-21,390.86749100656226
1984-06-22,335.8063592571184
1984-06-23,272.038271568545
1984-06-24,210.03218746291532
1984-06-25,173.27143050821198
1984-06-26,166.64195578644288
1984-06-27,145.914876348114
1984-06-28,139.64423837751212
1984-06-29,136.67281932937038
1984-06-30,142.25904069831867
1984-07-01,138.82061259268932
1984-07-02,131.80835202948273
1984-07-03,129.44753071469302
1984-07-04,130.92327911971677
1984-07-05,130.82170136793232
1984-07-06,139.11172918113482
1984-07-07,156.24590476430132
1984-07-08,187.09978627509602
1984-07-09,171.71285357920246
1984-07-10,159.89879096377956
1984-07-11,143.39167797349924
1984-07-12,139.0829505062519
1984-07-13,132.79881544466994
1984-07-14,123.06259108267153
1984-07-15,116.79117506491566
1984-07-16,111.31186944870886
1984-07-17,76.43351191959182
1984-07-18,71.6599543796148
1984-07-19,72.94668333749148
1984-07-20,108.34148996162413
1984-07-21,110.88967748605361
1984-07-22,112.34309062857471
1984-07-23,109.7696039276734
1984-07-24,112.965804321585
1984-07-25,117.6152308225859
1984-07-26,122.51565688957261
1984-07-27,158.44281639147337
1984-07-28,236.42149014144846
1984-07-29,396.9627101395089
1984-07-30,515.4745812677436
1984-07-31,401.5395255360206
1984-08-01,341.1237557067441
1984-08-02,280.5835960239423
1984-08-03,224.55337845816769
1984-08-04,206.03556144864717
1984-08-05,198.64829337729194
1984-08-06,197.05725565786418
1984-08-07,191.54654294527123
1984-08-08,195.60179545465826
1984-08-09,229.18678738104933
1984-08-10,227.17177038112888
1984-08-11,220.25598799454417
1984-08-12,227.39059112825475
1984-08-13,478.561376594992
1984-08-14,946.8025030762296
1984-08-15,936.006251812406
1984-08-16,911.6855800223879
1984-08-17,880.9933306149009
1984-08-18,865.818974810992
1984-08-19,639.7515638784677
1984-08-20,602.0397951827086
1984-08-21,565.6067253744154
1984-08-22,412.90746966521743
1984-08-23,335.07452297957366
1984-08-24,310.77702624111805
1984-08-25,264.13037483413905
1984-08-26,244.3930849277199
1984-08-27,223.66100995588633
1984-08-28,214.4797754079122
1984-08-29,197.229503577647
1984-08-30,178.20699361262945
1984-08-31,162.80445702627466
1984-09-01,152.20619153094415
1984-09-02,163.11576438623476
1984-09-03,168.06883168270213
1984-09-04,176.39178499461013
1984-09-05,230.41684534238976
1984-09-06,393.6157340806929
1984-09-07,430.0916342735984
1984-09-08,404.59291984630414
1984-09-09,292.79750546939107
1984-09-10,267.10320894824537
1984-09-11,243.4696512216713
1984-09-12,218.0656307510072
1984-09-13,207.29550917977966
1984-09-14,195.80260610110463
1984-09-15,177.87692909976624
1984-09-16,166.69497665920989
1984-09-17,195.75333948614522
1984-09-18,187.31445113974408
1984-09-19,174.62057214436695
1984-09-20,140.4782108270132
1984-09-21,164.6119722143205
1984-09-22,208.78205984729146
1984-09-23,231.02465461250353
1984-09-24,236.7453394194854
1984-09-25,221.17567374364995
1984-09-26,209.59671249148286
1984-09-27,195.99050906646053
1984-09-28,193.72806988543178
1984-09-29,174.65956903675976
1984-09-30,242.59705763262127
1984-10-01,288.59375
1984-10-02,281.109375
1984-10-03,263.75
1984-10-04,246.625
1984-10-05,228.78125
1984-10-06,207.90625
1984-10-07,187.28125
1984-10-08,169.125
1984-10-09,154.21875
1984-10-10,140.984375
1984-10-11,128.890625
1984-10-12,117.671875
1984-10-13,107.234375
1984-10-14,97.59375
1984-10-15,88.609375
1984-10-16,80.90625
1984-10-17,75.078125
1984-10-18,68.890625
1984-10-19,62.21875
1984-10-20,55.90625
1984-10-21,50.09375
1984-10-22,44.734375
1984-10-23,39.8125
1984-10-24,35.25
1984-10-25,31.015625
1984-10-26,27.078125
1984-10-27,23.453125
1984-10-28,20.15625
1984-10-29,17.34375
1984-10-30,15.203125
1984-10-31,13.0
1984-11-01,10.734375
1984-11-02,8.75
1984-11-03,7.078125
1984-11-04,5.6875
1984-11-05,4.53125
1984-11-06,3.625
1984-11-07,2.921875
1984-11-08,2.359375
1984-11-09,1.90625
1984-11-10,1.53125
1984-11-11,1.234375
1984-11-12,0.984375
1984-11-13,0.796875
1984-11-14,0.625
1984-11-15,0.5
1984-11-16,0.40625
1984-11-17,0.3125
1984-11-18,0.265625
1984-11-19,0.21875
1984-11-20,0.1875
1984-11-21,0.15625
1984-11-22,0.140625
1984-11-23,0.125
1984-11-24,0.109375
1984-11-25,0.09375
1984-11-26,0.09375
1984-11-27,0.078125
1984-11-28,0.06249999999999999
1984-11-29,0.06249999999999999
1984-11-30,0.046875
1984-12-01,0.046875
1984-12-02,0.046875
1984-12-03,0.03125
1984-12-04,0.03125
1984-12-05,0.03125
1984-12-06,0.03125
1984-12-07,0.03125
1984-12-08,0.015625
1984-12-09,0.015625
1984-12-10,0.015625
1984-12-11,0.015625
1984-12-12,0.015625
1984-12-13,0.015625
1984-12-14,0.015625
1984-12-15,0.015625
1984-12-16,0.0
1984-12-17,0.0
1984-12-18,0.0
1984-12-19,0.0
1984-12-20,0.0
1984-12-21,0.0
1984-12-22,0.0
1984-12-23,0.0
1984-12-24,0.0
1984-12-25,0.0
1984-12-26,0.0
1984-12-27,0.0
1984-12-28,0.0
1984-12-29,0.0
1984-12-30,0.0
1984-12-31,0.0
1985-01-01,0.0
1985-01-02,0.0
1985-01-03,0.0
1985-01-04,0.0
1985-01-05,0.0
1985-01-06,0.0
1985-01-07,0.0
1985-01-08,0.0
1985-01-09,0.0
1985-01-10,0.0
1985-01-11,0.0
1985-01-12,0.0
1985-01-13,0.0
1985-01-14,0.0
1985-01-15,0.0
1985-01-16,0.0
1985-01-17,0.0
1985-01-18,0.0
1985-01-19,0.0
1985-01-20,0.0
1985-01-21,0.0
1985-01-22,0.0
1985-01-23,0.0
1985-01-24,0.0
1985-01-25,0.0
1985-01-26,0.0
1985-01-27,0.0
1985-01-28,0.0
1985-01-29,0.0
1985-01-30,0.0
1985-01-31,0.0
1985-02-01,0.0
1985-02-02,0.0
1985-02-03,0.0
1985-02-04,0.0
1985-02-05,0.0
1985-02-06,0.0
1985-02-07,0.0
1985-02-08,0.0
1985-02-09,0.0
1985-02-10,0.0
1985-02-11,0.0
1985-02-12,0.0
1985-02-13,0.0
1985-02-14,0.0
1985-02-15,0.0
1985-02-16,0.0
1985-02-17,0.0
1985-02-18,0.0
1985-02-19,0.0
1985-02-20,0.0
1985-02-21,0.0
1985-02-22,0.0
1985-02-23,0.0
1985-02-24,0.0
1985-02-25,0.0
1985-02-26,0.0
1985-02-27,0.0
1985-02-28,0.0
1985-03-01,0.0
1985-03-02,0.0
1985-03-03,0.0
1985-03-04,0.0
1985-03-05,0.0
1985-03-06,0.0
1985-03-07,0.0
1985-03-08,0.0
1985-03-09,0.0
1985-03-10,0.0
1985-03-11,0.0
1985-03-12,0.0
1985-03-13,0.0
1985-03-14,0.0
1985-03-15,0.0
1985-03-16,0.0
1985-03-17,0.0
1985-03-18,0.0
1985-03-19,0.0
1985-03-20,0.0
1985-03-21,0.0
1985-03-22,0.0
1985-03-23,0.0
1985-03-24,0.0
1985-03-25,0.0
1985-03-26,0.0
1985-03-27,0.0
1985-03-28,0.0
1985-03-29,0.0
1985-03-30,0.0
1985-03-31,0.0
1985-04-01,0.0
1985-04-02,0.0
1985-04-03,0.0
1985-04-04,0.0
1985-04-05,0.0
1985-04-06,0.0
1985-04-07,0.0
1985-04-08,0.0
1985-04-09,0.0
1985-04-10,0.0
1985-04-11,0.0
1985-04-12,0.0
1985-04-13,0.0
1985-04-14,0.0
1985-04-15,0.0
1985-04-16,0.0
1985-04-17,0.0
1985-04-18,0.0
1985-04-19,0.0
1985-04-20,0.0
1985-04-21,0.0
1985-04-22,0.0
1985-04-23,0.0
1985-04-24,0.0
1985-04-25,0.0
1985-04-26,0.0
1985-04-27,0.0
1985-04-28,0.0
1985-04-29,0.0
1985-04-30,0.0
1985-05-01,0.77525
1985-05-02,0.7752499999999999
1985-05-03,0.7752500000000001
1985-05-04,0.77525
1985-05-05,0.7752500000000001
1985-05-06,0.7752499999999999
1985-05-07,0.77525
1985-05-08,0.7752499999999999
1985-05-09,0.7752499999999999
1985-05-10,0.77525
1985-05-11,0.7752500000000001
1985-05-12,0.7800000000000001
1985-05-13,0.78
1985-05-14,0.7799999999999999
1985-05-15,0.78
1985-05-16,0.78
1985-05-17,0.7800000000000001
1985-05-18,0.78
1985-05-19,0.7999999999999998
1985-05-20,0.7799999999999998
1985-05-21,0.34999999999999987
1985-05-22,2.0272727272727273
1985-05-23,3.2571698113207543
1985-05-24,2.4936387934326096
1985-05-25,3.7989556684949433
1985-05-26,7.5729454131378615
1985-05-27,15.896669856842998
1985-05-28,52.889706985553524
1985-05-29,160.2103131921586
1985-05-30,439.5510543068612
1985-05-31,439.88312948184523
1985-06-01,410.1212179252879
1985-06-02,394.0837210224827
1985-06-03,369.18672618954866
1985-06-04,274.3268108956652
1985-06-05,225.45213879121673
1985-06-06,184.61529664224105
1985-06-07,241.0147070757982
1985-06-08,380.3911008795711
1985-06-09,441.58861774002276
1985-06-10,646.8466690537743
1985-06-11,905.2797328542147
1985-06-12,1674.727731546965
1985-06-13,2052.9612498199876
1985-06-14,2119.0138281442296
1985-06-15,2078.218710965212
1985-06-16,1875.9972806316273
1985-06-17,1724.1447663532203
1985-06-18,1288.5876220313557
1985-06-19,1080.4270879331636
1985-06-20,924.9926208070483
1985-06-21,775.0318168795071
1985-06-22,703.0328834719583
1985-06-23,646.6248543963217
1985-06-24,583.222985498606
1985-06-25,511.2585086961672
1985-06-26,487.2364720370442
1985-06-27,508.89479965357924
1985-06-28,504.7177183163233
1985-06-29,475.780644974684
1985-06-30,405.03151776372994
1985-07-01,348.92752032413625
1985-07-02,298.57142944125104
1985-07-03,254.3971380518867
1985-07-04,244.46477923267554
1985-07-05,210.9333508897137
1985-07-06,178.8296317298308
1985-07-07,159.59240481951798
1985-07-08,154.49191833635265
1985-07-09,171.68841186646227
1985-07-10,186.63972968503788
1985-07-11,180.6988332809627
1985-07-12,164.87669068465868
1985-07-13,140.4533544205262
1985-07-14,134.2829885981063
1985-07-15,143.01823954680646
1985-07-16,190.44081131930764
1985-07-17,224.69348351683516
1985-07-18,241.28798014023087
1985-07-19,255.56203240885924
1985-07-20,295.57114736475654
1985-07-21,299.7429764617052
1985-07-22,271.9303401302346
1985-07-23,236.21021780590107
1985-07-24,213.09977080541358
1985-07-25,184.78269909049243
1985-07-26,166.3371519624362
1985-07-27,165.97832174941834
1985-07-28,169.45199437411964
1985-07-29,157.95089892330708
1985-07-30,139.80942199269253
1985-07-31,129.23742838370774
1985-08-01,128.37675883389883
1985-08-02,122.39390973339557
1985-08-03,120.1763484429803
1985-08-04,121.08182383875686
1985-08-05,137.28849696582046
1985-08-06,188.84147376707736
1985-08-07,499.21659687327514
1985-08-08,669.3966316796976
1985-08-09,702.6612402831801
1985-08-10,675.847254110802
1985-08-11,511.1860727704281
1985-08-12,378.39203665458047
1985-08-13,232.8893161007815
1985-08-14,208.2676880710175
1985-08-15,207.2244874089875
1985-08-16,201.60708416943976
1985-08-17,189.28599615285404
1985-08-18,172.10478299694992
1985-08-19,171.97427951132693
1985-08-20,167.70282781902375
1985-08-21,155.41834020461226
1985-08-22,136.2658062510797
1985-08-23,139.9339683988197
1985-08-24,173.68230029434773
1985-08-25,183.01629438308808
1985-08-26,181.03768920286706
1985-08-27,183.14942571981945
1985-08-28,201.11660011497267
1985-08-29,212.85948119150777
1985-08-30,253.28622477004294
1985-08-31,381.3908523784645
1985-09-01,488.13030419753323
1985-09-02,362.91286383679176
1985-09-03,342.2409997660212
1985-09-04,318.89859036674426
1985-09-05,253.82000688729136
1985-09-06,215.53393793228423
1985-09-07,200.59329899485485
1985-09-08,188.1968327177578
1985-09-09,177.44365820012075
1985-09-10,169.1426357577131
1985-09-11,163.5845346461793
1985-09-12,141.72382725641748
1985-09-13,130.6501337888324
1985-09-14,115.28704806638231
1985-09-15,106.1903235351085
1985-09-16,96.26022007263201
1985-09-17,92.3062217624257
1985-09-18,83.83199786694183
1985-09-19,77.20997953079237
1985-09-20,70.74357758742626
1985-09-21,64.26439493523954
1985-09-22,60.1191965484593
1985-09-23,55.413206140164824
1985-09-24,52.51755967570955
1985-09-25,50.17468228088329
1985-09-26,45.394945195471
1985-09-27,42.0889797322168
1985-09-28,39.147596421430194
1985-09-29,36.37098294642734
1985-09-30,33.24481887863251
1985-10-01,32.234375
1985-10-02,28.328125
1985-10-03,24.6875
1985-10-04,21.3125
1985-10-05,18.203125
1985-10-06,15.359375
1985-10-07,12.78125
1985-10-08,10.453125
1985-10-09,8.421875
1985-10-10,6.671875
1985-10-11,5.21875
1985-10-12,4.03125
1985-10-13,3.109375
1985-10-14,2.375
1985-10-15,1.84375
1985-10-16,1.421875
1985-10-17,1.125
1985-10-18,0.890625
1985-10-19,0.703125
1985-10-20,0.5625
1985-10-21,0.46875
1985-10-22,0.390625
1985-10-23,0.328125
1985-10-24,0.28125
1985-10-25,0.234375
1985-10-26,0.203125
1985-10-27,0.171875
1985-10-28,0.140625
1985-10-29,0.125
1985-10-30,0.109375
1985-10-31,0.09375
1985-11-01,0.078125
1985-11-02,0.06249999999999999
1985-11-03,0.06249999999999999
1985-11-04,0.046875
1985-11-05,0.046875
1985-11-06,0.03125
1985-11-07,0.03125
1985-11-08,0.03125
1985-11-09,0.03125
1985-11-10,0.015625
1985-11-11,0.015625
1985-11-12,0.015625
1985-11-13,0.015625
1985-11-14,0.015625
1985-11-15,0.0
1985-11-16,0.0
1985-11-17,0.0
1985-11-18,0.0
1985-11-19,0.0
1985-11-20,0.0
1985-11-21,0.078125
1985-11-22,0.453125
1985-11-23,0.78125
1985-11-24,0.96875
1985-11-25,1.78125
1985-11-26,3.71875
1985-11-27,4.5
1985-11-28,4.328125
1985-11-29,3.921875
1985-11-30,3.5
1985-12-01,3.09375
1985-12-02,2.703125
1985-12-03,2.34375
1985-12-04,2.046875
1985-12-05,1.78125
1985-12-06,1.546875
1985-12-07,1.359375
1985-12-08,1.171875
1985-12-09,1.015625
1985-12-10,0.875
1985-12-11,0.734375
1985-12-12,0.625
1985-12-13,0.515625
1985-12-14,0.4375
1985-12-15,0.359375
1985-12-16,0.3125
1985-12-17,0.265625
1985-12-18,0.21875
1985-12-19,0.1875
1985-12-20,0.15625
1985-12-21,0.140625
1985-12-22,0.125
1985-12-23,0.109375
1985-12-24,0.09375
1985-12-25,0.078125
1985-12-26,0.06249999999999999
1985-12-27,0.046875
1985-12-28,0.03125
1985-12-29,0.03125
1985-12-30,0.015625
1985-12-31,0.015625
1986-01-01,0.015625
1986-01-02,0.0
1986-01-03,0.0
1986-01-04,0.0
1986-01-05,0.0
1986-01-06,0.0
1986-01-07,0.0
1986-01-08,0.0
1986-01-09,0.0
1986-01-10,0.0
1986-01-11,0.0
1986-01-12,0.0
1986-01-13,0.0
1986-01-14,0.0
1986-01-15,0.0
1986-01-16,0.0
1986-01-17,0.0
1986-01-18,0.0
1986-01-19,0.0
1986-01-20,0.0
1986-01-21,0.0
1986-01-22,0.0
1986-01-23,0.0
1986-01-24,0.0
1986-01-25,0.0
1986-01-26,0.0
1986-01-27,0.0
1986-01-28,0.0
1986-01-29,0.0
1986-01-30,0.0
1986-01-31,0.0
1986-02-01,0.0
1986-02-02,0.0
1986-02-03,0.0
1986-02-04,0.0
1986-02-05,0.0
1986-02-06,0.0
1986-02-07,0.0
1986-02-08,0.0
1986-02-09,0.0
1986-02-10,0.0
1986-02-11,0.0
1986-02-12,0.0
1986-02-13,0.0
1986-02-14,0.0
1986-02-15,0.0
1986-02-16,0.0
1986-02-17,0.0
1986-02-18,0.0
1986-02-19,0.0
1986-02-20,0.0
1986-02-21,0.0
1986-02-22,0.0
1986-02-23,0.0
1986-02-24,0.0
1986-02-25,0.0
1986-02-26,0.0
1986-02-27,0.0
1986-02-28,0.0
1986-03-01,0.0
1986-03-02,0.0
1986-03-03,0.0
1986-03-04,0.0
1986-03-05,0.0
1986-03-06,0.0
1986-03-07,0.0
1986-03-08,0.0
1986-03-09,0.0
1986-03-10,0.0
1986-03-11,0.0
1986-03-12,0.0
1986-03-13,0.0
1986-03-14,0.0
1986-03-15,0.0
1986-03-16,0.0
1986-03-17,0.0
1986-03-18,0.0
1986-03-19,0.0
1986-03-20,0.0
1986-03-21,0.0
1986-03-22,0.0
1986-03-23,0.0
1986-03-24,0.0
1986-03-25,0.0
1986-03-26,0.0
1986-03-27,0.0
1986-03-28,0.0
1986-03-29,0.0
1986-03-30,0.0
1986-03-31,0.0
1986-04-01,0.0
1986-04-02,0.0
1986-04-03,0.0
1986-04-04,0.0
1986-04-05,0.0
1986-04-06,0.0
1986-04-07,0.0
1986-04-08,0.0
1986-04-09,0.0
1986-04-10,0.0
1986-04-11,0.0
1986-04-12,0.0
1986-04-13,0.0
1986-04-14,0.0
1986-04-15,0.0
1986-04-16,0.0
1986-04-17,0.0
1986-04-18,0.0
1986-04-19,0.0
1986-04-20,0.0
1986-04-21,0.0
1986-04-22,0.0
1986-04-23,0.0
1986-04-24,0.0
1986-04-25,0.0
1986-04-26,0.0
1986-04-27,0.0
1986-04-28,0.0
1986-04-29,0.0
1986-04-30,0.06249999999999999
1986-05-01,2.6927135678391982
1986-05-02,2.6927135678391996
1986-05-03,2.6927135678391996
1986-05-04,1.878643216080404
1986-05-05,3.229156250000001
1986-05-06,3.2291562500000004
1986-05-07,3.229156250000001
1986-05-08,0.7752499999999998
1986-05-09,0.7752500000000001
1986-05-10,0.77525
1986-05-11,0.7752500000000001
1986-05-12,0.7800000000000001
1986-05-13,0.78
1986-05-14,0.7799999999999999
1986-05-15,0.6939790575916229
1986-05-16,1.465365979381444
1986-05-17,1.6698338914936377
1986-05-18,1.740603416876246
1986-05-19,1.5021543595130677
1986-05-20,9.069369950396927
1986-05-21,8.585381153026324
1986-05-22,8.07130032312383
1986-05-23,6.295855321701743
1986-05-24,5.9972509956425935
1986-05-25,5.158539022794747
1986-05-26,6.27056135708548
1986-05-27,9.634668904050717
1986-05-28,15.476831227403933
1986-05-29,39.92613039810013
1986-05-30,58.10466634961211
1986-05-31,91.94372088568501
1986-06-01,117.3805514540101
1986-06-02,222.172556525167
1986-06-03,293.4925944382568
1986-06-04,415.9750666544831
1986-06-05,446.37285177341533
1986-06-06,577.2102778190009
1986-06-07,905.3713591647373
1986-06-08,1077.6218142190794
1986-06-09,1100.5028793218737
1986-06-10,1315.6585483103247
1986-06-11,1861.4338833552072
1986-06-12,2198.350127880596
1986-06-13,2276.0994150361266
1986-06-14,2348.192508180771
1986-06-15,2134.9508464482587
1986-06-16,2204.7000648447815
1986-06-17,2172.569760771326
1986-06-18,2265.7427171951535
1986-06-19,2084.1205597459225
1986-06-20,1912.867099644426
1986-06-21,1548.3902418687762
1986-06-22,1191.9225555111573
1986-06-23,1121.4790855503436
1986-06-24,953.5480697226834
1986-06-25,879.9941179686352
1986-06-26,699.5107669007351
1986-06-27,649.4498362099376
1986-06-28,552.3293379693968
1986-06-29,520.044442669223
1986-06-30,491.0780751259919
1986-07-01,425.21221931842615
1986-07-02,402.14278720539977
1986-07-03,350.22620796643673
1986-07-04,313.0060156033741
1986-07-05,260.844609154334
1986-07-06,226.7182015363242
1986-07-07,198.49385762708351
1986-07-08,174.01007042823275
1986-07-09,157.93729415319865
1986-07-10,147.24656582739564
1986-07-11,142.47050473246898
1986-07-12,141.17485460364014
1986-07-13,135.50170312611826
1986-07-14,130.63370144137485
1986-07-15,128.9905372639419
1986-07-16,121.01920418954523
1986-07-17,115.62722402904045
1986-07-18,121.81272772936092
1986-07-19,121.33998227681879
1986-07-20,119.01307883269904
1986-07-21,115.66647105724458
1986-07-22,117.78739163675368
1986-07-23,155.27594434820105
1986-07-24,196.17469616881237
1986-07-25,219.59412981551804
1986-07-26,216.40987268032745
1986-07-27,257.0741743843798
1986-07-28,398.34719115244434
1986-07-29,529.5975982540535
1986-07-30,665.1558431067182
1986-07-31,996.2160903039515
1986-08-01,715.7963882808782
1986-08-02,681.2152202619619
1986-08-03,523.0316134336683
1986-08-04,517.3819812148528
1986-08-05,524.5155979890421
1986-08-06,508.86120258287514
1986-08-07,505.44988984244674
1986-08-08,504.14342486464864
1986-08-09,497.5559474418047
1986-08-10,382.58241469404857
1986-08-11,302.77845275255237
1986-08-12,227.41678084222113
1986-08-13,202.26072977390967
1986-08-14,187.38141482967845
1986-08-15,172.95445814917633
1986-08-16,181.99725560207833
1986-08-17,204.81681424639513
1986-08-18,213.39629409471706
1986-08-19,193.4008064351244
1986-08-20,177.6071026355627
1986-08-21,165.90820315682595
1986-08-22,173.2031258546138
1986-08-23,269.5343751275603
1986-08-24,916.396836538193
1986-08-25,944.2345387932443
1986-08-26,883.3749740807631
1986-08-27,553.1340805715861
1986-08-28,402.71953422248833
1986-08-29,372.3224679548187
1986-08-30,314.6607869535268
1986-08-31,302.6783784226406
1986-09-01,285.41612159402723
1986-09-02,235.8852530241803
1986-09-03,211.8727467921742
1986-09-04,202.63247392257588
1986-09-05,183.5306107827464
1986-09-06,165.0816470756281
1986-09-07,135.86886540276817
1986-09-08,122.36921375175109
1986-09-09,109.76153156227028
1986-09-10,104.8433108259124
1986-09-11,100.98649697474531
1986-09-12,91.77210692999701
1986-09-13,86.64909991175371
1986-09-14,84.68742367435871
1986-09-15,101.80743664701116
1986-09-16,150.04213970370026
1986-09-17,158.43379728823774
1986-09-18,146.3114009404934
1986-09-19,133.02939460647966
1986-09-20,121.18554745690486
1986-09-21,111.45191372979855
1986-09-22,100.69568136288208
1986-09-23,88.60159278427132
1986-09-24,78.05052996050078
1986-09-25,72.87580342006167
1986-09-26,67.26020076165798
1986-09-27,64.17530787062418
1986-09-28,57.08127250289056
1986-09-29,52.372374524240534
1986-09-30,48.78844881935717
1986-10-01,67.578125
1986-10-02,60.875
1986-10-03,54.671875
1986-10-04,48.9375
1986-10-05,43.6875
1986-10-06,38.828125
1986-10-07,34.34375
1986-10-08,30.234375
1986-10-09,26.484375
1986-10-10,23.046875
1986-10-11,19.921875
1986-10-12,17.078125
1986-10-13,14.5
1986-10-14,12.1875
1986-10-15,10.109375
1986-10-16,8.265625
1986-10-17,6.6875
1986-10-18,5.34375
1986-10-19,4.21875
1986-10-20,3.3125
1986-10-21,2.609375
1986-10-22,2.046875
1986-10-23,1.609375
1986-10-24,1.25
1986-10-25,0.96875
1986-10-26,0.75
1986-10-27,0.578125
1986-10-28,0.453125
1986-10-29,0.359375
1986-10-30,0.296875
1986-10-31,0.234375
1986-11-01,0.203125
1986-11-02,0.171875
1986-11-03,0.140625
1986-11-04,0.125
1986-11-05,0.109375
1986-11-06,0.09375
1986-11-07,0.078125
1986-11-08,0.06249999999999999
1986-11-09,0.06249999999999999
1986-11-10,0.046875
1986-11-11,0.046875
1986-11-12,0.03125
1986-11-13,0.03125
1986-11-14,0.015625
1986-11-15,0.015625
1986-11-16,0.015625
1986-11-17,0.0
1986-11-18,0.0
1986-11-19,0.0
1986-11-20,0.0
1986-11-21,0.0
1986-11-22,0.0
1986-11-23,0.0
1986-11-24,0.0
1986-11-25,0.0
1986-11-26,0.0
1986-11-27,0.0
1986-11-28,0.0
1986-11-29,0.0
1986-11-30,0.0
1986-12-01,0.0
1986-12-02,0.0
1986-12-03,0.0
1986-12-04,0.0
1986-12-05,0.0
1986-12-06,0.0
1986-12-07,0.0
1986-12-08,0.0
1986-12-09,0.0
1986-12-10,0.0
1986-12-11,0.0
1986-12-12,0.0
1986-12-13,0.0
1986-12-14,0.0
1986-12-15,0.0
1986-12-16,0.0
1986-12-17,0.0
1986-12-18,0.0
1986-12-19,0.0
1986-12-20,0.0
1986-12-21,0.0
1986-12-22,0.0
1986-12-23,0.0
1986-12-24,0.0
1986-12-25,0.0
1986-12-26,0.0
1986-12-27,0.0
1986-12-28,0.0
1986-12-29,0.0
1986-12-30,0.0
1986-12-31,0.0
1987-01-01,0.0
1987-01-02,0.0
1987-01-03,0.0
1987-01-04,0.0
1987-01-05,0.0
1987-01-06,0.0
1987-01-07,0.0
1987-01-08,0.0
1987-01-09,0.0
1987-01-10,0.0
1987-01-11,0.0
1987-01-12,0.0
1987-01-13,0.0
1987-01-14,0.0
1987-01-15,0.0
1987-01-16,0.0
1987-01-17,0.0
1987-01-18,0.0
1987-01-19,0.0
1987-01-20,0.0
1987-01-21,0.0
1987-01-22,0.0
1987-01-23,0.0
1987-01-24,0.0
1987-01-25,0.0
1987-01-26,0.0
1987-01-27,0.0
1987-01-28,0.0
1987-01-29,0.0
1987-01-30,0.0
1987-01-31,0.0
1987-02-01,0.0
1987-02-02,0.0
1987-02-03,0.0
1987-02-04,0.0
1987-02-05,0.0
1987-02-06,0.0
1987-02-07,0.0
1987-02-08,0.0
1987-02-09,0.0
1987-02-10,0.0
1987-02-11,0.0
1987-02-12,0.0
1987-02-13,0.0
1987-02-14,0.0
1987-02-15,0.0
1987-02-16,0.0
1987-02-17,0.0
1987-02-18,0.0
1987-02-19,0.0
1987-02-20,0.0
1987-02-21,0.0
1987-02-22,0.0
1987-02-23,0.0
1987-02-24,0.0
1987-02-25,0.0
1987-02-26,0.0
1987-02-27,0.0
1987-02-28,0.0
1987-03-01,0.0
1987-03-02,0.0
1987-03-03,0.0
1987-03-04,0.0
1987-03-05,0.0
1987-03-06,0.0
1987-03-07,0.0
1987-03-08,0.0
1987-03-09,0.0
1987-03-10,0.0
1987-03-11,0.0
1987-03-12,0.0
1987-03-13,0.0
1987-03-14,0.0
1987-03-15,0.0
1987-03-16,0.0
1987-03-17,0.0
1987-03-18,0.0
1987-03-19,0.0
1987-03-20,0.0
1987-03-21,0.0
1987-03-22,0.0
1987-03-23,0.0
1987-03-24,0.0
1987-03-25,0.0
1987-03-26,0.0
1987-03-27,0.0
1987-03-28,0.0
1987-03-29,0.0
1987-03-30,0.0
1987-03-31,0.0
1987-04-01,0.0
1987-04-02,0.0
1987-04-03,0.0
1987-04-04,0.0
1987-04-05,0.0
1987-04-06,0.0
1987-04-07,0.0
1987-04-08,0.0
1987-04-09,0.0
1987-04-10,0.0
1987-04-11,0.0
1987-04-12,0.0
1987-04-13,0.0
1987-04-14,0.0
1987-04-15,0.0
1987-04-16,0.0
1987-04-17,0.0
1987-04-18,0.0
1987-04-19,0.0
1987-04-20,0.0
1987-04-21,0.0
1987-04-22,0.0
1987-04-23,0.0
1987-04-24,0.0
1987-04-25,0.0
1987-04-26,0.0
1987-04-27,0.0
1987-04-28,0.0
1987-04-29,0.0
1987-04-30,0.0
1987-05-01,0.7752499999999999
1987-05-02,0.7752499999999998
1987-05-03,0.7752500000000001
1987-05-04,0.7752499999999998
1987-05-05,0.7752500000000001
1987-05-06,0.7752499999999999
1987-05-07,0.7752500000000001
1987-05-08,0.77525
1987-05-09,3.2961875000000003
1987-05-10,3.2291562500000004
1987-05-11,3.2961875000000007
1987-05-12,0.7800000000000001
1987-05-13,0.7799999999999999
1987-05-14,0.7799999999999999
1987-05-15,3.2487500000000007
1987-05-16,1.1180628272251305
1987-05-17,1.020850439882698
1987-05-18,1.0317788461538464
1987-05-19,1.3002402957486132
1987-05-20,1.3084834558823528
1987-05-21,2.4853544733861845
1987-05-22,3.5170619946091652
1987-05-23,3.3004347826086953
1987-05-24,10.332010168165818
1987-05-25,7.114623697414126
1987-05-26,5.1217332080789095
1987-05-27,4.667051571219874
1987-05-28,10.585349779857136
1987-05-29,21.41864980629957
1987-05-30,60.571999039449835
1987-05-31,133.07229877737478
1987-06-01,354.7395395493841
1987-06-02,420.94278457275203
1987-06-03,405.38518535843826
1987-06-04,503.2460305643061
1987-06-05,450.2693053772978
1987-06-06,470.5908173195463
1987-06-07,495.7523435725403
1987-06-08,622.0664221000294
1987-06-09,816.1830760892205
1987-06-10,1060.8092232137142
1987-06-11,1877.4660648696206
1987-06-12,2217.5792293620852
1987-06-13,2239.860566132645
1987-06-14,2188.815470080574
1987-06-15,2115.2731867396506
1987-06-16,1927.5360603638037
1987-06-17,1858.0428397237063
1987-06-18,1694.9407380561636
1987-06-19,1209.5247950734426
1987-06-20,958.4909868870021
1987-06-21,793.4214131182364
1987-06-22,738.9929611610133
1987-06-23,808.1353689864291
1987-06-24,751.1497119533321
1987-06-25,655.2519037660311
1987-06-26,593.9612141586337
1987-06-27,530.2924783144767
1987-06-28,484.0755234263178
1987-06-29,414.33470278839
1987-06-30,396.2458115186134
1987-07-01,409.22811343462104
1987-07-02,530.4940383475808
1987-07-03,642.9676372662818
1987-07-04,628.1230267281513
1987-07-05,557.271538920059
1987-07-06,516.5520995937375
1987-07-07,461.5979621955637
1987-07-08,422.9739284823133
1987-07-09,400.71647515530617
1987-07-10,356.85393864849334
1987-07-11,350.17547721021964
1987-07-12,320.21072195281516
1987-07-13,301.4064874432839
1987-07-14,292.5013065471681
1987-07-15,282.7762359853732
1987-07-16,280.23917333775455
1987-07-17,294.99174035540716
1987-07-18,281.83579347571225
1987-07-19,237.61780100374614
1987-07-20,212.35200235352121
1987-07-21,246.70290232926843
1987-07-22,378.82169782734496
1987-07-23,517.59799405793
1987-07-24,523.1264859187879
1987-07-25,399.7293281035598
1987-07-26,288.7878145248567
1987-07-27,260.90442349317294
1987-07-28,234.7341403473259
1987-07-29,239.18943202737228
1987-07-30,230.7756055472548
1987-07-31,215.8023621040445
1987-08-01,198.07169624662225
1987-08-02,177.2539380359927
1987-08-03,164.13360237416882
1987-08-04,148.11265269920258
1987-08-05,133.03196247127767
1987-08-06,132.52077354335177
1987-08-07,146.43966613656
1987-08-08,155.287755400493
1987-08-09,150.7446092364619
1987-08-10,138.52985298509014
1987-08-11,136.33923644684288
1987-08-12,144.37847280866708
1987-08-13,144.75176884515307
1987-08-14,145.60213643846032
1987-08-15,158.188083065963
1987-08-16,164.44802888154175
1987-08-17,171.17257587130345
1987-08-18,184.9989868151807
1987-08-19,182.17490111358123
1987-08-20,167.2999686226626
1987-08-21,166.83496155810622
1987-08-22,169.90898172477097
1987-08-23,163.4806392524986
1987-08-24,172.06044352409594
1987-08-25,166.95679439785064
1987-08-26,156.6314674596979
1987-08-27,139.97963533423587
1987-08-28,137.89423780215157
1987-08-29,160.3614946850739
1987-08-30,211.04331497194292
1987-08-31,297.24730682608737
1987-09-01,357.01558868233957
1987-09-02,337.02579919329935
1987-09-03,324.62776545380876
1987-09-04,321.9427147608235
1987-09-05,312.24364570048334
1987-09-06,251.13708059478054
1987-09-07,224.21710060581086
1987-09-08,206.89932943847896
1987-09-09,193.74738104074277
1987-09-10,170.5349199662022
1987-09-11,164.17749426045097
1987-09-12,157.13343900271377
1987-09-13,140.21679103444208
1987-09-14,127.11538078044678
1987-09-15,118.26151336329305
1987-09-16,102.54498355544976
1987-09-17,94.08031025981796
1987-09-18,89.40137096688716
1987-09-19,81.32822767170269
1987-09-20,76.09723717116398
1987-09-21,74.68553600473238
1987-09-22,70.25447340102389
1987-09-23,65.25192198186473
1987-09-24,60.38219866235586
1987-09-25,55.56543517872408
1987-09-26,51.796651321027674
1987-09-27,47.967440104929224
1987-09-28,43.07081670258402
1987-09-29,38.54951240584942
1987-09-30,35.655074011293515
1987-10-01,39.8828125
1987-10-02,35.3046875
1987-10-03,31.109375
1987-10-04,27.25
1987-10-05,23.84375
1987-10-06,21.59375
1987-10-07,20.71875
1987-10-08,20.65625
1987-10-09,20.046875
1987-10-10,18.3125
1987-10-11,16.078125
1987-10-12,13.8125
1987-10-13,11.71875
1987-10-14,9.859375
1987-10-15,8.25
1987-10-16,6.875
1987-10-17,5.734375
1987-10-18,4.78125
1987-10-19,4.015625
1987-10-20,3.375
1987-10-21,2.84375
1987-10-22,2.40625
1987-10-23,2.03125
1987-10-24,1.71875
1987-10-25,1.4375
1987-10-26,1.203125
1987-10-27,1.0
1987-10-28,0.828125
1987-10-29,0.6875
1987-10-30,0.5625
1987-10-31,0.453125
1987-11-01,0.375
1987-11-02,0.3125
1987-11-03,0.265625
1987-11-04,0.21875
1987-11-05,0.1875
1987-11-06,0.171875
1987-11-07,0.140625
1987-11-08,0.125
1987-11-09,0.109375
1987-11-10,0.09375
1987-11-11,0.078125
1987-11-12,0.06249999999999999
1987-11-13,0.06249999999999999
1987-11-14,0.046875
1987-11-15,0.03125
1987-11-16,0.03125
1987-11-17,0.03125
1987-11-18,0.03125
1987-11-19,0.015625
1987-11-20,0.015625
1987-11-21,0.015625
1987-11-22,0.015625
1987-11-23,0.015625
1987-11-24,0.0
1987-11-25,0.0
1987-11-26,0.0
1987-11-27,0.0
1987-11-28,0.0
1987-11-29,0.0
1987-11-30,0.0
1987-12-01,0.0
1987-12-02,0.0
1987-12-03,0.0
1987-12-04,0.0
1987-12-05,0.0
1987-12-06,0.0
1987-12-07,0.0
1987-12-08,0.0
1987-12-09,0.0
1987-12-10,0.0
1987-12-11,0.0
1987-12-12,0.0
1987-12-13,0.0
1987-12-14,0.0
1987-12-15,0.0
1987-12-16,0.0
1987-12-17,0.0
1987-12-18,0.0
1987-12-19,0.0
1987-12-20,0.0
1987-12-21,0.0
1987-12-22,0.0
1987-12-23,0.0
1987-12-24,0.0
1987-12-25,0.0
1987-12-26,0.0
1987-12-27,0.0
1987-12-28,0.0
1987-12-29,0.0
1987-12-30,0.0
1987-12-31,0.0
1988-01-01,0.0
1988-01-02,0.0
1988-01-03,0.0
1988-01-04,0.0
1988-01-05,0.0
1988-01-06,0.0
1988-01-07,0.0
1988-01-08,0.0
1988-01-09,0.0
1988-01-10,0.0
1988-01-11,0.0
1988-01-12,0.0
1988-01-13,0.0
1988-01-14,0.0
1988-01-15,0.0
1988-01-16,0.0
1988-01-17,0.0
1988-01-18,0.0
1988-01-19,0.0
1988-01-20,0.0
1988-01-21,0.0
1988-01-22,0.0
1988-01-23,0.0
1988-01-24,0.0
1988-01-25,0.0
1988-01-26,0.0
1988-01-27,0.0
1988-01-28,0.0
1988-01-29,0.0
1988-01-30,0.0
1988-01-31,0.0
1988-02-01,0.0
1988-02-02,0.0
1988-02-03,0.0
1988-02-04,0.0
1988-02-05,0.0
1988-02-06,0.0
1988-02-07,0.0
1988-02-08,0.0
1988-02-09,0.0
1988-02-10,0.0
1988-02-11,0.0
1988-02-12,0.0
1988-02-13,0.0
1988-02-14,0.0
1988-02-15,0.0
1988-02-16,0.0
1988-02-17,0.0
1988-02-18,0.0
1988-02-19,0.0
1988-02-20,0.0
1988-02-21,0.0
1988-02-22,0.0
1988-02-23,0.0
1988-02-24,0.0
1988-02-25,0.0
1988-02-26,0.0
1988-02-27,0.0
1988-02-28,0.0
1988-02-29,0.0
1988-03-01,0.0
1988-03-02,0.0
1988-03-03,0.0
1988-03-04,0.0
1988-03-05,0.0
1988-03-06,0.0
1988-03-07,0.0
1988-03-08,0.0
1988-03-09,0.0
1988-03-10,0.0
1988-03-11,0.0
1988-03-12,0.0
1988-03-13,0.0
1988-03-14,0.0
1988-03-15,0.0
1988-03-16,0.0
1988-03-17,0.0
1988-03-18,0.0
1988-03-19,0.0
1988-03-20,0.0
1988-03-21,0.0
1988-03-22,0.0
1988-03-23,0.0
1988-03-24,0.0
1988-03-25,0.0
1988-03-26,0.0
1988-03-27,0.0
1988-03-28,0.0
1988-03-29,0.0
1988-03-30,0.0
1988-03-31,0.0
1988-04-01,0.0
1988-04-02,0.0
1988-04-03,0.0
1988-04-04,0.0
1988-04-05,0.0
1988-04-06,0.0
1988-04-07,0.0
1988-04-08,0.0
1988-04-09,0.0
1988-04-10,0.0
1988-04-11,0.0
1988-04-12,0.0
1988-04-13,0.0
1988-04-14,0.0
1988-04-15,0.0
1988-04-16,0.0
1988-04-17,0.0
1988-04-18,0.0
1988-04-19,0.0
1988-04-20,0.0
1988-04-21,0.0
1988-04-22,0.0
1988-04-23,0.0
1988-04-24,0.0
1988-04-25,0.0
1988-04-26,0.0
1988-04-27,0.0
1988-04-28,0.0
1988-04-29,0.0
1988-04-30,0.0
1988-05-01,0.7752499999999999
1988-05-02,0.7752500000000002
1988-05-03,0.7752499999999999
1988-05-04,0.7752500000000001
1988-05-05,0.77525
1988-05-06,0.7752500000000001
1988-05-07,0.77525
1988-05-08,0.7752500000000001
1988-05-09,0.7752500000000001
1988-05-10,0.7752500000000001
1988-05-11,0.7800000000000002
1988-05-12,0.7800000000000001
1988-05-13,0.7799999999999999
1988-05-14,5.717499999999999
1988-05-15,1.213655231560892
1988-05-16,1.6698338914936377
1988-05-17,2.3785545947880022
1988-05-18,2.0575803114968485
1988-05-19,6.034187127016698
1988-05-20,5.351376534335948
1988-05-21,6.680111593950981
1988-05-22,4.848049814042602
1988-05-23,3.6328549251524667
1988-05-24,5.224860162028884
1988-05-25,7.034506867838594
1988-05-26,11.721215336785596
1988-05-27,12.081174865139063
1988-05-28,12.606263599480668
1988-05-29,14.814902034454056
1988-05-30,22.890171546755408
1988-05-31,44.85887061793059
1988-06-01,66.8327779463473
1988-06-02,121.99999999999999
1988-06-03,186.0461614576676
1988-06-04,229.0907213857532
1988-06-05,368.26428544764417
1988-06-06,398.22140406171985
1988-06-07,461.7605067608413
1988-06-08,819.3468253597282
1988-06-09,1299.761437728369
1988-06-10,1836.1975363035579
1988-06-11,1891.603007220051
1988-06-12,1894.9399343191262
1988-06-13,1905.2967211665464
1988-06-14,1871.5771621374297
1988-06-15,1693.6269362133605
1988-06-16,1131.2493584120298
1988-06-17,944.4173753102358
1988-06-18,818.4845550023618
1988-06-19,653.9603435952841
1988-06-20,574.9008372036284
1988-06-21,505.2731479885552
1988-06-22,423.7329928816044
1988-06-23,374.645201976173
1988-06-24,321.3887944521787
1988-06-25,252.80669444654035
1988-06-26,237.8964100374163
1988-06-27,192.0610322301514
1988-06-28,156.4161812280007
1988-06-29,139.34194706111853
1988-06-30,141.23554981802977
1988-07-01,143.31473660553561
1988-07-02,135.6060890619434
1988-07-03,138.45605937594968
1988-07-04,158.72243434625625
1988-07-05,200.8560952860609
1988-07-06,199.77156741962418
1988-07-07,194.88978086996678
1988-07-08,192.04013709400567
1988-07-09,204.0318473436064
1988-07-10,201.22940863777194
1988-07-11,199.2591672121297
1988-07-12,189.31828603671104
1988-07-13,169.21540309383846
1988-07-14,154.76407467969105
1988-07-15,146.3289936939814
1988-07-16,128.15861420570005
1988-07-17,123.96826747865235
1988-07-18,124.14674492844158
1988-07-19,155.24655005444598
1988-07-20,174.31856689470146
1988-07-21,154.18885735655158
1988-07-22,136.9868687285104
1988-07-23,115.50074682019347
1988-07-24,114.62108542294287
1988-07-25,109.71463612981046
1988-07-26,111.6116281580652
1988-07-27,117.3765699531441
1988-07-28,118.63544215697067
1988-07-29,115.94470141002127
1988-07-30,111.71103756758889
1988-07-31,109.82441130656767
1988-08-01,119.70994876198587
1988-08-02,109.44260124777564
1988-08-03,102.90903960559451
1988-08-04,101.32771430730823
1988-08-05,102.91151333667933
1988-08-06,105.47987281319216
1988-08-07,128.6339986569894
1988-08-08,136.072916570629
1988-08-09,129.6917532566609
1988-08-10,121.00311590970563
1988-08-11,108.66305795898796
1988-08-12,102.68214136152089
1988-08-13,118.18721473935355
1988-08-14,146.55206769750455
1988-08-15,177.6700023617194
1988-08-16,195.45018750316967
1988-08-17,192.48705997335207
1988-08-18,190.4233353811879
1988-08-19,196.67871159599937
1988-08-20,191.70787735160235
1988-08-21,184.32418034400584
1988-08-22,159.15221353223194
1988-08-23,148.52184077386718
1988-08-24,166.45824186471978
1988-08-25,207.47314490204528
1988-08-26,242.73895291208729
1988-08-27,255.95873419910544
1988-08-28,245.94005842039087
1988-08-29,213.46058451928545
1988-08-30,180.26847226652774
1988-08-31,161.92364328168108
1988-09-01,132.9312969474107
1988-09-02,119.16276229598337
1988-09-03,108.60821442494112
1988-09-04,105.95131539124375
1988-09-05,102.57218337237288
1988-09-06,96.90537511576389
1988-09-07,94.85306035586981
1988-09-08,96.62964315956982
1988-09-09,94.09737660770274
1988-09-10,85.31909540982296
1988-09-11,78.29206023398994
1988-09-12,74.90238199431855
1988-09-13,74.84462887354731
1988-09-14,73.95324330157621
1988-09-15,74.27188478312027
1988-09-16,69.37652756288104
1988-09-17,68.96314079267083
1988-09-18,64.64500217197826
1988-09-19,59.55852407201509
1988-09-20,54.47222842701353
1988-09-21,54.137553931090004
1988-09-22,50.88979010521327
1988-09-23,48.87957890681193
1988-09-24,44.679094069243746
1988-09-25,42.46129246388129
1988-09-26,40.60755911822391
1988-09-27,39.21274695045099
1988-09-28,37.067161117497
1988-09-29,34.74628397025798
1988-09-30,31.65110116503816
1988-10-01,32.9140625
1988-10-02,29.0390625
1988-10-03,25.3359375
1988-10-04,21.921875
1988-10-05,18.7890625
1988-10-06,15.9296875
1988-10-07,13.3125
1988-10-08,10.953125
1988-10-09,8.8515625
1988-10-10,7.4921875
1988-10-11,7.75
1988-10-12,8.8203125
1988-10-13,10.15625
1988-10-14,11.8046875
1988-10-15,12.1484375
1988-10-16,11.25
1988-10-17,10.0
1988-10-18,8.7734375
1988-10-19,7.6484375
1988-10-20,6.6328125
1988-10-21,5.7265625
1988-10-22,4.9140625
1988-10-23,4.1953125
1988-10-24,3.5546875
1988-10-25,3.0
1988-10-26,2.5234375
1988-10-27,2.1171875
1988-10-28,1.7578125
1988-10-29,1.453125
1988-10-30,1.1875
1988-10-31,0.96875
1988-11-01,0.7890625
1988-11-02,0.640625
1988-11-03,0.5234375
1988-11-04,0.4296875
1988-11-05,0.359375
1988-11-06,0.296875
1988-11-07,0.25
1988-11-08,0.2109375
1988-11-09,0.1875
1988-11-10,0.15625
1988-11-11,0.1328125
1988-11-12,0.11718750000000001
1988-11-13,0.1015625
1988-11-14,0.0859375
1988-11-15,0.078125
1988-11-16,0.06249999999999999
1988-11-17,0.06249999999999999
1988-11-18,0.046875
1988-11-19,0.046875
1988-11-20,0.046875
1988-11-21,0.03125
1988-11-22,0.03125
1988-11-23,0.03125
1988-11-24,0.03125
1988-11-25,0.015625
1988-11-26,0.015625
1988-11-27,0.015625
1988-11-28,0.015625
1988-11-29,0.015625
1988-11-30,0.015625
1988-12-01,0.015625
1988-12-02,0.015625
1988-12-03,0.015625
1988-12-04,0.015625
1988-12-05,0.0
1988-12-06,0.0
1988-12-07,0.0
1988-12-08,0.0
1988-12-09,0.0
1988-12-10,0.0
1988-12-11,0.0
1988-12-12,0.0
1988-12-13,0.0
1988-12-14,0.0
1988-12-15,0.0
1988-12-16,0.0
1988-12-17,0.0
1988-12-18,0.0
1988-12-19,0.0
1988-12-20,0.0
1988-12-21,0.0
1988-12-22,0.0
1988-12-23,0.0
1988-12-24,0.0
1988-12-25,0.0
1988-12-26,0.0
1988-12-27,0.0
1988-12-28,0.0
1988-12-29,0.0
1988-12-30,0.0
1988-12-31,0.0
1989-01-01,0.0
1989-01-02,0.0
1989-01-03,0.0
1989-01-04,0.0
1989-01-05,0.0
1989-01-06,0.0
1989-01-07,0.0
1989-01-08,0.0
1989-01-09,0.0
1989-01-10,0.0
1989-01-11,0.0
1989-01-12,0.0
1989-01-13,0.0
1989-01-14,0.0
1989-01-15,0.0
1989-01-16,0.0
1989-01-17,0.0
1989-01-18,0.0
1989-01-19,0.0
1989-01-20,0.0
1989-01-21,0.0
1989-01-22,0.0
1989-01-23,0.0
1989-01-24,0.0
1989-01-25,0.0
1989-01-26,0.0
1989-01-27,0.0
1989-01-28,0.0
1989-01-29,0.0
1989-01-30,0.0
1989-01-31,0.0
1989-02-01,0.0
1989-02-02,0.0
1989-02-03,0.0
1989-02-04,0.0
1989-02-05,0.0
1989-02-06,0.0
1989-02-07,0.0
1989-02-08,0.0
1989-02-09,0.0
1989-02-10,0.0
1989-02-11,0.0
1989-02-12,0.0
1989-02-13,0.0
1989-02-14,0.0
1989-02-15,0.0
1989-02-16,0.0
1989-02-17,0.0
1989-02-18,0.0
1989-02-19,0.0
1989-02-20,0.0
1989-02-21,0.0
1989-02-22,0.0
1989-02-23,0.0
1989-02-24,0.0
1989-02-25,0.0
1989-02-26,0.0
1989-02-27,0.0
1989-02-28,0.0
1989-03-01,0.0
1989-03-02,0.0
1989-03-03,0.0
1989-03-04,0.0
1989-03-05,0.0
1989-03-06,0.0
1989-03-07,0.0
1989-03-08,0.0
1989-03-09,0.0
1989-03-10,0.0
1989-03-11,0.0
1989-03-12,0.0
1989-03-13,0.0
1989-03-14,0.0
1989-03-15,0.0
1989-03-16,0.0
1989-03-17,0.0
1989-03-18,0.0
1989-03-19,0.0
1989-03-20,0.0
1989-03-21,0.0
1989-03-22,0.0
1989-03-23,0.0
1989-03-24,0.0
1989-03-25,0.0
1989-03-26,0.0
1989-03-27,0.0
1989-03-28,0.0
1989-03-29,0.0
1989-03-30,0.0
1989-03-31,0.0
1989-04-01,0.0
1989-04-02,0.0
1989-04-03,0.0
1989-04-04,0.0
1989-04-05,0.0
1989-04-06,0.0
1989-04-07,0.0
1989-04-08,0.0
1989-04-09,0.0
1989-04-10,0.0
1989-04-11,0.0
1989-04-12,0.0
1989-04-13,0.0
1989-04-14,0.0
1989-04-15,0.0
1989-04-16,0.0
1989-04-17,0.0
1989-04-18,0.0
1989-04-19,0.0
1989-04-20,0.0
1989-04-21,0.0
1989-04-22,0.0
1989-04-23,0.0
1989-04-24,0.0
1989-04-25,0.0
1989-04-26,0.0
1989-04-27,0.0
1989-04-28,0.0
1989-04-29,0.0
1989-04-30,0.0
1989-05-01,0.77525
1989-05-02,0.77525
1989-05-03,0.7752500000000002
1989-05-04,0.7752499999999999
1989-05-05,0.7752500000000001
1989-05-06,0.77525
1989-05-07,0.7752500000000001
1989-05-08,0.77525
1989-05-09,0.77525
1989-05-10,5.6830625
1989-05-11,14.089698492462327
1989-05-12,1.8902418524871363
1989-05-13,1.7137542404824737
1989-05-14,1.7760736273401192
1989-05-15,1.6202751601960053
1989-05-16,1.4644766930518915
1989-05-17,1.8889637183761525
1989-05-18,1.2255589482612386
1989-05-19,1.4944198066679821
1989-05-20,1.7550341997264027
1989-05-21,5.208797281993208
1989-05-22,8.694959568733154
1989-05-23,3.5841931702918974
1989-05-24,5.267943941354031
1989-05-25,10.041107431340878
1989-05-26,13.619540175471816
1989-05-27,58.532101350037145
1989-05-28,81.90884314467223
1989-05-29,176.48626540125727
1989-05-30,277.4335761333533
1989-05-31,293.35928454079414
1989-06-01,363.11377143522833
1989-06-02,333.7918332851222
1989-06-03,375.2083794729302
1989-06-04,368.2968112518045
1989-06-05,324.5255741696232
1989-06-06,400.2600417245704
1989-06-07,397.53286648861524
1989-06-08,461.58950609924034
1989-06-09,681.6313130927861
1989-06-10,1849.8772338520241
1989-06-11,2275.670976018213
1989-06-12,2490.5141573654223
1989-06-13,2451.0702002902012
1989-06-14,2437.8629057328812
1989-06-15,2436.2661627502816
1989-06-16,2334.9071304264066
1989-06-17,2202.6175451363165
1989-06-18,2274.6347579764056
1989-06-19,2085.8794402540766
1989-06-20,1883.5492449317273
1989-06-21,1501.4253515513535
1989-06-22,1171.12697017235
1989-06-23,981.3447824655323
1989-06-24,903.9304488407969
1989-06-25,864.0026705484418
1989-06-26,762.837058128481
1989-06-27,686.8401811475336
1989-06-28,652.676366828203
1989-06-29,582.7560951650898
1989-06-30,501.6050229604243
1989-07-01,426.12443842403326
1989-07-02,398.682892389365
1989-07-03,342.5595531379023
1989-07-04,311.39582485557565
1989-07-05,327.241312921729
1989-07-06,325.48276039382654
1989-07-07,308.43201327950055
1989-07-08,275.52652007461273
1989-07-09,257.94365971816666
1989-07-10,232.59732168536027
1989-07-11,186.77322410055325
1989-07-12,179.0992152185227
1989-07-13,194.7812019995002
1989-07-14,187.2563719019739
1989-07-15,175.63689771524017
1989-07-16,188.71778762445143
1989-07-17,200.74430995517125
1989-07-18,181.4408425217736
1989-07-19,157.57704149156362
1989-07-20,156.02550522013277
1989-07-21,155.84452171172128
1989-07-22,144.04246378120695
1989-07-23,125.82310255948858
1989-07-24,117.57837483384952
1989-07-25,127.68802240172498
1989-07-26,164.59981223216
1989-07-27,180.12389356555454
1989-07-28,183.04428807348296
1989-07-29,254.16335837982436
1989-07-30,517.4301454365983
1989-07-31,637.9722631199432
1989-08-01,527.3522705980878
1989-08-02,529.3493251325974
1989-08-03,711.9659071055331
1989-08-04,1076.2638238363174
1989-08-05,1118.904362398683
1989-08-06,1177.681729309184
1989-08-07,1241.6900916567045
1989-08-08,1196.7986399062886
1989-08-09,1119.5067194490061
1989-08-10,1084.0313246914163
1989-08-11,1075.6306517694652
1989-08-12,1021.3402093522205
1989-08-13,892.9488645856048
1989-08-14,631.9987949205023
1989-08-15,488.35005749096206
1989-08-16,445.0061091324566
1989-08-17,296.6256509313287
1989-08-18,248.1112483873758
1989-08-19,221.1130074685739
1989-08-20,217.8654234832081
1989-08-21,204.9345798045226
1989-08-22,195.9852836017814
1989-08-23,182.90009291559352
1989-08-24,161.60214281328177
1989-08-25,155.14214478196746
1989-08-26,163.09820185221002
1989-08-27,174.82327301573204
1989-08-28,160.6589597594965
1989-08-29,147.1578258302876
1989-08-30,134.13739506899324
1989-08-31,124.95626027404953
1989-09-01,122.35191441919082
1989-09-02,118.419183478421
1989-09-03,113.9873091882397
1989-09-04,105.18509058514536
1989-09-05,103.49265460613697
1989-09-06,102.23063352353932
1989-09-07,97.61679157606146
1989-09-08,92.54111866820841
1989-09-09,87.77041810577029
1989-09-10,79.82890873504927
1989-09-11,74.37600063409492
1989-09-12,75.71810873658212
1989-09-13,77.40034655874959
1989-09-14,75.37974069062881
1989-09-15,71.85578096035294
1989-09-16,75.37815933879372
1989-09-17,91.39925505887571
1989-09-18,90.37940549647108
1989-09-19,88.71711771617241
1989-09-20,84.6079934968764
1989-09-21,79.42111291548703
1989-09-22,71.98320391569744
1989-09-23,66.20008217186488
1989-09-24,61.25776391419048
1989-09-25,56.08524848347982
1989-09-26,52.061713867012145
1989-09-27,52.0302373729614
1989-09-28,62.50538288778525
1989-09-29,133.86952182115536
1989-09-30,171.63534142449328
1989-10-01,206.2578125
1989-10-02,189.859375
1989-10-03,173.609375
1989-10-04,158.734375
1989-10-05,145.2109375
1989-10-06,132.84375
1989-10-07,121.3359375
1989-10-08,110.640625
1989-10-09,100.6640625
1989-10-10,91.4296875
1989-10-11,82.9453125
1989-10-12,75.078125
1989-10-13,67.671875
1989-10-14,60.9375
1989-10-15,54.765625
1989-10-16,49.078125
1989-10-17,43.828125
1989-10-18,38.953125
1989-10-19,34.421875
1989-10-20,30.265625
1989-10-21,26.4375
1989-10-22,22.890625
1989-10-23,19.640625
1989-10-24,16.6875
1989-10-25,14.015625
1989-10-26,11.5625
1989-10-27,9.375
1989-10-28,7.453125
1989-10-29,5.796875
1989-10-30,4.40625
1989-10-31,3.328125
1989-11-01,2.515625
1989-11-02,1.921875
1989-11-03,1.484375
1989-11-04,1.171875
1989-11-05,0.9375
1989-11-06,0.765625
1989-11-07,0.625
1989-11-08,0.53125
1989-11-09,0.453125
1989-11-10,0.375
1989-11-11,0.328125
1989-11-12,0.28125
1989-11-13,0.234375
1989-11-14,0.203125
1989-11-15,0.171875
1989-11-16,0.15625
1989-11-17,0.125
1989-11-18,0.125
1989-11-19,0.109375
1989-11-20,0.09375
1989-11-21,0.078125
1989-11-22,0.06249999999999999
1989-11-23,0.06249999999999999
1989-11-24,0.046875
1989-11-25,0.046875
1989-11-26,0.046875
1989-11-27,0.03125
1989-11-28,0.03125
1989-11-29,0.03125
1989-11-30,0.03125
1989-12-01,0.015625
1989-12-02,0.015625
1989-12-03,0.015625
1989-12-04,0.015625
1989-12-05,0.015625
1989-12-06,0.015625
1989-12-07,0.0
1989-12-08,0.0
1989-12-09,0.0
1989-12-10,0.0
1989-12-11,0.0
1989-12-12,0.0
1989-12-13,0.0
1989-12-14,0.0
1989-12-15,0.0
1989-12-16,0.0
1989-12-17,0.0
1989-12-18,0.0
1989-12-19,0.0
1989-12-20,0.0
1989-12-21,0.0
1989-12-22,0.0
1989-12-23,0.0
1989-12-24,0.0
1989-12-25,0.0
1989-12-26,0.0
1989-12-27,0.0
1989-12-28,0.0
1989-12-29,0.0
1989-12-30,0.0
1989-12-31,0.0
1990-01-01,0.0
1990-01-02,0.0
1990-01-03,0.0
1990-01-04,0.0
1990-01-05,0.0
1990-01-06,0.0
1990-01-07,0.0
1990-01-08,0.0
1990-01-09,0.0
1990-01-10,0.0
1990-01-11,0.0
1990-01-12,0.0
1990-01-13,0.0
1990-01-14,0.0
1990-01-15,0.0
1990-01-16,0.0
1990-01-17,0.0
1990-01-18,0.0
1990-01-19,0.0
1990-01-20,0.0
1990-01-21,0.0
1990-01-22,0.0
1990-01-23,0.0
1990-01-24,0.0
1990-01-25,0.0
1990-01-26,0.0
1990-01-27,0.0
1990-01-28,0.0
1990-01-29,0.0
1990-01-30,0.0
1990-01-31,0.0
1990-02-01,0.0
1990-02-02,0.0
1990-02-03,0.0
1990-02-04,0.0
1990-02-05,0.0
1990-02-06,0.0
1990-02-07,0.0
1990-02-08,0.0
1990-02-09,0.0
1990-02-10,0.0
1990-02-11,0.0
1990-02-12,0.0
1990-02-13,0.0
1990-02-14,0.0
1990-02-15,0.0
1990-02-16,0.0
1990-02-17,0.0
1990-02-18,0.0
1990-02-19,0.0
1990-02-20,0.0
1990-02-21,0.0
1990-02-22,0.0
1990-02-23,0.0
1990-02-24,0.0
1990-02-25,0.0
1990-02-26,0.0
1990-02-27,0.0
1990-02-28,0.0
1990-03-01,0.0
1990-03-02,0.0
1990-03-03,0.0
1990-03-04,0.0
1990-03-05,0.0
1990-03-06,0.0
1990-03-07,0.0
1990-03-08,0.0
1990-03-09,0.0
1990-03-10,0.0
1990-03-11,0.0
1990-03-12,0.0
1990-03-13,0.0
1990-03-14,0.0
1990-03-15,0.0
1990-03-16,0.0
1990-03-17,0.0
1990-03-18,0.0
1990-03-19,0.0
1990-03-20,0.0
1990-03-21,0.0
1990-03-22,0.0
1990-03-23,0.0
1990-03-24,0.0
1990-03-25,0.0
1990-03-26,0.0
1990-03-27,0.0
1990-03-28,0.0
1990-03-29,0.0
1990-03-30,0.0
1990-03-31,0.0
1990-04-01,0.0
1990-04-02,0.0
1990-04-03,0.0
1990-04-04,0.0
1990-04-05,0.0
1990-04-06,0.0
1990-04-07,0.0
1990-04-08,0.0
1990-04-09,0.0
1990-04-10,0.0
1990-04-11,0.0
1990-04-12,0.0
1990-04-13,0.0
1990-04-14,0.0
1990-04-15,0.0
1990-04-16,0.0
1990-04-17,0.0
1990-04-18,0.0
1990-04-19,0.0
1990-04-20,0.0
1990-04-21,0.0
1990-04-22,0.0
1990-04-23,0.0
1990-04-24,0.0
1990-04-25,0.06249999999999999
1990-04-26,0.34375
1990-04-27,0.65625
1990-04-28,0.8125
1990-04-29,0.84375
1990-04-30,0.8125
1990-05-01,2.522759407069556
1990-05-02,2.1969327251995443
1990-05-03,1.8711060433295335
1990-05-04,1.6538882554161916
1990-05-05,1.3280615735461805
1990-05-06,7.577135678391966
1990-05-07,5.134924623115584
1990-05-08,5.9489949748743784
1990-05-09,2.522759407069556
1990-05-10,3.9853940823327627
1990-05-11,11.370063893653516
1990-05-12,10.976150006893706
1990-05-13,6.699031214045852
1990-05-14,8.517693677649147
1990-05-15,7.3271793363144315
1990-05-16,6.919218913366136
1990-05-17,8.30777409689988
1990-05-18,8.7152088159779
1990-05-19,11.35919686332928
1990-05-20,47.44572925225473
1990-05-21,71.2153491297966
1990-05-22,39.67739232720524
1990-05-23,26.309501792168437
1990-05-24,34.03020008590939
1990-05-25,22.406216068104015
1990-05-26,20.91672112471415
1990-05-27,54.84483156115465
1990-05-28,32.25046720382672
1990-05-29,61.92275051128961
1990-05-30,93.53687557988975
1990-05-31,204.77894543154017
1990-06-01,376.70958320283427
1990-06-02,513.7403654823261
1990-06-03,734.661946358165
1990-06-04,1019.5798183024967
1990-06-05,1583.2271428195284
1990-06-06,1871.1599603942957
1990-06-07,1881.0576382476631
1990-06-08,1810.770104850492
1990-06-09,1305.096675266066
1990-06-10,1082.2043678634657
1990-06-11,939.5533107872914
1990-06-12,877.510511646836
1990-06-13,751.7125310375743
1990-06-14,637.0108222556892
1990-06-15,561.6743136374316
1990-06-16,493.1054061582645
1990-06-17,449.48029026580474
1990-06-18,333.9258267600067
1990-06-19,308.37454916673903
1990-06-20,260.59669101541374
1990-06-21,201.84509680027958
1990-06-22,166.8753882893721
1990-06-23,158.19437560189942
1990-06-24,155.73999177722754
1990-06-25,176.92203900970048
1990-06-26,250.69800571845613
1990-06-27,277.52600314957243
1990-06-28,265.4658285596657
1990-06-29,255.3620134314657
1990-06-30,323.7985110940488
1990-07-01,375.08750903783516
1990-07-02,362.69521007354354
1990-07-03,318.9679521211334
1990-07-04,310.20175081788244
1990-07-05,297.0686753931226
1990-07-06,273.6295609503305
1990-07-07,241.02273052396072
1990-07-08,243.1652933173866
1990-07-09,277.87057956958154
1990-07-10,306.7422374999261
1990-07-11,305.56216470361005
1990-07-12,319.6906934032202
1990-07-13,328.6772378239359
1990-07-14,304.9499528121309
1990-07-15,285.5989572289353
1990-07-16,327.31787499204677
1990-07-17,514.7781540718017
1990-07-18,666.8346133033466
1990-07-19,496.5973556982496
1990-07-20,386.76497381199624
1990-07-21,377.381751589478
1990-07-22,391.21702900860885
1990-07-23,655.4650894107012
1990-07-24,698.0498063982383
1990-07-25,890.9199677632441
1990-07-26,983.8181338685441
1990-07-27,1001.1666927531683
1990-07-28,962.1197028459673
1990-07-29,955.5322324610396
1990-07-30,932.5679740135556
1990-07-31,689.7437262630323
1990-08-01,677.9629750592829
1990-08-02,662.4112422729517
1990-08-03,655.4065217138877
1990-08-04,657.6367729842059
1990-08-05,663.6574980889019
1990-08-06,645.7003146000258
1990-08-07,510.3460726478842
1990-08-08,390.51428639938604
1990-08-09,313.6786499471461
1990-08-10,302.5098351777034
1990-08-11,377.42428069407777
1990-08-12,652.9306284944024
1990-08-13,986.0337880298531
1990-08-14,1087.5118858902415
1990-08-15,1144.8663082439023
1990-08-16,1080.1137044262252
1990-08-17,1074.4058091530367
1990-08-18,1043.4345187992747
1990-08-19,1009.8009370653232
1990-08-20,983.5729442788029
1990-08-21,935.0157216579858
1990-08-22,914.0437175613121
1990-08-23,893.9444062319485
1990-08-24,941.5534141758066
1990-08-25,977.9901502732008
1990-08-26,1007.8604473562929
1990-08-27,990.9826416163149
1990-08-28,940.4424719419052
1990-08-29,867.0093563579528
1990-08-30,569.0524551769013
1990-08-31,525.8864051754095
1990-09-01,512.9474369547892
1990-09-02,835.2641945629473
1990-09-03,969.6392700725219
1990-09-04,1139.2865583727128
1990-09-05,1265.9442002779479
1990-09-06,1306.1145977451324
1990-09-07,1281.2957589909327
1990-09-08,1205.9070797704292
1990-09-09,1118.8663635761234
1990-09-10,900.4077117803218
1990-09-11,733.1214680395319
1990-09-12,682.9501808215688
1990-09-13,655.2109156770902
1990-09-14,626.5621471024346
1990-09-15,583.3073056929221
1990-09-16,524.389328701374
1990-09-17,336.7730518286688
1990-09-18,310.1741376765203
1990-09-19,293.876736053009
1990-09-20,283.12212508188077
1990-09-21,260.41206017758583
1990-09-22,244.03618807491057
1990-09-23,237.05104876307132
1990-09-24,225.2180448880681
1990-09-25,192.1306058163961
1990-09-26,158.091195349806
1990-09-27,122.57182308553479
1990-09-28,112.45265241552343
1990-09-29,101.15021606163046
1990-09-30,91.81469315998659
1990-10-01,127.1015625
1990-10-02,116.1015625
1990-10-03,105.8125
1990-10-04,96.1875
1990-10-05,87.2578125
1990-10-06,79.1796875
1990-10-07,71.734375
1990-10-08,64.7578125
1990-10-09,58.2421875
1990-10-10,52.265625
1990-10-11,46.7421875
1990-10-12,41.6640625
1990-10-13,37.015625
1990-10-14,32.6875
1990-10-15,28.6953125
1990-10-16,25.0234375
1990-10-17,21.6328125
1990-10-18,18.5
1990-10-19,15.6484375
1990-10-20,13.0859375
1990-10-21,10.7890625
1990-10-22,8.734375
1990-10-23,6.9296875
1990-10-24,5.3828125
1990-10-25,4.109375
1990-10-26,3.1015625
1990-10-27,2.328125
1990-10-28,1.7734375
1990-10-29,1.3828125
1990-10-30,1.09375
1990-10-31,0.8828125
1990-11-01,0.7265625
1990-11-02,0.6015625
1990-11-03,0.5
1990-11-04,0.4140625
1990-11-05,0.3515625
1990-11-06,0.3046875
1990-11-07,0.2578125
1990-11-08,0.234375
1990-11-09,0.203125
1990-11-10,0.1796875
1990-11-11,0.1484375
1990-11-12,0.1328125
1990-11-13,0.11718750000000001
1990-11-14,0.1015625
1990-11-15,0.0859375
1990-11-16,0.078125
1990-11-17,0.06249999999999999
1990-11-18,0.05468749999999999
1990-11-19,0.046875
1990-11-20,0.0390625
1990-11-21,0.0390625
1990-11-22,0.03125
1990-11-23,0.03125
1990-11-24,0.015625
1990-11-25,0.015625
1990-11-26,0.015625
1990-11-27,0.015625
1990-11-28,0.015625
1990-11-29,0.015625
1990-11-30,0.015625
1990-12-01,0.0
1990-12-02,0.0
1990-12-03,0.0
1990-12-04,0.0
1990-12-05,0.0
1990-12-06,0.0
1990-12-07,0.0
1990-12-08,0.0
1990-12-09,0.0
1990-12-10,0.0
1990-12-11,0.0
1990-12-12,0.0
1990-12-13,0.0
1990-12-14,0.0
1990-12-15,0.0
1990-12-16,0.0
1990-12-17,0.0
1990-12-18,0.0
1990-12-19,0.0
1990-12-20,0.0
1990-12-21,0.0
1990-12-22,0.0
1990-12-23,0.0
1990-12-24,0.0
1990-12-25,0.0
1990-12-26,0.0
1990-12-27,0.0
1990-12-28,0.0
1990-12-29,0.0
1990-12-30,0.0
1990-12-31,0.0
1991-01-01,0.0
1991-01-02,0.0
1991-01-03,0.0
1991-01-04,0.0
1991-01-05,0.0
1991-01-06,0.0
1991-01-07,0.0
1991-01-08,0.0
1991-01-09,0.0
1991-01-10,0.0
1991-01-11,0.0
1991-01-12,0.0
1991-01-13,0.0
1991-01-14,0.0
1991-01-15,0.0
1991-01-16,0.0
1991-01-17,0.0
1991-01-18,0.0
1991-01-19,0.0
1991-01-20,0.0
1991-01-21,0.0
1991-01-22,0.0
1991-01-23,0.0
1991-01-24,0.0
1991-01-25,0.0
1991-01-26,0.0
1991-01-27,0.0
1991-01-28,0.0
1991-01-29,0.0
1991-01-30,0.0
1991-01-31,0.0
1991-02-01,0.0
1991-02-02,0.0
1991-02-03,0.0
1991-02-04,0.0
1991-02-05,0.0
1991-02-06,0.0
1991-02-07,0.0
1991-02-08,0.0
1991-02-09,0.0
1991-02-10,0.0
1991-02-11,0.0
1991-02-12,0.0
1991-02-13,0.0
1991-02-14,0.0
1991-02-15,0.0
1991-02-16,0.0
1991-02-17,0.0
1991-02-18,0.0
1991-02-19,0.0
1991-02-20,0.0
1991-02-21,0.0
1991-02-22,0.0
1991-02-23,0.0
1991-02-24,0.0
1991-02-25,0.0
1991-02-26,0.0
1991-02-27,0.0
1991-02-28,0.0
1991-03-01,0.0
1991-03-02,0.0
1991-03-03,0.0
1991-03-04,0.0
1991-03-05,0.0
1991-03-06,0.0
1991-03-07,0.0
1991-03-08,0.0
1991-03-09,0.0
1991-03-10,0.0
1991-03-11,0.0
1991-03-12,0.0
1991-03-13,0.0
1991-03-14,0.0
1991-03-15,0.0
1991-03-16,0.0
1991-03-17,0.0
1991-03-18,0.0
1991-03-19,0.0
1991-03-20,0.0
1991-03-21,0.0
1991-03-22,0.0
1991-03-23,0.0
1991-03-24,0.0
1991-03-25,0.0
1991-03-26,0.0
1991-03-27,0.0
1991-03-28,0.0
1991-03-29,0.0
1991-03-30,0.0
1991-03-31,0.0
1991-04-01,0.0
1991-04-02,0.0
1991-04-03,0.0
1991-04-04,0.0
1991-04-05,0.0
1991-04-06,0.0
1991-04-07,0.0
1991-04-08,0.0
1991-04-09,0.0
1991-04-10,0.0
1991-04-11,0.0
1991-04-12,0.0
1991-04-13,0.0
1991-04-14,0.0
1991-04-15,0.0
1991-04-16,0.0
1991-04-17,0.0
1991-04-18,0.0
1991-04-19,0.0
1991-04-20,0.0
1991-04-21,0.0
1991-04-22,0.0
1991-04-23,0.0
1991-04-24,0.0
1991-04-25,0.0
1991-04-26,0.0
1991-04-27,0.0
1991-04-28,0.0
1991-04-29,0.0
1991-04-30,0.0
1991-05-01,0.77525
1991-05-02,0.7752499999999999
1991-05-03,0.7752500000000001
1991-05-04,0.77525
1991-05-05,0.77525
1991-05-06,0.7752499999999999
1991-05-07,0.7752500000000001
1991-05-08,0.7752499999999999
1991-05-09,0.7752500000000001
1991-05-10,3.229156250000001
1991-05-11,5.800874999999999
1991-05-12,5.7175
1991-05-13,1.330104712041885
1991-05-14,1.7421701030927836
1991-05-15,2.617385349918332
1991-05-16,2.42114322947518
1991-05-17,2.067311497400928
1991-05-18,5.034749631428323
1991-05-19,3.3318707285422944
1991-05-20,10.414155528918188
1991-05-21,16.753972639956533
1991-05-22,24.602882368528817
1991-05-23,92.30381882126865
1991-05-24,152.69344713603454
1991-05-25,281.02279363717236
1991-05-26,418.05535341335224
1991-05-27,551.6080296406407
1991-05-28,756.8100026928784
1991-05-29,534.7555623759945
1991-05-30,671.7515449736397
1991-05-31,428.79815843738044
1991-06-01,415.46093075301553
1991-06-02,470.59819617829197
1991-06-03,538.7687271660506
1991-06-04,1153.8902831735757
1991-06-05,2148.540190708136
1991-06-06,2318.10215019354
1991-06-07,2460.506270149901
1991-06-08,2513.54076914105
1991-06-09,2454.969756507607
1991-06-10,2254.3606507869495
1991-06-11,2382.492179790654
1991-06-12,2272.095933867619
1991-06-13,2174.572423088058
1991-06-14,1934.1161321088325
1991-06-15,1833.7780482796534
1991-06-16,1414.4848768445315
1991-06-17,1115.1755233199403
1991-06-18,900.3956161245717
1991-06-19,706.5076491073099
1991-06-20,600.96648156657
1991-06-21,492.4842655002113
1991-06-22,450.748750178872
1991-06-23,386.6359572655499
1991-06-24,336.71659253656196
1991-06-25,264.40866422017876
1991-06-26,245.172317737564
1991-06-27,194.81358803517256
1991-06-28,164.1560529312777
1991-06-29,140.26539271369086
1991-06-30,141.9811701237604
1991-07-01,136.69945153822306
1991-07-02,154.74399232404357
1991-07-03,154.65070747594385
1991-07-04,167.26049786627607
1991-07-05,175.6360278670555
1991-07-06,157.827108828023
1991-07-07,139.64090615183505
1991-07-08,134.65685805545883
1991-07-09,129.4073783592913
1991-07-10,125.00537571692027
1991-07-11,89.43488464289604
1991-07-12,84.53466718958055
1991-07-13,85.51635373745795
1991-07-14,83.39105296370272
1991-07-15,115.76503648274277
1991-07-16,123.48910570977895
1991-07-17,125.93607174145231
1991-07-18,122.83306159187819
1991-07-19,114.39042108895637
1991-07-20,110.68515479213124
1991-07-21,105.15847780483843
1991-07-22,97.71562547079797
1991-07-23,66.73946761635473
1991-07-24,60.611018849811764
1991-07-25,57.6205982652453
1991-07-26,58.085288849684346
1991-07-27,55.87616935720082
1991-07-28,51.95992685180564
1991-07-29,47.92218329533203
1991-07-30,44.122583879268475
1991-07-31,40.502519530982795
1991-08-01,37.26550814287238
1991-08-02,34.22016288332756
1991-08-03,33.9466061782647
1991-08-04,34.18809861215881
1991-08-05,31.93654784948145
1991-08-06,29.36929304919466
1991-08-07,27.13375078103803
1991-08-08,24.85508073248865
1991-08-09,22.446450724998282
1991-08-10,19.917152651776934
1991-08-11,17.646558117411825
1991-08-12,15.584470014872485
1991-08-13,13.606021672709293
1991-08-14,11.055731156350918
1991-08-15,9.699471367701856
1991-08-16,8.778046509685161
1991-08-17,10.344139583903791
1991-08-18,14.577479922703263
1991-08-19,16.707419630409838
1991-08-20,17.62647437789509
1991-08-21,17.66311728387687
1991-08-22,17.106828155035444
1991-08-23,16.756630014484088
1991-08-24,19.268109653478966
1991-08-25,23.423823371028544
1991-08-26,27.92660609204911
1991-08-27,36.20067735833723
1991-08-28,47.26699778723667
1991-08-29,52.06615464799148
1991-08-30,72.40269907403632
1991-08-31,283.4039775935686
1991-09-01,839.0345301080532
1991-09-02,925.9195216040999
1991-09-03,920.6962911372092
1991-09-04,927.831217390629
1991-09-05,902.2258661406978
1991-09-06,858.9385487830207
1991-09-07,837.0618493647064
1991-09-08,807.6113259134199
1991-09-09,455.6312210569416
1991-09-10,409.3585177817117
1991-09-11,390.3098555928549
1991-09-12,275.000118759263
1991-09-13,240.2056930215205
1991-09-14,226.76869714789103
1991-09-15,203.35361662138484
1991-09-16,185.42737002175974
1991-09-17,161.49949075116453
1991-09-18,143.47001813366245
1991-09-19,126.41124547778276
1991-09-20,116.20945115423756
1991-09-21,105.58371295601822
1991-09-22,88.81696413266101
1991-09-23,78.48105306979704
1991-09-24,78.58580681083738
1991-09-25,70.17563270070347
1991-09-26,65.16735243893542
1991-09-27,64.18592466353124
1991-09-28,68.90891558782593
1991-09-29,80.18735645546064
1991-09-30,78.04780004753323
1991-10-01,109.5546875
1991-10-02,100.6875
1991-10-03,91.671875
1991-10-04,83.1171875
1991-10-05,75.25
1991-10-06,67.984375
1991-10-07,61.2890625
1991-10-08,55.4453125
1991-10-09,51.390625
1991-10-10,47.2421875
1991-10-11,42.296875
1991-10-12,37.515625
1991-10-13,33.140625
1991-10-14,29.0859375
1991-10-15,25.3984375
1991-10-16,22.046875
1991-10-17,18.9609375
1991-10-18,16.109375
1991-10-19,13.5
1991-10-20,11.1484375
1991-10-21,9.0625
1991-10-22,7.2578125
1991-10-23,5.71875
1991-10-24,4.4453125
1991-10-25,3.421875
1991-10-26,2.609375
1991-10-27,1.9765625
1991-10-28,1.5
1991-10-29,1.234375
1991-10-30,1.21875
1991-10-31,1.2109375
1991-11-01,1.3671875
1991-11-02,2.4765625
1991-11-03,6.46875
1991-11-04,19.5859375
1991-11-05,45.8828125
1991-11-06,53.3828125
1991-11-07,51.28125
1991-11-08,46.984375
1991-11-09,42.46875
1991-11-10,38.1953125
1991-11-11,34.234375
1991-11-12,30.578125
1991-11-13,27.2109375
1991-11-14,24.1171875
1991-11-15,21.3046875
1991-11-16,18.75
1991-11-17,16.4375
1991-11-18,14.34375
1991-11-19,12.4453125
1991-11-20,10.703125
1991-11-21,9.1328125
1991-11-22,7.7421875
1991-11-23,6.5078125
1991-11-24,5.421875
1991-11-25,4.484375
1991-11-26,3.671875
1991-11-27,2.96875
1991-11-28,2.390625
1991-11-29,1.90625
1991-11-30,1.515625
1991-12-01,1.203125
1991-12-02,0.9375
1991-12-03,0.734375
1991-12-04,0.578125
1991-12-05,0.46875
1991-12-06,0.375
1991-12-07,0.296875
1991-12-08,0.25
1991-12-09,0.21875
1991-12-10,0.1875
1991-12-11,0.15625
1991-12-12,0.140625
1991-12-13,0.125
1991-12-14,0.109375
1991-12-15,0.09375
1991-12-16,0.078125
1991-12-17,0.06249999999999999
1991-12-18,0.06249999999999999
1991-12-19,0.046875
1991-12-20,0.046875
1991-12-21,0.046875
1991-12-22,0.03125
1991-12-23,0.03125
1991-12-24,0.03125
1991-12-25,0.03125
1991-12-26,0.03125
1991-12-27,0.015625
1991-12-28,0.015625
1991-12-29,0.015625
1991-12-30,0.015625
1991-12-31,0.015625
1992-01-01,0.015625
1992-01-02,0.015625
1992-01-03,0.015625
1992-01-04,0.015625
1992-01-05,0.015625
1992-01-06,0.015625
1992-01-07,0.0
1992-01-08,0.0
1992-01-09,0.0
1992-01-10,0.0
1992-01-11,0.0
1992-01-12,0.0
1992-01-13,0.0
1992-01-14,0.0
1992-01-15,0.0
1992-01-16,0.0
1992-01-17,0.0
1992-01-18,0.0
1992-01-19,0.0
1992-01-20,0.0
1992-01-21,0.0
1992-01-22,0.0
1992-01-23,0.0
1992-01-24,0.0
1992-01-25,0.0
1992-01-26,0.0
1992-01-27,0.0
1992-01-28,0.0
1992-01-29,0.0
1992-01-30,0.0
1992-01-31,0.0
1992-02-01,0.0
1992-02-02,0.0
1992-02-03,0.0
1992-02-04,0.0
1992-02-05,0.0
1992-02-06,0.0
1992-02-07,0.0
1992-02-08,0.0
1992-02-09,0.0
1992-02-10,0.0
1992-02-11,0.0
1992-02-12,0.0
1992-02-13,0.0
1992-02-14,0.0
1992-02-15,0.0
1992-02-16,0.0
1992-02-17,0.0
1992-02-18,0.0
1992-02-19,0.0
1992-02-20,0.0
1992-02-21,0.0
1992-02-22,0.0
1992-02-23,0.0
1992-02-24,0.0
1992-02-25,0.0
1992-02-26,0.0
1992-02-27,0.0
1992-02-28,0.0
1992-02-29,0.0
1992-03-01,0.0
1992-03-02,0.0
1992-03-03,0.0
1992-03-04,0.0
1992-03-05,0.0
1992-03-06,0.0
1992-03-07,0.0
1992-03-08,0.0
1992-03-09,0.0
1992-03-10,0.0
1992-03-11,0.0
1992-03-12,0.0
1992-03-13,0.0
1992-03-14,0.0
1992-03-15,0.0
1992-03-16,0.0
1992-03-17,0.0
1992-03-18,0.0
1992-03-19,0.0
1992-03-20,0.0
1992-03-21,0.0
1992-03-22,0.0
1992-03-23,0.0
1992-03-24,0.0
1992-03-25,0.0
1992-03-26,0.0
1992-03-27,0.0
1992-03-28,0.0
1992-03-29,0.0
1992-03-30,0.0
1992-03-31,0.0
1992-04-01,0.0
1992-04-02,0.0
1992-04-03,0.0
1992-04-04,0.0
1992-04-05,0.0
1992-04-06,0.0
1992-04-07,0.0
1992-04-08,0.0
1992-04-09,0.0
1992-04-10,0.0
1992-04-11,0.0
1992-04-12,0.0
1992-04-13,0.0
1992-04-14,0.0
1992-04-15,0.0
1992-04-16,0.0
1992-04-17,0.0
1992-04-18,0.0
1992-04-19,0.0
1992-04-20,0.0
1992-04-21,0.0
1992-04-22,0.0
1992-04-23,0.0
1992-04-24,0.0
1992-04-25,0.0
1992-04-26,0.09375
1992-04-27,0.34375
1992-04-28,0.5625
1992-04-29,0.59375
1992-04-30,0.625
1992-05-01,2.3055416191562146
1992-05-02,2.4141505131128858
1992-05-03,2.0993254297569655
1992-05-04,2.7519632483698877
1992-05-05,2.556171902786011
1992-05-06,3.500239452679591
1992-05-07,2.7399771949828975
1992-05-08,1.9797149372862033
1992-05-09,10.019346733668351
1992-05-10,7.577135678391969
1992-05-11,1.7541884816753932
1992-05-12,1.3301047120418852
1992-05-13,1.118062827225131
1992-05-14,0.9060209424083769
1992-05-15,0.6939790575916229
1992-05-16,0.6491495601173023
1992-05-17,1.089684014869889
1992-05-18,1.3781141340411414
1992-05-19,5.242366693539102
1992-05-20,7.7896244485203
1992-05-21,14.790488273499989
1992-05-22,21.28180351180907
1992-05-23,92.8718832839217
1992-05-24,176.68919276289958
1992-05-25,147.88918677336773
1992-05-26,179.70990161605073
1992-05-27,218.16732824666406
1992-05-28,189.4649341886851
1992-05-29,217.52258621653175
1992-05-30,239.13205468010221
1992-05-31,403.9997271131737
1992-06-01,378.44158383664467
1992-06-02,412.20554815153196
1992-06-03,420.02955568605796
1992-06-04,438.6312136920171
1992-06-05,729.3207672444876
1992-06-06,1275.5831995418926
1992-06-07,2126.2653183249454
1992-06-08,2215.939234603416
1992-06-09,2141.5188543384243
1992-06-10,1790.2501479911418
1992-06-11,1366.239583879094
1992-06-12,992.4377367873153
1992-06-13,956.5881996113341
1992-06-14,900.0219247011081
1992-06-15,787.6760583473018
1992-06-16,646.3004522837186
1992-06-17,547.3045482132685
1992-06-18,491.873235211923
1992-06-19,450.0265599379068
1992-06-20,468.08660533489007
1992-06-21,468.995087487479
1992-06-22,433.8792017662447
1992-06-23,415.9228098102136
1992-06-24,399.2964182161788
1992-06-25,380.98383852641723
1992-06-26,352.3432388863099
1992-06-27,323.14947275695556
1992-06-28,289.5776090510946
1992-06-29,268.66192199105905
1992-06-30,236.1133880409464
1992-07-01,230.17773129698685
1992-07-02,222.70047003781556
1992-07-03,240.49233111562324
1992-07-04,263.58295102543906
1992-07-05,277.520778031596
1992-07-06,264.2303671100993
1992-07-07,241.4654856841397
1992-07-08,192.1517834401958
1992-07-09,169.56295994866795
1992-07-10,155.9183111486196
1992-07-11,139.97095147813482
1992-07-12,136.16257216441429
1992-07-13,143.907925603322
1992-07-14,148.16337076469188
1992-07-15,145.86514282995418
1992-07-16,136.38977151378558
1992-07-17,145.58363271917872
1992-07-18,279.60930043811516
1992-07-19,504.1458895533622
1992-07-20,647.7763264344937
1992-07-21,496.49133659100187
1992-07-22,496.1884533626032
1992-07-23,387.36433985987793
1992-07-24,337.648899612066
1992-07-25,260.4869640512269
1992-07-26,219.44057238730585
1992-07-27,192.70190819135433
1992-07-28,168.66558137091118
1992-07-29,153.91119858747678
1992-07-30,129.66225112110445
1992-07-31,121.77478462305328
1992-08-01,118.03974394696
1992-08-02,120.58908091599146
1992-08-03,138.06215654577818
1992-08-04,172.36508314584802
1992-08-05,175.7343218052117
1992-08-06,155.7324594785094
1992-08-07,143.53076398706008
1992-08-08,130.63092614053326
1992-08-09,117.31050622143361
1992-08-10,102.96070328350812
1992-08-11,96.13904894859955
1992-08-12,88.90986063855291
1992-08-13,87.36873530646102
1992-08-14,86.6621323689116
1992-08-15,75.67669652384025
1992-08-16,71.48875982892386
1992-08-17,71.32458108112735
1992-08-18,70.42098649206639
1992-08-19,71.46532610990131
1992-08-20,88.61417148308176
1992-08-21,151.93998100255624
1992-08-22,202.3658407227015
1992-08-23,224.47582407280316
1992-08-24,250.93696242399548
1992-08-25,247.66221544873284
1992-08-26,221.44940430249213
1992-08-27,206.2437122039202
1992-08-28,182.06608651892157
1992-08-29,152.1556333089723
1992-08-30,137.8038884968957
1992-08-31,151.5692721429176
1992-09-01,166.5658115543287
1992-09-02,166.02662156393768
1992-09-03,163.1610319793621
1992-09-04,146.91677255078227
1992-09-05,131.32364211645236
1992-09-06,120.9078257123041
1992-09-07,109.3872106059132
1992-09-08,102.19013274151132
1992-09-09,102.42705134448538
1992-09-10,93.90828884695694
1992-09-11,83.99331049656891
1992-09-12,79.99957995687377
1992-09-13,78.06668513384658
1992-09-14,78.15137617832097
1992-09-15,73.34331098280988
1992-09-16,69.74665693185808
1992-09-17,62.9469903433394
1992-09-18,58.76479327228745
1992-09-19,59.19710070931516
1992-09-20,55.08426353573867
1992-09-21,52.493165180542455
1992-09-22,47.515060240963855
1992-09-23,43.796387400304575
1992-09-24,47.21616544990524
1992-09-25,44.68334586827591
1992-09-26,41.33903388828027
1992-09-27,35.99385932826356
1992-09-28,29.270651245136783
1992-09-29,26.451178133598095
1992-09-30,24.13365072136323
1992-10-01,13.953125
1992-10-02,11.59375
1992-10-03,9.5
1992-10-04,7.671875
1992-10-05,6.140625
1992-10-06,4.875
1992-10-07,3.859375
1992-10-08,3.0625
1992-10-09,2.4375
1992-10-10,1.90625
1992-10-11,1.484375
1992-10-12,1.140625
1992-10-13,0.859375
1992-10-14,0.65625
1992-10-15,0.5
1992-10-16,0.4375
1992-10-17,0.671875
1992-10-18,1.140625
1992-10-19,1.515625
1992-10-20,1.65625
1992-10-21,1.65625
1992-10-22,1.578125
1992-10-23,1.453125
1992-10-24,1.328125
1992-10-25,1.1875
1992-10-26,1.0625
1992-10-27,0.921875
1992-10-28,0.796875
1992-10-29,0.6875
1992-10-30,0.578125
1992-10-31,0.484375
1992-11-01,0.390625
1992-11-02,0.3125
1992-11-03,0.25
1992-11-04,0.203125
1992-11-05,0.15625
1992-11-06,0.11718750000000001
1992-11-07,0.0859375
1992-11-08,0.06249999999999999
1992-11-09,0.046875
1992-11-10,0.0390625
1992-11-11,0.03125
1992-11-12,0.03125
1992-11-13,0.015625
1992-11-14,0.015625
1992-11-15,0.0
1992-11-16,0.0
1992-11-17,0.0
1992-11-18,0.0
1992-11-19,0.0
1992-11-20,0.0
1992-11-21,0.0
1992-11-22,0.0
1992-11-23,0.0
1992-11-24,0.0
1992-11-25,0.0
1992-11-26,0.0
1992-11-27,0.0
1992-11-28,0.0
1992-11-29,0.0
1992-11-30,0.0
1992-12-01,0.0
1992-12-02,0.0
1992-12-03,0.0
1992-12-04,0.0
1992-12-05,0.0
1992-12-06,0.0
1992-12-07,0.0
1992-12-08,0.0
1992-12-09,0.0
1992-12-10,0.0
1992-12-11,0.0
1992-12-12,0.0
1992-12-13,0.0
1992-12-14,0.0
1992-12-15,0.0
1992-12-16,0.0
1992-12-17,0.0
1992-12-18,0.0
1992-12-19,0.0
1992-12-20,0.0
1992-12-21,0.0
1992-12-22,0.0
1992-12-23,0.0
1992-12-24,0.0
1992-12-25,0.0
1992-12-26,0.0
1992-12-27,0.0
1992-12-28,0.0
1992-12-29,0.0
1992-12-30,0.0
1992-12-31,0.0
1993-01-01,0.0
1993-01-02,0.0
1993-01-03,0.0
1993-01-04,0.0
1993-01-05,0.0
1993-01-06,0.0
1993-01-07,0.0
1993-01-08,0.0
1993-01-09,0.0
1993-01-10,0.0
1993-01-11,0.0
1993-01-12,0.0
1993-01-13,0.0
1993-01-14,0.0
1993-01-15,0.0
1993-01-16,0.0
1993-01-17,0.0
1993-01-18,0.0
1993-01-19,0.0
1993-01-20,0.0
1993-01-21,0.0
1993-01-22,0.0
1993-01-23,0.0
1993-01-24,0.0
1993-01-25,0.0
1993-01-26,0.0
1993-01-27,0.0
1993-01-28,0.0
1993-01-29,0.0
1993-01-30,0.0
1993-01-31,0.0
1993-02-01,0.0
1993-02-02,0.0
1993-02-03,0.0
1993-02-04,0.0
1993-02-05,0.0
1993-02-06,0.0
1993-02-07,0.0
1993-02-08,0.0
1993-02-09,0.0
1993-02-10,0.0
1993-02-11,0.0
1993-02-12,0.0
1993-02-13,0.0
1993-02-14,0.0
1993-02-15,0.0
1993-02-16,0.0
1993-02-17,0.0
1993-02-18,0.0
1993-02-19,0.0
1993-02-20,0.0
1993-02-21,0.0
1993-02-22,0.0
1993-02-23,0.0
1993-02-24,0.0
1993-02-25,0.0
1993-02-26,0.0
1993-02-27,0.0
1993-02-28,0.0
1993-03-01,0.0
1993-03-02,0.0
1993-03-03,0.0
1993-03-04,0.0
1993-03-05,0.0
1993-03-06,0.0
1993-03-07,0.0
1993-03-08,0.0
1993-03-09,0.0
1993-03-10,0.0
1993-03-11,0.0
1993-03-12,0.0
1993-03-13,0.0
1993-03-14,0.0
1993-03-15,0.0
1993-03-16,0.0
1993-03-17,0.0
1993-03-18,0.0
1993-03-19,0.0
1993-03-20,0.0
1993-03-21,0.0
1993-03-22,0.0
1993-03-23,0.0
1993-03-24,0.0
1993-03-25,0.0
1993-03-26,0.0
1993-03-27,0.0
1993-03-28,0.0
1993-03-29,0.0
1993-03-30,0.0
1993-03-31,0.0
1993-04-01,0.0
1993-04-02,0.0
1993-04-03,0.0
1993-04-04,0.0
1993-04-05,0.0
1993-04-06,0.0
1993-04-07,0.0
1993-04-08,0.0
1993-04-09,0.0
1993-04-10,0.0
1993-04-11,0.0
1993-04-12,0.0
1993-04-13,0.0
1993-04-14,0.0
1993-04-15,0.0
1993-04-16,0.0
1993-04-17,0.0
1993-04-18,0.0
1993-04-19,0.0
1993-04-20,0.0
1993-04-21,0.0
1993-04-22,0.0
1993-04-23,0.0
1993-04-24,0.0
1993-04-25,0.0
1993-04-26,0.0
1993-04-27,0.0
1993-04-28,0.0
1993-04-29,0.0
1993-04-30,0.0
1993-05-01,0.77525
1993-05-02,0.7752499999999999
1993-05-03,0.7752500000000001
1993-05-04,0.77525
1993-05-05,0.7752500000000002
1993-05-06,0.7752499999999999
1993-05-07,0.77525
1993-05-08,0.7752499999999999
1993-05-09,0.7752500000000001
1993-05-10,0.7752500000000001
1993-05-11,0.77525
1993-05-12,3.2487500000000002
1993-05-13,1.330104712041885
1993-05-14,1.1193608247422682
1993-05-15,1.2577628865979382
1993-05-16,1.3269639175257737
1993-05-17,1.3056336536575799
1993-05-18,2.152559230986712
1993-05-19,1.2087395077874206
1993-05-20,6.285042753063874
1993-05-21,8.011227581420712
1993-05-22,11.883412915851267
1993-05-23,10.256094695621217
1993-05-24,9.616859682373702
1993-05-25,8.80866940221
1993-05-26,9.600440139384386
1993-05-27,17.290744147427535
1993-05-28,17.424880020728654
1993-05-29,19.695889092814575
1993-05-30,18.48343123903623
1993-05-31,29.20796698547345
1993-06-01,89.78374892340278
1993-06-02,259.0180614297187
1993-06-03,495.4123605047786
1993-06-04,502.6554416667255
1993-06-05,711.0841987334759
1993-06-06,1030.5952852759349
1993-06-07,1304.1594341025798
1993-06-08,1923.098809779557
1993-06-09,2324.2882205493397
1993-06-10,2291.762318583719
1993-06-11,2363.7384009559337
1993-06-12,2377.5941453271353
1993-06-13,2381.3400193308353
1993-06-14,2371.2523507804544
1993-06-15,2306.8086852640354
1993-06-16,2193.5437092637208
1993-06-17,2272.942244206697
1993-06-18,2101.619501068022
1993-06-19,1890.168555977433
1993-06-20,1232.605393321593
1993-06-21,1022.4687572740933
1993-06-22,879.0585239259359
1993-06-23,673.0055990222222
1993-06-24,584.3431976706755
1993-06-25,500.01243083747715
1993-06-26,428.99072426477545
1993-06-27,390.18995168628766
1993-06-28,322.618473228939
1993-06-29,257.8476398305767
1993-06-30,244.7027332098725
1993-07-01,234.52955179321722
1993-07-02,233.2889259520665
1993-07-03,220.80778686693034
1993-07-04,187.32475224126966
1993-07-05,160.40640756755965
1993-07-06,144.0295545895288
1993-07-07,136.55047282352737
1993-07-08,133.4986698871728
1993-07-09,129.85677546450444
1993-07-10,122.72703904063836
1993-07-11,84.79739262233565
1993-07-12,79.88430668700659
1993-07-13,78.29033110669016
1993-07-14,78.07274078937712
1993-07-15,75.4181565343317
1993-07-16,75.68662439788852
1993-07-17,75.00604529017916
1993-07-18,70.9701391408903
1993-07-19,65.37737396573557
1993-07-20,60.726007339199285
1993-07-21,55.40886867126622
1993-07-22,50.40411009331152
1993-07-23,46.18920988804518
1993-07-24,43.15505371906093
1993-07-25,46.336817485455214
1993-07-26,59.02013696661463
1993-07-27,68.65901272329927
1993-07-28,104.8087815988411
1993-07-29,112.10449531461353
1993-07-30,114.79967151814483
1993-07-31,111.78974406353917
1993-08-01,105.36569496593795
1993-08-02,103.79686678573373
1993-08-03,101.50674388093675
1993-08-04,94.19215760503408
1993-08-05,83.88858867009077
1993-08-06,80.4818133814707
1993-08-07,77.64978623003408
1993-08-08,81.61677782882425
1993-08-09,93.70430880183729
1993-08-10,99.40812677804668
1993-08-11,96.67205796676578
1993-08-12,90.65669989083865
1993-08-13,85.4999620698425
1993-08-14,84.57017908025637
1993-08-15,76.36011259515656
1993-08-16,70.76532170014595
1993-08-17,66.36611350732625
1993-08-18,64.85506630813941
1993-08-19,61.041946185334254
1993-08-20,59.60346213912158
1993-08-21,61.65984648161752
1993-08-22,67.19081698521407
1993-08-23,76.35315310831717
1993-08-24,92.34611436464611
1993-08-25,131.9787483109133
1993-08-26,181.0261226115954
1993-08-27,217.03253382601824
1993-08-28,219.31755011561722
1993-08-29,199.12972352125092
1993-08-30,188.59517508760652
1993-08-31,179.42565778924333
1993-09-01,170.1965170286473
1993-09-02,163.6581560324618
1993-09-03,150.5214590032192
1993-09-04,145.2332290425224
1993-09-05,136.3890440341127
1993-09-06,129.86219460657426
1993-09-07,119.74623467212176
1993-09-08,108.39578716605818
1993-09-09,100.19111124343776
1993-09-10,101.78276711070109
1993-09-11,97.46118068144348
1993-09-12,89.8124611233353
1993-09-13,81.6986459443922
1993-09-14,75.41389676405954
1993-09-15,71.4992904370883
1993-09-16,67.0764511345241
1993-09-17,68.3701097840714
1993-09-18,64.56358217618867
1993-09-19,58.8193590215495
1993-09-20,54.29231182804034
1993-09-21,53.47173964122942
1993-09-22,48.20783021587043
1993-09-23,45.38070057217564
1993-09-24,42.22367120188153
1993-09-25,39.02169896409481
1993-09-26,36.591327195181826
1993-09-27,33.49438959058293
1993-09-28,28.800130874350796
1993-09-29,25.73798099293883
1993-09-30,23.327389644752255
1993-10-01,12.53125
1993-10-02,10.265625
1993-10-03,8.296875
1993-10-04,6.59375
1993-10-05,5.171875
1993-10-06,4.03125
1993-10-07,3.125
1993-10-08,2.4375
1993-10-09,1.90625
1993-10-10,1.5
1993-10-11,1.203125
1993-10-12,0.953125
1993-10-13,0.765625
1993-10-14,0.6171875
1993-10-15,0.4921875
1993-10-16,0.390625
1993-10-17,0.3125
1993-10-18,0.265625
1993-10-19,0.21875
1993-10-20,0.1875
1993-10-21,0.15625
1993-10-22,0.125
1993-10-23,0.109375
1993-10-24,0.09375
1993-10-25,0.078125
1993-10-26,0.06249999999999999
1993-10-27,0.046875
1993-10-28,0.046875
1993-10-29,0.03125
1993-10-30,0.03125
1993-10-31,0.03125
1993-11-01,0.015625
1993-11-02,0.015625
1993-11-03,0.015625
1993-11-04,0.015625
1993-11-05,0.0
1993-11-06,0.0
1993-11-07,0.0
1993-11-08,0.0
1993-11-09,0.0
1993-11-10,0.0
1993-11-11,0.0
1993-11-12,0.0
1993-11-13,0.0
1993-11-14,0.0
1993-11-15,0.0
1993-11-16,0.0
1993-11-17,0.0
1993-11-18,0.0
1993-11-19,0.0
1993-11-20,0.0
1993-11-21,0.0
1993-11-22,0.0
1993-11-23,0.0
1993-11-24,0.0
1993-11-25,0.0
1993-11-26,0.0
1993-11-27,0.0
1993-11-28,0.0
1993-11-29,0.0
1993-11-30,0.0
1993-12-01,0.0
1993-12-02,0.0
1993-12-03,0.0
1993-12-04,0.0
1993-12-05,0.0
1993-12-06,0.0
1993-12-07,0.0
1993-12-08,0.0
1993-12-09,0.0
1993-12-10,0.0
1993-12-11,0.0
1993-12-12,0.0
1993-12-13,0.0
1993-12-14,0.0
1993-12-15,0.0
1993-12-16,0.0
1993-12-17,0.0
1993-12-18,0.0
1993-12-19,0.0
1993-12-20,0.0
1993-12-21,0.0
1993-12-22,0.0
1993-12-23,0.0
1993-12-24,0.0
1993-12-25,0.0
1993-12-26,0.0
1993-12-27,0.0
1993-12-28,0.0
1993-12-29,0.0
1993-12-30,0.0
1993-12-31,0.0
1994-01-01,0.0
1994-01-02,0.0
1994-01-03,0.0
1994-01-04,0.0
1994-01-05,0.0
1994-01-06,0.0
1994-01-07,0.0
1994-01-08,0.0
1994-01-09,0.0
1994-01-10,0.0
1994-01-11,0.0
1994-01-12,0.0
1994-01-13,0.0
1994-01-14,0.0
1994-01-15,0.0
1994-01-16,0.0
1994-01-17,0.0
1994-01-18,0.0
1994-01-19,0.0
1994-01-20,0.0
1994-01-21,0.0
1994-01-22,0.0
1994-01-23,0.0
1994-01-24,0.0
1994-01-25,0.0
1994-01-26,0.0
1994-01-27,0.0
1994-01-28,0.0
1994-01-29,0.0
1994-01-30,0.0
1994-01-31,0.0
1994-02-01,0.0
1994-02-02,0.0
1994-02-03,0.0
1994-02-04,0.0
1994-02-05,0.0
1994-02-06,0.0
1994-02-07,0.0
1994-02-08,0.0
1994-02-09,0.0
1994-02-10,0.0
1994-02-11,0.0
1994-02-12,0.0
1994-02-13,0.0
1994-02-14,0.0
1994-02-15,0.0
1994-02-16,0.0
1994-02-17,0.0
1994-02-18,0.0
1994-02-19,0.0
1994-02-20,0.0
1994-02-21,0.0
1994-02-22,0.0
1994-02-23,0.0
1994-02-24,0.0
1994-02-25,0.0
1994-02-26,0.0
1994-02-27,0.0
1994-02-28,0.0
1994-03-01,0.0
1994-03-02,0.0
1994-03-03,0.0
1994-03-04,0.0
1994-03-05,0.0
1994-03-06,0.0
1994-03-07,0.0
1994-03-08,0.0
1994-03-09,0.0
1994-03-10,0.0
1994-03-11,0.0
1994-03-12,0.0
1994-03-13,0.0
1994-03-14,0.0
1994-03-15,0.0
1994-03-16,0.0
1994-03-17,0.0
1994-03-18,0.0
1994-03-19,0.0
1994-03-20,0.0
1994-03-21,0.0
1994-03-22,0.0
1994-03-23,0.0
1994-03-24,0.0
1994-03-25,0.0
1994-03-26,0.0
1994-03-27,0.0
1994-03-28,0.0
1994-03-29,0.0
1994-03-30,0.0
1994-03-31,0.0
1994-04-01,0.0
1994-04-02,0.0
1994-04-03,0.0
1994-04-04,0.0
1994-04-05,0.0
1994-04-06,0.0
1994-04-07,0.0
1994-04-08,0.0
1994-04-09,0.0
1994-04-10,0.0
1994-04-11,0.0
1994-04-12,0.0
1994-04-13,0.0
1994-04-14,0.0
1994-04-15,0.0
1994-04-16,0.0
1994-04-17,0.0
1994-04-18,0.0
1994-04-19,0.0
1994-04-20,0.0
1994-04-21,0.0
1994-04-22,0.0
1994-04-23,0.0
1994-04-24,0.0
1994-04-25,0.0
1994-04-26,0.0
1994-04-27,0.0
1994-04-28,0.0
1994-04-29,0.0
1994-04-30,0.0
1994-05-01,0.7752499999999999
1994-05-02,0.77525
1994-05-03,0.7752500000000002
1994-05-04,0.7752499999999999
1994-05-05,0.7752500000000001
1994-05-06,0.7752499999999999
1994-05-07,0.7752499999999999
1994-05-08,0.77525
1994-05-09,0.7752500000000001
1994-05-10,0.77525
1994-05-11,0.77525
1994-05-12,0.78
1994-05-13,0.7799999999999999
1994-05-14,0.7799999999999999
1994-05-15,0.7800000000000001
1994-05-16,0.78
1994-05-17,0.7800000000000001
1994-05-18,0.7800000000000001
1994-05-19,0.7512569316081328
1994-05-20,2.7061335289801898
1994-05-21,4.575085480482139
1994-05-22,5.796276989688378
1994-05-23,7.339818727190918
1994-05-24,7.500422995830006
1994-05-25,6.2661020480048295
1994-05-26,6.598303170627984
1994-05-27,7.313531315411934
1994-05-28,8.94114672658586
1994-05-29,12.202853405649526
1994-05-30,15.556310823831552
1994-05-31,26.076171343782903
1994-06-01,46.03878539323981
1994-06-02,55.244906514870614
1994-06-03,65.02572841683987
1994-06-04,115.46596571913084
1994-06-05,226.50481048523363
1994-06-06,419.9208391236991
1994-06-07,501.043432905856
1994-06-08,1105.5268424224491
1994-06-09,2446.48897284588
1994-06-10,2460.2292057762697
1994-06-11,2383.545773388798
1994-06-12,2217.261881143855
1994-06-13,2444.2826029592743
1994-06-14,2313.7983353809464
1994-06-15,2165.828130431908
1994-06-16,1902.4522411201308
1994-06-17,1703.7827653514323
1994-06-18,1096.2860352107011
1994-06-19,929.8382821391136
1994-06-20,796.2549280970023
1994-06-21,643.8008447578874
1994-06-22,517.5924891283149
1994-06-23,433.39210082898416
1994-06-24,383.6321613492149
1994-06-25,328.3074129344779
1994-06-26,252.52964045306945
1994-06-27,199.76494425877118
1994-06-28,168.12028251957452
1994-06-29,143.65449795143803
1994-06-30,139.22011965427524
1994-07-01,136.90152967427338
1994-07-02,143.75678159040575
1994-07-03,136.56975575718138
1994-07-04,131.1848696522311
1994-07-05,131.59099328604364
1994-07-06,135.24759709065378
1994-07-07,138.82390803618563
1994-07-08,131.8772064515724
1994-07-09,127.80805336720908
1994-07-10,88.36617724237449
1994-07-11,82.48116425158888
1994-07-12,78.62936718250349
1994-07-13,73.21491044936518
1994-07-14,69.15659801948019
1994-07-15,71.42534393435078
1994-07-16,78.4750003504044
1994-07-17,114.19285544654613
1994-07-18,117.19122633830116
1994-07-19,114.778435112943
1994-07-20,113.32132216154737
1994-07-21,113.92812152965755
1994-07-22,118.92332633119321
1994-07-23,179.50920673792587
1994-07-24,210.4021357873134
1994-07-25,190.03598157006027
1994-07-26,166.13735789345444
1994-07-27,139.61089478834398
1994-07-28,128.31152140974862
1994-07-29,118.23031689737701
1994-07-30,111.36593569989856
1994-07-31,104.229514138473
1994-08-01,91.88444024959217
1994-08-02,63.74396123293626
1994-08-03,65.08369770603468
1994-08-04,72.73401550194153
1994-08-05,79.55054099593526
1994-08-06,91.77821579441989
1994-08-07,117.53167738768107
1994-08-08,140.77923740669442
1994-08-09,177.98125537321584
1994-08-10,184.121054446647
1994-08-11,180.3056904823959
1994-08-12,182.19093219323415
1994-08-13,226.84399818863977
1994-08-14,369.1152042162302
1994-08-15,467.6941677907638
1994-08-16,343.2216446669838
1994-08-17,252.95686333899553
1994-08-18,246.86814673397174
1994-08-19,246.680361782544
1994-08-20,227.6480033012181
1994-08-21,211.3103733798431
1994-08-22,202.12613764086274
1994-08-23,198.80936139370795
1994-08-24,184.2773707029513
1994-08-25,178.44772578486226
1994-08-26,162.86666504051956
1994-08-27,139.8252649671591
1994-08-28,132.02882975990303
1994-08-29,164.18972213772585
1994-08-30,210.56489704069804
1994-08-31,249.03249537853267
1994-09-01,285.35800964784323
1994-09-02,268.87675761200614
1994-09-03,277.08592244827105
1994-09-04,258.90310235052704
1994-09-05,217.49067270771914
1994-09-06,192.8725022912021
1994-09-07,190.66124020943735
1994-09-08,203.16562134301913
1994-09-09,208.5561863175013
1994-09-10,234.4503610858871
1994-09-11,267.61615130813396
1994-09-12,262.4095928640461
1994-09-13,336.8443700911926
1994-09-14,344.74768412500816
1994-09-15,314.2133532295298
1994-09-16,302.7473499314951
1994-09-17,277.04316585909885
1994-09-18,249.11260169830996
1994-09-19,223.48622451092038
1994-09-20,216.49754088904592
1994-09-21,201.12953324199088
1994-09-22,167.69872100814885
1994-09-23,137.79346698311946
1994-09-24,124.80466047918532
1994-09-25,116.23322634868697
1994-09-26,102.33809516234236
1994-09-27,96.12733056317077
1994-09-28,87.97127540920566
1994-09-29,81.34877001636191
1994-09-30,74.55094327656842
1994-10-01,105.78125
1994-10-02,105.984375
1994-10-03,105.359375
1994-10-04,98.15625
1994-10-05,89.328125
1994-10-06,81.03125
1994-10-07,73.34375
1994-10-08,66.21875
1994-10-09,59.65625
1994-10-10,53.59375
1994-10-11,47.96875
1994-10-12,42.703125
1994-10-13,37.859375
1994-10-14,33.40625
1994-10-15,29.3125
1994-10-16,25.546875
1994-10-17,22.0625
1994-10-18,18.84375
1994-10-19,15.890625
1994-10-20,13.234375
1994-10-21,10.84375
1994-10-22,8.75
1994-10-23,6.96875
1994-10-24,5.515625
1994-10-25,4.328125
1994-10-26,3.390625
1994-10-27,2.640625
1994-10-28,2.0625
1994-10-29,1.609375
1994-10-30,1.265625
1994-10-31,1.0
1994-11-01,0.8125
1994-11-02,0.65625
1994-11-03,0.53125
1994-11-04,0.4375
1994-11-05,0.375
1994-11-06,0.3125
1994-11-07,0.265625
1994-11-08,0.21875
1994-11-09,0.1875
1994-11-10,0.15625
1994-11-11,0.140625
1994-11-12,0.125
1994-11-13,0.109375
1994-11-14,0.09375
1994-11-15,0.078125
1994-11-16,0.078125
1994-11-17,0.06249999999999999
1994-11-18,0.06249999999999999
1994-11-19,0.046875
1994-11-20,0.046875
1994-11-21,0.046875
1994-11-22,0.03125
1994-11-23,0.03125
1994-11-24,0.03125
1994-11-25,0.03125
1994-11-26,0.015625
1994-11-27,0.015625
1994-11-28,0.015625
1994-11-29,0.015625
1994-11-30,0.015625
1994-12-01,0.0
1994-12-02,0.0
1994-12-03,0.0
1994-12-04,0.0
1994-12-05,0.0
1994-12-06,0.0
1994-12-07,0.0
1994-12-08,0.0
1994-12-09,0.0
1994-12-10,0.0
1994-12-11,0.0
1994-12-12,0.0
1994-12-13,0.0
1994-12-14,0.0
1994-12-15,0.0
1994-12-16,0.0
1994-12-17,0.0
1994-12-18,0.0
1994-12-19,0.0
1994-12-20,0.0
1994-12-21,0.0
1994-12-22,0.0
1994-12-23,0.0
1994-12-24,0.0
1994-12-25,0.0
1994-12-26,0.0
1994-12-27,0.0
1994-12-28,0.0
1994-12-29,0.0
1994-12-30,0.0
1994-12-31,0.0
1995-01-01,0.0
1995-01-02,0.0
1995-01-03,0.0
1995-01-04,0.0
1995-01-05,0.0
1995-01-06,0.0
1995-01-07,0.0
1995-01-08,0.0
1995-01-09,0.0
1995-01-10,0.0
1995-01-11,0.0
1995-01-12,0.0
1995-01-13,0.0
1995-01-14,0.0
1995-01-15,0.0
1995-01-16,0.0
1995-01-17,0.0
1995-01-18,0.0
1995-01-19,0.0
1995-01-20,0.0
1995-01-21,0.0
1995-01-22,0.0
1995-01-23,0.0
1995-01-24,0.0
1995-01-25,0.0
1995-01-26,0.0
1995-01-27,0.0
1995-01-28,0.0
1995-01-29,0.0
1995-01-30,0.0
1995-01-31,0.0
1995-02-01,0.0
1995-02-02,0.0
1995-02-03,0.0
1995-02-04,0.0
1995-02-05,0.0
1995-02-06,0.0
1995-02-07,0.0
1995-02-08,0.0
1995-02-09,0.0
1995-02-10,0.0
1995-02-11,0.0
1995-02-12,0.0
1995-02-13,0.0
1995-02-14,0.0
1995-02-15,0.0
1995-02-16,0.0
1995-02-17,0.0
1995-02-18,0.0
1995-02-19,0.0
1995-02-20,0.0
1995-02-21,0.0
1995-02-22,0.0
1995-02-23,0.0
1995-02-24,0.0
1995-02-25,0.0
1995-02-26,0.0
1995-02-27,0.0
1995-02-28,0.0
1995-03-01,0.0
1995-03-02,0.0
1995-03-03,0.0
1995-03-04,0.0
1995-03-05,0.0
1995-03-06,0.0
1995-03-07,0.0
1995-03-08,0.0
1995-03-09,0.0
1995-03-10,0.0
1995-03-11,0.0
1995-03-12,0.0
1995-03-13,0.0
1995-03-14,0.0
1995-03-15,0.0
1995-03-16,0.0
1995-03-17,0.0
1995-03-18,0.0
1995-03-19,0.0
1995-03-20,0.0
1995-03-21,0.0
1995-03-22,0.0
1995-03-23,0.0
1995-03-24,0.0
1995-03-25,0.0
1995-03-26,0.0
1995-03-27,0.0
1995-03-28,0.0
1995-03-29,0.0
1995-03-30,0.0
1995-03-31,0.0
1995-04-01,0.0
1995-04-02,0.0
1995-04-03,0.0
1995-04-04,0.0
1995-04-05,0.0
1995-04-06,0.0
1995-04-07,0.0
1995-04-08,0.0
1995-04-09,0.0
1995-04-10,0.0
1995-04-11,0.0
1995-04-12,0.0
1995-04-13,0.0
1995-04-14,0.0
1995-04-15,0.0
1995-04-16,0.0
1995-04-17,0.0
1995-04-18,0.0
1995-04-19,0.0
1995-04-20,0.0
1995-04-21,0.0
1995-04-22,0.0
1995-04-23,0.0
1995-04-24,0.0
1995-04-25,0.0
1995-04-26,0.0
1995-04-27,0.0
1995-04-28,0.0
1995-04-29,0.0
1995-04-30,0.0
1995-05-01,0.77525
1995-05-02,0.77525
1995-05-03,0.77525
1995-05-04,0.77525
1995-05-05,0.7752500000000002
1995-05-06,0.7752499999999999
1995-05-07,0.7752500000000001
1995-05-08,0.77525
1995-05-09,0.77525
1995-05-10,0.77525
1995-05-11,10.019346733668353
1995-05-12,3.14710013820832
1995-05-13,4.725888028530252
1995-05-14,9.418960104094523
1995-05-15,5.933886058049748
1995-05-16,5.388996803964527
1995-05-17,8.12985998957033
1995-05-18,7.323521566703461
1995-05-19,6.168685299133739
1995-05-20,15.731457614827423
1995-05-21,14.936751154651366
1995-05-22,15.160739719733519
1995-05-23,11.878350320254228
1995-05-24,12.87257281659151
1995-05-25,10.093883847240905
1995-05-26,11.418935022418344
1995-05-27,15.823297525759601
1995-05-28,18.25005886615843
1995-05-29,23.951788092246247
1995-05-30,26.064991837028938
1995-05-31,78.84430729785751
1995-06-01,131.63573045331165
1995-06-02,249.8617698454647
1995-06-03,301.9324100766566
1995-06-04,375.54624738358217
1995-06-05,429.4407980578655
1995-06-06,489.3260074890651
1995-06-07,922.5927947861663
1995-06-08,1705.5215011384098
1995-06-09,1989.3287243210482
1995-06-10,2185.171478330624
1995-06-11,2175.836162507134
1995-06-12,1988.4861467979283
1995-06-13,1918.8712183200237
1995-06-14,1751.4375016985425
1995-06-15,1158.2528982795827
1995-06-16,980.05576052874
1995-06-17,882.0371558676859
1995-06-18,720.6208636828993
1995-06-19,690.5166523549481
1995-06-20,796.9149242246255
1995-06-21,896.4851384522893
1995-06-22,902.5017259105344
1995-06-23,803.6026346996326
1995-06-24,661.4611905760096
1995-06-25,632.6915369550546
1995-06-26,581.868086870852
1995-06-27,523.4583680218278
1995-06-28,482.8619316016087
1995-06-29,415.0166420697452
1995-06-30,398.20153379920436
1995-07-01,370.0256291795507
1995-07-02,330.5968190247591
1995-07-03,269.0513028134007
1995-07-04,240.11698168724033
1995-07-05,207.1206831791004
1995-07-06,176.86167685615843
1995-07-07,155.5556645213265
1995-07-08,149.8861707580678
1995-07-09,152.59906335761542
1995-07-10,153.8393537553944
1995-07-11,163.7864561130407
1995-07-12,150.4769271971178
1995-07-13,143.74612974881072
1995-07-14,153.2716987484712
1995-07-15,175.89985704418376
1995-07-16,204.23300564208387
1995-07-17,196.75946836884737
1995-07-18,175.36443862014653
1995-07-19,146.45904080903387
1995-07-20,141.41157821983077
1995-07-21,149.97848089771074
1995-07-22,191.74301191719772
1995-07-23,187.9243170148107
1995-07-24,164.76966372471173
1995-07-25,151.390450289781
1995-07-26,138.95550205388562
1995-07-27,125.91032458556401
1995-07-28,114.44537721464667
1995-07-29,110.62517606829927
1995-07-30,125.31036074616321
1995-07-31,174.31655928387752
1995-08-01,191.7869945580109
1995-08-02,175.99658875304624
1995-08-03,161.02003345038224
1995-08-04,144.63369946737686
1995-08-05,134.74506464977947
1995-08-06,133.92436297008794
1995-08-07,134.29977528898957
1995-08-08,128.17809630346213
1995-08-09,114.85640243773484
1995-08-10,104.00972743999631
1995-08-11,90.270877009886
1995-08-12,80.67669921175666
1995-08-13,75.05806031499345
1995-08-14,67.47403979267915
1995-08-15,66.82202402525051
1995-08-16,64.57337368622458
1995-08-17,60.85685236900429
1995-08-18,59.759010007839215
1995-08-19,59.99646350170822
1995-08-20,62.47644180025934
1995-08-21,73.51525255286498
1995-08-22,102.73965359870897
1995-08-23,137.57681047917143
1995-08-24,146.57269250911042
1995-08-25,145.53316724501263
1995-08-26,155.84196791921232
1995-08-27,153.1206669148484
1995-08-28,147.18733390228866
1995-08-29,133.8464864406666
1995-08-30,124.8908275809347
1995-08-31,111.77271609413208
1995-09-01,105.15430749055847
1995-09-02,105.476669431871
1995-09-03,110.26570148053702
1995-09-04,104.23200508456083
1995-09-05,105.12296830269918
1995-09-06,107.97638339988428
1995-09-07,102.0160021045901
1995-09-08,107.5055515950984
1995-09-09,101.04254632595058
1995-09-10,103.62357920722764
1995-09-11,95.96552782853865
1995-09-12,85.25469822522916
1995-09-13,78.6943372114954
1995-09-14,76.758485249835
1995-09-15,68.741926808974
1995-09-16,69.22157757229101
1995-09-17,67.1509158626971
1995-09-18,67.03025464197505
1995-09-19,89.81190314937446
1995-09-20,118.23448517572389
1995-09-21,125.05962371740475
1995-09-22,117.10683506773354
1995-09-23,101.3634760426581
1995-09-24,88.00433740616177
1995-09-25,84.05807809176478
1995-09-26,76.76093744513447
1995-09-27,72.35076355031069
1995-09-28,76.45276177846095
1995-09-29,87.41039421777808
1995-09-30,81.94250279842817
1995-10-01,112.21875
1995-10-02,102.1328125
1995-10-03,92.7578125
1995-10-04,84.1484375
1995-10-05,76.1796875
1995-10-06,68.7734375
1995-10-07,61.9921875
1995-10-08,55.7578125
1995-10-09,50.0078125
1995-10-10,44.703125
1995-10-11,39.8046875
1995-10-12,35.28125
1995-10-13,31.1328125
1995-10-14,27.328125
1995-10-15,23.859375
1995-10-16,20.7109375
1995-10-17,17.8984375
1995-10-18,15.390625
1995-10-19,13.1875
1995-10-20,11.25
1995-10-21,9.5625
1995-10-22,8.1015625
1995-10-23,6.8359375
1995-10-24,5.7578125
1995-10-25,4.8203125
1995-10-26,4.0078125
1995-10-27,3.3203125
1995-10-28,2.71875
1995-10-29,2.2109375
1995-10-30,1.7734375
1995-10-31,1.40625
1995-11-01,1.1171875
1995-11-02,0.8828125
1995-11-03,0.7109375
1995-11-04,0.5625
1995-11-05,0.453125
1995-11-06,0.3671875
1995-11-07,0.296875
1995-11-08,0.234375
1995-11-09,0.1953125
1995-11-10,0.1640625
1995-11-11,0.1328125
1995-11-12,0.109375
1995-11-13,0.09375
1995-11-14,0.078125
1995-11-15,0.06249999999999999
1995-11-16,0.05468749999999999
1995-11-17,0.046875
1995-11-18,0.0390625
1995-11-19,0.03125
1995-11-20,0.0234375
1995-11-21,0.0234375
1995-11-22,0.015625
1995-11-23,0.015625
1995-11-24,0.007812500000000002
1995-11-25,0.007812500000000002
1995-11-26,0.0
1995-11-27,0.0
1995-11-28,0.0
1995-11-29,0.0
1995-11-30,0.0
1995-12-01,0.0
1995-12-02,0.0
1995-12-03,0.0
1995-12-04,0.0
1995-12-05,0.0
1995-12-06,0.0
1995-12-07,0.0
1995-12-08,0.0
1995-12-09,0.0
1995-12-10,0.0
1995-12-11,0.0
1995-12-12,0.0
1995-12-13,0.0
1995-12-14,0.0
1995-12-15,0.0
1995-12-16,0.0
1995-12-17,0.0
1995-12-18,0.0
1995-12-19,0.0
1995-12-20,0.0
1995-12-21,0.0
1995-12-22,0.0
1995-12-23,0.0
1995-12-24,0.0
1995-12-25,0.0
1995-12-26,0.0
1995-12-27,0.0
1995-12-28,0.0
1995-12-29,0.0
1995-12-30,0.0
1995-12-31,0.0
1996-01-01,0.0
1996-01-02,0.0
1996-01-03,0.0
1996-01-04,0.0
1996-01-05,0.0
1996-01-06,0.0
1996-01-07,0.0
1996-01-08,0.0
1996-01-09,0.0
1996-01-10,0.0
1996-01-11,0.0
1996-01-12,0.0
1996-01-13,0.0
1996-01-14,0.0
1996-01-15,0.0
1996-01-16,0.0
1996-01-17,0.0
1996-01-18,0.0
1996-01-19,0.0
1996-01-20,0.0
1996-01-21,0.0
1996-01-22,0.0
1996-01-23,0.0
1996-01-24,0.0
1996-01-25,0.0
1996-01-26,0.0
1996-01-27,0.0
1996-01-28,0.0
1996-01-29,0.0
1996-01-30,0.0
1996-01-31,0.0
1996-02-01,0.0
1996-02-02,0.0
1996-02-03,0.0
1996-02-04,0.0
1996-02-05,0.0
1996-02-06,0.0
1996-02-07,0.0
1996-02-08,0.0
1996-02-09,0.0
1996-02-10,0.0
1996-02-11,0.0
1996-02-12,0.0
1996-02-13,0.0
1996-02-14,0.0
1996-02-15,0.0
1996-02-16,0.0
1996-02-17,0.0
1996-02-18,0.0
1996-02-19,0.0
1996-02-20,0.0
1996-02-21,0.0
1996-02-22,0.0
1996-02-23,0.0
1996-02-24,0.0
1996-02-25,0.0
1996-02-26,0.0
1996-02-27,0.0
1996-02-28,0.0
1996-02-29,0.0
1996-03-01,0.0
1996-03-02,0.0
1996-03-03,0.0
1996-03-04,0.0
1996-03-05,0.0
1996-03-06,0.0
1996-03-07,0.0
1996-03-08,0.0
1996-03-09,0.0
1996-03-10,0.0
1996-03-11,0.0
1996-03-12,0.0
1996-03-13,0.0
1996-03-14,0.0
1996-03-15,0.0
1996-03-16,0.0
1996-03-17,0.0
1996-03-18,0.0
1996-03-19,0.0
1996-03-20,0.0
1996-03-21,0.0
1996-03-22,0.0
1996-03-23,0.0
1996-03-24,0.0
1996-03-25,0.0
1996-03-26,0.0
1996-03-27,0.0
1996-03-28,0.0
1996-03-29,0.0
1996-03-30,0.0
1996-03-31,0.0
1996-04-01,0.0
1996-04-02,0.0
1996-04-03,0.0
1996-04-04,0.0
1996-04-05,0.0
1996-04-06,0.0
1996-04-07,0.0
1996-04-08,0.0
1996-04-09,0.0
1996-04-10,0.0
1996-04-11,0.0
1996-04-12,0.0
1996-04-13,0.0
1996-04-14,0.0
1996-04-15,0.0
1996-04-16,0.0
1996-04-17,0.0
1996-04-18,0.0
1996-04-19,0.0
1996-04-20,0.0
1996-04-21,0.0
1996-04-22,0.0
1996-04-23,0.0
1996-04-24,0.0
1996-04-25,0.0
1996-04-26,0.0
1996-04-27,0.0
1996-04-28,0.0
1996-04-29,0.0
1996-04-30,0.0
1996-05-01,0.77525
1996-05-02,0.7752500000000002
1996-05-03,0.7752499999999999
1996-05-04,0.7752500000000001
1996-05-05,0.77525
1996-05-06,0.77525
1996-05-07,0.77525
1996-05-08,0.7752500000000001
1996-05-09,0.77525
1996-05-10,0.77525
1996-05-11,1.1180628272251312
1996-05-12,2.3251903945111496
1996-05-13,2.560433594440191
1996-05-14,4.6625549855948245
1996-05-15,3.4454312996104384
1996-05-16,5.688210273321784
1996-05-17,3.5460870605118395
1996-05-18,4.36322770808873
1996-05-19,8.851774574796991
1996-05-20,11.45626129688206
1996-05-21,11.16772027650732
1996-05-22,12.153106219024254
1996-05-23,12.99548176925256
1996-05-24,13.7070774932196
1996-05-25,13.584188998589564
1996-05-26,21.93711688291411
1996-05-27,19.675842567438984
1996-05-28,24.87550518533195
1996-05-29,60.879549688735395
1996-05-30,102.36167564294524
1996-05-31,123.99187230882129
1996-06-01,143.21736131174146
1996-06-02,137.0931173392095
1996-06-03,278.16923887324594
1996-06-04,447.9884908604989
1996-06-05,624.1882946644068
1996-06-06,1310.0915085639967
1996-06-07,2296.0993496635815
1996-06-08,2386.915318183056
1996-06-09,2402.9579019624666
1996-06-10,2316.1695144045675
1996-06-11,2478.5959335940192
1996-06-12,2432.9888894054184
1996-06-13,2477.6049260386962
1996-06-14,2428.3116960340935
1996-06-15,2264.2240547512374
1996-06-16,2172.56510304775
1996-06-17,2260.4291806307465
1996-06-18,2399.279967161586
1996-06-19,2379.1277015768874
1996-06-20,2303.207541664089
1996-06-21,2342.67564883092
1996-06-22,2301.72328856034
1996-06-23,2186.8814035034798
1996-06-24,2052.679663011307
1996-06-25,1579.255485061146
1996-06-26,1090.5892974027963
1996-06-27,869.7766140770418
1996-06-28,800.0641274002195
1996-06-29,704.5834664473792
1996-06-30,627.0772143450843
1996-07-01,581.695128909147
1996-07-02,493.8688612982495
1996-07-03,473.6739706879632
1996-07-04,443.0534496390874
1996-07-05,413.631142393028
1996-07-06,363.2217372376433
1996-07-07,298.8988857821366
1996-07-08,273.35979131158854
1996-07-09,254.68636307829507
1996-07-10,249.41137883758574
1996-07-11,241.06942177541916
1996-07-12,228.98710142162764
1996-07-13,227.00883589084995
1996-07-14,254.2726867874752
1996-07-15,275.7536841635604
1996-07-16,313.1641105722137
1996-07-17,337.4763865758685
1996-07-18,295.7126372397531
1996-07-19,275.95959943993944
1996-07-20,275.5635072181395
1996-07-21,372.96512909684134
1996-07-22,384.1568742302641
1996-07-23,535.722078596275
1996-07-24,708.0512542877462
1996-07-25,883.7321442786222
1996-07-26,867.7747721444299
1996-07-27,693.9044394570054
1996-07-28,659.0019879057572
1996-07-29,638.0297110804127
1996-07-30,631.1800886551065
1996-07-31,642.9038629846287
1996-08-01,670.9916982485195
1996-08-02,694.1196110219074
1996-08-03,679.9313406078309
1996-08-04,685.9404154897283
1996-08-05,959.9455071186096
1996-08-06,688.7952024505686
1996-08-07,668.856477772034
1996-08-08,688.8869992507654
1996-08-09,700.7042749619495
1996-08-10,668.228801704989
1996-08-11,621.7200129068849
1996-08-12,492.8542837711283
1996-08-13,477.94608403610977
1996-08-14,467.7713860700168
1996-08-15,343.2510414583585
1996-08-16,250.6172070660868
1996-08-17,222.35661796247473
1996-08-18,203.74048926962965
1996-08-19,186.30874111191417
1996-08-20,170.2591759679011
1996-08-21,156.66975746241116
1996-08-22,138.32274652969303
1996-08-23,129.4374858504265
1996-08-24,131.3430236907476
1996-08-25,145.66332776743195
1996-08-26,149.0905258289788
1996-08-27,156.02785749767546
1996-08-28,197.30753764606163
1996-08-29,305.1725463074424
1996-08-30,395.55696807969315
1996-08-31,376.56517673828296
1996-09-01,341.90958569432854
1996-09-02,348.7204797461616
1996-09-03,337.1633367312196
1996-09-04,272.2235880434832
1996-09-05,254.38456675910734
1996-09-06,286.58606701023535
1996-09-07,282.3023381350746
1996-09-08,242.7889987764888
1996-09-09,210.20977497099358
1996-09-10,193.07696479491673
1996-09-11,188.84000811207895
1996-09-12,168.10592625977472
1996-09-13,144.24942741311125
1996-09-14,131.29082374631696
1996-09-15,119.36129270181897
1996-09-16,108.49160606824115
1996-09-17,97.74931599150054
1996-09-18,91.02401600424744
1996-09-19,87.35245838228134
1996-09-20,84.99237986931601
1996-09-21,75.40463827594037
1996-09-22,71.40654759387763
1996-09-23,65.93916092477447
1996-09-24,60.549867200993106
1996-09-25,55.83738257759086
1996-09-26,51.92945149729316
1996-09-27,47.346251545628924
1996-09-28,44.57268678608632
1996-09-29,44.244087628765016
1996-09-30,47.50466827877708
1996-10-01,79.515625
1996-10-02,78.828125
1996-10-03,74.125
1996-10-04,68.859375
1996-10-05,62.78125
1996-10-06,56.546875
1996-10-07,50.71875
1996-10-08,45.359375
1996-10-09,40.4375
1996-10-10,35.859375
1996-10-11,31.59375
1996-10-12,27.625
1996-10-13,24.0
1996-10-14,20.6875
1996-10-15,17.65625
1996-10-16,14.9375
1996-10-17,12.484375
1996-10-18,10.28125
1996-10-19,8.296875
1996-10-20,6.59375
1996-10-21,5.1875
1996-10-22,4.03125
1996-10-23,3.125
1996-10-24,2.4375
1996-10-25,1.90625
1996-10-26,1.515625
1996-10-27,1.203125
1996-10-28,0.96875
1996-10-29,0.78125
1996-10-30,0.640625
1996-10-31,0.515625
1996-11-01,0.421875
1996-11-02,0.359375
1996-11-03,0.296875
1996-11-04,0.25
1996-11-05,0.203125
1996-11-06,0.171875
1996-11-07,0.15625
1996-11-08,0.125
1996-11-09,0.109375
1996-11-10,0.09375
1996-11-11,0.078125
1996-11-12,0.078125
1996-11-13,0.06249999999999999
1996-11-14,0.046875
1996-11-15,0.046875
1996-11-16,0.03125
1996-11-17,0.03125
1996-11-18,0.03125
1996-11-19,0.015625
1996-11-20,0.015625
1996-11-21,0.015625
1996-11-22,0.015625
1996-11-23,0.0
1996-11-24,0.0
1996-11-25,0.0
1996-11-26,0.0
1996-11-27,0.0
1996-11-28,0.0
1996-11-29,0.0
1996-11-30,0.0
1996-12-01,0.0
1996-12-02,0.0
1996-12-03,0.0
1996-12-04,0.0
1996-12-05,0.0
1996-12-06,0.0
1996-12-07,0.0
1996-12-08,0.0
1996-12-09,0.0
1996-12-10,0.0
1996-12-11,0.0
1996-12-12,0.0
1996-12-13,0.0
1996-12-14,0.0
1996-12-15,0.0
1996-12-16,0.0
1996-12-17,0.0
1996-12-18,0.0
1996-12-19,0.0
1996-12-20,0.0
1996-12-21,0.0
1996-12-22,0.0
1996-12-23,0.0
1996-12-24,0.0
1996-12-25,0.0
1996-12-26,0.0
1996-12-27,0.0
1996-12-28,0.0
1996-12-29,0.0
1996-12-30,0.0
1996-12-31,0.0
1997-01-01,0.0
1997-01-02,0.0
1997-01-03,0.0
1997-01-04,0.0
1997-01-05,0.0
1997-01-06,0.0
1997-01-07,0.0
1997-01-08,0.0
1997-01-09,0.0
1997-01-10,0.0
1997-01-11,0.0
1997-01-12,0.0
1997-01-13,0.0
1997-01-14,0.0
1997-01-15,0.0
1997-01-16,0.0
1997-01-17,0.0
1997-01-18,0.0
1997-01-19,0.0
1997-01-20,0.0
1997-01-21,0.0
1997-01-22,0.0
1997-01-23,0.0
1997-01-24,0.0
1997-01-25,0.0
1997-01-26,0.0
1997-01-27,0.0
1997-01-28,0.0
1997-01-29,0.0
1997-01-30,0.0
1997-01-31,0.0
1997-02-01,0.0
1997-02-02,0.0
1997-02-03,0.0
1997-02-04,0.0
1997-02-05,0.0
1997-02-06,0.0
1997-02-07,0.0
1997-02-08,0.0
1997-02-09,0.0
1997-02-10,0.0
1997-02-11,0.0
1997-02-12,0.0
1997-02-13,0.0
1997-02-14,0.0
1997-02-15,0.0
1997-02-16,0.0
1997-02-17,0.0
1997-02-18,0.0
1997-02-19,0.0
1997-02-20,0.0
1997-02-21,0.0
1997-02-22,0.0
1997-02-23,0.0
1997-02-24,0.0
1997-02-25,0.0
1997-02-26,0.0
1997-02-27,0.0
1997-02-28,0.0
1997-03-01,0.0
1997-03-02,0.0
1997-03-03,0.0
1997-03-04,0.0
1997-03-05,0.0
1997-03-06,0.0
1997-03-07,0.0
1997-03-08,0.0
1997-03-09,0.0
1997-03-10,0.0
1997-03-11,0.0
1997-03-12,0.0
1997-03-13,0.0
1997-03-14,0.0
1997-03-15,0.0
1997-03-16,0.0
1997-03-17,0.0
1997-03-18,0.0
1997-03-19,0.0
1997-03-20,0.0
1997-03-21,0.0
1997-03-22,0.0
1997-03-23,0.0
1997-03-24,0.0
1997-03-25,0.0
1997-03-26,0.0
1997-03-27,0.0
1997-03-28,0.0
1997-03-29,0.0
1997-03-30,0.0
1997-03-31,0.0
1997-04-01,0.0
1997-04-02,0.0
1997-04-03,0.0
1997-04-04,0.0
1997-04-05,0.0
1997-04-06,0.0
1997-04-07,0.0
1997-04-08,0.0
1997-04-09,0.0
1997-04-10,0.0
1997-04-11,0.0
1997-04-12,0.0
1997-04-13,0.0
1997-04-14,0.0
1997-04-15,0.0
1997-04-16,0.0
1997-04-17,0.0
1997-04-18,0.0
1997-04-19,0.0
1997-04-20,0.0
1997-04-21,0.0
1997-04-22,0.0
1997-04-23,0.0
1997-04-24,0.0
1997-04-25,0.0
1997-04-26,0.0
1997-04-27,0.0
1997-04-28,0.0
1997-04-29,0.0
1997-04-30,0.0
1997-05-01,0.7752499999999999
1997-05-02,0.77525
1997-05-03,0.7752500000000001
1997-05-04,0.77525
1997-05-05,0.7752500000000002
1997-05-06,0.77525
1997-05-07,2.692713567839199
1997-05-08,10.833417085427147
1997-05-09,2.6313683010262268
1997-05-10,3.3916305587229205
1997-05-11,3.608848346636261
1997-05-12,2.157376288659795
1997-05-13,2.295778350515465
1997-05-14,1.8383930141977642
1997-05-15,2.3681078024877507
1997-05-16,2.2434690287724597
1997-05-17,1.3142913596785004
1997-05-18,1.7221662425784567
1997-05-19,1.8451004142828962
1997-05-20,1.4923803009575927
1997-05-21,2.731083953241233
1997-05-22,2.058217636022514
1997-05-23,2.21
1997-05-24,3.9014274540477114
1997-05-25,3.0746777306059445
1997-05-26,1.8389126350399245
1997-05-27,17.56219388830348
1997-05-28,3.4964171137348052
1997-05-29,11.832452659390595
1997-05-30,26.100185373652057
1997-05-31,154.8612723150824
1997-06-01,460.55042243640435
1997-06-02,507.1094663157616
1997-06-03,546.2664851950826
1997-06-04,486.555825808125
1997-06-05,449.0901154708596
1997-06-06,473.49129781642836
1997-06-07,461.8060017679138
1997-06-08,534.6613003430966
1997-06-09,853.4378379072404
1997-06-10,1161.1961936190928
1997-06-11,2329.7792351475596
1997-06-12,2430.0610085750054
1997-06-13,2716.4274475320804
1997-06-14,2800.1290958836803
1997-06-15,2718.1913722922504
1997-06-16,2581.586548274309
1997-06-17,2437.1241394502154
1997-06-18,2322.164093162706
1997-06-19,2400.852299737057
1997-06-20,2244.1226496607
1997-06-21,2066.2674733031313
1997-06-22,1883.4358663014182
1997-06-23,1789.9617627450314
1997-06-24,1273.8108253654111
1997-06-25,1204.067344003532
1997-06-26,837.0913227704006
1997-06-27,732.0357813594514
1997-06-28,658.4022949605519
1997-06-29,601.5107504082738
1997-06-30,540.322946778968
1997-07-01,482.7302690933988
1997-07-02,454.00152629821025
1997-07-03,426.9307479630692
1997-07-04,449.389397998947
1997-07-05,434.7545705381293
1997-07-06,418.8827566009228
1997-07-07,383.37063542778543
1997-07-08,324.9092057390103
1997-07-09,276.45116164283854
1997-07-10,249.30351586013825
1997-07-11,222.1408036158672
1997-07-12,195.07373372140958
1997-07-13,169.81121612429973
1997-07-14,152.57657923443472
1997-07-15,148.77467424901536
1997-07-16,150.9369881567839
1997-07-17,149.9127937036244
1997-07-18,155.48469552744416
1997-07-19,146.1247301893535
1997-07-20,131.87476703611756
1997-07-21,120.03575518925031
1997-07-22,119.41212247243688
1997-07-23,123.88861234538771
1997-07-24,147.49530413627556
1997-07-25,160.19196285891107
1997-07-26,163.43579461287487
1997-07-27,167.10377632049583
1997-07-28,191.8255012002388
1997-07-29,209.26706508119688
1997-07-30,196.52941861243323
1997-07-31,196.5036899801238
1997-08-01,219.86103850876782
1997-08-02,273.536181376799
1997-08-03,332.9438759088856
1997-08-04,326.3462796978834
1997-08-05,271.40923933470896
1997-08-06,310.11731101202105
1997-08-07,253.16655638734252
1997-08-08,207.19902836705688
1997-08-09,186.96202059618096
1997-08-10,173.0553098959802
1997-08-11,145.95218212880175
1997-08-12,136.11346481160209
1997-08-13,141.48423312327463
1997-08-14,139.67289987386494
1997-08-15,126.73574252733728
1997-08-16,107.67453701553791
1997-08-17,108.64632040540157
1997-08-18,120.84707167032224
1997-08-19,110.45438947578774
1997-08-20,103.39214317745933
1997-08-21,87.00201305413168
1997-08-22,81.62696176132238
1997-08-23,77.56412862257729
1997-08-24,78.74057416827725
1997-08-25,90.59889637539868
1997-08-26,103.71227164637116
1997-08-27,136.1100847995108
1997-08-28,200.1776591059124
1997-08-29,256.5978346992317
1997-08-30,297.5731000667993
1997-08-31,253.78037553036702
1997-09-01,217.26357455720043
1997-09-02,195.81071793486865
1997-09-03,195.94279521571045
1997-09-04,191.04024159388325
1997-09-05,186.96587907458652
1997-09-06,179.34387963723174
1997-09-07,174.1195557310188
1997-09-08,158.82485016905162
1997-09-09,138.34155395700859
1997-09-10,131.99116965886705
1997-09-11,123.29877264032726
1997-09-12,141.4998864570552
1997-09-13,178.29151537651717
1997-09-14,207.20879970441698
1997-09-15,203.47781087336315
1997-09-16,189.9077846429427
1997-09-17,168.68543012761145
1997-09-18,149.69481460404916
1997-09-19,131.28705869519953
1997-09-20,120.2034240719613
1997-09-21,109.13073621111879
1997-09-22,91.98106267906476
1997-09-23,87.14168419396539
1997-09-24,80.88578435686046
1997-09-25,72.22379787317065
1997-09-26,69.58133514828891
1997-09-27,64.23939380105963
1997-09-28,57.85006969332273
1997-09-29,52.34550940260048
1997-09-30,47.832591064011254
1997-10-01,58.546875
1997-10-02,54.5703125
1997-10-03,71.3125
1997-10-04,112.109375
1997-10-05,122.7734375
1997-10-06,114.6796875
1997-10-07,104.5234375
1997-10-08,94.953125
1997-10-09,86.078125
1997-10-10,77.921875
1997-10-11,70.4296875
1997-10-12,63.5390625
1997-10-13,57.203125
1997-10-14,51.3828125
1997-10-15,46.03125
1997-10-16,41.109375
1997-10-17,36.6015625
1997-10-18,32.4921875
1997-10-19,28.7265625
1997-10-20,25.2890625
1997-10-21,22.15625
1997-10-22,19.28125
1997-10-23,16.6640625
1997-10-24,14.2890625
1997-10-25,12.140625
1997-10-26,10.203125
1997-10-27,8.46875
1997-10-28,6.9375
1997-10-29,5.6015625
1997-10-30,4.46875
1997-10-31,3.546875
1997-11-01,2.796875
1997-11-02,2.203125
1997-11-03,1.734375
1997-11-04,1.359375
1997-11-05,1.0625
1997-11-06,0.8359375
1997-11-07,0.65625
1997-11-08,0.515625
1997-11-09,0.4140625
1997-11-10,0.34375
1997-11-11,0.28125
1997-11-12,0.234375
1997-11-13,0.203125
1997-11-14,0.1640625
1997-11-15,0.140625
1997-11-16,0.11718750000000001
1997-11-17,0.1015625
1997-11-18,0.0859375
1997-11-19,0.0703125
1997-11-20,0.05468749999999999
1997-11-21,0.046875
1997-11-22,0.0390625
1997-11-23,0.0390625
1997-11-24,0.03125
1997-11-25,0.03125
1997-11-26,0.0234375
1997-11-27,0.0234375
1997-11-28,0.015625
1997-11-29,0.015625
1997-11-30,0.015625
1997-12-01,0.015625
1997-12-02,0.007812500000000002
1997-12-03,0.007812500000000002
1997-12-04,0.007812500000000002
1997-12-05,0.0
1997-12-06,0.0
1997-12-07,0.0
1997-12-08,0.0
1997-12-09,0.0
1997-12-10,0.0
1997-12-11,0.0
1997-12-12,0.0
1997-12-13,0.0
1997-12-14,0.0
1997-12-15,0.0
1997-12-16,0.0
1997-12-17,0.0
1997-12-18,0.0
1997-12-19,0.0
1997-12-20,0.0
1997-12-21,0.0
1997-12-22,0.0
1997-12-23,0.0
1997-12-24,0.0
1997-12-25,0.0
1997-12-26,0.0
1997-12-27,0.0
1997-12-28,0.0
1997-12-29,0.0
1997-12-30,0.0
1997-12-31,0.0
1998-01-01,0.0
1998-01-02,0.0
1998-01-03,0.0
1998-01-04,0.0
1998-01-05,0.0
1998-01-06,0.0
1998-01-07,0.0
1998-01-08,0.0
1998-01-09,0.0
1998-01-10,0.0
1998-01-11,0.0
1998-01-12,0.0
1998-01-13,0.0
1998-01-14,0.0
1998-01-15,0.0
1998-01-16,0.0
1998-01-17,0.0
1998-01-18,0.0
1998-01-19,0.0
1998-01-20,0.0
1998-01-21,0.0
1998-01-22,0.0
1998-01-23,0.0
1998-01-24,0.0
1998-01-25,0.0
1998-01-26,0.0
1998-01-27,0.0
1998-01-28,0.0
1998-01-29,0.0
1998-01-30,0.0
1998-01-31,0.0
1998-02-01,0.0
1998-02-02,0.0
1998-02-03,0.0
1998-02-04,0.0
1998-02-05,0.0
1998-02-06,0.0
1998-02-07,0.0
1998-02-08,0.0
1998-02-09,0.0
1998-02-10,0.0
1998-02-11,0.0
1998-02-12,0.0
1998-02-13,0.0
1998-02-14,0.0
1998-02-15,0.0
1998-02-16,0.0
1998-02-17,0.0
1998-02-18,0.0
1998-02-19,0.0
1998-02-20,0.0
1998-02-21,0.0
1998-02-22,0.0
1998-02-23,0.0
1998-02-24,0.0
1998-02-25,0.0
1998-02-26,0.0
1998-02-27,0.0
1998-02-28,0.0
1998-03-01,0.0
1998-03-02,0.0
1998-03-03,0.0
1998-03-04,0.0
1998-03-05,0.0
1998-03-06,0.0
1998-03-07,0.0
1998-03-08,0.0
1998-03-09,0.0
1998-03-10,0.0
1998-03-11,0.0
1998-03-12,0.0
1998-03-13,0.0
1998-03-14,0.0
1998-03-15,0.0
1998-03-16,0.0
1998-03-17,0.0
1998-03-18,0.0
1998-03-19,0.0
1998-03-20,0.0
1998-03-21,0.0
1998-03-22,0.0
1998-03-23,0.0
1998-03-24,0.0
1998-03-25,0.0
1998-03-26,0.0
1998-03-27,0.0
1998-03-28,0.0
1998-03-29,0.0
1998-03-30,0.0
1998-03-31,0.0
1998-04-01,0.0
1998-04-02,0.0
1998-04-03,0.0
1998-04-04,0.0
1998-04-05,0.0
1998-04-06,0.0
1998-04-07,0.0
1998-04-08,0.0
1998-04-09,0.0
1998-04-10,0.0
1998-04-11,0.0
1998-04-12,0.0
1998-04-13,0.0
1998-04-14,0.0
1998-04-15,0.0
1998-04-16,0.0
1998-04-17,0.0
1998-04-18,0.0
1998-04-19,0.0
1998-04-20,0.0
1998-04-21,0.0
1998-04-22,0.0
1998-04-23,0.0
1998-04-24,0.0
1998-04-25,0.0
1998-04-26,0.0
1998-04-27,0.0
1998-04-28,0.0
1998-04-29,0.0
1998-04-30,0.0
1998-05-01,0.77525
1998-05-02,0.7752499999999999
1998-05-03,0.7752500000000001
1998-05-04,0.77525
1998-05-05,0.7752500000000002
1998-05-06,0.77525
1998-05-07,0.77525
1998-05-08,0.7752499999999999
1998-05-09,0.77525
1998-05-10,0.77525
1998-05-11,0.77525
1998-05-12,0.78
1998-05-13,0.7799999999999999
1998-05-14,0.7799999999999999
1998-05-15,0.7799999999999999
1998-05-16,0.7800000000000001
1998-05-17,0.78
1998-05-18,0.78
1998-05-19,0.7799999999999999
1998-05-20,3.2487500000000002
1998-05-21,2.3566086956521746
1998-05-22,4.735390835579516
1998-05-23,5.422508361204012
1998-05-24,2.7488888888888914
1998-05-25,9.415858741798534
1998-05-26,5.595723344293094
1998-05-27,4.855561280936926
1998-05-28,10.108974593801664
1998-05-29,13.758536539937046
1998-05-30,13.436241955736932
1998-05-31,16.600880615301715
1998-06-01,42.86655550552324
1998-06-02,74.68398361504275
1998-06-03,246.40373566999537
1998-06-04,459.51874885773634
1998-06-05,455.7294673353699
1998-06-06,553.2519852218397
1998-06-07,1097.1380617744874
1998-06-08,1997.830340324948
1998-06-09,2267.5898887921553
1998-06-10,2201.920192458447
1998-06-11,2014.1629447327205
1998-06-12,2242.1807362956542
1998-06-13,2244.488660088993
1998-06-14,1980.6621995929781
1998-06-15,1901.318954157139
1998-06-16,1760.9702880471764
1998-06-17,1363.8646019524247
1998-06-18,1000.5444647245249
1998-06-19,934.2867213305985
1998-06-20,823.944765633191
1998-06-21,684.6009754811496
1998-06-22,638.1987997319512
1998-06-23,526.0246757285912
1998-06-24,463.3009696951339
1998-06-25,424.1628558032194
1998-06-26,424.98858897966136
1998-06-27,454.6603607279104
1998-06-28,427.1941395661822
1998-06-29,396.6544240673727
1998-06-30,350.37217437410993
1998-07-01,296.29091432257644
1998-07-02,260.8849102417783
1998-07-03,238.8571169168187
1998-07-04,210.32865566783693
1998-07-05,237.766536747137
1998-07-06,336.5551798389455
1998-07-07,444.9106438440043
1998-07-08,478.4432004270577
1998-07-09,444.4440960403196
1998-07-10,389.5882501100336
1998-07-11,325.72343555486754
1998-07-12,281.44468996445323
1998-07-13,270.2230417757593
1998-07-14,266.70652256627835
1998-07-15,252.7767259890021
1998-07-16,225.03880572491988
1998-07-17,215.53973713990143
1998-07-18,212.26924189736482
1998-07-19,197.27968129112662
1998-07-20,192.33794445455226
1998-07-21,227.6526792768966
1998-07-22,378.24247674410833
1998-07-23,642.3104678676274
1998-07-24,630.5665931551652
1998-07-25,524.9187689156249
1998-07-26,399.7592972223029
1998-07-27,343.54754738452067
1998-07-28,280.52452844596706
1998-07-29,226.18417566630396
1998-07-30,197.20047910360222
1998-07-31,172.92153988149784
1998-08-01,174.20115345052562
1998-08-02,235.1961149002378
1998-08-03,331.7352885300668
1998-08-04,325.82906684203687
1998-08-05,232.46948817357472
1998-08-06,198.80026854618828
1998-08-07,178.72230340950836
1998-08-08,168.6336574052156
1998-08-09,160.54254199439393
1998-08-10,142.99546572862383
1998-08-11,135.22012565001148
1998-08-12,145.12387944124058
1998-08-13,170.2242639181631
1998-08-14,204.52830619947795
1998-08-15,300.49750881140614
1998-08-16,259.36694678724956
1998-08-17,231.25693931549324
1998-08-18,224.07350742634856
1998-08-19,252.10054136725475
1998-08-20,443.51180305844855
1998-08-21,440.68038288238444
1998-08-22,401.3511913740612
1998-08-23,321.60339690077694
1998-08-24,265.70726280293445
1998-08-25,251.25137254541013
1998-08-26,223.71219366713575
1998-08-27,214.2285654898298
1998-08-28,215.52964909212673
1998-08-29,209.59377191813445
1998-08-30,191.17951892531522
1998-08-31,175.4735412538692
1998-09-01,168.9262060464398
1998-09-02,173.815859506613
1998-09-03,192.67635013919218
1998-09-04,208.09176492795555
1998-09-05,198.3713921608014
1998-09-06,177.92223773837475
1998-09-07,162.81801604204682
1998-09-08,137.54857034885922
1998-09-09,130.7139562413827
1998-09-10,117.42978671313827
1998-09-11,113.22912915879654
1998-09-12,105.02409852793392
1998-09-13,106.87395103670144
1998-09-14,108.67860765926672
1998-09-15,132.49370227175578
1998-09-16,157.90294183635697
1998-09-17,167.69426607568772
1998-09-18,156.0964843013671
1998-09-19,142.04842877284128
1998-09-20,129.19067086414898
1998-09-21,117.9899418608284
1998-09-22,124.85498984235721
1998-09-23,181.70924070818228
1998-09-24,271.82576560953635
1998-09-25,301.75132454212024
1998-09-26,276.3644975792885
1998-09-27,253.99206760291761
1998-09-28,232.53873297063015
1998-09-29,218.7529409958963
1998-09-30,205.27472965671785
1998-10-01,234.625
1998-10-02,227.3671875
1998-10-03,225.8828125
1998-10-04,215.8359375
1998-10-05,200.1328125
1998-10-06,184.9296875
1998-10-07,172.1640625
1998-10-08,162.71875
1998-10-09,151.2734375
1998-10-10,138.4921875
1998-10-11,126.375
1998-10-12,115.0625
1998-10-13,104.7265625
1998-10-14,95.2578125
1998-10-15,86.453125
1998-10-16,78.34375
1998-10-17,70.9140625
1998-10-18,64.046875
1998-10-19,57.7109375
1998-10-20,51.9296875
1998-10-21,46.609375
1998-10-22,41.7109375
1998-10-23,37.203125
1998-10-24,33.0625
1998-10-25,29.25
1998-10-26,25.734375
1998-10-27,22.53125
1998-10-28,19.625
1998-10-29,17.0
1998-10-30,14.625
1998-10-31,12.46875
1998-11-01,10.546875
1998-11-02,8.84375
1998-11-03,7.3515625
1998-11-04,6.0390625
1998-11-05,4.890625
1998-11-06,3.90625
1998-11-07,3.0546875
1998-11-08,2.359375
1998-11-09,1.8203125
1998-11-10,1.4140625
1998-11-11,1.109375
1998-11-12,0.8828125
1998-11-13,0.703125
1998-11-14,0.5625
1998-11-15,0.453125
1998-11-16,0.359375
1998-11-17,0.296875
1998-11-18,0.234375
1998-11-19,0.203125
1998-11-20,0.171875
1998-11-21,0.140625
1998-11-22,0.125
1998-11-23,0.109375
1998-11-24,0.09375
1998-11-25,0.078125
1998-11-26,0.06249999999999999
1998-11-27,0.06249999999999999
1998-11-28,0.046875
1998-11-29,0.046875
1998-11-30,0.03125
1998-12-01,0.03125
1998-12-02,0.03125
1998-12-03,0.015625
1998-12-04,0.015625
1998-12-05,0.015625
1998-12-06,0.015625
1998-12-07,0.015625
1998-12-08,0.015625
1998-12-09,0.0
1998-12-10,0.0
1998-12-11,0.0
1998-12-12,0.0
1998-12-13,0.0
1998-12-14,0.0
1998-12-15,0.0
1998-12-16,0.0
1998-12-17,0.0
1998-12-18,0.0
1998-12-19,0.0
1998-12-20,0.0
1998-12-21,0.0
1998-12-22,0.0
1998-12-23,0.0
1998-12-24,0.0
1998-12-25,0.0
1998-12-26,0.0
1998-12-27,0.0
1998-12-28,0.0
1998-12-29,0.0
1998-12-30,0.0
1998-12-31,0.0
1999-01-01,0.0
1999-01-02,0.0
1999-01-03,0.0
1999-01-04,0.0
1999-01-05,0.0
1999-01-06,0.0
1999-01-07,0.0
1999-01-08,0.0
1999-01-09,0.0
1999-01-10,0.0
1999-01-11,0.0
1999-01-12,0.0
1999-01-13,0.0
1999-01-14,0.0
1999-01-15,0.0
1999-01-16,0.0
1999-01-17,0.0
1999-01-18,0.0
1999-01-19,0.0
1999-01-20,0.0
1999-01-21,0.0
1999-01-22,0.0
1999-01-23,0.0
1999-01-24,0.0
1999-01-25,0.0
1999-01-26,0.0
1999-01-27,0.0
1999-01-28,0.0
1999-01-29,0.0
1999-01-30,0.0
1999-01-31,0.0
1999-02-01,0.0
1999-02-02,0.0
1999-02-03,0.0
1999-02-04,0.0
1999-02-05,0.0
1999-02-06,0.0
1999-02-07,0.0
1999-02-08,0.0
1999-02-09,0.0
1999-02-10,0.0
1999-02-11,0.0
1999-02-12,0.0
1999-02-13,0.0
1999-02-14,0.0
1999-02-15,0.0
1999-02-16,0.0
1999-02-17,0.0
1999-02-18,0.0
1999-02-19,0.0
1999-02-20,0.0
1999-02-21,0.0
1999-02-22,0.0
1999-02-23,0.0
1999-02-24,0.0
1999-02-25,0.0
1999-02-26,0.0
1999-02-27,0.0
1999-02-28,0.0
1999-03-01,0.0
1999-03-02,0.0
1999-03-03,0.0
1999-03-04,0.0
1999-03-05,0.0
1999-03-06,0.0
1999-03-07,0.0
1999-03-08,0.0
1999-03-09,0.0
1999-03-10,0.0
1999-03-11,0.0
1999-03-12,0.0
1999-03-13,0.0
1999-03-14,0.0
1999-03-15,0.0
1999-03-16,0.0
1999-03-17,0.0
1999-03-18,0.0
1999-03-19,0.0
1999-03-20,0.0
1999-03-21,0.0
1999-03-22,0.0
1999-03-23,0.0
1999-03-24,0.0
1999-03-25,0.0
1999-03-26,0.0
1999-03-27,0.0
1999-03-28,0.0
1999-03-29,0.0
1999-03-30,0.0
1999-03-31,0.0
1999-04-01,0.0
1999-04-02,0.0
1999-04-03,0.0
1999-04-04,0.0
1999-04-05,0.0
1999-04-06,0.0
1999-04-07,0.0
1999-04-08,0.0
1999-04-09,0.0
1999-04-10,0.0
1999-04-11,0.0
1999-04-12,0.0
1999-04-13,0.0
1999-04-14,0.0
1999-04-15,0.0
1999-04-16,0.0
1999-04-17,0.0
1999-04-18,0.0
1999-04-19,0.0
1999-04-20,0.0
1999-04-21,0.0
1999-04-22,0.0
1999-04-23,0.0
1999-04-24,0.0
1999-04-25,0.0
1999-04-26,0.0
1999-04-27,0.0
1999-04-28,0.0
1999-04-29,0.0
1999-04-30,0.0
1999-05-01,0.77525
1999-05-02,0.77525
1999-05-03,0.7752500000000001
1999-05-04,0.77525
1999-05-05,0.77525
1999-05-06,0.77525
1999-05-07,0.7752500000000002
1999-05-08,0.77525
1999-05-09,0.77525
1999-05-10,0.77525
1999-05-11,0.77525
1999-05-12,0.7800000000000001
1999-05-13,0.7799999999999999
1999-05-14,0.7799999999999999
1999-05-15,0.78
1999-05-16,0.78
1999-05-17,8.39375
1999-05-18,2.0377884615384625
1999-05-19,1.6697601104754392
1999-05-20,2.229060895084372
1999-05-21,7.93224009060023
1999-05-22,4.319969059621066
1999-05-23,6.206023441902401
1999-05-24,5.422197622127763
1999-05-25,6.047242288532179
1999-05-26,6.977455464726174
1999-05-27,7.6160239265583245
1999-05-28,8.744393118522327
1999-05-29,9.55448806989816
1999-05-30,8.144535941814441
1999-05-31,9.031993537420336
1999-06-01,14.752656548456743
1999-06-02,18.82078526217241
1999-06-03,24.249387466993973
1999-06-04,24.306863082419277
1999-06-05,20.532075167001405
1999-06-06,22.7627031179675
1999-06-07,19.137487922876282
1999-06-08,28.439207762150605
1999-06-09,26.253570106432218
1999-06-10,24.485590726661343
1999-06-11,20.207961544810097
1999-06-12,35.22212021112852
1999-06-13,80.80109070023406
1999-06-14,240.86909495063836
1999-06-15,493.716387919282
1999-06-16,912.9084245342656
1999-06-17,1937.3979549851324
1999-06-18,2383.5984245624145
1999-06-19,2710.6545895717554
1999-06-20,2750.4553460061425
1999-06-21,2696.037934603297
1999-06-22,2664.0393115642364
1999-06-23,2605.770214054837
1999-06-24,2478.1707666274747
1999-06-25,2351.2576732887137
1999-06-26,2166.6741981225405
1999-06-27,1900.6737722351118
1999-06-28,1247.0337775709131
1999-06-29,976.1101572258989
1999-06-30,900.9721795377001
1999-07-01,708.6200982912608
1999-07-02,662.8686067395893
1999-07-03,638.399492505492
1999-07-04,537.1902648792332
1999-07-05,514.1109179305702
1999-07-06,456.30647155570745
1999-07-07,386.6574454200294
1999-07-08,339.6827965414005
1999-07-09,283.77466149799716
1999-07-10,275.76324978843076
1999-07-11,292.79654008915253
1999-07-12,272.7190339321829
1999-07-13,247.56555909539665
1999-07-14,227.08519139781959
1999-07-15,195.9131829890473
1999-07-16,185.43848446327362
1999-07-17,179.53391156965367
1999-07-18,180.0355244052343
1999-07-19,177.47776251176808
1999-07-20,193.5710745533524
1999-07-21,207.7911356228983
1999-07-22,202.46211282391687
1999-07-23,192.0278441240698
1999-07-24,182.1749307182302
1999-07-25,189.93691786062527
1999-07-26,214.09947508725378
1999-07-27,249.98231258910724
1999-07-28,222.93641889736585
1999-07-29,197.7700294426822
1999-07-30,183.96683707484334
1999-07-31,169.8890988660133
1999-08-01,150.2156712742706
1999-08-02,147.81573596322642
1999-08-03,167.49692726032276
1999-08-04,175.82204112846307
1999-08-05,173.71602832811712
1999-08-06,169.5419623441243
1999-08-07,169.4099888041845
1999-08-08,179.81419344832622
1999-08-09,203.9128638765707
1999-08-10,202.54154225150256
1999-08-11,187.40281818787602
1999-08-12,178.45020191064586
1999-08-13,172.80992102150458
1999-08-14,176.2587218873868
1999-08-15,174.49722440994827
1999-08-16,165.03129901739894
1999-08-17,162.26252498093714
1999-08-18,181.2495309935824
1999-08-19,246.75090641922125
1999-08-20,575.3712433902641
1999-08-21,617.3827127439978
1999-08-22,608.6489096869166
1999-08-23,554.5857755571685
1999-08-24,412.0589706883858
1999-08-25,389.5677163128953
1999-08-26,322.08373705539947
1999-08-27,305.2080763817679
1999-08-28,249.08614427191284
1999-08-29,213.6884689301333
1999-08-30,193.22793892571102
1999-08-31,174.82434631866363
1999-09-01,149.9588276663862
1999-09-02,130.17674581618346
1999-09-03,116.75627729063174
1999-09-04,105.39466959574511
1999-09-05,102.22639154084591
1999-09-06,95.75955736857789
1999-09-07,88.92483732990355
1999-09-08,81.18476817503081
1999-09-09,77.27437518456378
1999-09-10,74.87870624749034
1999-09-11,78.74970755110259
1999-09-12,87.74968981187436
1999-09-13,111.9091836012758
1999-09-14,133.7869085240109
1999-09-15,139.60761528655945
1999-09-16,153.97828697041797
1999-09-17,164.04655186134062
1999-09-18,176.13816124439018
1999-09-19,203.44269342525905
1999-09-20,194.77403702962135
1999-09-21,152.60918103624627
1999-09-22,134.09987082793455
1999-09-23,121.42512534746764
1999-09-24,95.8206931962346
1999-09-25,89.40986924103676
1999-09-26,79.77274926990485
1999-09-27,73.32314011717379
1999-09-28,68.45649208184479
1999-09-29,64.0097956579168
1999-09-30,57.96495888522789
1999-10-01,80.6640625
1999-10-02,72.8984375
1999-10-03,65.6953125
1999-10-04,59.1484375
1999-10-05,53.2265625
1999-10-06,47.609375
1999-10-07,42.40625
1999-10-08,37.59375
1999-10-09,33.2265625
1999-10-10,29.1953125
1999-10-11,25.46875
1999-10-12,22.078125
1999-10-13,18.96875
1999-10-14,16.1015625
1999-10-15,13.5
1999-10-16,11.15625
1999-10-17,9.0859375
1999-10-18,7.2890625
1999-10-19,5.7890625
1999-10-20,4.5703125
1999-10-21,3.59375
1999-10-22,2.796875
1999-10-23,2.1796875
1999-10-24,1.7109375
1999-10-25,1.359375
1999-10-26,1.078125
1999-10-27,0.875
1999-10-28,0.71875
1999-10-29,0.59375
1999-10-30,0.5
1999-10-31,0.421875
1999-11-01,0.3671875
1999-11-02,0.3125
1999-11-03,0.265625
1999-11-04,0.2265625
1999-11-05,0.203125
1999-11-06,0.171875
1999-11-07,0.1484375
1999-11-08,0.1328125
1999-11-09,0.11718750000000001
1999-11-10,0.1015625
1999-11-11,0.0859375
1999-11-12,0.078125
1999-11-13,0.0703125
1999-11-14,0.06249999999999999
1999-11-15,0.05468749999999999
1999-11-16,0.046875
1999-11-17,0.0390625
1999-11-18,0.03125
1999-11-19,0.03125
1999-11-20,0.0234375
1999-11-21,0.0234375
1999-11-22,0.0234375
1999-11-23,0.0234375
1999-11-24,0.015625
1999-11-25,0.015625
1999-11-26,0.007812500000000002
1999-11-27,0.007812500000000002
1999-11-28,0.007812500000000002
1999-11-29,0.007812500000000002
1999-11-30,0.007812500000000002
1999-12-01,0.007812500000000002
1999-12-02,0.0
1999-12-03,0.0
1999-12-04,0.0
1999-12-05,0.0
1999-12-06,0.0
1999-12-07,0.0
1999-12-08,0.0
1999-12-09,0.0
1999-12-10,0.0
1999-12-11,0.0
1999-12-12,0.0
1999-12-13,0.0
1999-12-14,0.0
1999-12-15,0.0
1999-12-16,0.0
1999-12-17,0.0
1999-12-18,0.0
1999-12-19,0.0
1999-12-20,0.0
1999-12-21,0.0
1999-12-22,0.0
1999-12-23,0.0
1999-12-24,0.0
1999-12-25,0.0
1999-12-26,0.0
1999-12-27,0.0
1999-12-28,0.0
1999-12-29,0.0
1999-12-30,0.0
1999-12-31,0.0
2000-01-01,0.0
2000-01-02,0.0
2000-01-03,0.0
2000-01-04,0.0
2000-01-05,0.0
2000-01-06,0.0
2000-01-07,0.0
2000-01-08,0.0
2000-01-09,0.0
2000-01-10,0.0
2000-01-11,0.0
2000-01-12,0.0
2000-01-13,0.0
2000-01-14,0.0
2000-01-15,0.0
2000-01-16,0.0
2000-01-17,0.0
2000-01-18,0.0
2000-01-19,0.0
2000-01-20,0.0
2000-01-21,0.0
2000-01-22,0.0
2000-01-23,0.0
2000-01-24,0.0
2000-01-25,0.0
2000-01-26,0.0
2000-01-27,0.0
2000-01-28,0.0
2000-01-29,0.0
2000-01-30,0.0
2000-01-31,0.0
2000-02-01,0.0
2000-02-02,0.0
2000-02-03,0.0
2000-02-04,0.0
2000-02-05,0.0
2000-02-06,0.0
2000-02-07,0.0
2000-02-08,0.0
2000-02-09,0.0
2000-02-10,0.0
2000-02-11,0.0
2000-02-12,0.0
2000-02-13,0.0
2000-02-14,0.0
2000-02-15,0.0
2000-02-16,0.0
2000-02-17,0.0
2000-02-18,0.0
2000-02-19,0.0
2000-02-20,0.0
2000-02-21,0.0
2000-02-22,0.0
2000-02-23,0.0
2000-02-24,0.0
2000-02-25,0.0
2000-02-26,0.0
2000-02-27,0.0
2000-02-28,0.0
2000-02-29,0.0
2000-03-01,0.0
2000-03-02,0.0
2000-03-03,0.0
2000-03-04,0.0
2000-03-05,0.0
2000-03-06,0.0
2000-03-07,0.0
2000-03-08,0.0
2000-03-09,0.0
2000-03-10,0.0
2000-03-11,0.0
2000-03-12,0.0
2000-03-13,0.0
2000-03-14,0.0
2000-03-15,0.0
2000-03-16,0.0
2000-03-17,0.0
2000-03-18,0.0
2000-03-19,0.0
2000-03-20,0.0
2000-03-21,0.0
2000-03-22,0.0
2000-03-23,0.0
2000-03-24,0.0
2000-03-25,0.0
2000-03-26,0.0
2000-03-27,0.0
2000-03-28,0.0
2000-03-29,0.0
2000-03-30,0.0
2000-03-31,0.0
2000-04-01,0.0
2000-04-02,0.0
2000-04-03,0.0
2000-04-04,0.0
2000-04-05,0.0
2000-04-06,0.0
2000-04-07,0.0
2000-04-08,0.0
2000-04-09,0.0
2000-04-10,0.0
2000-04-11,0.0
2000-04-12,0.0
2000-04-13,0.0
2000-04-14,0.0
2000-04-15,0.0
2000-04-16,0.0
2000-04-17,0.0
2000-04-18,0.0
2000-04-19,0.0
2000-04-20,0.0
2000-04-21,0.0
2000-04-22,0.0
2000-04-23,0.0
2000-04-24,0.0
2000-04-25,0.0
2000-04-26,0.0
2000-04-27,0.0
2000-04-28,0.0
2000-04-29,0.0
2000-04-30,0.0
2000-05-01,0.77525
2000-05-02,0.77525
2000-05-03,0.7752499999999999
2000-05-04,0.7752500000000001
2000-05-05,0.7752499999999999
2000-05-06,1.878643216080404
2000-05-07,5.134924623115584
2000-05-08,5.134924623115586
2000-05-09,11.647487437185937
2000-05-10,5.455199543899661
2000-05-11,2.529147888568232
2000-05-12,6.666091746256626
2000-05-13,11.316754391487754
2000-05-14,12.25121706134494
2000-05-15,5.436402565829939
2000-05-16,7.327274607344474
2000-05-17,3.604794198864995
2000-05-18,3.7910130383735976
2000-05-19,14.529732767207639
2000-05-20,11.476294750408963
2000-05-21,10.180732353342734
2000-05-22,7.909253312003198
2000-05-23,8.539850442768111
2000-05-24,11.268628557226299
2000-05-25,22.75174543683389
2000-05-26,136.1986978430314
2000-05-27,317.23445431117347
2000-05-28,435.1790440613825
2000-05-29,547.4236927025974
2000-05-30,428.53167976152224
2000-05-31,322.31345972706464
2000-06-01,271.50391359006517
2000-06-02,231.2231295333221
2000-06-03,197.65432734052357
2000-06-04,230.96722310117454
2000-06-05,293.3005778838542
2000-06-06,387.948423470999
2000-06-07,498.08813912062675
2000-06-08,548.6335794170146
2000-06-09,542.8092532609637
2000-06-10,536.7817073844975
2000-06-11,576.5537293048407
2000-06-12,780.1280017954698
2000-06-13,927.5634409798334
2000-06-14,988.1703011865619
2000-06-15,981.978446369698
2000-06-16,919.346043247783
2000-06-17,865.9166951138554
2000-06-18,704.0177015161117
2000-06-19,623.3495774726139
2000-06-20,536.5584773544398
2000-06-21,508.67868014036264
2000-06-22,440.5846125408743
2000-06-23,401.1773517415256
2000-06-24,382.4125477581963
2000-06-25,383.6582371837714
2000-06-26,358.6059191421669
2000-06-27,384.93208692478737
2000-06-28,400.9566586512164
2000-06-29,385.62473513324994
2000-06-30,337.8809057513667
2000-07-01,293.1640540659915
2000-07-02,246.6425748214651
2000-07-03,209.10302317682198
2000-07-04,199.75530237450667
2000-07-05,175.8221259428232
2000-07-06,166.14797305597233
2000-07-07,149.806444102252
2000-07-08,138.9889390349567
2000-07-09,135.51942890741756
2000-07-10,131.90135399545406
2000-07-11,124.54364697831717
2000-07-12,82.21707729819983
2000-07-13,75.04165706680716
2000-07-14,69.2122140896615
2000-07-15,64.5485829313695
2000-07-16,59.48402833751758
2000-07-17,55.38514942480488
2000-07-18,51.577759628561026
2000-07-19,51.57393556035511
2000-07-20,57.27771653333418
2000-07-21,58.56412420594456
2000-07-22,59.31535216143472
2000-07-23,60.62195274591621
2000-07-24,59.200546252338
2000-07-25,56.13358839504042
2000-07-26,52.58471207708949
2000-07-27,48.087595559733124
2000-07-28,44.34902871123904
2000-07-29,44.309619014836045
2000-07-30,45.91093551993073
2000-07-31,44.68855150293558
2000-08-01,43.34248620572162
2000-08-02,47.81688253696441
2000-08-03,51.597788584774385
2000-08-04,49.93832571934192
2000-08-05,48.980279518000586
2000-08-06,50.29903984905271
2000-08-07,48.92210373994585
2000-08-08,48.66487591071526
2000-08-09,51.12604784964338
2000-08-10,49.95614940526111
2000-08-11,46.620139627065434
2000-08-12,43.675757086021164
2000-08-13,44.52257260203617
2000-08-14,58.82062750271819
2000-08-15,86.01073131955485
2000-08-16,146.46094104393455
2000-08-17,189.41441814553332
2000-08-18,203.7066766996366
2000-08-19,198.4102084465446
2000-08-20,184.30322694533947
2000-08-21,168.93171896625094
2000-08-22,157.32013234865377
2000-08-23,148.01611581868713
2000-08-24,132.1476126631448
2000-08-25,125.0500816484476
2000-08-26,116.96850445945502
2000-08-27,114.66920398844525
2000-08-28,110.92370031685375
2000-08-29,112.74398033856875
2000-08-30,107.9605532334017
2000-08-31,103.38958197088964
2000-09-01,105.08528110173937
2000-09-02,102.82348240095622
2000-09-03,99.14240660994547
2000-09-04,95.66099248195448
2000-09-05,91.63946035553847
2000-09-06,87.38298627786777
2000-09-07,81.83205214413056
2000-09-08,75.54732300085148
2000-09-09,73.3121993277503
2000-09-10,80.35664107394861
2000-09-11,101.64928189118146
2000-09-12,126.6084645631755
2000-09-13,138.36909286486812
2000-09-14,132.93213463149513
2000-09-15,117.92774769519211
2000-09-16,106.3115883090696
2000-09-17,100.88993820894787
2000-09-18,91.11961996523318
2000-09-19,83.05742018116548
2000-09-20,76.00464269113617
2000-09-21,70.51123537157561
2000-09-22,66.14971913324973
2000-09-23,61.78718509935539
2000-09-24,59.18298891078216
2000-09-25,54.37810661949697
2000-09-26,50.904014888435086
2000-09-27,47.61513359139523
2000-09-28,44.93563469335744
2000-09-29,40.03106234045252
2000-09-30,38.864250914316635
2000-10-01,49.375
2000-10-02,45.6875
2000-10-03,40.984375
2000-10-04,36.375
2000-10-05,32.140625
2000-10-06,28.25
2000-10-07,24.6875
2000-10-08,21.453125
2000-10-09,18.53125
2000-10-10,15.875
2000-10-11,13.484375
2000-10-12,11.375
2000-10-13,9.53125
2000-10-14,7.921875
2000-10-15,6.578125
2000-10-16,5.4375
2000-10-17,4.5
2000-10-18,3.6875
2000-10-19,3.015625
2000-10-20,2.453125
2000-10-21,1.984375
2000-10-22,1.609375
2000-10-23,1.296875
2000-10-24,1.046875
2000-10-25,0.84375
2000-10-26,0.6875
2000-10-27,0.5625
2000-10-28,0.453125
2000-10-29,0.375
2000-10-30,0.3125
2000-10-31,0.25
2000-11-01,0.21875
2000-11-02,0.1875
2000-11-03,0.15625
2000-11-04,0.140625
2000-11-05,0.125
2000-11-06,0.09375
2000-11-07,0.078125
2000-11-08,0.078125
2000-11-09,0.06249999999999999
2000-11-10,0.046875
2000-11-11,0.03125
2000-11-12,0.03125
2000-11-13,0.03125
2000-11-14,0.015625
2000-11-15,0.015625
2000-11-16,0.0
2000-11-17,0.0
2000-11-18,0.0
2000-11-19,0.0
2000-11-20,0.0
2000-11-21,0.0
2000-11-22,0.0
2000-11-23,0.0
2000-11-24,0.0
2000-11-25,0.0
2000-11-26,0.0
2000-11-27,0.0
2000-11-28,0.0
2000-11-29,0.0
2000-11-30,0.0
2000-12-01,0.0
2000-12-02,0.0
2000-12-03,0.0
2000-12-04,0.0
2000-12-05,0.0
2000-12-06,0.0
2000-12-07,0.0
2000-12-08,0.0
2000-12-09,0.0
2000-12-10,0.0
2000-12-11,0.0
2000-12-12,0.0
2000-12-13,0.0
2000-12-14,0.0
2000-12-15,0.0
2000-12-16,0.0
2000-12-17,0.0
2000-12-18,0.0
2000-12-19,0.0
2000-12-20,0.0
2000-12-21,0.0
2000-12-22,0.0
2000-12-23,0.0
2000-12-24,0.0
2000-12-25,0.0
2000-12-26,0.0
2000-12-27,0.0
2000-12-28,0.0
2000-12-29,0.0
2000-12-30,0.0
2000-12-31,0.0
2001-01-01,0.0
2001-01-02,0.0
2001-01-03,0.0
2001-01-04,0.0
2001-01-05,0.0
2001-01-06,0.0
2001-01-07,0.0
2001-01-08,0.0
2001-01-09,0.0
2001-01-10,0.0
2001-01-11,0.0
2001-01-12,0.0
2001-01-13,0.0
2001-01-14,0.0
2001-01-15,0.0
2001-01-16,0.0
2001-01-17,0.0
2001-01-18,0.0
2001-01-19,0.0
2001-01-20,0.0
2001-01-21,0.0
2001-01-22,0.0
2001-01-23,0.0
2001-01-24,0.0
2001-01-25,0.0
2001-01-26,0.0
2001-01-27,0.0
2001-01-28,0.0
2001-01-29,0.0
2001-01-30,0.0
2001-01-31,0.0
2001-02-01,0.0
2001-02-02,0.0
2001-02-03,0.0
2001-02-04,0.0
2001-02-05,0.0
2001-02-06,0.0
2001-02-07,0.0
2001-02-08,0.0
2001-02-09,0.0
2001-02-10,0.0
2001-02-11,0.0
2001-02-12,0.0
2001-02-13,0.0
2001-02-14,0.0
2001-02-15,0.0
2001-02-16,0.0
2001-02-17,0.0
2001-02-18,0.0
2001-02-19,0.0
2001-02-20,0.0
2001-02-21,0.0
2001-02-22,0.0
2001-02-23,0.0
2001-02-24,0.0
2001-02-25,0.0
2001-02-26,0.0
2001-02-27,0.0
2001-02-28,0.0
2001-03-01,0.0
2001-03-02,0.0
2001-03-03,0.0
2001-03-04,0.0
2001-03-05,0.0
2001-03-06,0.0
2001-03-07,0.0
2001-03-08,0.0
2001-03-09,0.0
2001-03-10,0.0
2001-03-11,0.0
2001-03-12,0.0
2001-03-13,0.0
2001-03-14,0.0
2001-03-15,0.0
2001-03-16,0.0
2001-03-17,0.0
2001-03-18,0.0
2001-03-19,0.0
2001-03-20,0.0
2001-03-21,0.0
2001-03-22,0.0
2001-03-23,0.0
2001-03-24,0.0
2001-03-25,0.0
2001-03-26,0.0
2001-03-27,0.0
2001-03-28,0.0
2001-03-29,0.0
2001-03-30,0.0
2001-03-31,0.0
2001-04-01,0.0
2001-04-02,0.0
2001-04-03,0.0
2001-04-04,0.0
2001-04-05,0.0
2001-04-06,0.0
2001-04-07,0.0
2001-04-08,0.0
2001-04-09,0.0
2001-04-10,0.0
2001-04-11,0.0
2001-04-12,0.0
2001-04-13,0.0
2001-04-14,0.0
2001-04-15,0.0
2001-04-16,0.0
2001-04-17,0.0
2001-04-18,0.0
2001-04-19,0.0
2001-04-20,0.0
2001-04-21,0.0
2001-04-22,0.0
2001-04-23,0.0
2001-04-24,0.0
2001-04-25,0.0
2001-04-26,0.0
2001-04-27,0.0
2001-04-28,0.0
2001-04-29,0.0
2001-04-30,0.0
2001-05-01,0.77525
2001-05-02,0.77525
2001-05-03,0.7752500000000001
2001-05-04,3.506783919597994
2001-05-05,5.948994974874381
2001-05-06,10.019346733668351
2001-05-07,4.043283922462943
2001-05-08,3.505870068610635
2001-05-09,5.040346912521442
2001-05-10,7.917490994854204
2001-05-11,11.753683104631216
2001-05-12,4.026043234009002
2001-05-13,4.285710108742074
2001-05-14,4.285710108742076
2001-05-15,3.733609673416265
2001-05-16,3.6409039213363332
2001-05-17,4.136178689096477
2001-05-18,4.261633683115081
2001-05-19,2.7288181424952085
2001-05-20,9.72394707529035
2001-05-21,18.5973036293609
2001-05-22,31.65648864156488
2001-05-23,151.10560294094773
2001-05-24,288.50912103519016
2001-05-25,316.28050508191683
2001-05-26,276.88721638254117
2001-05-27,280.30392295401134
2001-05-28,339.69386646732823
2001-05-29,536.4069432341502
2001-05-30,818.4361186093163
2001-05-31,619.8928424056946
2001-06-01,624.4203554989948
2001-06-02,758.3026209893426
2001-06-03,886.4076008420026
2001-06-04,1014.5818858079191
2001-06-05,1107.100093669095
2001-06-06,1309.7146533886892
2001-06-07,1391.1359189644572
2001-06-08,1405.3815406818646
2001-06-09,1396.150668013177
2001-06-10,1189.8572684877936
2001-06-11,1026.1268244889616
2001-06-12,950.2969108676367
2001-06-13,810.1723848898049
2001-06-14,762.732356249863
2001-06-15,649.3579449991807
2001-06-16,581.9179181499985
2001-06-17,510.8410694439567
2001-06-18,458.31592612589725
2001-06-19,344.80575831872267
2001-06-20,278.630403421673
2001-06-21,251.7614541087706
2001-06-22,200.02314699032186
2001-06-23,240.47941365792227
2001-06-24,273.62415123853623
2001-06-25,261.5187272848671
2001-06-26,247.6734996230653
2001-06-27,201.3295728254284
2001-06-28,172.01864122347368
2001-06-29,158.7342759347107
2001-06-30,154.36647726596803
2001-07-01,151.5721396378781
2001-07-02,153.99030024465165
2001-07-03,146.4938445632938
2001-07-04,142.71887692351004
2001-07-05,144.77406898011
2001-07-06,139.66429486426577
2001-07-07,136.3836852855298
2001-07-08,129.6050844594684
2001-07-09,122.32276517122466
2001-07-10,125.49214200977579
2001-07-11,134.34092125315559
2001-07-12,134.9184021757438
2001-07-13,134.62493823079362
2001-07-14,127.36437300562085
2001-07-15,128.32510284242542
2001-07-16,152.71936098666905
2001-07-17,177.27991971358836
2001-07-18,154.3754790709556
2001-07-19,140.6885488084636
2001-07-20,130.1642304123472
2001-07-21,116.69466941348435
2001-07-22,114.04572057207838
2001-07-23,111.75527244431666
2001-07-24,114.65980214799934
2001-07-25,126.97923721296408
2001-07-26,126.60988055165866
2001-07-27,117.26560668392925
2001-07-28,114.48772844808454
2001-07-29,111.52035386863305
2001-07-30,107.21612810520006
2001-07-31,104.40707474340155
2001-08-01,103.00186417758304
2001-08-02,104.7540057034472
2001-08-03,99.36923811966203
2001-08-04,90.4842225935164
2001-08-05,78.4828287456698
2001-08-06,73.01387627903037
2001-08-07,69.4516296920655
2001-08-08,77.08091714998884
2001-08-09,110.53505334508773
2001-08-10,130.40826872538875
2001-08-11,134.11892062592938
2001-08-12,142.3120923968494
2001-08-13,140.59569270767608
2001-08-14,135.7378026096558
2001-08-15,125.7706715376309
2001-08-16,114.9691897554654
2001-08-17,101.53842958998487
2001-08-18,93.43145169011984
2001-08-19,89.89284455083705
2001-08-20,87.0104375261453
2001-08-21,81.20987684290394
2001-08-22,78.63718867240813
2001-08-23,99.42201226109326
2001-08-24,158.23988694560651
2001-08-25,201.88908438173945
2001-08-26,219.16495398311523
2001-08-27,205.3433364381004
2001-08-28,202.36440329806595
2001-08-29,216.2256738271387
2001-08-30,282.62506309248596
2001-08-31,304.655996884429
2001-09-01,292.86897869212316
2001-09-02,264.62868713161754
2001-09-03,215.87589740827895
2001-09-04,192.1201043153377
2001-09-05,175.15010779080856
2001-09-06,156.40650306299108
2001-09-07,154.61244334812056
2001-09-08,175.4193910274071
2001-09-09,183.38781181584665
2001-09-10,182.61097184065932
2001-09-11,180.05373139236156
2001-09-12,169.31348593896303
2001-09-13,149.9561253851578
2001-09-14,137.24703807452553
2001-09-15,129.61016636731605
2001-09-16,117.77027494825204
2001-09-17,125.08707248853617
2001-09-18,135.77914005377997
2001-09-19,130.12110336059988
2001-09-20,120.85973703737376
2001-09-21,103.94355202013327
2001-09-22,95.32464817704728
2001-09-23,85.00534555218958
2001-09-24,84.66857095608428
2001-09-25,75.52420910963328
2001-09-26,72.66535028165777
2001-09-27,67.07595367334909
2001-09-28,60.44057880543179
2001-09-29,54.77134882982506
2001-09-30,50.12275934084664
2001-10-01,61.515625
2001-10-02,55.3203125
2001-10-03,49.5546875
2001-10-04,44.2109375
2001-10-05,39.1875
2001-10-06,34.5390625
2001-10-07,30.40625
2001-10-08,26.6796875
2001-10-09,23.28125
2001-10-10,20.1328125
2001-10-11,17.3046875
2001-10-12,14.7890625
2001-10-13,12.5703125
2001-10-14,10.6484375
2001-10-15,8.984375
2001-10-16,7.53125
2001-10-17,6.296875
2001-10-18,5.234375
2001-10-19,4.328125
2001-10-20,3.5625
2001-10-21,2.921875
2001-10-22,2.3828125
2001-10-23,1.921875
2001-10-24,1.53125
2001-10-25,1.2109375
2001-10-26,0.953125
2001-10-27,0.7578125
2001-10-28,0.609375
2001-10-29,0.5
2001-10-30,0.4140625
2001-10-31,0.3515625
2001-11-01,0.3046875
2001-11-02,0.2578125
2001-11-03,0.2265625
2001-11-04,0.1953125
2001-11-05,0.1640625
2001-11-06,0.1484375
2001-11-07,0.125
2001-11-08,0.109375
2001-11-09,0.1015625
2001-11-10,0.0859375
2001-11-11,0.078125
2001-11-12,0.0703125
2001-11-13,0.06249999999999999
2001-11-14,0.05468749999999999
2001-11-15,0.046875
2001-11-16,0.046875
2001-11-17,0.0390625
2001-11-18,0.03125
2001-11-19,0.03125
2001-11-20,0.0234375
2001-11-21,0.0234375
2001-11-22,0.015625
2001-11-23,0.015625
2001-11-24,0.007812500000000002
2001-11-25,0.007812500000000002
2001-11-26,0.007812500000000002
2001-11-27,0.007812500000000002
2001-11-28,0.007812500000000002
2001-11-29,0.0
2001-11-30,0.0
2001-12-01,0.0
2001-12-02,0.0
2001-12-03,0.0
2001-12-04,0.0
2001-12-05,0.0
2001-12-06,0.0
2001-12-07,0.0
2001-12-08,0.0
2001-12-09,0.0
2001-12-10,0.0
2001-12-11,0.0
2001-12-12,0.0
2001-12-13,0.0
2001-12-14,0.0
2001-12-15,0.0
2001-12-16,0.0
2001-12-17,0.0
2001-12-18,0.0
2001-12-19,0.0
2001-12-20,0.0
2001-12-21,0.0
2001-12-22,0.0
2001-12-23,0.0
2001-12-24,0.0
2001-12-25,0.0
2001-12-26,0.0
2001-12-27,0.0
2001-12-28,0.0
2001-12-29,0.0
2001-12-30,0.0
2001-12-31,0.0
2002-01-01,0.0
2002-01-02,0.0
2002-01-03,0.0
2002-01-04,0.0
2002-01-05,0.0
2002-01-06,0.0
2002-01-07,0.0
2002-01-08,0.0
2002-01-09,0.0
2002-01-10,0.0
2002-01-11,0.0
2002-01-12,0.0
2002-01-13,0.0
2002-01-14,0.0
2002-01-15,0.0
2002-01-16,0.0
2002-01-17,0.0
2002-01-18,0.0
2002-01-19,0.0
2002-01-20,0.0
2002-01-21,0.0
2002-01-22,0.0
2002-01-23,0.0
2002-01-24,0.0
2002-01-25,0.0
2002-01-26,0.0
2002-01-27,0.0
2002-01-28,0.0
2002-01-29,0.0
2002-01-30,0.0
2002-01-31,0.0
2002-02-01,0.0
2002-02-02,0.0
2002-02-03,0.0
2002-02-04,0.0
2002-02-05,0.0
2002-02-06,0.0
2002-02-07,0.0
2002-02-08,0.0
2002-02-09,0.0
2002-02-10,0.0
2002-02-11,0.0
2002-02-12,0.0
2002-02-13,0.0
2002-02-14,0.0
2002-02-15,0.0
2002-02-16,0.0
2002-02-17,0.0
2002-02-18,0.0
2002-02-19,0.0
2002-02-20,0.0
2002-02-21,0.0
2002-02-22,0.0
2002-02-23,0.0
2002-02-24,0.0
2002-02-25,0.0
2002-02-26,0.0
2002-02-27,0.0
2002-02-28,0.0
2002-03-01,0.0
2002-03-02,0.0
2002-03-03,0.0
2002-03-04,0.0
2002-03-05,0.0
2002-03-06,0.0
2002-03-07,0.0
2002-03-08,0.0
2002-03-09,0.0
2002-03-10,0.0
2002-03-11,0.0
2002-03-12,0.0
2002-03-13,0.0
2002-03-14,0.0
2002-03-15,0.0
2002-03-16,0.0
2002-03-17,0.0
2002-03-18,0.0
2002-03-19,0.0
2002-03-20,0.0
2002-03-21,0.0
2002-03-22,0.0
2002-03-23,0.0
2002-03-24,0.0
2002-03-25,0.0
2002-03-26,0.0
2002-03-27,0.0
2002-03-28,0.0
2002-03-29,0.0
2002-03-30,0.0
2002-03-31,0.0
2002-04-01,0.0
2002-04-02,0.0
2002-04-03,0.0
2002-04-04,0.0
2002-04-05,0.0
2002-04-06,0.0
2002-04-07,0.0
2002-04-08,0.0
2002-04-09,0.0
2002-04-10,0.0
2002-04-11,0.0
2002-04-12,0.0
2002-04-13,0.0
2002-04-14,0.0
2002-04-15,0.0
2002-04-16,0.0
2002-04-17,0.0
2002-04-18,0.0
2002-04-19,0.0
2002-04-20,0.0
2002-04-21,0.0
2002-04-22,0.0
2002-04-23,0.0
2002-04-24,0.0
2002-04-25,0.0
2002-04-26,0.0
2002-04-27,0.0
2002-04-28,0.0
2002-04-29,0.0
2002-04-30,0.0
2002-05-01,0.77525
2002-05-02,0.7752499999999999
2002-05-03,0.7752500000000002
2002-05-04,0.7752499999999999
2002-05-05,0.7752500000000001
2002-05-06,0.7752499999999999
2002-05-07,0.7752500000000001
2002-05-08,5.8625
2002-05-09,6.763065326633176
2002-05-10,14.903768844221121
2002-05-11,19.78819095477389
2002-05-12,1.6037680412371145
2002-05-13,1.4653659793814433
2002-05-14,1.3269639175257735
2002-05-15,1.3961649484536085
2002-05-16,1.880572164948454
2002-05-17,1.6646060011767014
2002-05-18,1.9208091603053437
2002-05-19,2.396788889942175
2002-05-20,5.060641867250184
2002-05-21,5.941357735264843
2002-05-22,7.182963026263323
2002-05-23,10.580987896048413
2002-05-24,14.36932684138292
2002-05-25,16.312992188863287
2002-05-26,26.44776138624487
2002-05-27,132.38299863690352
2002-05-28,326.3206750754282
2002-05-29,578.388714383709
2002-05-30,908.7750340828389
2002-05-31,682.6518999981486
2002-06-01,624.5378659115407
2002-06-02,613.3543170245853
2002-06-03,624.9708659836846
2002-06-04,683.2023545850051
2002-06-05,785.1821672628697
2002-06-06,978.784565060403
2002-06-07,1121.6237909542908
2002-06-08,1181.5109825434977
2002-06-09,1218.1998004028185
2002-06-10,1855.0991329479773
2002-06-11,2336.4569960720773
2002-06-12,2454.3467155425537
2002-06-13,2470.712221276031
2002-06-14,2425.7241535999037
2002-06-15,2327.201808649579
2002-06-16,2181.687613241975
2002-06-17,2006.887299160003
2002-06-18,1886.4248962280546
2002-06-19,1276.1461697042723
2002-06-20,1055.1753911409378
2002-06-21,908.5854177930407
2002-06-22,721.1337739592049
2002-06-23,612.1878491992161
2002-06-24,517.9281112484866
2002-06-25,435.8939052571649
2002-06-26,387.0782860244026
2002-06-27,334.9415333470025
2002-06-28,307.8764863324794
2002-06-29,256.1931447586685
2002-06-30,240.7374534973287
2002-07-01,180.56884980181366
2002-07-02,174.65796848328114
2002-07-03,152.4041886348246
2002-07-04,232.8915051908698
2002-07-05,387.51872579266865
2002-07-06,413.3096149925446
2002-07-07,384.3127147249254
2002-07-08,343.93170550292433
2002-07-09,330.7781650057268
2002-07-10,298.20186724067685
2002-07-11,261.5295127736053
2002-07-12,267.2896671038145
2002-07-13,302.87249150099416
2002-07-14,311.0412369139714
2002-07-15,281.675374700384
2002-07-16,263.9733229990632
2002-07-17,236.79463789497072
2002-07-18,214.053424687124
2002-07-19,227.23052696110832
2002-07-20,277.72513570639387
2002-07-21,289.2817214856941
2002-07-22,264.0619344311036
2002-07-23,229.869095603553
2002-07-24,194.91782422398518
2002-07-25,178.93121600057793
2002-07-26,159.68314079547818
2002-07-27,134.32319892233983
2002-07-28,117.73015211652377
2002-07-29,110.91345366501693
2002-07-30,108.21912588177848
2002-07-31,113.31801187712824
2002-08-01,115.09958187851939
2002-08-02,104.58845990086922
2002-08-03,97.6528766161849
2002-08-04,87.90818353288306
2002-08-05,76.83272799525955
2002-08-06,71.19280145282053
2002-08-07,66.20848922254343
2002-08-08,61.04680824683283
2002-08-09,58.18584389267615
2002-08-10,57.67967839081341
2002-08-11,66.90284679643693
2002-08-12,97.70249628632104
2002-08-13,122.94690824817675
2002-08-14,125.12481657027934
2002-08-15,120.58045794247086
2002-08-16,105.91903763437602
2002-08-17,96.9327136658912
2002-08-18,90.58208462773123
2002-08-19,88.36578158212824
2002-08-20,84.31751523039122
2002-08-21,76.125088472716
2002-08-22,72.95780296238954
2002-08-23,68.30434990033437
2002-08-24,65.08107285152111
2002-08-25,63.33025848142167
2002-08-26,64.29523021626446
2002-08-27,64.46592158407681
2002-08-28,65.17212555895324
2002-08-29,63.344285274902504
2002-08-30,65.99882848404069
2002-08-31,70.74080471622348
2002-09-01,76.30158331805899
2002-09-02,78.20153501216186
2002-09-03,77.9138577299143
2002-09-04,80.48131844295162
2002-09-05,88.7069111748656
2002-09-06,100.74323902055453
2002-09-07,103.56378854886154
2002-09-08,98.1163273312771
2002-09-09,93.54792548303898
2002-09-10,87.68036232627797
2002-09-11,81.65851019330667
2002-09-12,77.79098793065445
2002-09-13,75.0978355402514
2002-09-14,69.11885458487954
2002-09-15,75.15649100505586
2002-09-16,72.24044903623968
2002-09-17,65.54176082738316
2002-09-18,59.163033301774
2002-09-19,54.890411873642236
2002-09-20,51.42703308840747
2002-09-21,51.93352352622711
2002-09-22,53.21542704313293
2002-09-23,52.85230844992512
2002-09-24,54.09641415384036
2002-09-25,54.16394616095076
2002-09-26,51.82067254021189
2002-09-27,51.34738226367296
2002-09-28,50.13317372291573
2002-09-29,46.89721622249302
2002-09-30,42.3199550295377
2002-10-01,46.1484375
2002-10-02,41.25
2002-10-03,36.5234375
2002-10-04,32.109375
2002-10-05,28.0625
2002-10-06,24.359375
2002-10-07,21.03125
2002-10-08,18.0390625
2002-10-09,15.265625
2002-10-10,12.71875
2002-10-11,10.3984375
2002-10-12,8.296875
2002-10-13,6.4921875
2002-10-14,5.0078125
2002-10-15,3.828125
2002-10-16,2.9375
2002-10-17,2.265625
2002-10-18,1.7734375
2002-10-19,1.4140625
2002-10-20,1.15625
2002-10-21,0.953125
2002-10-22,0.7890625
2002-10-23,0.6640625
2002-10-24,0.5625
2002-10-25,0.46875
2002-10-26,0.3828125
2002-10-27,0.3203125
2002-10-28,0.265625
2002-10-29,0.2265625
2002-10-30,0.1875
2002-10-31,0.15625
2002-11-01,0.1328125
2002-11-02,0.109375
2002-11-03,0.09375
2002-11-04,0.0859375
2002-11-05,0.0703125
2002-11-06,0.05468749999999999
2002-11-07,0.0390625
2002-11-08,0.03125
2002-11-09,0.0234375
2002-11-10,0.015625
2002-11-11,0.015625
2002-11-12,0.015625
2002-11-13,0.015625
2002-11-14,0.015625
2002-11-15,0.007812500000000002
2002-11-16,0.007812500000000002
2002-11-17,0.007812500000000002
2002-11-18,0.0
2002-11-19,0.0
2002-11-20,0.0
2002-11-21,0.0
2002-11-22,0.0
2002-11-23,0.0
2002-11-24,0.0
2002-11-25,0.0
2002-11-26,0.0
2002-11-27,0.0
2002-11-28,0.0
2002-11-29,0.0
2002-11-30,0.0
2002-12-01,0.0
2002-12-02,0.0
2002-12-03,0.0
2002-12-04,0.0
2002-12-05,0.0
2002-12-06,0.0
2002-12-07,0.0
2002-12-08,0.0
2002-12-09,0.0
2002-12-10,0.0
2002-12-11,0.0
2002-12-12,0.0
2002-12-13,0.0
2002-12-14,0.0
2002-12-15,0.0
2002-12-16,0.0
2002-12-17,0.0
2002-12-18,0.0
2002-12-19,0.0
2002-12-20,0.0
2002-12-21,0.0
2002-12-22,0.0
2002-12-23,0.0
2002-12-24,0.0
2002-12-25,0.0
2002-12-26,0.0
2002-12-27,0.0
2002-12-28,0.0
2002-12-29,0.0
2002-12-30,0.0
2002-12-31,0.0
2003-01-01,0.0
2003-01-02,0.0
2003-01-03,0.0
2003-01-04,0.0
2003-01-05,0.0
2003-01-06,0.0
2003-01-07,0.0
2003-01-08,0.0
2003-01-09,0.0
2003-01-10,0.0
2003-01-11,0.0
2003-01-12,0.0
2003-01-13,0.0
2003-01-14,0.0
2003-01-15,0.0
2003-01-16,0.0
2003-01-17,0.0
2003-01-18,0.0
2003-01-19,0.0
2003-01-20,0.0
2003-01-21,0.0
2003-01-22,0.0
2003-01-23,0.0
2003-01-24,0.0
2003-01-25,0.0
2003-01-26,0.0
2003-01-27,0.0
2003-01-28,0.0
2003-01-29,0.0
2003-01-30,0.0
2003-01-31,0.0
2003-02-01,0.0
2003-02-02,0.0
2003-02-03,0.0
2003-02-04,0.0
2003-02-05,0.0
2003-02-06,0.0
2003-02-07,0.0
2003-02-08,0.0
2003-02-09,0.0
2003-02-10,0.0
2003-02-11,0.0
2003-02-12,0.0
2003-02-13,0.0
2003-02-14,0.0
2003-02-15,0.0
2003-02-16,0.0
2003-02-17,0.0
2003-02-18,0.0
2003-02-19,0.0
2003-02-20,0.0
2003-02-21,0.0
2003-02-22,0.0
2003-02-23,0.0
2003-02-24,0.0
2003-02-25,0.0
2003-02-26,0.0
2003-02-27,0.0
2003-02-28,0.0
2003-03-01,0.0
2003-03-02,0.0
2003-03-03,0.0
2003-03-04,0.0
2003-03-05,0.0
2003-03-06,0.0
2003-03-07,0.0
2003-03-08,0.0
2003-03-09,0.0
2003-03-10,0.0
2003-03-11,0.0
2003-03-12,0.0
2003-03-13,0.0
2003-03-14,0.0
2003-03-15,0.0
2003-03-16,0.0
2003-03-17,0.0
2003-03-18,0.0
2003-03-19,0.0
2003-03-20,0.0
2003-03-21,0.0
2003-03-22,0.0
2003-03-23,0.0
2003-03-24,0.0
2003-03-25,0.0
2003-03-26,0.0
2003-03-27,0.0
2003-03-28,0.0
2003-03-29,0.0
2003-03-30,0.0
2003-03-31,0.0
2003-04-01,0.0
2003-04-02,0.0
2003-04-03,0.0
2003-04-04,0.0
2003-04-05,0.0
2003-04-06,0.0
2003-04-07,0.0
2003-04-08,0.0
2003-04-09,0.0
2003-04-10,0.0
2003-04-11,0.0
2003-04-12,0.0
2003-04-13,0.0
2003-04-14,0.0
2003-04-15,0.0
2003-04-16,0.0
2003-04-17,0.0
2003-04-18,0.0
2003-04-19,0.0
2003-04-20,0.0
2003-04-21,0.0
2003-04-22,0.0
2003-04-23,0.0
2003-04-24,0.0
2003-04-25,0.0
2003-04-26,0.0
2003-04-27,0.0
2003-04-28,0.0
2003-04-29,0.0
2003-04-30,0.0
2003-05-01,0.77525
2003-05-02,4.320854271356789
2003-05-03,2.6906792452830195
2003-05-04,3.4697501985416213
2003-05-05,3.8822410549999304
2003-05-06,8.16487660889592
2003-05-07,6.817074787300423
2003-05-08,6.324704066797128
2003-05-09,6.122524007515446
2003-05-10,10.836728673868121
2003-05-11,9.828880155296918
2003-05-12,13.30806352299525
2003-05-13,9.684803894974134
2003-05-14,10.17285700819565
2003-05-15,7.049244021789307
2003-05-16,6.438599338039306
2003-05-17,4.213281553704903
2003-05-18,3.940729490552499
2003-05-19,3.938349749737374
2003-05-20,14.959483544456628
2003-05-21,13.390139989094333
2003-05-22,14.834725890866055
2003-05-23,12.702739409042362
2003-05-24,13.396982985861491
2003-05-25,12.43262441898081
2003-05-26,11.689899195221106
2003-05-27,18.295380680723273
2003-05-28,17.84791474528442
2003-05-29,22.869395670286927
2003-05-30,62.89937292679601
2003-05-31,146.74125902507785
2003-06-01,220.22390550650732
2003-06-02,405.6190446898752
2003-06-03,471.37450118703555
2003-06-04,537.396717993179
2003-06-05,601.0584414707214
2003-06-06,657.6641263960822
2003-06-07,701.141419188078
2003-06-08,878.2277879413615
2003-06-09,1026.4684555758588
2003-06-10,1021.0944823318666
2003-06-11,974.7206726021122
2003-06-12,918.1092948336885
2003-06-13,779.9470115358654
2003-06-14,655.9262981692592
2003-06-15,536.7060854290548
2003-06-16,511.84807040538465
2003-06-17,486.7923857292786
2003-06-18,407.28716121357115
2003-06-19,342.3018559523892
2003-06-20,278.9984383687395
2003-06-21,214.2956538699618
2003-06-22,170.99234419047275
2003-06-23,153.86115725831158
2003-06-24,148.8869276396023
2003-06-25,148.7798351916202
2003-06-26,197.55724412995573
2003-06-27,235.8331097690021
2003-06-28,198.35991428821973
2003-06-29,192.59590541643823
2003-06-30,187.42408177962707
2003-07-01,174.2539139780966
2003-07-02,155.45614232031937
2003-07-03,146.51736832079243
2003-07-04,140.14845463686677
2003-07-05,136.6959570293357
2003-07-06,131.81124435618946
2003-07-07,121.73722046724322
2003-07-08,82.03151570845652
2003-07-09,80.07716827778832
2003-07-10,80.05799409656011
2003-07-11,76.06118344136685
2003-07-12,74.1206933981799
2003-07-13,73.77153684249154
2003-07-14,74.74310291049393
2003-07-15,77.60578949140938
2003-07-16,75.94433012362937
2003-07-17,71.70502968491314
2003-07-18,65.97206796726478
2003-07-19,59.473009095166795
2003-07-20,55.24981171815277
2003-07-21,51.19448131854488
2003-07-22,47.606235747102474
2003-07-23,44.32498060223685
2003-07-24,41.001076186484724
2003-07-25,38.57375125129732
2003-07-26,36.73138975769788
2003-07-27,43.176583763786475
2003-07-28,52.65281152744343
2003-07-29,53.045952132899345
2003-07-30,54.44352272376981
2003-07-31,60.2914967239127
2003-08-01,60.149359001317215
2003-08-02,56.56631923895953
2003-08-03,56.47611931397385
2003-08-04,57.230758522195046
2003-08-05,56.06833800932759
2003-08-06,61.02385841066562
2003-08-07,64.04116048262073
2003-08-08,60.66617658147602
2003-08-09,59.910426573882745
2003-08-10,62.57115625849828
2003-08-11,61.668376247106465
2003-08-12,58.93424112022293
2003-08-13,55.878660293433974
2003-08-14,48.90958375179437
2003-08-15,46.935866348152665
2003-08-16,46.16325088084288
2003-08-17,44.477766960470824
2003-08-18,42.34685887868384
2003-08-19,39.867133861169236
2003-08-20,43.089732470444815
2003-08-21,54.71949417740805
2003-08-22,67.62183237962181
2003-08-23,93.17393475346792
2003-08-24,135.30323496161557
2003-08-25,153.34480332511254
2003-08-26,141.35961248207278
2003-08-27,123.32810052503409
2003-08-28,112.31244313593923
2003-08-29,106.94849777864496
2003-08-30,105.52755296192676
2003-08-31,104.22833841121717
2003-09-01,97.75226433861418
2003-09-02,97.29552239909485
2003-09-03,90.28081688772052
2003-09-04,90.97853682005498
2003-09-05,94.37148461951004
2003-09-06,88.25634343492287
2003-09-07,82.1307894902678
2003-09-08,76.4897384291957
2003-09-09,78.70379064358735
2003-09-10,77.05680743051973
2003-09-11,76.16887492350139
2003-09-12,75.06205871244254
2003-09-13,73.09205224449853
2003-09-14,69.44113589024641
2003-09-15,69.50956491836078
2003-09-16,63.275318079354484
2003-09-17,58.49477893402294
2003-09-18,54.56713054702914
2003-09-19,49.38819547640664
2003-09-20,48.361298985792
2003-09-21,45.979437813381054
2003-09-22,48.275676469644225
2003-09-23,48.71258665353918
2003-09-24,55.31838677784699
2003-09-25,59.22629807727206
2003-09-26,58.18844566607728
2003-09-27,56.71164132120139
2003-09-28,53.56299028312106
2003-09-29,49.91297962797422
2003-09-30,45.93706578939102
2003-10-01,54.578125
2003-10-02,50.828125
2003-10-03,47.0
2003-10-04,42.6796875
2003-10-05,38.21875
2003-10-06,33.8515625
2003-10-07,29.78125
2003-10-08,25.96875
2003-10-09,22.4765625
2003-10-10,19.3515625
2003-10-11,16.53125
2003-10-12,13.953125
2003-10-13,11.6328125
2003-10-14,9.5546875
2003-10-15,7.7421875
2003-10-16,6.15625
2003-10-17,4.8359375
2003-10-18,3.7578125
2003-10-19,2.9140625
2003-10-20,2.2578125
2003-10-21,1.7578125
2003-10-22,1.3671875
2003-10-23,1.078125
2003-10-24,0.84375
2003-10-25,0.6875
2003-10-26,0.5625
2003-10-27,0.453125
2003-10-28,0.375
2003-10-29,0.3125
2003-10-30,0.265625
2003-10-31,0.21875
2003-11-01,0.1875
2003-11-02,0.15625
2003-11-03,0.140625
2003-11-04,0.125
2003-11-05,0.109375
2003-11-06,0.09375
2003-11-07,0.0859375
2003-11-08,0.078125
2003-11-09,0.0703125
2003-11-10,0.06249999999999999
2003-11-11,0.046875
2003-11-12,0.046875
2003-11-13,0.03125
2003-11-14,0.03125
2003-11-15,0.015625
2003-11-16,0.015625
2003-11-17,0.015625
2003-11-18,0.015625
2003-11-19,0.015625
2003-11-20,0.015625
2003-11-21,0.0
2003-11-22,0.0
2003-11-23,0.0
2003-11-24,0.0
2003-11-25,0.0
2003-11-26,0.0
2003-11-27,0.0
2003-11-28,0.0
2003-11-29,0.0
2003-11-30,0.0
2003-12-01,0.0
2003-12-02,0.0
2003-12-03,0.0
2003-12-04,0.0
2003-12-05,0.0
2003-12-06,0.0
2003-12-07,0.0
2003-12-08,0.0
2003-12-09,0.0
2003-12-10,0.0
2003-12-11,0.0
2003-12-12,0.0
2003-12-13,0.0
2003-12-14,0.0
2003-12-15,0.0
2003-12-16,0.0
2003-12-17,0.0
2003-12-18,0.0
2003-12-19,0.0
2003-12-20,0.0
2003-12-21,0.0
2003-12-22,0.0
2003-12-23,0.0
2003-12-24,0.0
2003-12-25,0.0
2003-12-26,0.0
2003-12-27,0.0
2003-12-28,0.0
2003-12-29,0.0
2003-12-30,0.0
2003-12-31,0.0
2004-01-01,0.0
2004-01-02,0.0
2004-01-03,0.0
2004-01-04,0.0
2004-01-05,0.0
2004-01-06,0.0
2004-01-07,0.0
2004-01-08,0.0
2004-01-09,0.0
2004-01-10,0.0
2004-01-11,0.0
2004-01-12,0.0
2004-01-13,0.0
2004-01-14,0.0
2004-01-15,0.0
2004-01-16,0.0
2004-01-17,0.0
2004-01-18,0.0
2004-01-19,0.0
2004-01-20,0.0
2004-01-21,0.0
2004-01-22,0.0
2004-01-23,0.0
2004-01-24,0.0
2004-01-25,0.0
2004-01-26,0.0
2004-01-27,0.0
2004-01-28,0.0
2004-01-29,0.0
2004-01-30,0.0
2004-01-31,0.0
2004-02-01,0.0
2004-02-02,0.0
2004-02-03,0.0
2004-02-04,0.0
2004-02-05,0.0
2004-02-06,0.0
2004-02-07,0.0
2004-02-08,0.0
2004-02-09,0.0
2004-02-10,0.0
2004-02-11,0.0
2004-02-12,0.0
2004-02-13,0.0
2004-02-14,0.0
2004-02-15,0.0
2004-02-16,0.0
2004-02-17,0.0
2004-02-18,0.0
2004-02-19,0.0
2004-02-20,0.0
2004-02-21,0.0
2004-02-22,0.0
2004-02-23,0.0
2004-02-24,0.0
2004-02-25,0.0
2004-02-26,0.0
2004-02-27,0.0
2004-02-28,0.0
2004-02-29,0.0
2004-03-01,0.0
2004-03-02,0.0
2004-03-03,0.0
2004-03-04,0.0
2004-03-05,0.0
2004-03-06,0.0
2004-03-07,0.0
2004-03-08,0.0
2004-03-09,0.0
2004-03-10,0.0
2004-03-11,0.0
2004-03-12,0.0
2004-03-13,0.0
2004-03-14,0.0
2004-03-15,0.0
2004-03-16,0.0
2004-03-17,0.0
2004-03-18,0.0
2004-03-19,0.0
2004-03-20,0.0
2004-03-21,0.0
2004-03-22,0.0
2004-03-23,0.0
2004-03-24,0.0
2004-03-25,0.0
2004-03-26,0.0
2004-03-27,0.0
2004-03-28,0.0
2004-03-29,0.0
2004-03-30,0.0
2004-03-31,0.0
2004-04-01,0.0
2004-04-02,0.0
2004-04-03,0.0
2004-04-04,0.0
2004-04-05,0.0
2004-04-06,0.0
2004-04-07,0.0
2004-04-08,0.0
2004-04-09,0.0
2004-04-10,0.0
2004-04-11,0.0
2004-04-12,0.0
2004-04-13,0.0
2004-04-14,0.0
2004-04-15,0.0
2004-04-16,0.0
2004-04-17,0.0
2004-04-18,0.0
2004-04-19,0.0
2004-04-20,0.0
2004-04-21,0.0
2004-04-22,0.0
2004-04-23,0.0
2004-04-24,0.0
2004-04-25,0.0
2004-04-26,0.0
2004-04-27,0.0
2004-04-28,0.0
2004-04-29,0.0
2004-04-30,0.0
2004-05-01,0.77525
2004-05-02,0.7752500000000002
2004-05-03,0.7752499999999999
2004-05-04,0.7752500000000001
2004-05-05,1.8786432160804039
2004-05-06,13.275628140703533
2004-05-07,3.5351286307053953
2004-05-08,7.581824185248715
2004-05-09,4.6246848602988955
2004-05-10,6.051368854234352
2004-05-11,7.680967537067344
2004-05-12,6.934735337941816
2004-05-13,5.289975235576822
2004-05-14,4.715721722812433
2004-05-15,4.318548750148086
2004-05-16,3.7754592813674948
2004-05-17,2.471702194085508
2004-05-18,2.122875757936036
2004-05-19,6.073108756574151
2004-05-20,8.065632072421607
2004-05-21,5.549623153137492
2004-05-22,4.942166798151697
2004-05-23,9.513016418480344
2004-05-24,5.59625854174005
2004-05-25,9.091711477578794
2004-05-26,12.101135641011888
2004-05-27,15.283175438320693
2004-05-28,19.03041442051601
2004-05-29,27.533065079021807
2004-05-30,111.78064843718052
2004-05-31,200.6790462012723
2004-06-01,404.33694834682643
2004-06-02,513.4498806443729
2004-06-03,888.284604495524
2004-06-04,1314.6958221204416
2004-06-05,2015.9338582953599
2004-06-06,2304.5903889172446
2004-06-07,2389.6658617672138
2004-06-08,2430.8176948136143
2004-06-09,2383.0947714685562
2004-06-10,2097.0823707595673
2004-06-11,1895.8933991927336
2004-06-12,1500.372180179056
2004-06-13,1178.7156659362638
2004-06-14,1012.2228980483742
2004-06-15,945.2311519752044
2004-06-16,912.5912758262085
2004-06-17,762.3808780208277
2004-06-18,703.8793710943784
2004-06-19,606.1562129869621
2004-06-20,498.7351839510317
2004-06-21,454.06326287041736
2004-06-22,383.4051253603305
2004-06-23,335.346369633223
2004-06-24,262.41212176755755
2004-06-25,243.40225055705534
2004-06-26,197.57314390379153
2004-06-27,192.66279458668546
2004-06-28,190.98492996293294
2004-06-29,185.02064495478913
2004-06-30,176.24712381036127
2004-07-01,175.1240494053405
2004-07-02,149.10498164564177
2004-07-03,137.8043623863702
2004-07-04,135.4877996120139
2004-07-05,130.4753813846004
2004-07-06,125.80301985960632
2004-07-07,120.10375191845195
2004-07-08,120.78952798873264
2004-07-09,86.27281629264363
2004-07-10,80.43684095045151
2004-07-11,76.65587360687364
2004-07-12,73.2655128487403
2004-07-13,71.18575423442269
2004-07-14,74.60735550828193
2004-07-15,115.7394616432633
2004-07-16,119.76687347261115
2004-07-17,115.90017956215775
2004-07-18,110.45667941284779
2004-07-19,109.41325732818116
2004-07-20,108.39352993043902
2004-07-21,104.43132258385167
2004-07-22,99.41043736031536
2004-07-23,97.33371517541984
2004-07-24,100.14644954470894
2004-07-25,99.31083467230803
2004-07-26,97.14265502625223
2004-07-27,98.91443088997137
2004-07-28,101.70439991248935
2004-07-29,102.19796192418401
2004-07-30,94.07560010940621
2004-07-31,65.70504301611452
2004-08-01,61.80517287824139
2004-08-02,62.36517519811451
2004-08-03,65.49676421580466
2004-08-04,86.55771457079344
2004-08-05,148.8966675586232
2004-08-06,203.14376183399972
2004-08-07,300.8599872611869
2004-08-08,484.14481167887584
2004-08-09,498.10046613407565
2004-08-10,479.29963101284267
2004-08-11,304.70136794026837
2004-08-12,224.99651405274108
2004-08-13,198.26799272914784
2004-08-14,191.53584993158134
2004-08-15,180.27061760961982
2004-08-16,182.2342179511665
2004-08-17,202.5357741346137
2004-08-18,211.54398976272117
2004-08-19,237.12955271052428
2004-08-20,327.23636056283664
2004-08-21,847.6009639951179
2004-08-22,899.1811243945689
2004-08-23,901.7694530496557
2004-08-24,562.8444214655583
2004-08-25,519.4434195568471
2004-08-26,376.9166571896559
2004-08-27,292.43639007951936
2004-08-28,252.5216076853421
2004-08-29,211.63504241321945
2004-08-30,190.43106024335034
2004-08-31,189.93043734849405
2004-09-01,165.86664247845994
2004-09-02,165.60604143940267
2004-09-03,172.19574074375888
2004-09-04,158.29961760807137
2004-09-05,149.17692569054404
2004-09-06,151.05279374672634
2004-09-07,146.1033054306377
2004-09-08,146.01323989454409
2004-09-09,147.6775704637657
2004-09-10,144.3022240268936
2004-09-11,139.64956273057314
2004-09-12,129.34310230389764
2004-09-13,121.39089895766335
2004-09-14,116.66146167409732
2004-09-15,113.52734143813636
2004-09-16,113.58259859564079
2004-09-17,115.93024967038389
2004-09-18,106.60288849148468
2004-09-19,97.86076056841937
2004-09-20,98.38770018214468
2004-09-21,95.00669986282196
2004-09-22,87.26927999748447
2004-09-23,89.1494683869245
2004-09-24,81.74769786091058
2004-09-25,79.7079958935596
2004-09-26,76.96854332362868
2004-09-27,69.09685814750038
2004-09-28,61.51550728423865
2004-09-29,56.915852869571516
2004-09-30,52.688214231439154
2004-10-01,70.984375
2004-10-02,67.3671875
2004-10-03,65.7734375
2004-10-04,63.75
2004-10-05,59.5625
2004-10-06,53.953125
2004-10-07,48.28125
2004-10-08,42.9921875
2004-10-09,38.046875
2004-10-10,33.5
2004-10-11,29.3984375
2004-10-12,25.703125
2004-10-13,22.3515625
2004-10-14,19.2578125
2004-10-15,16.4296875
2004-10-16,13.8828125
2004-10-17,11.6015625
2004-10-18,9.609375
2004-10-19,7.9140625
2004-10-20,6.5
2004-10-21,5.3671875
2004-10-22,4.4453125
2004-10-23,3.6796875
2004-10-24,3.0625
2004-10-25,2.5625
2004-10-26,2.1328125
2004-10-27,1.765625
2004-10-28,1.4609375
2004-10-29,1.2109375
2004-10-30,1.0
2004-10-31,0.828125
2004-11-01,0.6796875
2004-11-02,0.5625
2004-11-03,0.46875
2004-11-04,0.390625
2004-11-05,0.328125
2004-11-06,0.28125
2004-11-07,0.2421875
2004-11-08,0.2109375
2004-11-09,0.1796875
2004-11-10,0.15625
2004-11-11,0.140625
2004-11-12,0.11718750000000001
2004-11-13,0.1015625
2004-11-14,0.0859375
2004-11-15,0.078125
2004-11-16,0.06249999999999999
2004-11-17,0.06249999999999999
2004-11-18,0.05468749999999999
2004-11-19,0.046875
2004-11-20,0.0390625
2004-11-21,0.03125
2004-11-22,0.03125
2004-11-23,0.015625
2004-11-24,0.015625
2004-11-25,0.015625
2004-11-26,0.015625
2004-11-27,0.015625
2004-11-28,0.015625
2004-11-29,0.0
2004-11-30,0.0
2004-12-01,0.0
2004-12-02,0.0
2004-12-03,0.0
2004-12-04,0.0
2004-12-05,0.0
2004-12-06,0.0
2004-12-07,0.0
2004-12-08,0.0
2004-12-09,0.0
2004-12-10,0.0
2004-12-11,0.0
2004-12-12,0.0
2004-12-13,0.0
2004-12-14,0.0
2004-12-15,0.0
2004-12-16,0.0
2004-12-17,0.0
2004-12-18,0.0
2004-12-19,0.0
2004-12-20,0.0
2004-12-21,0.0
2004-12-22,0.0
2004-12-23,0.0
2004-12-24,0.0
2004-12-25,0.0
2004-12-26,0.0
2004-12-27,0.0
2004-12-28,0.0
2004-12-29,0.0
2004-12-30,0.0
2004-12-31,0.0
2005-01-01,0.0
2005-01-02,0.0
2005-01-03,0.0
2005-01-04,0.0
2005-01-05,0.0
2005-01-06,0.0
2005-01-07,0.0
2005-01-08,0.0
2005-01-09,0.0
2005-01-10,0.0
2005-01-11,0.0
2005-01-12,0.0
2005-01-13,0.0
2005-01-14,0.0
2005-01-15,0.0
2005-01-16,0.0
2005-01-17,0.0
2005-01-18,0.0
2005-01-19,0.0
2005-01-20,0.0
2005-01-21,0.0
2005-01-22,0.0
2005-01-23,0.0
2005-01-24,0.0
2005-01-25,0.0
2005-01-26,0.0
2005-01-27,0.0
2005-01-28,0.0
2005-01-29,0.0
2005-01-30,0.0
2005-01-31,0.0
2005-02-01,0.0
2005-02-02,0.0
2005-02-03,0.0
2005-02-04,0.0
2005-02-05,0.0
2005-02-06,0.0
2005-02-07,0.0
2005-02-08,0.0
2005-02-09,0.0
2005-02-10,0.0
2005-02-11,0.0
2005-02-12,0.0
2005-02-13,0.0
2005-02-14,0.0
2005-02-15,0.0
2005-02-16,0.0
2005-02-17,0.0
2005-02-18,0.0
2005-02-19,0.0
2005-02-20,0.0
2005-02-21,0.0
2005-02-22,0.0
2005-02-23,0.0
2005-02-24,0.0
2005-02-25,0.0
2005-02-26,0.0
2005-02-27,0.0
2005-02-28,0.0
2005-03-01,0.0
2005-03-02,0.0
2005-03-03,0.0
2005-03-04,0.0
2005-03-05,0.0
2005-03-06,0.0
2005-03-07,0.0
2005-03-08,0.0
2005-03-09,0.0
2005-03-10,0.0
2005-03-11,0.0
2005-03-12,0.0
2005-03-13,0.0
2005-03-14,0.0
2005-03-15,0.0
2005-03-16,0.0
2005-03-17,0.0
2005-03-18,0.0
2005-03-19,0.0
2005-03-20,0.0
2005-03-21,0.0
2005-03-22,0.0
2005-03-23,0.0
2005-03-24,0.0
2005-03-25,0.0
2005-03-26,0.0
2005-03-27,0.0
2005-03-28,0.0
2005-03-29,0.0
2005-03-30,0.0
2005-03-31,0.0
2005-04-01,0.0
2005-04-02,0.0
2005-04-03,0.0
2005-04-04,0.0
2005-04-05,0.0
2005-04-06,0.0
2005-04-07,0.0
2005-04-08,0.0
2005-04-09,0.0
2005-04-10,0.0
2005-04-11,0.0
2005-04-12,0.0
2005-04-13,0.0
2005-04-14,0.0
2005-04-15,0.0
2005-04-16,0.0
2005-04-17,0.0
2005-04-18,0.0
2005-04-19,0.0
2005-04-20,0.0
2005-04-21,0.0
2005-04-22,0.0
2005-04-23,0.0
2005-04-24,0.0
2005-04-25,0.0
2005-04-26,0.0
2005-04-27,0.0
2005-04-28,0.03125
2005-04-29,0.125
2005-04-30,0.375
2005-05-01,1.6538882554161918
2005-05-02,1.653888255416192
2005-05-03,1.8711060433295335
2005-05-04,2.4141505131128853
2005-05-05,2.957194982896238
2005-05-06,3.39163055872292
2005-05-07,3.28302166476625
2005-05-08,3.0658038768529083
2005-05-09,2.6313683010262268
2005-05-10,16.531909547738707
2005-05-11,14.089698492462327
2005-05-12,2.8143979057591637
2005-05-13,2.390314136125655
2005-05-14,1.7541884816753923
2005-05-15,1.3301047120418847
2005-05-16,1.1180628272251307
2005-05-17,1.1447507331378302
2005-05-18,1.2444237918215617
2005-05-19,2.151945945945946
2005-05-20,4.813204328686719
2005-05-21,5.444531460798405
2005-05-22,7.679430866518551
2005-05-23,13.359156283374862
2005-05-24,16.390491035444306
2005-05-25,14.981443300493632
2005-05-26,17.139793599697022
2005-05-27,28.074387168797912
2005-05-28,33.643988305307595
2005-05-29,52.68153240422475
2005-05-30,102.31465941285668
2005-05-31,258.61996625910183
2005-06-01,490.2799905956235
2005-06-02,628.2897842577366
2005-06-03,1277.3904620015198
2005-06-04,2406.1021398526887
2005-06-05,2522.993811623111
2005-06-06,2546.097623989454
2005-06-07,2589.444371639338
2005-06-08,2487.2064668271532
2005-06-09,2371.3607485713496
2005-06-10,2083.057536695521
2005-06-11,1882.057497337781
2005-06-12,1235.1535035852096
2005-06-13,1037.367568066853
2005-06-14,947.7818028849697
2005-06-15,813.6133199723682
2005-06-16,670.0675988290549
2005-06-17,573.4993656461705
2005-06-18,487.1867494103882
2005-06-19,454.1307207285243
2005-06-20,436.56084992643815
2005-06-21,410.79153494166445
2005-06-22,392.081002572334
2005-06-23,345.721149898644
2005-06-24,327.8800529966618
2005-06-25,257.67324668546047
2005-06-26,252.11405946286308
2005-06-27,271.14701507014587
2005-06-28,234.5805499143814
2005-06-29,214.5707236480996
2005-06-30,178.92644234616304
2005-07-01,151.3325980583853
2005-07-02,148.87468943807056
2005-07-03,138.24080398048903
2005-07-04,129.85598660274917
2005-07-05,130.41454451680107
2005-07-06,93.94360367637861
2005-07-07,88.59606568025727
2005-07-08,80.22069872224188
2005-07-09,82.91973323343768
2005-07-10,85.32904684768101
2005-07-11,129.27098259469216
2005-07-12,158.29574803927875
2005-07-13,182.83342155818693
2005-07-14,224.0309711190346
2005-07-15,233.78377073418648
2005-07-16,242.63710181252443
2005-07-17,233.11087709313296
2005-07-18,209.9816015877231
2005-07-19,190.3442737372444
2005-07-20,191.35488969047375
2005-07-21,207.30645024753673
2005-07-22,199.90856194935023
2005-07-23,183.5900546084401
2005-07-24,163.57844338727696
2005-07-25,150.30098147533994
2005-07-26,137.2810894807711
2005-07-27,125.29867636697239
2005-07-28,117.43675415116617
2005-07-29,116.30406094610144
2005-07-30,134.1452046534724
2005-07-31,175.6831089025352
2005-08-01,203.1824205396035
2005-08-02,199.15607489258596
2005-08-03,180.23323038829685
2005-08-04,180.25544325293475
2005-08-05,225.21248201532222
2005-08-06,366.79083539606836
2005-08-07,304.20237764142297
2005-08-08,257.1351209911291
2005-08-09,307.87730982804726
2005-08-10,371.6275972478273
2005-08-11,475.41884700972366
2005-08-12,610.0796900770415
2005-08-13,625.1759026882194
2005-08-14,886.0420227363622
2005-08-15,900.2078468457815
2005-08-16,607.0051921432269
2005-08-17,449.7233613846968
2005-08-18,296.3549844481234
2005-08-19,280.8213699938792
2005-08-20,275.40718774251224
2005-08-21,239.20103546347553
2005-08-22,231.2749622510602
2005-08-23,218.15386587789547
2005-08-24,203.97288674547397
2005-08-25,192.9264656048137
2005-08-26,176.8737163450596
2005-08-27,180.74584160259687
2005-08-28,201.4625257498896
2005-08-29,197.42371728239925
2005-08-30,178.3216094646176
2005-08-31,155.08346804475906
2005-09-01,138.07772680472144
2005-09-02,128.73961596629576
2005-09-03,123.87394859304257
2005-09-04,114.22791411929698
2005-09-05,111.4173509564168
2005-09-06,108.13063171871235
2005-09-07,101.44621299125703
2005-09-08,96.97694937037218
2005-09-09,104.48001715597127
2005-09-10,133.76173697655713
2005-09-11,140.8704031682647
2005-09-12,133.99931749150178
2005-09-13,137.25749263358227
2005-09-14,140.49160044857038
2005-09-15,139.07018766784634
2005-09-16,125.1443435808251
2005-09-17,112.36415085235055
2005-09-18,101.46025822947729
2005-09-19,94.83357281024294
2005-09-20,89.35238526907143
2005-09-21,88.41313777896701
2005-09-22,92.35131820076533
2005-09-23,130.5517486423352
2005-09-24,158.01377713220703
2005-09-25,146.85100498499548
2005-09-26,132.62792523247407
2005-09-27,123.40671231697873
2005-09-28,111.44001952883106
2005-09-29,101.07689077687643
2005-09-30,91.10342996787192
2005-10-01,124.140625
2005-10-02,113.4296875
2005-10-03,105.453125
2005-10-04,108.71875
2005-10-05,139.5390625
2005-10-06,180.40625
2005-10-07,183.328125
2005-10-08,170.7890625
2005-10-09,156.4609375
2005-10-10,142.9765625
2005-10-11,130.4765625
2005-10-12,119.0
2005-10-13,108.4921875
2005-10-14,98.59375
2005-10-15,89.8671875
2005-10-16,83.7109375
2005-10-17,77.3984375
2005-10-18,70.1484375
2005-10-19,63.2734375
2005-10-20,56.8984375
2005-10-21,51.015625
2005-10-22,45.6015625
2005-10-23,40.6328125
2005-10-24,36.09375
2005-10-25,31.890625
2005-10-26,28.0
2005-10-27,24.4140625
2005-10-28,21.1328125
2005-10-29,18.1484375
2005-10-30,15.4296875
2005-10-31,12.96875
2005-11-01,10.7578125
2005-11-02,8.8125
2005-11-03,7.1171875
2005-11-04,5.671875
2005-11-05,4.4453125
2005-11-06,3.4375
2005-11-07,2.6328125
2005-11-08,2.0078125
2005-11-09,1.546875
2005-11-10,1.203125
2005-11-11,0.9453125
2005-11-12,0.7578125
2005-11-13,0.609375
2005-11-14,0.5
2005-11-15,0.4140625
2005-11-16,0.3515625
2005-11-17,0.3046875
2005-11-18,0.2578125
2005-11-19,0.2265625
2005-11-20,0.1953125
2005-11-21,0.171875
2005-11-22,0.1484375
2005-11-23,0.1328125
2005-11-24,0.11718750000000001
2005-11-25,0.109375
2005-11-26,0.09375
2005-11-27,0.078125
2005-11-28,0.0703125
2005-11-29,0.06249999999999999
2005-11-30,0.05468749999999999
2005-12-01,0.046875
2005-12-02,0.0390625
2005-12-03,0.03125
2005-12-04,0.03125
2005-12-05,0.03125
2005-12-06,0.03125
2005-12-07,0.015625
2005-12-08,0.015625
2005-12-09,0.015625
2005-12-10,0.015625
2005-12-11,0.015625
2005-12-12,0.015625
2005-12-13,0.015625
2005-12-14,0.015625
2005-12-15,0.0
2005-12-16,0.0
2005-12-17,0.0
2005-12-18,0.0
2005-12-19,0.0
2005-12-20,0.0
2005-12-21,0.0
2005-12-22,0.0
2005-12-23,0.0
2005-12-24,0.0
2005-12-25,0.0
2005-12-26,0.0
2005-12-27,0.0
2005-12-28,0.0
2005-12-29,0.0
2005-12-30,0.0
2005-12-31,0.0
2006-01-01,0.0
2006-01-02,0.0
2006-01-03,0.0
2006-01-04,0.0
2006-01-05,0.0
2006-01-06,0.0
2006-01-07,0.0
2006-01-08,0.0
2006-01-09,0.0
2006-01-10,0.0
2006-01-11,0.0
2006-01-12,0.0
2006-01-13,0.0
2006-01-14,0.0
2006-01-15,0.0
2006-01-16,0.0
2006-01-17,0.0
2006-01-18,0.0
2006-01-19,0.0
2006-01-20,0.0
2006-01-21,0.0
2006-01-22,0.0
2006-01-23,0.0
2006-01-24,0.0
2006-01-25,0.0
2006-01-26,0.0
2006-01-27,0.0
2006-01-28,0.0
2006-01-29,0.0
2006-01-30,0.0
2006-01-31,0.0
2006-02-01,0.0
2006-02-02,0.0
2006-02-03,0.0
2006-02-04,0.0
2006-02-05,0.0
2006-02-06,0.0
2006-02-07,0.0
2006-02-08,0.0
2006-02-09,0.0
2006-02-10,0.0
2006-02-11,0.0
2006-02-12,0.0
2006-02-13,0.0
2006-02-14,0.0
2006-02-15,0.0
2006-02-16,0.0
2006-02-17,0.0
2006-02-18,0.0
2006-02-19,0.0
2006-02-20,0.0
2006-02-21,0.0
2006-02-22,0.0
2006-02-23,0.0
2006-02-24,0.0
2006-02-25,0.0
2006-02-26,0.0
2006-02-27,0.0
2006-02-28,0.0
2006-03-01,0.0
2006-03-02,0.0
2006-03-03,0.0
2006-03-04,0.0
2006-03-05,0.0
2006-03-06,0.0
2006-03-07,0.0
2006-03-08,0.0
2006-03-09,0.0
2006-03-10,0.0
2006-03-11,0.0
2006-03-12,0.0
2006-03-13,0.0
2006-03-14,0.0
2006-03-15,0.0
2006-03-16,0.0
2006-03-17,0.0
2006-03-18,0.0
2006-03-19,0.0
2006-03-20,0.0
2006-03-21,0.0
2006-03-22,0.0
2006-03-23,0.0
2006-03-24,0.0
2006-03-25,0.0
2006-03-26,0.0
2006-03-27,0.0
2006-03-28,0.0
2006-03-29,0.0
2006-03-30,0.0
2006-03-31,0.0
2006-04-01,0.0
2006-04-02,0.0
2006-04-03,0.0
2006-04-04,0.0
2006-04-05,0.0
2006-04-06,0.0
2006-04-07,0.0
2006-04-08,0.0
2006-04-09,0.0
2006-04-10,0.0
2006-04-11,0.0
2006-04-12,0.0
2006-04-13,0.0
2006-04-14,0.0
2006-04-15,0.0
2006-04-16,0.0
2006-04-17,0.0
2006-04-18,0.0
2006-04-19,0.0
2006-04-20,0.0
2006-04-21,0.0
2006-04-22,0.0
2006-04-23,0.0
2006-04-24,0.0
2006-04-25,0.0
2006-04-26,0.0
2006-04-27,0.0
2006-04-28,0.0
2006-04-29,0.0
2006-04-30,0.0
2006-05-01,0.7752499999999999
2006-05-02,0.77525
2006-05-03,0.7752500000000001
2006-05-04,0.7752499999999999
2006-05-05,0.7752500000000001
2006-05-06,0.77525
2006-05-07,0.77525
2006-05-08,0.7752499999999999
2006-05-09,0.77525
2006-05-10,0.7752500000000001
2006-05-11,0.77525
2006-05-12,3.2487500000000007
2006-05-13,10.655000000000001
2006-05-14,2.390314136125655
2006-05-15,1.7421701030927836
2006-05-16,2.2768627787307034
2006-05-17,1.9835478901540537
2006-05-18,2.3785545947880022
2006-05-19,2.2371427892046123
2006-05-20,7.55723914230313
2006-05-21,7.882085369899366
2006-05-22,6.172907765054412
2006-05-23,10.461639373442505
2006-05-24,15.933953839720504
2006-05-25,27.619168743619003
2006-05-26,118.42945272340499
2006-05-27,308.90064102344775
2006-05-28,829.3163647056033
2006-05-29,946.1912569327222
2006-05-30,968.3488289105329
2006-05-31,772.2828883068124
2006-06-01,1067.6003943787132
2006-06-02,1247.4885441748731
2006-06-03,1270.2002945398447
2006-06-04,1100.488377671237
2006-06-05,1008.5991808854461
2006-06-06,1030.733482454315
2006-06-07,1075.0612880690612
2006-06-08,1180.5906320090858
2006-06-09,1415.3089932785433
2006-06-10,1456.660845626341
2006-06-11,1203.0498385075675
2006-06-12,1028.4589630890557
2006-06-13,959.3641120585795
2006-06-14,974.3866522658686
2006-06-15,1022.116874062453
2006-06-16,962.4811049618193
2006-06-17,904.4092111116232
2006-06-18,733.7720448706242
2006-06-19,628.4464332386685
2006-06-20,504.0657736968166
2006-06-21,420.4984387902355
2006-06-22,355.2101306124236
2006-06-23,348.4167913021128
2006-06-24,384.34793687450156
2006-06-25,355.5428090022243
2006-06-26,343.94391653392285
2006-06-27,394.3989748302709
2006-06-28,438.5952422194366
2006-06-29,473.62733053836195
2006-06-30,431.5147765871177
2006-07-01,377.61844896697744
2006-07-02,353.11585561924585
2006-07-03,306.4176908443308
2006-07-04,255.2135194292388
2006-07-05,227.7556033606002
2006-07-06,191.21514432070742
2006-07-07,150.80114517315258
2006-07-08,139.26041740569943
2006-07-09,135.60284889448792
2006-07-10,133.44535885857613
2006-07-11,129.10062175267387
2006-07-12,121.04232106801827
2006-07-13,80.63828243769595
2006-07-14,75.00623538724457
2006-07-15,71.2468657210694
2006-07-16,73.73321499677296
2006-07-17,75.25439756142175
2006-07-18,103.15701116596259
2006-07-19,104.42383413963009
2006-07-20,107.61892785557743
2006-07-21,104.7061981247259
2006-07-22,109.43110519915184
2006-07-23,116.02349265202932
2006-07-24,150.17522290151834
2006-07-25,161.37601662063506
2006-07-26,161.0643258810478
2006-07-27,158.78064716694593
2006-07-28,151.2619550767006
2006-07-29,136.7324875099127
2006-07-30,122.24254092705853
2006-07-31,116.0169310517217
2006-08-01,117.23205178833987
2006-08-02,114.9818565244251
2006-08-03,115.48467522936357
2006-08-04,126.71005398756883
2006-08-05,129.56205652808777
2006-08-06,129.24865569227308
2006-08-07,126.98967842584807
2006-08-08,120.70460840309212
2006-08-09,112.3590547372504
2006-08-10,114.27552693318192
2006-08-11,105.42949621646272
2006-08-12,96.29539368237171
2006-08-13,87.59093760725925
2006-08-14,83.52885583329652
2006-08-15,72.95365239161869
2006-08-16,73.5675171517016
2006-08-17,98.09459118576237
2006-08-18,108.14860476039081
2006-08-19,124.26415238962299
2006-08-20,163.67423585541215
2006-08-21,230.9338085830375
2006-08-22,389.30470718922726
2006-08-23,322.91126227908006
2006-08-24,306.43912450469503
2006-08-25,295.90236554902685
2006-08-26,298.4264937471471
2006-08-27,249.89600442854487
2006-08-28,245.4270639766884
2006-08-29,216.58992601532256
2006-08-30,193.5018555536709
2006-08-31,165.07554294225656
2006-09-01,150.4250089622242
2006-09-02,148.568035983569
2006-09-03,141.0958228419032
2006-09-04,137.4007217972289
2006-09-05,177.90864441321898
2006-09-06,255.9701041216904
2006-09-07,311.97750163181337
2006-09-08,289.2798878797714
2006-09-09,242.98267180053801
2006-09-10,231.71119595559347
2006-09-11,229.90503607972278
2006-09-12,222.59257155162646
2006-09-13,221.30869316308207
2006-09-14,197.56188218555542
2006-09-15,185.8601947046888
2006-09-16,168.74602197109616
2006-09-17,154.00989439931465
2006-09-18,146.2700742502837
2006-09-19,143.83868164117982
2006-09-20,138.5599211914213
2006-09-21,127.77348952050141
2006-09-22,117.00624731155611
2006-09-23,95.52743912288192
2006-09-24,89.32826394471854
2006-09-25,83.79070371532879
2006-09-26,81.33880260567726
2006-09-27,76.12948516284041
2006-09-28,70.68234898472825
2006-09-29,62.553090357715426
2006-09-30,58.849645558213425
2006-10-01,80.3359375
2006-10-02,72.765625
2006-10-03,65.7109375
2006-10-04,59.1640625
2006-10-05,53.1015625
2006-10-06,47.5078125
2006-10-07,42.3515625
2006-10-08,37.578125
2006-10-09,33.1171875
2006-10-10,28.9296875
2006-10-11,25.140625
2006-10-12,21.7421875
2006-10-13,18.59375
2006-10-14,15.671875
2006-10-15,13.0234375
2006-10-16,10.65625
2006-10-17,8.578125
2006-10-18,6.8203125
2006-10-19,5.34375
2006-10-20,4.1640625
2006-10-21,3.2265625
2006-10-22,2.4921875
2006-10-23,1.9375
2006-10-24,1.5234375
2006-10-25,1.2109375
2006-10-26,0.9765625
2006-10-27,0.796875
2006-10-28,0.6484375
2006-10-29,0.5390625
2006-10-30,0.453125
2006-10-31,0.3828125
2006-11-01,0.3203125
2006-11-02,0.2734375
2006-11-03,0.2421875
2006-11-04,0.2109375
2006-11-05,0.1875
2006-11-06,0.1640625
2006-11-07,0.140625
2006-11-08,0.125
2006-11-09,0.109375
2006-11-10,0.09375
2006-11-11,0.0859375
2006-11-12,0.078125
2006-11-13,0.0703125
2006-11-14,0.06249999999999999
2006-11-15,0.05468749999999999
2006-11-16,0.046875
2006-11-17,0.046875
2006-11-18,0.0390625
2006-11-19,0.03125
2006-11-20,0.03125
2006-11-21,0.0234375
2006-11-22,0.0234375
2006-11-23,0.0234375
2006-11-24,0.015625
2006-11-25,0.015625
2006-11-26,0.015625
2006-11-27,0.0
2006-11-28,0.0
2006-11-29,0.0
2006-11-30,0.0
2006-12-01,0.0
2006-12-02,0.0
2006-12-03,0.0
2006-12-04,0.0
2006-12-05,0.0
2006-12-06,0.0
2006-12-07,0.0
2006-12-08,0.0
2006-12-09,0.0
2006-12-10,0.0
2006-12-11,0.0
2006-12-12,0.0
2006-12-13,0.0
2006-12-14,0.0
2006-12-15,0.0
2006-12-16,0.0
2006-12-17,0.0
2006-12-18,0.0
2006-12-19,0.0
2006-12-20,0.0
2006-12-21,0.0
2006-12-22,0.0
2006-12-23,0.0
2006-12-24,0.0
2006-12-25,0.0
2006-12-26,0.0
2006-12-27,0.0
2006-12-28,0.0
2006-12-29,0.0
2006-12-30,0.0
2006-12-31,0.0
2007-01-01,0.0
2007-01-02,0.0
2007-01-03,0.0
2007-01-04,0.0
2007-01-05,0.0
2007-01-06,0.0
2007-01-07,0.0
2007-01-08,0.0
2007-01-09,0.0
2007-01-10,0.0
2007-01-11,0.0
2007-01-12,0.0
2007-01-13,0.0
2007-01-14,0.0
2007-01-15,0.0
2007-01-16,0.0
2007-01-17,0.0
2007-01-18,0.0
2007-01-19,0.0
2007-01-20,0.0
2007-01-21,0.0
2007-01-22,0.0
2007-01-23,0.0
2007-01-24,0.0
2007-01-25,0.0
2007-01-26,0.0
2007-01-27,0.0
2007-01-28,0.0
2007-01-29,0.0
2007-01-30,0.0
2007-01-31,0.0
2007-02-01,0.0
2007-02-02,0.0
2007-02-03,0.0
2007-02-04,0.0
2007-02-05,0.0
2007-02-06,0.0
2007-02-07,0.0
2007-02-08,0.0
2007-02-09,0.0
2007-02-10,0.0
2007-02-11,0.0
2007-02-12,0.0
2007-02-13,0.0
2007-02-14,0.0
2007-02-15,0.0
2007-02-16,0.0
2007-02-17,0.0
2007-02-18,0.0
2007-02-19,0.0
2007-02-20,0.0
2007-02-21,0.0
2007-02-22,0.0
2007-02-23,0.0
2007-02-24,0.0
2007-02-25,0.0
2007-02-26,0.0
2007-02-27,0.0
2007-02-28,0.0
2007-03-01,0.0
2007-03-02,0.0
2007-03-03,0.0
2007-03-04,0.0
2007-03-05,0.0
2007-03-06,0.0
2007-03-07,0.0
2007-03-08,0.0
2007-03-09,0.0
2007-03-10,0.0
2007-03-11,0.0
2007-03-12,0.0
2007-03-13,0.0
2007-03-14,0.0
2007-03-15,0.0
2007-03-16,0.0
2007-03-17,0.0
2007-03-18,0.0
2007-03-19,0.0
2007-03-20,0.0
2007-03-21,0.0
2007-03-22,0.0
2007-03-23,0.0
2007-03-24,0.0
2007-03-25,0.0
2007-03-26,0.0
2007-03-27,0.0
2007-03-28,0.0
2007-03-29,0.0
2007-03-30,0.0
2007-03-31,0.0
2007-04-01,0.0
2007-04-02,0.0
2007-04-03,0.0
2007-04-04,0.0
2007-04-05,0.0
2007-04-06,0.0
2007-04-07,0.0
2007-04-08,0.0
2007-04-09,0.0
2007-04-10,0.0
2007-04-11,0.0
2007-04-12,0.0
2007-04-13,0.0
2007-04-14,0.0
2007-04-15,0.0
2007-04-16,0.0
2007-04-17,0.0
2007-04-18,0.0
2007-04-19,0.0
2007-04-20,0.0
2007-04-21,0.0
2007-04-22,0.0
2007-04-23,0.0
2007-04-24,0.0
2007-04-25,0.0
2007-04-26,0.0
2007-04-27,0.0
2007-04-28,0.0
2007-04-29,0.0
2007-04-30,0.0
2007-05-01,0.7752499999999999
2007-05-02,0.7752499999999999
2007-05-03,0.7752500000000001
2007-05-04,0.7752499999999999
2007-05-05,0.7752500000000001
2007-05-06,3.229156250000001
2007-05-07,4.32085427135679
2007-05-08,10.019346733668355
2007-05-09,14.089698492462329
2007-05-10,18.1600502512563
2007-05-11,18.974120603015095
2007-05-12,1.8805721649484544
2007-05-13,2.373518010291596
2007-05-14,2.399267495916573
2007-05-15,3.2405792184947875
2007-05-16,2.0442194475528597
2007-05-17,2.204584441257413
2007-05-18,3.438097129477061
2007-05-19,3.8424095655935195
2007-05-20,14.015788732394368
2007-05-21,15.735701980087258
2007-05-22,17.870808993879983
2007-05-23,21.489596703325574
2007-05-24,28.84903084344395
2007-05-25,105.30095279577495
2007-05-26,294.7571649228919
2007-05-27,704.768374152668
2007-05-28,1340.1930613063753
2007-05-29,1825.3820019812897
2007-05-30,2046.3311294565656
2007-05-31,2078.7946494381567
2007-06-01,2207.0921244661836
2007-06-02,2033.4992711316388
2007-06-03,1709.6179356424925
2007-06-04,1717.9679590252606
2007-06-05,1732.378626526847
2007-06-06,1361.6205810561103
2007-06-07,1181.6485979122551
2007-06-08,1037.605402301233
2007-06-09,915.9057444218578
2007-06-10,756.5202684903493
2007-06-11,659.7903476472574
2007-06-12,567.5216505462106
2007-06-13,524.29662323757
2007-06-14,495.0101997896124
2007-06-15,426.0481690906263
2007-06-16,375.13223887726315
2007-06-17,305.9640650105448
2007-06-18,242.15939563082037
2007-06-19,186.6783587239159
2007-06-20,171.41545565330264
2007-06-21,146.045889906191
2007-06-22,134.71465373444124
2007-06-23,121.89782020284055
2007-06-24,110.70299732728903
2007-06-25,25.22567960845783
2007-06-26,22.54102280044415
2007-06-27,23.106342759550316
2007-06-28,21.418664096492428
2007-06-29,19.52856339447245
2007-06-30,19.078604196016187
2007-07-01,19.36608819063651
2007-07-02,108.83334935093599
2007-07-03,130.07525041357175
2007-07-04,135.4877413577466
2007-07-05,127.07597368516673
2007-07-06,89.8499146488163
2007-07-07,84.39156241419421
2007-07-08,76.30669325724669
2007-07-09,75.00495135353113
2007-07-10,74.44557792917612
2007-07-11,68.87080493391818
2007-07-12,61.99129826796257
2007-07-13,56.161901859948216
2007-07-14,51.263589600436156
2007-07-15,47.983505464220165
2007-07-16,50.931412383223595
2007-07-17,58.154308885239566
2007-07-18,62.05098702561296
2007-07-19,68.68150697604496
2007-07-20,106.70603423452202
2007-07-21,115.51882266208112
2007-07-22,136.45111862294354
2007-07-23,195.75413226712942
2007-07-24,279.9626144811933
2007-07-25,333.90797557401
2007-07-26,278.46552744741206
2007-07-27,254.8747316188263
2007-07-28,251.461665029056
2007-07-29,243.83559087357264
2007-07-30,222.47666046363415
2007-07-31,205.956907628495
2007-08-01,190.7037618135453
2007-08-02,181.23790331777104
2007-08-03,164.29621410462002
2007-08-04,141.3530285441008
2007-08-05,127.58554663768858
2007-08-06,115.0750163778973
2007-08-07,103.0583003386565
2007-08-08,101.0869329083704
2007-08-09,94.36559190506397
2007-08-10,84.093290422664
2007-08-11,77.15005540586756
2007-08-12,74.26923258587871
2007-08-13,78.6537006342572
2007-08-14,87.563983415266
2007-08-15,88.9593474370937
2007-08-16,88.96415879547367
2007-08-17,89.38975350424872
2007-08-18,106.01682228840171
2007-08-19,134.4969976925737
2007-08-20,142.86949047942412
2007-08-21,131.60885256014805
2007-08-22,119.89137414214719
2007-08-23,103.73632735435163
2007-08-24,110.67482716392293
2007-08-25,128.56172847752273
2007-08-26,149.19070466717662
2007-08-27,148.76638579526275
2007-08-28,147.05376720965012
2007-08-29,142.313602342503
2007-08-30,132.2773001568021
2007-08-31,122.55231289208457
2007-09-01,118.50745056009941
2007-09-02,115.68406179121062
2007-09-03,120.7486258455352
2007-09-04,140.9492822497873
2007-09-05,176.40087284320583
2007-09-06,189.76925356218317
2007-09-07,199.28661247095852
2007-09-08,199.84467154304124
2007-09-09,230.49388550781637
2007-09-10,303.26357988520414
2007-09-11,399.95649962015204
2007-09-12,287.10326945853603
2007-09-13,255.1555187817117
2007-09-14,247.85913502709155
2007-09-15,241.74008267940545
2007-09-16,237.50463673220008
2007-09-17,199.60987199878383
2007-09-18,186.9569046017825
2007-09-19,177.81951162835117
2007-09-20,163.26819437512228
2007-09-21,145.00895497098315
2007-09-22,152.61224131783487
2007-09-23,178.54465308699062
2007-09-24,172.6983170507768
2007-09-25,163.79288884039462
2007-09-26,156.47622770409802
2007-09-27,147.00342671993778
2007-09-28,139.72461880051085
2007-09-29,130.921130400466
2007-09-30,121.5677370189237
2007-10-01,168.6953125
2007-10-02,152.9453125
2007-10-03,138.7578125
2007-10-04,126.1640625
2007-10-05,114.953125
2007-10-06,104.7265625
2007-10-07,95.640625
2007-10-08,88.5859375
2007-10-09,81.171875
2007-10-10,73.4453125
2007-10-11,66.296875
2007-10-12,59.6640625
2007-10-13,53.4609375
2007-10-14,47.71875
2007-10-15,42.4296875
2007-10-16,37.609375
2007-10-17,33.25
2007-10-18,29.2421875
2007-10-19,25.546875
2007-10-20,22.1796875
2007-10-21,19.1015625
2007-10-22,16.28125
2007-10-23,13.71875
2007-10-24,11.40625
2007-10-25,9.375
2007-10-26,7.609375
2007-10-27,6.1015625
2007-10-28,4.8515625
2007-10-29,3.828125
2007-10-30,3.015625
2007-10-31,2.375
2007-11-01,1.8984375
2007-11-02,1.53125
2007-11-03,1.25
2007-11-04,1.0234375
2007-11-05,0.8515625
2007-11-06,0.703125
2007-11-07,0.5859375
2007-11-08,0.5
2007-11-09,0.421875
2007-11-10,0.3671875
2007-11-11,0.3203125
2007-11-12,0.2734375
2007-11-13,0.2421875
2007-11-14,0.2109375
2007-11-15,0.1796875
2007-11-16,0.15625
2007-11-17,0.140625
2007-11-18,0.125
2007-11-19,0.109375
2007-11-20,0.09375
2007-11-21,0.0859375
2007-11-22,0.078125
2007-11-23,0.06249999999999999
2007-11-24,0.06249999999999999
2007-11-25,0.046875
2007-11-26,0.046875
2007-11-27,0.046875
2007-11-28,0.03125
2007-11-29,0.03125
2007-11-30,0.015625
2007-12-01,0.015625
2007-12-02,0.015625
2007-12-03,0.015625
2007-12-04,0.015625
2007-12-05,0.0
2007-12-06,0.0
2007-12-07,0.0
2007-12-08,0.0
2007-12-09,0.0
2007-12-10,0.0
2007-12-11,0.0
2007-12-12,0.0
2007-12-13,0.0
2007-12-14,0.0
2007-12-15,0.0
2007-12-16,0.0
2007-12-17,0.0
2007-12-18,0.0
2007-12-19,0.0
2007-12-20,0.0
2007-12-21,0.0
2007-12-22,0.0
2007-12-23,0.0
2007-12-24,0.0
2007-12-25,0.0
2007-12-26,0.0
2007-12-27,0.0
2007-12-28,0.0
2007-12-29,0.0
2007-12-30,0.0
2007-12-31,0.0
2008-01-01,0.0
2008-01-02,0.0
2008-01-03,0.0
2008-01-04,0.0
2008-01-05,0.0
2008-01-06,0.0
2008-01-07,0.0
2008-01-08,0.0
2008-01-09,0.0
2008-01-10,0.0
2008-01-11,0.0
2008-01-12,0.0
2008-01-13,0.0
2008-01-14,0.0
2008-01-15,0.0
2008-01-16,0.0
2008-01-17,0.0
2008-01-18,0.0
2008-01-19,0.0
2008-01-20,0.0
2008-01-21,0.0
2008-01-22,0.0
2008-01-23,0.0
2008-01-24,0.0
2008-01-25,0.0
2008-01-26,0.0
2008-01-27,0.0
2008-01-28,0.0
2008-01-29,0.0
2008-01-30,0.0
2008-01-31,0.0
2008-02-01,0.0
2008-02-02,0.0
2008-02-03,0.0
2008-02-04,0.0
2008-02-05,0.0
2008-02-06,0.0
2008-02-07,0.0
2008-02-08,0.0
2008-02-09,0.0
2008-02-10,0.0
2008-02-11,0.0
2008-02-12,0.0
2008-02-13,0.0
2008-02-14,0.0
2008-02-15,0.0
2008-02-16,0.0
2008-02-17,0.0
2008-02-18,0.0
2008-02-19,0.0
2008-02-20,0.0
2008-02-21,0.0
2008-02-22,0.0
2008-02-23,0.0
2008-02-24,0.0
2008-02-25,0.0
2008-02-26,0.0
2008-02-27,0.0
2008-02-28,0.0
2008-02-29,0.0
2008-03-01,0.0
2008-03-02,0.0
2008-03-03,0.0
2008-03-04,0.0
2008-03-05,0.0
2008-03-06,0.0
2008-03-07,0.0
2008-03-08,0.0
2008-03-09,0.0
2008-03-10,0.0
2008-03-11,0.0
2008-03-12,0.0
2008-03-13,0.0
2008-03-14,0.0
2008-03-15,0.0
2008-03-16,0.0
2008-03-17,0.0
2008-03-18,0.0
2008-03-19,0.0
2008-03-20,0.0
2008-03-21,0.0
2008-03-22,0.0
2008-03-23,0.0
2008-03-24,0.0
2008-03-25,0.0
2008-03-26,0.0
2008-03-27,0.0
2008-03-28,0.0
2008-03-29,0.0
2008-03-30,0.0
2008-03-31,0.0
2008-04-01,0.0
2008-04-02,0.0
2008-04-03,0.0
2008-04-04,0.0
2008-04-05,0.0
2008-04-06,0.0
2008-04-07,0.0
2008-04-08,0.0
2008-04-09,0.0
2008-04-10,0.0
2008-04-11,0.0
2008-04-12,0.0
2008-04-13,0.0
2008-04-14,0.0
2008-04-15,0.0
2008-04-16,0.0
2008-04-17,0.0
2008-04-18,0.0
2008-04-19,0.0
2008-04-20,0.0
2008-04-21,0.0
2008-04-22,0.0
2008-04-23,0.0
2008-04-24,0.0
2008-04-25,0.0
2008-04-26,0.0
2008-04-27,0.0
2008-04-28,0.0
2008-04-29,0.0
2008-04-30,0.0
2008-05-01,0.77525
2008-05-02,0.7752500000000002
2008-05-03,0.77525
2008-05-04,0.7752500000000001
2008-05-05,0.7752499999999999
2008-05-06,0.77525
2008-05-07,0.7752499999999999
2008-05-08,0.77525
2008-05-09,0.7752500000000001
2008-05-10,0.7752500000000001
2008-05-11,0.78
2008-05-12,0.7799999999999999
2008-05-13,0.7799999999999999
2008-05-14,0.7799999999999999
2008-05-15,1.3301047120418847
2008-05-16,2.3410329171396156
2008-05-17,2.947130901894261
2008-05-18,1.3556542622755905
2008-05-19,6.254833582863067
2008-05-20,10.685822825735546
2008-05-21,9.516249261254996
2008-05-22,7.9013444983252485
2008-05-23,14.88281179879311
2008-05-24,23.198550858543815
2008-05-25,43.56744463601802
2008-05-26,92.30878737590483
2008-05-27,101.30503037340587
2008-05-28,136.10973593208047
2008-05-29,165.68054904114385
2008-05-30,348.01685439075703
2008-05-31,609.751304645866
2008-06-01,1183.5697624724723
2008-06-02,1977.6729111122593
2008-06-03,2003.2206190282152
2008-06-04,1366.5743816942938
2008-06-05,1153.5766860113588
2008-06-06,1015.3049813344635
2008-06-07,881.4570316692647
2008-06-08,751.2189507371785
2008-06-09,659.8571209846156
2008-06-10,582.834763869067
2008-06-11,544.8687482848723
2008-06-12,513.8962079445117
2008-06-13,487.07180027642846
2008-06-14,438.6408642214225
2008-06-15,395.0809071058138
2008-06-16,322.4726940351445
2008-06-17,251.84029832257315
2008-06-18,232.55312202397866
2008-06-19,218.787984948523
2008-06-20,171.02554629845767
2008-06-21,167.11892652577524
2008-06-22,182.76600133864443
2008-06-23,156.57892013747735
2008-06-24,146.23381524836878
2008-06-25,139.89772381893133
2008-06-26,140.95234923223072
2008-06-27,132.67313667143404
2008-06-28,23.224297808433587
2008-06-29,23.349502915633852
2008-06-30,123.58628266141972
2008-07-01,124.84315811215396
2008-07-02,120.46307184114079
2008-07-03,135.68077901747304
2008-07-04,175.1512637385638
2008-07-05,220.03286740225565
2008-07-06,213.87406876665102
2008-07-07,184.90270338501793
2008-07-08,181.20346361693407
2008-07-09,221.0825258230335
2008-07-10,213.0281934976259
2008-07-11,193.52776279240484
2008-07-12,183.71259785481186
2008-07-13,164.09288074870636
2008-07-14,159.06306879362262
2008-07-15,158.68895823097506
2008-07-16,152.90831549441052
2008-07-17,145.46197454502445
2008-07-18,132.24366999811076
2008-07-19,116.56744241958869
2008-07-20,115.30086550731602
2008-07-21,113.72656733734962
2008-07-22,106.5192636244186
2008-07-23,103.84607290055776
2008-07-24,101.20671928261257
2008-07-25,109.4910245648122
2008-07-26,117.50256240548154
2008-07-27,124.05737573074396
2008-07-28,117.14488695657887
2008-07-29,112.31619452292632
2008-07-30,113.088485026503
2008-07-31,121.86489610472366
2008-08-01,136.5844512986738
2008-08-02,193.24058759790995
2008-08-03,263.95563724779856
2008-08-04,259.7353654324288
2008-08-05,255.35718410527878
2008-08-06,223.66881284987724
2008-08-07,197.91089786301686
2008-08-08,178.07915711331506
2008-08-09,172.89210463210145
2008-08-10,180.57719449620967
2008-08-11,185.30859876708564
2008-08-12,176.12746607786391
2008-08-13,157.41233449925167
2008-08-14,141.83239162222014
2008-08-15,129.49030683319754
2008-08-16,108.11518802817116
2008-08-17,97.13612448467205
2008-08-18,85.0626779867689
2008-08-19,73.88177749611854
2008-08-20,70.62549732299841
2008-08-21,67.39770437452981
2008-08-22,63.11242958925098
2008-08-23,60.67757467966024
2008-08-24,58.33120086160475
2008-08-25,55.624500703432105
2008-08-26,57.95682835693511
2008-08-27,60.67512008851056
2008-08-28,58.57482038348414
2008-08-29,56.167022474317825
2008-08-30,62.35058885888559
2008-08-31,69.17978900406885
2008-09-01,73.56489193205837
2008-09-02,70.3278291626891
2008-09-03,69.21403376063162
2008-09-04,74.80329411826716
2008-09-05,75.00299293852629
2008-09-06,63.05818163683108
2008-09-07,86.26706194325733
2008-09-08,134.56596983808842
2008-09-09,149.53080002838655
2008-09-10,141.06066249988518
2008-09-11,125.27756363030082
2008-09-12,116.27657408181231
2008-09-13,113.27879446322225
2008-09-14,103.9281167667684
2008-09-15,97.15196620700955
2008-09-16,92.18218454541851
2008-09-17,102.86670473295639
2008-09-18,124.10407079102599
2008-09-19,128.13527478215985
2008-09-20,119.83305755539396
2008-09-21,103.2015612520491
2008-09-22,93.1000258226751
2008-09-23,88.59495837175372
2008-09-24,86.46544378742422
2008-09-25,81.91500812277398
2008-09-26,77.59661343740254
2008-09-27,71.20795152058663
2008-09-28,65.72139048819366
2008-09-29,61.39144258493452
2008-09-30,54.6741792905541
2008-10-01,70.234375
2008-10-02,63.3515625
2008-10-03,57.0546875
2008-10-04,51.21875
2008-10-05,45.7734375
2008-10-06,40.7421875
2008-10-07,36.078125
2008-10-08,31.78125
2008-10-09,27.8125
2008-10-10,24.1640625
2008-10-11,20.8359375
2008-10-12,17.796875
2008-10-13,14.984375
2008-10-14,12.4296875
2008-10-15,10.140625
2008-10-16,8.125
2008-10-17,6.4140625
2008-10-18,5.0078125
2008-10-19,3.90625
2008-10-20,3.0546875
2008-10-21,2.40625
2008-10-22,1.90625
2008-10-23,1.515625
2008-10-24,1.203125
2008-10-25,0.96875
2008-10-26,0.78125
2008-10-27,0.6484375
2008-10-28,0.53125
2008-10-29,0.4375
2008-10-30,0.3671875
2008-10-31,0.3125
2008-11-01,0.265625
2008-11-02,0.2265625
2008-11-03,0.1953125
2008-11-04,0.171875
2008-11-05,0.1484375
2008-11-06,0.125
2008-11-07,0.109375
2008-11-08,0.1015625
2008-11-09,0.09375
2008-11-10,0.078125
2008-11-11,0.0703125
2008-11-12,0.06249999999999999
2008-11-13,0.05468749999999999
2008-11-14,0.046875
2008-11-15,0.046875
2008-11-16,0.0390625
2008-11-17,0.0390625
2008-11-18,0.03125
2008-11-19,0.03125
2008-11-20,0.0234375
2008-11-21,0.0234375
2008-11-22,0.015625
2008-11-23,0.015625
2008-11-24,0.015625
2008-11-25,0.015625
2008-11-26,0.015625
2008-11-27,0.015625
2008-11-28,0.015625
2008-11-29,0.015625
2008-11-30,0.015625
2008-12-01,0.015625
2008-12-02,0.015625
2008-12-03,0.0
2008-12-04,0.0
2008-12-05,0.0
2008-12-06,0.0
2008-12-07,0.0
2008-12-08,0.0
2008-12-09,0.0
2008-12-10,0.0
2008-12-11,0.0
2008-12-12,0.0
2008-12-13,0.0
2008-12-14,0.0
2008-12-15,0.0
2008-12-16,0.0
2008-12-17,0.0
2008-12-18,0.0
2008-12-19,0.0
2008-12-20,0.0
2008-12-21,0.0
2008-12-22,0.0
2008-12-23,0.0
2008-12-24,0.0
2008-12-25,0.0
2008-12-26,0.0
2008-12-27,0.0
2008-12-28,0.0
2008-12-29,0.0
2008-12-30,0.0
2008-12-31,0.0
2009-01-01,0.0
2009-01-02,0.0
2009-01-03,0.0
2009-01-04,0.0
2009-01-05,0.0
2009-01-06,0.0
2009-01-07,0.0
2009-01-08,0.0
2009-01-09,0.0
2009-01-10,0.0
2009-01-11,0.0
2009-01-12,0.0
2009-01-13,0.0
2009-01-14,0.0
2009-01-15,0.0
2009-01-16,0.0
2009-01-17,0.0
2009-01-18,0.0
2009-01-19,0.0
2009-01-20,0.0
2009-01-21,0.0
2009-01-22,0.0
2009-01-23,0.0
2009-01-24,0.0
2009-01-25,0.0
2009-01-26,0.0
2009-01-27,0.0
2009-01-28,0.0
2009-01-29,0.0
2009-01-30,0.0
2009-01-31,0.0
2009-02-01,0.0
2009-02-02,0.0
2009-02-03,0.0
2009-02-04,0.0
2009-02-05,0.0
2009-02-06,0.0
2009-02-07,0.0
2009-02-08,0.0
2009-02-09,0.0
2009-02-10,0.0
2009-02-11,0.0
2009-02-12,0.0
2009-02-13,0.0
2009-02-14,0.0
2009-02-15,0.0
2009-02-16,0.0
2009-02-17,0.0
2009-02-18,0.0
2009-02-19,0.0
2009-02-20,0.0
2009-02-21,0.0
2009-02-22,0.0
2009-02-23,0.0
2009-02-24,0.0
2009-02-25,0.0
2009-02-26,0.0
2009-02-27,0.0
2009-02-28,0.0
2009-03-01,0.0
2009-03-02,0.0
2009-03-03,0.0
2009-03-04,0.0
2009-03-05,0.0
2009-03-06,0.0
2009-03-07,0.0
2009-03-08,0.0
2009-03-09,0.0
2009-03-10,0.0
2009-03-11,0.0
2009-03-12,0.0
2009-03-13,0.0
2009-03-14,0.0
2009-03-15,0.0
2009-03-16,0.0
2009-03-17,0.0
2009-03-18,0.0
2009-03-19,0.0
2009-03-20,0.0
2009-03-21,0.0
2009-03-22,0.0
2009-03-23,0.0
2009-03-24,0.0
2009-03-25,0.0
2009-03-26,0.0
2009-03-27,0.0
2009-03-28,0.0
2009-03-29,0.0
2009-03-30,0.0
2009-03-31,0.0
2009-04-01,0.0
2009-04-02,0.0
2009-04-03,0.0
2009-04-04,0.0
2009-04-05,0.0
2009-04-06,0.0
2009-04-07,0.0
2009-04-08,0.0
2009-04-09,0.0
2009-04-10,0.0
2009-04-11,0.0
2009-04-12,0.0
2009-04-13,0.0
2009-04-14,0.0
2009-04-15,0.0
2009-04-16,0.0
2009-04-17,0.0
2009-04-18,0.0
2009-04-19,0.0
2009-04-20,0.0
2009-04-21,0.0
2009-04-22,0.0
2009-04-23,0.0
2009-04-24,0.0
2009-04-25,0.0
2009-04-26,0.0
2009-04-27,0.0
2009-04-28,0.0
2009-04-29,0.0
2009-04-30,0.0
2009-05-01,0.77525
2009-05-02,0.77525
2009-05-03,0.7752500000000001
2009-05-04,0.7752499999999999
2009-05-05,0.7752500000000001
2009-05-06,3.22915625
2009-05-07,5.134924623115584
2009-05-08,12.461557788944736
2009-05-09,3.826066134549602
2009-05-10,6.733053941908718
2009-05-11,13.911541166380786
2009-05-12,14.767760375017241
2009-05-13,10.745819544089718
2009-05-14,13.263909171861078
2009-05-15,10.938028947987767
2009-05-16,9.60520497766339
2009-05-17,10.397244362184015
2009-05-18,8.316507059545739
2009-05-19,9.358313400428385
2009-05-20,29.20067925899019
2009-05-21,40.29018788879959
2009-05-22,112.05923995670477
2009-05-23,250.18936172905111
2009-05-24,408.7363457887702
2009-05-25,644.6918098016963
2009-05-26,1019.2044778306505
2009-05-27,1233.2799113541125
2009-05-28,1299.6070162760925
2009-05-29,1269.0566775075317
2009-05-30,1404.4920384507807
2009-05-31,1362.4958210283708
2009-06-01,1522.7268547811373
2009-06-02,1286.314438355637
2009-06-03,1275.2803041595064
2009-06-04,1313.958395178633
2009-06-05,1215.712570403202
2009-06-06,1234.7743081393721
2009-06-07,1231.4252670969083
2009-06-08,1210.5572454095384
2009-06-09,1113.5233302236854
2009-06-10,1072.6048610663204
2009-06-11,1010.4416666873574
2009-06-12,947.7139540254061
2009-06-13,800.7910564336422
2009-06-14,674.7598889057144
2009-06-15,598.5789411872718
2009-06-16,525.5862748792046
2009-06-17,483.38756896263055
2009-06-18,406.3303478110107
2009-06-19,344.9739308657152
2009-06-20,281.6810042051354
2009-06-21,216.42268048578342
2009-06-22,171.64177948754778
2009-06-23,150.19711946905
2009-06-24,138.79363417332013
2009-06-25,139.35480445817552
2009-06-26,147.15856729922942
2009-06-27,144.65962640174044
2009-06-28,138.6285940748312
2009-06-29,131.96206837928366
2009-06-30,126.67580421574681
2009-07-01,23.614609898178564
2009-07-02,117.22949420941802
2009-07-03,112.70691960559688
2009-07-04,110.04776707798811
2009-07-05,131.95348836134124
2009-07-06,155.44173726921412
2009-07-07,210.47516028512362
2009-07-08,250.89623200170124
2009-07-09,244.22014556977578
2009-07-10,229.08116751865543
2009-07-11,217.56859522320684
2009-07-12,231.35800873975316
2009-07-13,243.8688081142641
2009-07-14,268.21372379974116
2009-07-15,328.11388348725603
2009-07-16,476.3483568810113
2009-07-17,484.3568231490323
2009-07-18,466.0432491343944
2009-07-19,378.423910664389
2009-07-20,328.4425449536377
2009-07-21,294.8023426948006
2009-07-22,321.7903040042982
2009-07-23,378.11416821145446
2009-07-24,506.4655571219468
2009-07-25,394.0504120484753
2009-07-26,336.0411220375966
2009-07-27,330.2243488602121
2009-07-28,372.33419421054833
2009-07-29,332.58762809399036
2009-07-30,320.0878861668903
2009-07-31,316.3307683513793
2009-08-01,312.02559380304194
2009-08-02,266.091910001181
2009-08-03,270.99660020466257
2009-08-04,325.04625819535016
2009-08-05,306.87712810786905
2009-08-06,226.96148923768774
2009-08-07,202.2190287897082
2009-08-08,180.90204074427442
2009-08-09,169.52943633221628
2009-08-10,165.25205821677767
2009-08-11,142.6215629181937
2009-08-12,131.17793868958236
2009-08-13,117.08601076967057
2009-08-14,100.36198219860653
2009-08-15,90.35871273135469
2009-08-16,74.92341817664789
2009-08-17,68.18766408612368
2009-08-18,71.33959155623869
2009-08-19,97.7535867903677
2009-08-20,140.11814598310488
2009-08-21,198.09508440194858
2009-08-22,258.4428013487247
2009-08-23,261.709008237679
2009-08-24,253.25415477163276
2009-08-25,246.60072283281798
2009-08-26,220.60158190526457
2009-08-27,201.6910175048395
2009-08-28,201.7590334369613
2009-08-29,238.73556416328364
2009-08-30,292.6445271651008
2009-08-31,385.279590021939
2009-09-01,555.0884674236023
2009-09-02,825.975510284577
2009-09-03,500.5779762909482
2009-09-04,465.2711663161078
2009-09-05,360.35155252150224
2009-09-06,331.1150010864452
2009-09-07,300.3868140132867
2009-09-08,245.63089615391925
2009-09-09,222.50899128924493
2009-09-10,208.15937150793158
2009-09-11,186.15544890629408
2009-09-12,170.53556422688095
2009-09-13,150.77563434311728
2009-09-14,137.6450082464697
2009-09-15,123.22874472229395
2009-09-16,110.94419712528328
2009-09-17,105.227698008064
2009-09-18,95.03450107152024
2009-09-19,86.97874254681527
2009-09-20,79.53928919545004
2009-09-21,73.91144048138537
2009-09-22,68.71214450478296
2009-09-23,65.3095044169431
2009-09-24,61.798169615529694
2009-09-25,58.29914958900294
2009-09-26,58.67937467920022
2009-09-27,52.57722755879431
2009-09-28,48.12714890782339
2009-09-29,44.23510458210991
2009-09-30,41.18772145804386
2009-10-01,35.7890625
2009-10-02,31.53125
2009-10-03,27.6015625
2009-10-04,23.9375
2009-10-05,20.5390625
2009-10-06,17.453125
2009-10-07,14.6796875
2009-10-08,12.15625
2009-10-09,9.8671875
2009-10-10,7.875
2009-10-11,6.2109375
2009-10-12,4.953125
2009-10-13,4.21875
2009-10-14,3.796875
2009-10-15,3.375
2009-10-16,2.9140625
2009-10-17,2.453125
2009-10-18,2.03125
2009-10-19,1.6640625
2009-10-20,1.359375
2009-10-21,1.1171875
2009-10-22,0.921875
2009-10-23,0.7578125
2009-10-24,0.6015625
2009-10-25,0.484375
2009-10-26,0.390625
2009-10-27,0.3125
2009-10-28,0.2578125
2009-10-29,0.21875
2009-10-30,0.1796875
2009-10-31,0.15625
2009-11-01,0.1328125
2009-11-02,0.11718750000000001
2009-11-03,0.1015625
2009-11-04,0.0859375
2009-11-05,0.078125
2009-11-06,0.06249999999999999
2009-11-07,0.06249999999999999
2009-11-08,0.05468749999999999
2009-11-09,0.046875
2009-11-10,0.046875
2009-11-11,0.0390625
2009-11-12,0.0390625
2009-11-13,0.03125
2009-11-14,0.03125
2009-11-15,0.03125
2009-11-16,0.0234375
2009-11-17,0.0234375
2009-11-18,0.015625
2009-11-19,0.015625
2009-11-20,0.015625
2009-11-21,0.015625
2009-11-22,0.015625
2009-11-23,0.007812500000000002
2009-11-24,0.007812500000000002
2009-11-25,0.007812500000000002
2009-11-26,0.007812500000000002
2009-11-27,0.007812500000000002
2009-11-28,0.007812500000000002
2009-11-29,0.0
2009-11-30,0.0
2009-12-01,0.0
2009-12-02,0.0
2009-12-03,0.0
2009-12-04,0.0
2009-12-05,0.0
2009-12-06,0.0
2009-12-07,0.0
2009-12-08,0.0
2009-12-09,0.0
2009-12-10,0.0
2009-12-11,0.0
2009-12-12,0.0
2009-12-13,0.0
2009-12-14,0.0
2009-12-15,0.0
2009-12-16,0.0
2009-12-17,0.0
2009-12-18,0.0
2009-12-19,0.0
2009-12-20,0.0
2009-12-21,0.0
2009-12-22,0.0
2009-12-23,0.0
2009-12-24,0.0
2009-12-25,0.0
2009-12-26,0.0
2009-12-27,0.0
2009-12-28,0.0
2009-12-29,0.0
2009-12-30,0.0
2009-12-31,0.0
2010-01-01,0.0
2010-01-02,0.0
2010-01-03,0.0
2010-01-04,0.0
2010-01-05,0.0
2010-01-06,0.0
2010-01-07,0.0
2010-01-08,0.0
2010-01-09,0.0
2010-01-10,0.0
2010-01-11,0.0
2010-01-12,0.0
2010-01-13,0.0
2010-01-14,0.0
2010-01-15,0.0
2010-01-16,0.0
2010-01-17,0.0
2010-01-18,0.0
2010-01-19,0.0
2010-01-20,0.0
2010-01-21,0.0
2010-01-22,0.0
2010-01-23,0.0
2010-01-24,0.0
2010-01-25,0.0
2010-01-26,0.0
2010-01-27,0.0
2010-01-28,0.0
2010-01-29,0.0
2010-01-30,0.0
2010-01-31,0.0
2010-02-01,0.0
2010-02-02,0.0
2010-02-03,0.0
2010-02-04,0.0
2010-02-05,0.0
2010-02-06,0.0
2010-02-07,0.0
2010-02-08,0.0
2010-02-09,0.0
2010-02-10,0.0
2010-02-11,0.0
2010-02-12,0.0
2010-02-13,0.0
2010-02-14,0.0
2010-02-15,0.0
2010-02-16,0.0
2010-02-17,0.0
2010-02-18,0.0
2010-02-19,0.0
2010-02-20,0.0
2010-02-21,0.0
2010-02-22,0.0
2010-02-23,0.0
2010-02-24,0.0
2010-02-25,0.0
2010-02-26,0.0
2010-02-27,0.0
2010-02-28,0.0
2010-03-01,0.0
2010-03-02,0.0
2010-03-03,0.0
2010-03-04,0.0
2010-03-05,0.0
2010-03-06,0.0
2010-03-07,0.0
2010-03-08,0.0
2010-03-09,0.0
2010-03-10,0.0
2010-03-11,0.0
2010-03-12,0.0
2010-03-13,0.0
2010-03-14,0.0
2010-03-15,0.0
2010-03-16,0.0
2010-03-17,0.0
2010-03-18,0.0
2010-03-19,0.0
2010-03-20,0.0
2010-03-21,0.0
2010-03-22,0.0
2010-03-23,0.0
2010-03-24,0.0
2010-03-25,0.0
2010-03-26,0.0
2010-03-27,0.0
2010-03-28,0.0
2010-03-29,0.0
2010-03-30,0.0
2010-03-31,0.0
2010-04-01,0.0
2010-04-02,0.0
2010-04-03,0.0
2010-04-04,0.0
2010-04-05,0.0
2010-04-06,0.0
2010-04-07,0.0
2010-04-08,0.0
2010-04-09,0.0
2010-04-10,0.0
2010-04-11,0.0
2010-04-12,0.0
2010-04-13,0.0
2010-04-14,0.0
2010-04-15,0.0
2010-04-16,0.0
2010-04-17,0.0
2010-04-18,0.0
2010-04-19,0.0
2010-04-20,0.0
2010-04-21,0.0
2010-04-22,0.0
2010-04-23,0.0
2010-04-24,0.0
2010-04-25,0.0
2010-04-26,0.0
2010-04-27,0.0
2010-04-28,0.0
2010-04-29,0.0
2010-04-30,0.0
2010-05-01,0.7752499999999999
2010-05-02,0.77525
2010-05-03,0.77525
2010-05-04,0.7752499999999999
2010-05-05,3.229156250000001
2010-05-06,12.461557788944736
2010-05-07,4.656727701543741
2010-05-08,4.205737973190865
2010-05-09,7.123621975820102
2010-05-10,8.26014202639044
2010-05-11,12.3265917013212
2010-05-12,21.53517743155347
2010-05-13,15.261727755088193
2010-05-14,13.321789848619758
2010-05-15,12.584381468397241
2010-05-16,7.0192526065046
2010-05-17,7.114096964333687
2010-05-18,7.013069731034333
2010-05-19,5.919029495113799
2010-05-20,19.949315631034374
2010-05-21,33.10199656795196
2010-05-22,148.20686024900905
2010-05-23,541.4284264352276
2010-05-24,1344.6075420477625
2010-05-25,2264.7621295261674
2010-05-26,2262.269494778508
2010-05-27,2219.802772228565
2010-05-28,2152.770667043542
2010-05-29,2118.0465338097592
2010-05-30,2081.2603920132665
2010-05-31,1904.945458154751
2010-06-01,1572.7600104157418
2010-06-02,1237.4513891662186
2010-06-03,1102.6522442043702
2010-06-04,1087.4502929027742
2010-06-05,984.7116067397372
2010-06-06,821.804458113468
2010-06-07,606.8429479894537
2010-06-08,574.2458883275033
2010-06-09,546.3201951961555
2010-06-10,505.025093797014
2010-06-11,455.2067485263617
2010-06-12,402.08596139183555
2010-06-13,368.9054978728761
2010-06-14,352.3045594834795
2010-06-15,336.5942401448382
2010-06-16,253.36347267103469
2010-06-17,233.4554248673752
2010-06-18,192.56187883460973
2010-06-19,167.0545389121537
2010-06-20,141.9738381949466
2010-06-21,129.3367021158633
2010-06-22,123.28704556819817
2010-06-23,115.69437303433402
2010-06-24,71.32792002674614
2010-06-25,24.38483678435585
2010-06-26,20.805325680793782
2010-06-27,17.987063593442343
2010-06-28,15.457092767634068
2010-06-29,13.89372201927007
2010-06-30,13.968798705351569
2010-07-01,15.743527922246745
2010-07-02,103.41187415755226
2010-07-03,135.31772861116738
2010-07-04,135.01719401129372
2010-07-05,129.27270125623915
2010-07-06,123.13225903880063
2010-07-07,89.49558681169866
2010-07-08,76.00489042621092
2010-07-09,73.19034282496717
2010-07-10,71.73475080002824
2010-07-11,68.97654579432184
2010-07-12,67.76503203666425
2010-07-13,66.28238173497311
2010-07-14,67.92695971466465
2010-07-15,69.02353712133544
2010-07-16,66.8885509210963
2010-07-17,62.45390758112684
2010-07-18,58.840928761380695
2010-07-19,55.72237162400478
2010-07-20,52.783105349104346
2010-07-21,48.60517906327393
2010-07-22,44.68884055503594
2010-07-23,42.24754034239177
2010-07-24,40.541852550097914
2010-07-25,38.57921819934954
2010-07-26,36.6657863810712
2010-07-27,35.95535961298573
2010-07-28,34.87249670583486
2010-07-29,36.41055791356073
2010-07-30,48.39605334041839
2010-07-31,91.36218112417606
2010-08-01,95.60978788030697
2010-08-02,91.80647879902038
2010-08-03,115.17302009668167
2010-08-04,171.0392108404983
2010-08-05,227.6098858354592
2010-08-06,375.6725789083585
2010-08-07,494.65469160877103
2010-08-08,491.6224885229817
2010-08-09,478.1398255163704
2010-08-10,365.51477694009725
2010-08-11,294.502407092733
2010-08-12,236.39759244975224
2010-08-13,195.58868018182775
2010-08-14,185.2238177066766
2010-08-15,191.7811732652986
2010-08-16,203.58890628448717
2010-08-17,203.31806650265293
2010-08-18,194.01240716644787
2010-08-19,180.47260970254703
2010-08-20,163.09115017646835
2010-08-21,161.1666485456249
2010-08-22,177.46283900648578
2010-08-23,191.42147752443347
2010-08-24,213.2813767127159
2010-08-25,249.73827383610202
2010-08-26,292.8409609735559
2010-08-27,249.98066472855754
2010-08-28,240.85658914298563
2010-08-29,214.20344616170365
2010-08-30,189.57770212268008
2010-08-31,161.82333150922915
2010-09-01,168.8537760342964
2010-09-02,195.66867853995805
2010-09-03,206.9752752937483
2010-09-04,189.09532755255412
2010-09-05,178.44550247223887
2010-09-06,182.51078923305954
2010-09-07,198.5479756198338
2010-09-08,212.38935417094788
2010-09-09,209.66898671402072
2010-09-10,185.44156618188512
2010-09-11,191.3971928108804
2010-09-12,202.21530930844594
2010-09-13,222.1226134960736
2010-09-14,275.0167733090028
2010-09-15,376.64447123395564
2010-09-16,594.3515260115988
2010-09-17,399.01057295398215
2010-09-18,387.68617063961807
2010-09-19,378.5340617374704
2010-09-20,370.0291656267804
2010-09-21,364.04383225591954
2010-09-22,355.5754405837759
2010-09-23,346.00573791026386
2010-09-24,332.91833822541446
2010-09-25,296.08746349691666
2010-09-26,248.4035682586886
2010-09-27,217.3290716014877
2010-09-28,200.3206658699954
2010-09-29,200.2093314679981
2010-09-30,187.1199387849074
2010-10-01,208.09375
2010-10-02,186.640625
2010-10-03,169.9375
2010-10-04,155.5
2010-10-05,142.28125
2010-10-06,130.078125
2010-10-07,118.640625
2010-10-08,108.0703125
2010-10-09,98.3046875
2010-10-10,89.2265625
2010-10-11,80.8515625
2010-10-12,73.1796875
2010-10-13,66.0546875
2010-10-14,59.4296875
2010-10-15,53.390625
2010-10-16,47.7890625
2010-10-17,42.6015625
2010-10-18,37.796875
2010-10-19,33.359375
2010-10-20,29.2578125
2010-10-21,25.5078125
2010-10-22,22.0546875
2010-10-23,18.8203125
2010-10-24,15.84375
2010-10-25,13.171875
2010-10-26,10.8046875
2010-10-27,8.6640625
2010-10-28,6.7578125
2010-10-29,5.1484375
2010-10-30,3.8828125
2010-10-31,2.9453125
2010-11-01,2.265625
2010-11-02,1.7734375
2010-11-03,1.3984375
2010-11-04,1.1171875
2010-11-05,0.90625
2010-11-06,0.7421875
2010-11-07,0.6171875
2010-11-08,0.5234375
2010-11-09,0.4375
2010-11-10,0.375
2010-11-11,0.3203125
2010-11-12,0.28125
2010-11-13,0.2421875
2010-11-14,0.21875
2010-11-15,0.1875
2010-11-16,0.1640625
2010-11-17,0.140625
2010-11-18,0.11718750000000001
2010-11-19,0.109375
2010-11-20,0.09375
2010-11-21,0.078125
2010-11-22,0.0703125
2010-11-23,0.06249999999999999
2010-11-24,0.05468749999999999
2010-11-25,0.046875
2010-11-26,0.0390625
2010-11-27,0.0390625
2010-11-28,0.03125
2010-11-29,0.03125
2010-11-30,0.0234375
2010-12-01,0.0234375
2010-12-02,0.015625
2010-12-03,0.015625
2010-12-04,0.015625
2010-12-05,0.015625
2010-12-06,0.007812500000000002
2010-12-07,0.007812500000000002
2010-12-08,0.007812500000000002
2010-12-09,0.007812500000000002
2010-12-10,0.007812500000000002
2010-12-11,0.0
2010-12-12,0.0
2010-12-13,0.0
2010-12-14,0.0
2010-12-15,0.0
2010-12-16,0.0
2010-12-17,0.0
2010-12-18,0.0
2010-12-19,0.0
2010-12-20,0.0
2010-12-21,0.0
2010-12-22,0.0
2010-12-23,0.0
2010-12-24,0.0
2010-12-25,0.0
2010-12-26,0.0
2010-12-27,0.0
2010-12-28,0.0
2010-12-29,0.0
2010-12-30,0.0
2010-12-31,0.0
2011-01-01,0.0
2011-01-02,0.0
2011-01-03,0.0
2011-01-04,0.0
2011-01-05,0.0
2011-01-06,0.0
2011-01-07,0.0
2011-01-08,0.0
2011-01-09,0.0
2011-01-10,0.0
2011-01-11,0.0
2011-01-12,0.0
2011-01-13,0.0
2011-01-14,0.0
2011-01-15,0.0
2011-01-16,0.0
2011-01-17,0.0
2011-01-18,0.0
2011-01-19,0.0
2011-01-20,0.0
2011-01-21,0.0
2011-01-22,0.0
2011-01-23,0.0
2011-01-24,0.0
2011-01-25,0.0
2011-01-26,0.0
2011-01-27,0.0
2011-01-28,0.0
2011-01-29,0.0
2011-01-30,0.0
2011-01-31,0.0
2011-02-01,0.0
2011-02-02,0.0
2011-02-03,0.0
2011-02-04,0.0
2011-02-05,0.0
2011-02-06,0.0
2011-02-07,0.0
2011-02-08,0.0
2011-02-09,0.0
2011-02-10,0.0
2011-02-11,0.0
2011-02-12,0.0
2011-02-13,0.0
2011-02-14,0.0
2011-02-15,0.0
2011-02-16,0.0
2011-02-17,0.0
2011-02-18,0.0
2011-02-19,0.0
2011-02-20,0.0
2011-02-21,0.0
2011-02-22,0.0
2011-02-23,0.0
2011-02-24,0.0
2011-02-25,0.0
2011-02-26,0.0
2011-02-27,0.0
2011-02-28,0.0
2011-03-01,0.0
2011-03-02,0.0
2011-03-03,0.0
2011-03-04,0.0
2011-03-05,0.0
2011-03-06,0.0
2011-03-07,0.0
2011-03-08,0.0
2011-03-09,0.0
2011-03-10,0.0
2011-03-11,0.0
2011-03-12,0.0
2011-03-13,0.0
2011-03-14,0.0
2011-03-15,0.0
2011-03-16,0.0
2011-03-17,0.0
2011-03-18,0.0
2011-03-19,0.0
2011-03-20,0.0
2011-03-21,0.0
2011-03-22,0.0
2011-03-23,0.0
2011-03-24,0.0
2011-03-25,0.0
2011-03-26,0.0
2011-03-27,0.0
2011-03-28,0.0
2011-03-29,0.0
2011-03-30,0.0
2011-03-31,0.0
2011-04-01,0.0
2011-04-02,0.0
2011-04-03,0.0
2011-04-04,0.0
2011-04-05,0.0
2011-04-06,0.0
2011-04-07,0.0
2011-04-08,0.0
2011-04-09,0.0
2011-04-10,0.0
2011-04-11,0.0
2011-04-12,0.0
2011-04-13,0.0
2011-04-14,0.0
2011-04-15,0.0
2011-04-16,0.0
2011-04-17,0.0
2011-04-18,0.0
2011-04-19,0.0
2011-04-20,0.0
2011-04-21,0.0
2011-04-22,0.0
2011-04-23,0.0
2011-04-24,0.0
2011-04-25,0.0
2011-04-26,0.0
2011-04-27,0.0
2011-04-28,0.0
2011-04-29,0.0
2011-04-30,0.0
2011-05-01,0.7752499999999999
2011-05-02,0.77525
2011-05-03,0.7752500000000002
2011-05-04,0.7752499999999999
2011-05-05,0.7752500000000002
2011-05-06,0.7752499999999999
2011-05-07,0.77525
2011-05-08,0.77525
2011-05-09,0.77525
2011-05-10,0.77525
2011-05-11,3.2291562500000004
2011-05-12,1.5421465968586392
2011-05-13,2.390314136125655
2011-05-14,2.1782722513089006
2011-05-15,1.9662303664921466
2011-05-16,1.5421465968586385
2011-05-17,15.9875
2011-05-18,10.655000000000001
2011-05-19,8.393749999999999
2011-05-20,8.18625
2011-05-21,3.7249999999999988
2011-05-22,1.6015665024630543
2011-05-23,3.6379588336192104
2011-05-24,10.332010168165818
2011-05-25,3.9254151053182835
2011-05-26,10.010673817511698
2011-05-27,19.949080142833687
2011-05-28,37.13103180575739
2011-05-29,92.50446416949673
2011-05-30,180.26795133935923
2011-05-31,344.11080473398556
2011-06-01,458.87557605923547
2011-06-02,502.3905571153455
2011-06-03,549.3127026663507
2011-06-04,536.4163408301716
2011-06-05,478.13407555769425
2011-06-06,540.1750739625783
2011-06-07,696.417805185856
2011-06-08,896.6534727417486
2011-06-09,979.374428766942
2011-06-10,1237.5891224198317
2011-06-11,2148.4290509079447
2011-06-12,2507.4249071128315
2011-06-13,2534.8069564450807
2011-06-14,2528.1539375778316
2011-06-15,2467.08963579804
2011-06-16,2301.96937861218
2011-06-17,2071.5509944338405
2011-06-18,1846.2402493338611
2011-06-19,1282.0425442405642
2011-06-20,1003.1822779749483
2011-06-21,824.2790136022201
2011-06-22,724.5981877171496
2011-06-23,618.6705576968592
2011-06-24,526.7213701034095
2011-06-25,452.34422372559357
2011-06-26,421.9869875158257
2011-06-27,388.34159784740234
2011-06-28,338.8707126263806
2011-06-29,258.7875173127406
2011-06-30,211.1338040247989
2011-07-01,194.13162839233348
2011-07-02,199.09330296631128
2011-07-03,189.2495872541737
2011-07-04,161.53330255576526
2011-07-05,141.32146635632668
2011-07-06,131.9196708074725
2011-07-07,127.41743092222252
2011-07-08,121.36539361109891
2011-07-09,82.51916805293021
2011-07-10,78.6021795272029
2011-07-11,73.23135660580232
2011-07-12,70.96310367717213
2011-07-13,68.52912826722864
2011-07-14,64.42021343796853
2011-07-15,60.34439657833734
2011-07-16,59.92534221157885
2011-07-17,62.95578612926289
2011-07-18,67.40456953794825
2011-07-19,68.67100098873077
2011-07-20,101.03822324511373
2011-07-21,104.94627699438604
2011-07-22,104.19185549197225
2011-07-23,107.10332034817215
2011-07-24,105.63116208545102
2011-07-25,120.43603078619225
2011-07-26,148.3026950053115
2011-07-27,157.63774368778974
2011-07-28,157.91934127022722
2011-07-29,150.23686156643592
2011-07-30,166.45587890908627
2011-07-31,198.82093810438207
2011-08-01,304.4569838075826
2011-08-02,314.2882035886876
2011-08-03,267.78078571799375
2011-08-04,267.97029784184355
2011-08-05,228.62500276830994
2011-08-06,202.6138912865301
2011-08-07,183.24396853435766
2011-08-08,169.07746425657922
2011-08-09,169.77265414634573
2011-08-10,167.92454441279216
2011-08-11,174.04231099028473
2011-08-12,194.2706104446757
2011-08-13,223.15996177563474
2011-08-14,247.6213612384607
2011-08-15,213.89077248315385
2011-08-16,215.95227144471556
2011-08-17,243.264001636945
2011-08-18,237.94774135074798
2011-08-19,213.20962485404365
2011-08-20,198.8414669213799
2011-08-21,187.0483993931861
2011-08-22,187.58200965356477
2011-08-23,180.07128582140643
2011-08-24,165.66311959699158
2011-08-25,131.31322409917732
2011-08-26,115.11987566947832
2011-08-27,106.47270001020733
2011-08-28,95.33228524655068
2011-08-29,90.35675786815749
2011-08-30,86.32104402900443
2011-08-31,82.93032118430648
2011-09-01,84.79923563784833
2011-09-02,97.26951500454065
2011-09-03,108.37718436538839
2011-09-04,135.1929288143152
2011-09-05,147.75477958861288
2011-09-06,141.51655743249486
2011-09-07,134.46666079522814
2011-09-08,122.85655662349426
2011-09-09,121.18733515975778
2011-09-10,133.3494937876072
2011-09-11,147.97610472786297
2011-09-12,184.88959432364655
2011-09-13,260.9167647226579
2011-09-14,326.0158947011794
2011-09-15,308.77008279069827
2011-09-16,307.51932599805576
2011-09-17,299.4843753884629
2011-09-18,296.517121311708
2011-09-19,283.32554253477485
2011-09-20,270.0227954759395
2011-09-21,253.6127214682879
2011-09-22,220.30206503630674
2011-09-23,193.51795482772621
2011-09-24,170.15574340555753
2011-09-25,146.80808543228193
2011-09-26,129.62033859096533
2011-09-27,119.56667281347708
2011-09-28,98.59405335124272
2011-09-29,87.53479601772568
2011-09-30,78.17287416215812
2011-10-01,120.0234375
2011-10-02,109.375
2011-10-03,99.5
2011-10-04,90.4140625
2011-10-05,81.984375
2011-10-06,74.203125
2011-10-07,67.046875
2011-10-08,60.4140625
2011-10-09,55.390625
2011-10-10,52.828125
2011-10-11,49.8984375
2011-10-12,45.328125
2011-10-13,40.3359375
2011-10-14,35.6953125
2011-10-15,31.484375
2011-10-16,27.609375
2011-10-17,24.0625
2011-10-18,20.828125
2011-10-19,17.8515625
2011-10-20,15.15625
2011-10-21,12.7421875
2011-10-22,10.6015625
2011-10-23,8.71875
2011-10-24,7.1171875
2011-10-25,5.78125
2011-10-26,4.671875
2011-10-27,3.765625
2011-10-28,3.015625
2011-10-29,2.40625
2011-10-30,1.9140625
2011-10-31,1.53125
2011-11-01,1.21875
2011-11-02,0.9609375
2011-11-03,0.7578125
2011-11-04,0.59375
2011-11-05,0.46875
2011-11-06,0.3671875
2011-11-07,0.296875
2011-11-08,0.2421875
2011-11-09,0.203125
2011-11-10,0.171875
2011-11-11,0.1484375
2011-11-12,0.125
2011-11-13,0.109375
2011-11-14,0.09375
2011-11-15,0.078125
2011-11-16,0.0703125
2011-11-17,0.06249999999999999
2011-11-18,0.046875
2011-11-19,0.0390625
2011-11-20,0.0390625
2011-11-21,0.03125
2011-11-22,0.03125
2011-11-23,0.0234375
2011-11-24,0.0234375
2011-11-25,0.0234375
2011-11-26,0.015625
2011-11-27,0.015625
2011-11-28,0.015625
2011-11-29,0.015625
2011-11-30,0.015625
2011-12-01,0.015625
2011-12-02,0.015625
2011-12-03,0.015625
2011-12-04,0.0
2011-12-05,0.0
2011-12-06,0.0
2011-12-07,0.0
2011-12-08,0.0
2011-12-09,0.0
2011-12-10,0.0
2011-12-11,0.0
2011-12-12,0.0
2011-12-13,0.0
2011-12-14,0.0
2011-12-15,0.0
2011-12-16,0.0
2011-12-17,0.0
2011-12-18,0.0
2011-12-19,0.0
2011-12-20,0.0
2011-12-21,0.0
2011-12-22,0.0
2011-12-23,0.0
2011-12-24,0.0
2011-12-25,0.0
2011-12-26,0.0
2011-12-27,0.0
2011-12-28,0.0
2011-12-29,0.0
2011-12-30,0.0
2011-12-31,0.0
2012-01-01,0.0
2012-01-02,0.0
2012-01-03,0.0
2012-01-04,0.0
2012-01-05,0.0
2012-01-06,0.0
2012-01-07,0.0
2012-01-08,0.0
2012-01-09,0.0
2012-01-10,0.0
2012-01-11,0.0
2012-01-12,0.0
2012-01-13,0.0
2012-01-14,0.0
2012-01-15,0.0
2012-01-16,0.0
2012-01-17,0.0
2012-01-18,0.0
2012-01-19,0.0
2012-01-20,0.0
2012-01-21,0.0
2012-01-22,0.0
2012-01-23,0.0
2012-01-24,0.0
2012-01-25,0.0
2012-01-26,0.0
2012-01-27,0.0
2012-01-28,0.0
2012-01-29,0.0
2012-01-30,0.0
2012-01-31,0.0
2012-02-01,0.0
2012-02-02,0.0
2012-02-03,0.0
2012-02-04,0.0
2012-02-05,0.0
2012-02-06,0.0
2012-02-07,0.0
2012-02-08,0.0
2012-02-09,0.0
2012-02-10,0.0
2012-02-11,0.0
2012-02-12,0.0
2012-02-13,0.0
2012-02-14,0.0
2012-02-15,0.0
2012-02-16,0.0
2012-02-17,0.0
2012-02-18,0.0
2012-02-19,0.0
2012-02-20,0.0
2012-02-21,0.0
2012-02-22,0.0
2012-02-23,0.0
2012-02-24,0.0
2012-02-25,0.0
2012-02-26,0.0
2012-02-27,0.0
2012-02-28,0.0
2012-02-29,0.0
2012-03-01,0.0
2012-03-02,0.0
2012-03-03,0.0
2012-03-04,0.0
2012-03-05,0.0
2012-03-06,0.0
2012-03-07,0.0
2012-03-08,0.0
2012-03-09,0.0
2012-03-10,0.0
2012-03-11,0.0
2012-03-12,0.0
2012-03-13,0.0
2012-03-14,0.0
2012-03-15,0.0
2012-03-16,0.0
2012-03-17,0.0
2012-03-18,0.0
2012-03-19,0.0
2012-03-20,0.0
2012-03-21,0.0
2012-03-22,0.0
2012-03-23,0.0
2012-03-24,0.0
2012-03-25,0.0
2012-03-26,0.0
2012-03-27,0.0
2012-03-28,0.0
2012-03-29,0.0
2012-03-30,0.0
2012-03-31,0.0
2012-04-01,0.0
2012-04-02,0.0
2012-04-03,0.0
2012-04-04,0.0
2012-04-05,0.0
2012-04-06,0.0
2012-04-07,0.0
2012-04-08,0.0
2012-04-09,0.0
2012-04-10,0.0
2012-04-11,0.0
2012-04-12,0.0
2012-04-13,0.0
2012-04-14,0.0
2012-04-15,0.0
2012-04-16,0.0
2012-04-17,0.0
2012-04-18,0.0
2012-04-19,0.0
2012-04-20,0.0
2012-04-21,0.0
2012-04-22,0.0
2012-04-23,0.0
2012-04-24,0.0
2012-04-25,0.0
2012-04-26,0.0
2012-04-27,0.0
2012-04-28,0.0
2012-04-29,0.03125
2012-04-30,0.03125
2012-05-01,3.2961875000000003
2012-05-02,3.2961875000000016
2012-05-03,3.22915625
2012-05-04,3.2291562500000004
2012-05-05,0.7752499999999999
2012-05-06,0.77525
2012-05-07,0.77525
2012-05-08,0.7752500000000001
2012-05-09,3.229156250000001
2012-05-10,21.41633165829148
2012-05-11,3.999576064550329
2012-05-12,10.421159705402617
2012-05-13,8.09678411143987
2012-05-14,13.861258520132093
2012-05-15,5.244016578307605
2012-05-16,6.517090716002459
2012-05-17,7.8330932269534275
2012-05-18,3.068035222146694
2012-05-19,12.305140508506978
2012-05-20,11.556877707827292
2012-05-21,13.926629590861504
2012-05-22,13.869125516605468
2012-05-23,31.304227452126888
2012-05-24,153.28576109172423
2012-05-25,294.7571649228919
2012-05-26,482.4645906756358
2012-05-27,1097.730303747178
2012-05-28,1305.7792316214832
2012-05-29,1135.0953616573713
2012-05-30,876.1292417515093
2012-05-31,724.8036254163643
2012-06-01,654.07223886692
2012-06-02,613.0775857787061
2012-06-03,567.3363545021552
2012-06-04,571.3413472926729
2012-06-05,579.8584700531834
2012-06-06,588.9089290405279
2012-06-07,591.7430659340771
2012-06-08,563.8835968966829
2012-06-09,549.5416926341159
2012-06-10,503.12475839334337
2012-06-11,465.36533801134755
2012-06-12,426.2170708059895
2012-06-13,372.7883033276997
2012-06-14,346.67879230712964
2012-06-15,257.71998552943785
2012-06-16,231.16175718590944
2012-06-17,183.69937053663637
2012-06-18,148.06859249276118
2012-06-19,130.2016261983926
2012-06-20,116.45136909300894
2012-06-21,123.1363092041328
2012-06-22,114.04668611080145
2012-06-23,71.68338857409661
2012-06-24,25.757669162218154
2012-06-25,22.048885328520075
2012-06-26,19.11884125987142
2012-06-27,16.63170153362427
2012-06-28,15.310560042329524
2012-06-29,15.52376442213385
2012-06-30,16.96597992300177
2012-07-01,94.86668530749955
2012-07-02,94.51819640534242
2012-07-03,91.26448416891564
2012-07-04,91.61895981415658
2012-07-05,79.4985158409973
2012-07-06,76.48790483231602
2012-07-07,65.74359417099461
2012-07-08,60.65699615294438
2012-07-09,58.00993344615721
2012-07-10,54.28863675634721
2012-07-11,53.08527597794065
2012-07-12,51.02069808343557
2012-07-13,48.99154186849307
2012-07-14,50.13034340111923
2012-07-15,52.8075100666169
2012-07-16,55.41208589026935
2012-07-17,63.59327886266268
2012-07-18,99.59428213938975
2012-07-19,110.26592601909742
2012-07-20,111.51122336478723
2012-07-21,108.591746405269
2012-07-22,106.60816575185765
2012-07-23,103.43729723369283
2012-07-24,110.7881900726875
2012-07-25,131.30217288714988
2012-07-26,160.91813840658924
2012-07-27,191.82550120023876
2012-07-28,222.28666926075687
2012-07-29,234.18994657619277
2012-07-30,213.21268930288517
2012-07-31,196.69183759080812
2012-08-01,183.13746450223832
2012-08-02,204.76892710186664
2012-08-03,316.1138523876216
2012-08-04,311.9838029750739
2012-08-05,303.10186041555687
2012-08-06,247.7017990036897
2012-08-07,217.24784050867524
2012-08-08,195.10160716815463
2012-08-09,181.59727280308417
2012-08-10,212.46159967152187
2012-08-11,598.5363699374469
2012-08-12,603.1572864824897
2012-08-13,476.61625818304196
2012-08-14,462.98385275632586
2012-08-15,567.5298880114022
2012-08-16,606.676258260442
2012-08-17,826.1389064731841
2012-08-18,602.1733804910668
2012-08-19,580.4580281973725
2012-08-20,421.17835843497113
2012-08-21,543.0471410915286
2012-08-22,834.4940335649758
2012-08-23,875.6356148772477
2012-08-24,848.749052175909
2012-08-25,570.1799507278525
2012-08-26,553.2818466286681
2012-08-27,516.8889930162817
2012-08-28,501.01236861947586
2012-08-29,505.94969844602696
2012-08-30,493.24494004367926
2012-08-31,378.5440738149662
2012-09-01,331.6326607259051
2012-09-02,279.2399166015999
2012-09-03,228.24484346733632
2012-09-04,206.50462783070284
2012-09-05,188.22625198903347
2012-09-06,176.779637884849
2012-09-07,154.88428205667017
2012-09-08,143.70129924470638
2012-09-09,134.3506558179141
2012-09-10,121.7361892059792
2012-09-11,116.52981514571636
2012-09-12,118.90985121627493
2012-09-13,115.50835015140332
2012-09-14,118.50333495305895
2012-09-15,112.6034440583001
2012-09-16,102.59077629589085
2012-09-17,92.9278705054317
2012-09-18,86.83325358428688
2012-09-19,79.58022747119963
2012-09-20,75.73855873295781
2012-09-21,69.30371892601511
2012-09-22,64.35905152568456
2012-09-23,65.97592810486663
2012-09-24,60.50853699522809
2012-09-25,55.72237433272361
2012-09-26,53.76207611780927
2012-09-27,49.40046429820057
2012-09-28,45.776652545117976
2012-09-29,43.73380514366961
2012-09-30,39.50484719771086
2012-10-01,30.7578125
2012-10-02,27.546875
2012-10-03,24.3203125
2012-10-04,21.15625
2012-10-05,18.0546875
2012-10-06,15.15625
2012-10-07,12.6484375
2012-10-08,10.5390625
2012-10-09,8.8203125
2012-10-10,7.4140625
2012-10-11,6.2265625
2012-10-12,5.2109375
2012-10-13,4.375
2012-10-14,3.671875
2012-10-15,3.078125
2012-10-16,2.5625
2012-10-17,2.125
2012-10-18,1.75
2012-10-19,1.4296875
2012-10-20,1.1640625
2012-10-21,0.9375
2012-10-22,0.75
2012-10-23,0.6015625
2012-10-24,0.5625
2012-10-25,0.75
2012-10-26,1.578125
2012-10-27,3.484375
2012-10-28,7.25
2012-10-29,15.0390625
2012-10-30,18.421875
2012-10-31,17.9296875
2012-11-01,16.484375
2012-11-02,14.7890625
2012-11-03,13.1015625
2012-11-04,11.53125
2012-11-05,10.09375
2012-11-06,8.8046875
2012-11-07,7.65625
2012-11-08,6.6171875
2012-11-09,5.6796875
2012-11-10,4.828125
2012-11-11,4.09375
2012-11-12,3.4609375
2012-11-13,2.90625
2012-11-14,2.421875
2012-11-15,2.0234375
2012-11-16,1.6796875
2012-11-17,1.3828125
2012-11-18,1.1328125
2012-11-19,0.9296875
2012-11-20,0.765625
2012-11-21,0.625
2012-11-22,0.515625
2012-11-23,0.4296875
2012-11-24,0.359375
2012-11-25,0.3046875
2012-11-26,0.25
2012-11-27,0.21875
2012-11-28,0.1875
2012-11-29,0.15625
2012-11-30,0.1328125
2012-12-01,0.109375
2012-12-02,0.1015625
2012-12-03,0.0859375
2012-12-04,0.0703125
2012-12-05,0.06249999999999999
2012-12-06,0.05468749999999999
2012-12-07,0.046875
2012-12-08,0.0390625
2012-12-09,0.0390625
2012-12-10,0.03125
2012-12-11,0.03125
2012-12-12,0.03125
2012-12-13,0.03125
2012-12-14,0.015625
2012-12-15,0.015625
2012-12-16,0.015625
2012-12-17,0.015625
2012-12-18,0.015625
2012-12-19,0.015625
2012-12-20,0.015625
2012-12-21,0.015625
2012-12-22,0.015625
2012-12-23,0.0
2012-12-24,0.0
2012-12-25,0.0
2012-12-26,0.0
2012-12-27,0.0
2012-12-28,0.0
2012-12-29,0.0
2012-12-30,0.0
2012-12-31,0.0
2013-01-01,0.0
2013-01-02,0.0
2013-01-03,0.0
2013-01-04,0.0
2013-01-05,0.0
2013-01-06,0.0
2013-01-07,0.0
2013-01-08,0.0
2013-01-09,0.0
2013-01-10,0.0
2013-01-11,0.0
2013-01-12,0.0
2013-01-13,0.0
2013-01-14,0.0
2013-01-15,0.0
2013-01-16,0.0
2013-01-17,0.0
2013-01-18,0.0
2013-01-19,0.0
2013-01-20,0.0
2013-01-21,0.0
2013-01-22,0.0
2013-01-23,0.0
2013-01-24,0.0
2013-01-25,0.0
2013-01-26,0.0
2013-01-27,0.0
2013-01-28,0.0
2013-01-29,0.0
2013-01-30,0.0
2013-01-31,0.0
2013-02-01,0.0
2013-02-02,0.0
2013-02-03,0.0
2013-02-04,0.0
2013-02-05,0.0
2013-02-06,0.0
2013-02-07,0.0
2013-02-08,0.0
2013-02-09,0.0
2013-02-10,0.0
2013-02-11,0.0
2013-02-12,0.0
2013-02-13,0.0
2013-02-14,0.0
2013-02-15,0.0
2013-02-16,0.0
2013-02-17,0.0
2013-02-18,0.0
2013-02-19,0.0
2013-02-20,0.0
2013-02-21,0.0
2013-02-22,0.0
2013-02-23,0.0
2013-02-24,0.0
2013-02-25,0.0
2013-02-26,0.0
2013-02-27,0.0
2013-02-28,0.0
2013-03-01,0.0
2013-03-02,0.0
2013-03-03,0.0
2013-03-04,0.0
2013-03-05,0.0
2013-03-06,0.0
2013-03-07,0.0
2013-03-08,0.0
2013-03-09,0.0
2013-03-10,0.0
2013-03-11,0.0
2013-03-12,0.0
2013-03-13,0.09375
2013-03-14,0.15625
2013-03-15,0.1875
2013-03-16,0.15625
2013-03-17,0.125
2013-03-18,0.09375
2013-03-19,0.06249999999999999
2013-03-20,0.06249999999999999
2013-03-21,0.03125
2013-03-22,0.03125
2013-03-23,0.03125
2013-03-24,0.0
2013-03-25,0.0
2013-03-26,0.0
2013-03-27,0.0
2013-03-28,0.0
2013-03-29,0.0
2013-03-30,0.0
2013-03-31,0.0
2013-04-01,0.0
2013-04-02,0.0
2013-04-03,0.0
2013-04-04,0.0
2013-04-05,0.0
2013-04-06,0.0
2013-04-07,0.0
2013-04-08,0.0
2013-04-09,0.0
2013-04-10,0.0
2013-04-11,0.0
2013-04-12,0.0
2013-04-13,0.0
2013-04-14,0.0
2013-04-15,0.0
2013-04-16,0.0
2013-04-17,0.0
2013-04-18,0.0
2013-04-19,0.0
2013-04-20,0.0
2013-04-21,0.0
2013-04-22,0.0
2013-04-23,0.0
2013-04-24,0.03125
2013-04-25,0.28125
2013-04-26,1.9999999999999998
2013-04-27,5.78125
2013-04-28,11.8125
2013-04-29,19.125
2013-04-30,22.25
2013-05-01,4.780039938805625
2013-05-02,4.350271313106697
2013-05-03,3.853351339642313
2013-05-04,3.3564313661779237
2013-05-05,4.851142637114048
2013-05-06,4.420872861165259
2013-05-07,4.794528192910259
2013-05-08,6.368409741775564
2013-05-09,6.210363646209877
2013-05-10,7.204092056931049
2013-05-11,11.791993791470391
2013-05-12,25.33200090757828
2013-05-13,24.489343688837103
2013-05-14,18.64768778475852
2013-05-15,14.956915744881156
2013-05-16,10.411625929473349
2013-05-17,9.849304661243973
2013-05-18,10.072094689071504
2013-05-19,7.365127850279109
2013-05-20,17.809524247202557
2013-05-21,16.44588049158583
2013-05-22,16.322759643297207
2013-05-23,17.218091847632607
2013-05-24,12.878035422521405
2013-05-25,13.706050888529894
2013-05-26,13.178475268664165
2013-05-27,23.27341114345835
2013-05-28,71.879487556303
2013-05-29,207.99586746123654
2013-05-30,610.6621013703284
2013-05-31,731.2859856951275
2013-06-01,1113.7507218703124
2013-06-02,2040.1755337823206
2013-06-03,2626.182716398152
2013-06-04,2821.5181098684084
2013-06-05,3125.05054919794
2013-06-06,3129.407077243454
2013-06-07,2903.374778507319
2013-06-08,2663.3064389387832
2013-06-09,2718.41792836455
2013-06-10,2763.105139465388
2013-06-11,2768.324932677157
2013-06-12,2647.8707414448045
2013-06-13,2494.871453878352
2013-06-14,2336.554075970729
2013-06-15,2045.106999576061
2013-06-16,1851.0387709631373
2013-06-17,1451.6091365323778
2013-06-18,1155.123324782866
2013-06-19,986.7717859304995
2013-06-20,847.3296284278377
2013-06-21,691.1604820282979
2013-06-22,661.296494755026
2013-06-23,607.544995113285
2013-06-24,520.9384160817034
2013-06-25,441.0881991615085
2013-06-26,393.7394276616785
2013-06-27,350.78232769791987
2013-06-28,345.8701535759857
2013-06-29,397.65727595171853
2013-06-30,424.9231782483607
2013-07-01,396.1327013852385
2013-07-02,383.82991198088433
2013-07-03,337.35718021853967
2013-07-04,301.7165883379109
2013-07-05,252.1420449289528
2013-07-06,236.74597037663807
2013-07-07,212.91931919318822
2013-07-08,185.260386637639
2013-07-09,180.31029284741368
2013-07-10,195.2603978195045
2013-07-11,241.0512518564127
2013-07-12,351.9056602370443
2013-07-13,498.3165588256826
2013-07-14,618.3958773773618
2013-07-15,776.5788362737838
2013-07-16,833.3915307726394
2013-07-17,916.1478025219732
2013-07-18,930.5326656021094
2013-07-19,926.5360360864835
2013-07-20,928.2329945079302
2013-07-21,963.0483655532688
2013-07-22,976.0657372104752
2013-07-23,979.4952375349592
2013-07-24,962.5049465709162
2013-07-25,931.7417272224322
2013-07-26,906.5261549355308
2013-07-27,867.0898328858485
2013-07-28,835.8433319380894
2013-07-29,842.9663530639234
2013-07-30,654.3181156122365
2013-07-31,654.4891064217368
2013-08-01,664.158589513615
2013-08-02,941.8894857499233
2013-08-03,1056.1232261116365
2013-08-04,1081.6216312839306
2013-08-05,1029.7238159481751
2013-08-06,980.9645978746305
2013-08-07,948.2788021439253
2013-08-08,920.5703778290502
2013-08-09,665.8895845217777
2013-08-10,661.8146699258684
2013-08-11,927.6678208595719
2013-08-12,632.1963034537439
2013-08-13,486.2054951897661
2013-08-14,358.1942648264638
2013-08-15,240.62851000175894
2013-08-16,200.43941600435775
2013-08-17,186.42237689651364
2013-08-18,163.38419535322853
2013-08-19,159.39106234257588
2013-08-20,210.03707397930987
2013-08-21,600.4897786208799
2013-08-22,960.205539515046
2013-08-23,963.4747046107857
2013-08-24,1016.1404601539942
2013-08-25,1087.2762736281977
2013-08-26,1255.4015982093067
2013-08-27,1394.6201836777457
2013-08-28,1454.9824281474287
2013-08-29,1366.4336591235412
2013-08-30,1240.5675991754763
2013-08-31,1112.112095208234
2013-09-01,987.8809440539118
2013-09-02,929.7688862600011
2013-09-03,879.7533321095947
2013-09-04,502.86304559319933
2013-09-05,454.4662098309851
2013-09-06,353.1084625439924
2013-09-07,316.84794598078184
2013-09-08,314.18426920474445
2013-09-09,429.0117276349051
2013-09-10,423.1914111357412
2013-09-11,444.614266374043
2013-09-12,408.33047984919006
2013-09-13,358.36528757438055
2013-09-14,281.25125601337913
2013-09-15,272.316016078572
2013-09-16,309.71796978576003
2013-09-17,336.34802892091574
2013-09-18,337.5304958700854
2013-09-19,326.5696057279026
2013-09-20,314.2800605153336
2013-09-21,288.54654721112945
2013-09-22,262.2384419033229
2013-09-23,249.74620642268528
2013-09-24,236.79607276285142
2013-09-25,171.52674155619147
2013-09-26,151.2575697379417
2013-09-27,137.2476783369696
2013-09-28,125.10833560850377
2013-09-29,112.48419931339976
2013-09-30,101.45266026158065
2013-10-01,138.4375
2013-10-02,126.4296875
2013-10-03,115.3828125
2013-10-04,105.171875
2013-10-05,95.6015625
2013-10-06,86.7265625
2013-10-07,78.6328125
2013-10-08,71.21875
2013-10-09,64.3046875
2013-10-10,57.8828125
2013-10-11,51.96875
2013-10-12,46.53125
2013-10-13,41.53125
2013-10-14,36.9140625
2013-10-15,32.6328125
2013-10-16,28.6796875
2013-10-17,25.03125
2013-10-18,21.625
2013-10-19,18.5078125
2013-10-20,15.6953125
2013-10-21,13.1171875
2013-10-22,10.78125
2013-10-23,8.7109375
2013-10-24,6.9296875
2013-10-25,5.421875
2013-10-26,4.1953125
2013-10-27,3.2421875
2013-10-28,2.53125
2013-10-29,2.0078125
2013-10-30,1.609375
2013-10-31,1.296875
2013-11-01,1.0546875
2013-11-02,0.8671875
2013-11-03,0.71875
2013-11-04,0.6015625
2013-11-05,0.5078125
2013-11-06,0.4296875
2013-11-07,0.359375
2013-11-08,0.3125
2013-11-09,0.265625
2013-11-10,0.234375
2013-11-11,0.203125
2013-11-12,0.1796875
2013-11-13,0.15625
2013-11-14,0.140625
2013-11-15,0.125
2013-11-16,0.109375
2013-11-17,0.09375
2013-11-18,0.09375
2013-11-19,0.078125
2013-11-20,0.078125
2013-11-21,0.06249999999999999
2013-11-22,0.06249999999999999
2013-11-23,0.046875
2013-11-24,0.046875
2013-11-25,0.046875
2013-11-26,0.03125
2013-11-27,0.03125
2013-11-28,0.03125
2013-11-29,0.03125
2013-11-30,0.015625
2013-12-01,0.015625
2013-12-02,0.015625
2013-12-03,0.015625
2013-12-04,0.015625
2013-12-05,0.015625
2013-12-06,0.0
2013-12-07,0.0
2013-12-08,0.0
2013-12-09,0.0
2013-12-10,0.0
2013-12-11,0.0
2013-12-12,0.0
2013-12-13,0.0
2013-12-14,0.0
2013-12-15,0.0
2013-12-16,0.0
2013-12-17,0.0
2013-12-18,0.0
2013-12-19,0.0
2013-12-20,0.0
2013-12-21,0.0
2013-12-22,0.0
2013-12-23,0.0
2013-12-24,0.0
2013-12-25,0.0
2013-12-26,0.0
2013-12-27,0.0
2013-12-28,0.0
2013-12-29,0.0
2013-12-30,0.0
2013-12-31,0.0
2014-01-01,0.0
2014-01-02,0.0
2014-01-03,0.0
2014-01-04,0.0
2014-01-05,0.0
2014-01-06,0.0
2014-01-07,0.0
2014-01-08,0.0
2014-01-09,0.0
2014-01-10,0.0
2014-01-11,0.0
2014-01-12,0.0
2014-01-13,0.0
2014-01-14,0.0
2014-01-15,0.0
2014-01-16,0.0
2014-01-17,0.0
2014-01-18,0.0
2014-01-19,0.0
2014-01-20,0.0
2014-01-21,0.0
2014-01-22,0.0
2014-01-23,0.0
2014-01-24,0.0
2014-01-25,0.0
2014-01-26,0.0
2014-01-27,0.0
2014-01-28,0.0
2014-01-29,0.0
2014-01-30,0.0
2014-01-31,0.0
2014-02-01,0.0
2014-02-02,0.0
2014-02-03,0.0
2014-02-04,0.0
2014-02-05,0.0
2014-02-06,0.0
2014-02-07,0.0
2014-02-08,0.0
2014-02-09,0.0
2014-02-10,0.0
2014-02-11,0.0
2014-02-12,0.0
2014-02-13,0.0
2014-02-14,0.0
2014-02-15,0.0
2014-02-16,0.0
2014-02-17,0.0
2014-02-18,0.0
2014-02-19,0.0
2014-02-20,0.0
2014-02-21,0.0
2014-02-22,0.0
2014-02-23,0.0
2014-02-24,0.0
2014-02-25,0.0
2014-02-26,0.0
2014-02-27,0.0
2014-02-28,0.0
2014-03-01,0.0
2014-03-02,0.0
2014-03-03,0.0
2014-03-04,0.0
2014-03-05,0.0
2014-03-06,0.0
2014-03-07,0.0
2014-03-08,0.0
2014-03-09,0.0
2014-03-10,0.0
2014-03-11,0.0
2014-03-12,0.0
2014-03-13,0.0
2014-03-14,0.0
2014-03-15,0.0
2014-03-16,0.0
2014-03-17,0.0
2014-03-18,0.0
2014-03-19,0.0
2014-03-20,0.0
2014-03-21,0.0
2014-03-22,0.0
2014-03-23,0.0
2014-03-24,0.0
2014-03-25,0.0
2014-03-26,0.0
2014-03-27,0.0
2014-03-28,0.0
2014-03-29,0.0
2014-03-30,0.0
2014-03-31,0.0
2014-04-01,0.0
2014-04-02,0.0
2014-04-03,0.0
2014-04-04,0.0
2014-04-05,0.0
2014-04-06,0.0
2014-04-07,0.0
2014-04-08,0.0
2014-04-09,0.0
2014-04-10,0.0
2014-04-11,0.0
2014-04-12,0.0
2014-04-13,0.0
2014-04-14,0.0
2014-04-15,0.0
2014-04-16,0.0
2014-04-17,0.0
2014-04-18,0.0
2014-04-19,0.0
2014-04-20,0.0
2014-04-21,0.0
2014-04-22,0.0
2014-04-23,0.0
2014-04-24,0.0
2014-04-25,0.0
2014-04-26,0.0
2014-04-27,0.0
2014-04-28,0.0
2014-04-29,0.0
2014-04-30,0.0
2014-05-01,0.7752499999999999
2014-05-02,0.77525
2014-05-03,0.7752500000000002
2014-05-04,0.7752499999999998
2014-05-05,0.7752500000000001
2014-05-06,0.77525
2014-05-07,0.7752500000000001
2014-05-08,0.7752499999999999
2014-05-09,0.7752500000000001
2014-05-10,0.77525
2014-05-11,0.7752499999999999
2014-05-12,0.78
2014-05-13,0.7799999999999999
2014-05-14,8.18625
2014-05-15,3.026439790575916
2014-05-16,1.396164948453609
2014-05-17,2.507653958944282
2014-05-18,2.149567307692309
2014-05-19,1.4944198066679821
2014-05-20,3.7000348495964777
2014-05-21,5.9898965405755
2014-05-22,5.212459933947503
2014-05-23,5.641321537247831
2014-05-24,5.314220045586151
2014-05-25,8.255736225028933
2014-05-26,12.216977866344044
2014-05-27,26.495380736021982
2014-05-28,26.30860923639984
2014-05-29,27.283969998592216
2014-05-30,21.319079141265757
2014-05-31,20.215284269136767
2014-06-01,29.88617825418939
2014-06-02,31.803277756209127
2014-06-03,44.6282440120917
2014-06-04,77.36840162409501
2014-06-05,144.7142535513758
2014-06-06,224.1435666519725
2014-06-07,370.36697826480975
2014-06-08,440.94644476647926
2014-06-09,456.43541514554846
2014-06-10,547.6516024041607
2014-06-11,824.6060733590855
2014-06-12,1088.8360119341435
2014-06-13,2100.672658281288
2014-06-14,2365.1579839894375
2014-06-15,2377.2971619446334
2014-06-16,2628.8159237487926
2014-06-17,2733.957573610308
2014-06-18,3123.140840080293
2014-06-19,3117.7975632709076
2014-06-20,3027.0360368113516
2014-06-21,2982.149079492671
2014-06-22,2947.18762098703
2014-06-23,2916.6704156812607
2014-06-24,2842.6489096078794
2014-06-25,2708.3830823807116
2014-06-26,2523.9465745861294
2014-06-27,2329.3873124307297
2014-06-28,2022.0689170916996
2014-06-29,1868.716276251263
2014-06-30,1587.9886684392864
2014-07-01,1504.2060067093003
2014-07-02,1198.3781064587552
2014-07-03,1193.8741536231819
2014-07-04,1083.6625610006754
2014-07-05,1038.2783080810057
2014-07-06,1033.01867990379
2014-07-07,912.2719889302615
2014-07-08,814.64173496174
2014-07-09,763.1414062609886
2014-07-10,735.879263498407
2014-07-11,711.5633316282764
2014-07-12,634.0729567969615
2014-07-13,535.9486580343906
2014-07-14,499.61199214362546
2014-07-15,413.2953973766027
2014-07-16,394.8775608076742
2014-07-17,372.39701581788455
2014-07-18,336.01219504505406
2014-07-19,296.6111162624441
2014-07-20,288.2027664716388
2014-07-21,267.78672419999145
2014-07-22,257.14103308317704
2014-07-23,277.0158289193774
2014-07-24,388.77656656802765
2014-07-25,516.8064417029865
2014-07-26,514.2370774920728
2014-07-27,509.82996488737143
2014-07-28,495.98903479080894
2014-07-29,479.275681135703
2014-07-30,492.61412148149344
2014-07-31,628.9591554173979
2014-08-01,646.5507265890758
2014-08-02,622.3386872381192
2014-08-03,476.9837844971473
2014-08-04,359.38618831619266
2014-08-05,305.27958543550824
2014-08-06,307.65094166170155
2014-08-07,364.3847922315883
2014-08-08,298.47004376082
2014-08-09,219.72526913798103
2014-08-10,191.59595827939702
2014-08-11,176.2189073686419
2014-08-12,174.08198577330919
2014-08-13,168.23050422402034
2014-08-14,167.6851161672095
2014-08-15,164.84181651940267
2014-08-16,148.89176182707993
2014-08-17,129.3358484644826
2014-08-18,115.36181225210997
2014-08-19,102.83777714154684
2014-08-20,105.34225251285089
2014-08-21,115.07037585551546
2014-08-22,112.21990455459317
2014-08-23,102.51340815923835
2014-08-24,95.76183729591821
2014-08-25,91.98943416266444
2014-08-26,100.10204539028135
2014-08-27,112.81973116622211
2014-08-28,113.22787916955727
2014-08-29,110.09921300878665
2014-08-30,107.9176693662763
2014-08-31,102.73803272386202
2014-09-01,100.21307603548571
2014-09-02,116.69486763213622
2014-09-03,127.76724071560281
2014-09-04,131.35814098037963
2014-09-05,127.17725983784212
2014-09-06,119.52889485587629
2014-09-07,113.58256541782943
2014-09-08,113.19636382219825
2014-09-09,135.61309036917368
2014-09-10,149.61801083142754
2014-09-11,149.73912944576483
2014-09-12,142.70112234057018
2014-09-13,134.04797117277792
2014-09-14,129.99177975901392
2014-09-15,138.35070892365866
2014-09-16,137.07910250567005
2014-09-17,133.23894917222145
2014-09-18,125.64373877398235
2014-09-19,111.54980970996898
2014-09-20,102.80665242208764
2014-09-21,102.8791444307695
2014-09-22,98.59241675460306
2014-09-23,93.36821737040493
2014-09-24,88.88860125945102
2014-09-25,81.71126833948287
2014-09-26,82.65329000320568
2014-09-27,83.60403889053974
2014-09-28,86.47388533102755
2014-09-29,83.2981316873916
2014-09-30,76.29116398465625
2014-10-01,129.0390625
2014-10-02,152.59375
2014-10-03,175.390625
2014-10-04,181.21875
2014-10-05,173.2109375
2014-10-06,160.59375
2014-10-07,148.09375
2014-10-08,137.1171875
2014-10-09,127.765625
2014-10-10,117.46875
2014-10-11,107.203125
2014-10-12,97.5625
2014-10-13,88.640625
2014-10-14,80.375
2014-10-15,72.8046875
2014-10-16,65.8828125
2014-10-17,59.3359375
2014-10-18,53.296875
2014-10-19,47.7578125
2014-10-20,42.625
2014-10-21,37.875
2014-10-22,33.46875
2014-10-23,29.4140625
2014-10-24,25.7109375
2014-10-25,22.2890625
2014-10-26,19.1015625
2014-10-27,16.171875
2014-10-28,13.578125
2014-10-29,11.2890625
2014-10-30,9.21875
2014-10-31,7.3671875
2014-11-01,5.7578125
2014-11-02,4.421875
2014-11-03,3.3671875
2014-11-04,2.5625
2014-11-05,1.953125
2014-11-06,1.5078125
2014-11-07,1.1796875
2014-11-08,0.9453125
2014-11-09,0.7578125
2014-11-10,0.6171875
2014-11-11,0.5
2014-11-12,0.4140625
2014-11-13,0.34375
2014-11-14,0.296875
2014-11-15,0.25
2014-11-16,0.203125
2014-11-17,0.171875
2014-11-18,0.140625
2014-11-19,0.125
2014-11-20,0.109375
2014-11-21,0.09375
2014-11-22,0.078125
2014-11-23,0.06249999999999999
2014-11-24,0.06249999999999999
2014-11-25,0.046875
2014-11-26,0.046875
2014-11-27,0.03125
2014-11-28,0.03125
2014-11-29,0.03125
2014-11-30,0.015625
2014-12-01,0.015625
2014-12-02,0.015625
2014-12-03,0.0
2014-12-04,0.0
2014-12-05,0.0
2014-12-06,0.0
2014-12-07,0.0
2014-12-08,0.0
2014-12-09,0.0
2014-12-10,0.0
2014-12-11,0.0
2014-12-12,0.0
2014-12-13,0.0
2014-12-14,0.0
2014-12-15,0.0
2014-12-16,0.0
2014-12-17,0.0
2014-12-18,0.0
2014-12-19,0.0
2014-12-20,0.0
2014-12-21,0.0
2014-12-22,0.0
2014-12-23,0.0
2014-12-24,0.0
2014-12-25,0.0
2014-12-26,0.0
2014-12-27,0.0
2014-12-28,0.0
2014-12-29,0.0
2014-12-30,0.0
2014-12-31,0.0
2015-01-01,0.0
2015-01-02,0.0
2015-01-03,0.0
2015-01-04,0.0
2015-01-05,0.0
2015-01-06,0.0
2015-01-07,0.0
2015-01-08,0.0
2015-01-09,0.0
2015-01-10,0.0
2015-01-11,0.0
2015-01-12,0.0
2015-01-13,0.0
2015-01-14,0.0
2015-01-15,0.0
2015-01-16,0.0
2015-01-17,0.0
2015-01-18,0.0
2015-01-19,0.0
2015-01-20,0.0
2015-01-21,0.0
2015-01-22,0.0
2015-01-23,0.0
2015-01-24,0.0
2015-01-25,0.0
2015-01-26,0.0
2015-01-27,0.0
2015-01-28,0.0
2015-01-29,0.0
2015-01-30,0.0
2015-01-31,0.0
2015-02-01,0.0
2015-02-02,0.0
2015-02-03,0.0
2015-02-04,0.0
2015-02-05,0.0
2015-02-06,0.0
2015-02-07,0.0
2015-02-08,0.0
2015-02-09,0.0
2015-02-10,0.0
2015-02-11,0.0
2015-02-12,0.0
2015-02-13,0.0
2015-02-14,0.0
2015-02-15,0.0
2015-02-16,0.0
2015-02-17,0.0
2015-02-18,0.0
2015-02-19,0.0
2015-02-20,0.0
2015-02-21,0.0
2015-02-22,0.0
2015-02-23,0.0
2015-02-24,0.0
2015-02-25,0.0
2015-02-26,0.0
2015-02-27,0.0
2015-02-28,0.0
2015-03-01,0.0
2015-03-02,0.0
2015-03-03,0.0
2015-03-04,0.0
2015-03-05,0.0
2015-03-06,0.0
2015-03-07,0.0
2015-03-08,0.0
2015-03-09,0.0
2015-03-10,0.0
2015-03-11,0.0
2015-03-12,0.0
2015-03-13,0.0
2015-03-14,0.0
2015-03-15,0.0
2015-03-16,0.0
2015-03-17,0.0
2015-03-18,0.0
2015-03-19,0.0
2015-03-20,0.0
2015-03-21,0.0
2015-03-22,0.0
2015-03-23,0.0
2015-03-24,0.0
2015-03-25,0.0
2015-03-26,0.0
2015-03-27,0.0
2015-03-28,0.0
2015-03-29,0.0
2015-03-30,0.0
2015-03-31,0.0
2015-04-01,0.0
2015-04-02,0.0
2015-04-03,0.0
2015-04-04,0.0
2015-04-05,0.0
2015-04-06,0.0
2015-04-07,0.0
2015-04-08,0.0
2015-04-09,0.0
2015-04-10,0.0
2015-04-11,0.0
2015-04-12,0.0
2015-04-13,0.0
2015-04-14,0.0
2015-04-15,0.0
2015-04-16,0.0
2015-04-17,0.0
2015-04-18,0.0
2015-04-19,0.0
2015-04-20,0.0
2015-04-21,0.0
2015-04-22,0.0
2015-04-23,0.0
2015-04-24,0.0
2015-04-25,0.0
2015-04-26,0.0
2015-04-27,0.0
2015-04-28,0.0
2015-04-29,0.0
2015-04-30,0.0
2015-05-01,0.77525
2015-05-02,0.7752499999999999
2015-05-03,0.7752500000000001
2015-05-04,0.7752499999999999
2015-05-05,0.7752500000000001
2015-05-06,0.77525
2015-05-07,0.77525
2015-05-08,0.7752499999999999
2015-05-09,0.77525
2015-05-10,0.7752500000000001
2015-05-11,0.77525
2015-05-12,0.7800000000000001
2015-05-13,0.7799999999999999
2015-05-14,0.78
2015-05-15,0.7799999999999999
2015-05-16,5.717499999999999
2015-05-17,15.987499999999999
2015-05-18,18.06125
2015-05-19,18.51875
2015-05-20,0.8788395560040363
2015-05-21,1.0514936061381077
2015-05-22,3.868181818181819
2015-05-23,3.2787547169811315
2015-05-24,2.6081430948419304
2015-05-25,3.7394789656503287
2015-05-26,3.8577595115077497
2015-05-27,4.427506186636866
2015-05-28,6.685431232394507
2015-05-29,13.894350146898656
2015-05-30,16.60583755165165
2015-05-31,22.277091878299576
2015-06-01,50.04275848322352
2015-06-02,62.48228017666301
2015-06-03,67.55561878271584
2015-06-04,83.57464962498278
2015-06-05,114.8289341536317
2015-06-06,224.10509631619658
2015-06-07,388.51652794624067
2015-06-08,453.6426406116052
2015-06-09,559.7685110961897
2015-06-10,800.292118566449
2015-06-11,991.35739484737
2015-06-12,987.5510960921138
2015-06-13,1050.9053041458465
2015-06-14,1555.1225234669039
2015-06-15,2293.0772216573055
2015-06-16,2641.7891313572945
2015-06-17,2696.7697216734387
2015-06-18,2865.255482848748
2015-06-19,2805.4653245023037
2015-06-20,2638.509545960542
2015-06-21,2441.4316068418866
2015-06-22,2330.4052787123937
2015-06-23,2150.84886264463
2015-06-24,1892.2857655489295
2015-06-25,1677.0642812115195
2015-06-26,1573.8620058244562
2015-06-27,1203.8102116689936
2015-06-28,993.3384140026017
2015-06-29,834.7324959490645
2015-06-30,742.2845907606345
2015-07-01,655.0352917657281
2015-07-02,612.477479866738
2015-07-03,532.6346324513162
2015-07-04,499.3332317182438
2015-07-05,480.5916153907821
2015-07-06,400.87722217385493
2015-07-07,363.7649184995286
2015-07-08,329.4637770714392
2015-07-09,350.2464322846589
2015-07-10,376.98973116273726
2015-07-11,350.3393977748806
2015-07-12,321.032038274121
2015-07-13,308.8206865677951
2015-07-14,303.1204329831143
2015-07-15,299.5176166470284
2015-07-16,292.3569762210573
2015-07-17,284.090778055514
2015-07-18,278.7531611691475
2015-07-19,273.646987917757
2015-07-20,266.1592873500997
2015-07-21,224.02287750936642
2015-07-22,195.51077988759667
2015-07-23,177.77899714828598
2015-07-24,159.64406072349604
2015-07-25,156.22240132680048
2015-07-26,144.26864112499965
2015-07-27,134.6407782536314
2015-07-28,150.31664845434526
2015-07-29,159.611483779658
2015-07-30,202.41519737387281
2015-07-31,479.9863522052505
2015-08-01,625.1170128893192
2015-08-02,925.474367490078
2015-08-03,968.7209770683008
2015-08-04,968.4102088257854
2015-08-05,955.8241167742918
2015-08-06,911.6935370874426
2015-08-07,629.1903929875291
2015-08-08,489.5257756442825
2015-08-09,367.0108092785681
2015-08-10,242.80722553230464
2015-08-11,210.9572724988813
2015-08-12,211.58538942597144
2015-08-13,463.65568813370055
2015-08-14,864.9664178132509
2015-08-15,865.3957473632627
2015-08-16,582.9669048794666
2015-08-17,450.79132855770865
2015-08-18,447.2938464582917
2015-08-19,551.5914090321613
2015-08-20,562.418989564235
2015-08-21,563.5364852265596
2015-08-22,559.6851106948723
2015-08-23,529.8559474333828
2015-08-24,527.1483639618468
2015-08-25,514.6937962934911
2015-08-26,403.39539381395946
2015-08-27,361.96112498005675
2015-08-28,285.5859208519178
2015-08-29,286.33545130388495
2015-08-30,295.4482063606778
2015-08-31,245.42330738092508
2015-09-01,206.68519014979861
2015-09-02,179.08722062687127
2015-09-03,175.54597115754532
2015-09-04,188.28833336824138
2015-09-05,213.00759354449931
2015-09-06,248.56456214303938
2015-09-07,227.8748242809105
2015-09-08,203.28755737154052
2015-09-09,184.2898458570647
2015-09-10,169.83926671053587
2015-09-11,152.18655816906332
2015-09-12,138.38829031225063
2015-09-13,123.58386046297731
2015-09-14,120.87151784507176
2015-09-15,128.51264212166066
2015-09-16,146.8458888129266
2015-09-17,160.9236290069749
2015-09-18,169.9097127659007
2015-09-19,162.42455605664395
2015-09-20,151.25247660781602
2015-09-21,139.44523924697023
2015-09-22,126.14550103330804
2015-09-23,114.8325935262822
2015-09-24,131.25356239848304
2015-09-25,141.44359243129125
2015-09-26,133.63072824697886
2015-09-27,127.22517856484271
2015-09-28,114.77974078795482
2015-09-29,93.50226373329168
2015-09-30,83.54387901448452
2015-10-01,128.2734375
2015-10-02,116.8046875
2015-10-03,106.375
2015-10-04,97.609375
2015-10-05,91.296875
2015-10-06,85.796875
2015-10-07,79.28125
2015-10-08,72.1328125
2015-10-09,65.046875
2015-10-10,58.53125
2015-10-11,52.53125
2015-10-12,47.0390625
2015-10-13,41.96875
2015-10-14,37.2265625
2015-10-15,32.875
2015-10-16,28.875
2015-10-17,25.1640625
2015-10-18,21.7578125
2015-10-19,18.640625
2015-10-20,15.7890625
2015-10-21,13.1875
2015-10-22,10.890625
2015-10-23,8.8984375
2015-10-24,7.1796875
2015-10-25,5.734375
2015-10-26,4.546875
2015-10-27,3.5859375
2015-10-28,2.828125
2015-10-29,2.234375
2015-10-30,1.765625
2015-10-31,1.4140625
2015-11-01,1.140625
2015-11-02,0.921875
2015-11-03,0.75
2015-11-04,0.6171875
2015-11-05,0.515625
2015-11-06,0.4296875
2015-11-07,0.359375
2015-11-08,0.3046875
2015-11-09,0.2578125
2015-11-10,0.21875
2015-11-11,0.1875
2015-11-12,0.1640625
2015-11-13,0.140625
2015-11-14,0.125
2015-11-15,0.11718750000000001
2015-11-16,0.1015625
2015-11-17,0.09375
2015-11-18,0.0859375
2015-11-19,0.0703125
2015-11-20,0.0703125
2015-11-21,0.06249999999999999
2015-11-22,0.05468749999999999
2015-11-23,0.046875
2015-11-24,0.046875
2015-11-25,0.0390625
2015-11-26,0.0390625
2015-11-27,0.03125
2015-11-28,0.0234375
2015-11-29,0.0234375
2015-11-30,0.015625
2015-12-01,0.015625
2015-12-02,0.007812500000000002
2015-12-03,0.007812500000000002
2015-12-04,0.007812500000000002
2015-12-05,0.007812500000000002
2015-12-06,0.007812500000000002
2015-12-07,0.007812500000000002
2015-12-08,0.007812500000000002
2015-12-09,0.007812500000000002
2015-12-10,0.007812500000000002
2015-12-11,0.0
2015-12-12,0.0
2015-12-13,0.0
2015-12-14,0.0
2015-12-15,0.0
2015-12-16,0.0
2015-12-17,0.0
2015-12-18,0.0
2015-12-19,0.0
2015-12-20,0.0
2015-12-21,0.0
2015-12-22,0.0
2015-12-23,0.0
2015-12-24,0.0
2015-12-25,0.0
2015-12-26,0.0
2015-12-27,0.0
2015-12-28,0.0
2015-12-29,0.0
2015-12-30,0.0
2015-12-31,0.0
2016-01-01,0.0
2016-01-02,0.0
2016-01-03,0.0
2016-01-04,0.0
2016-01-05,0.0
2016-01-06,0.0
2016-01-07,0.0
2016-01-08,0.0
2016-01-09,0.0
2016-01-10,0.0
2016-01-11,0.0
2016-01-12,0.0
2016-01-13,0.0
2016-01-14,0.0
2016-01-15,0.0
2016-01-16,0.0
2016-01-17,0.0
2016-01-18,0.0
2016-01-19,0.0
2016-01-20,0.0
2016-01-21,0.0
2016-01-22,0.0
2016-01-23,0.0
2016-01-24,0.0
2016-01-25,0.0
2016-01-26,0.0
2016-01-27,0.0
2016-01-28,0.0
2016-01-29,0.0
2016-01-30,0.0
2016-01-31,0.0
2016-02-01,0.0
2016-02-02,0.0
2016-02-03,0.0
2016-02-04,0.0
2016-02-05,0.0
2016-02-06,0.0
2016-02-07,0.0
2016-02-08,0.0
2016-02-09,0.0
2016-02-10,0.0
2016-02-11,0.0
2016-02-12,0.0
2016-02-13,0.0
2016-02-14,0.0
2016-02-15,0.0
2016-02-16,0.0
2016-02-17,0.0
2016-02-18,0.0
2016-02-19,0.0
2016-02-20,0.0
2016-02-21,0.0
2016-02-22,0.0
2016-02-23,0.0
2016-02-24,0.0
2016-02-25,0.0
2016-02-26,0.0
2016-02-27,0.0
2016-02-28,0.0
2016-02-29,0.0
2016-03-01,0.0
2016-03-02,0.0
2016-03-03,0.0
2016-03-04,0.0
2016-03-05,0.0
2016-03-06,0.0
2016-03-07,0.0
2016-03-08,0.0
2016-03-09,0.0
2016-03-10,0.0
2016-03-11,0.0
2016-03-12,0.0
2016-03-13,0.0
2016-03-14,0.0
2016-03-15,0.0
2016-03-16,0.0
2016-03-17,0.0
2016-03-18,0.0
2016-03-19,0.0
2016-03-20,0.0
2016-03-21,0.0
2016-03-22,0.0
2016-03-23,0.0
2016-03-24,0.0
2016-03-25,0.0
2016-03-26,0.0
2016-03-27,0.0
2016-03-28,0.0
2016-03-29,0.0
2016-03-30,0.0
2016-03-31,0.0
2016-04-01,0.0
2016-04-02,0.0
2016-04-03,0.0
2016-04-04,0.0
2016-04-05,0.0
2016-04-06,0.0
2016-04-07,0.0
2016-04-08,0.0
2016-04-09,0.0
2016-04-10,0.0
2016-04-11,0.0
2016-04-12,0.0
2016-04-13,0.0
2016-04-14,0.0
2016-04-15,0.0
2016-04-16,0.0
2016-04-17,0.0
2016-04-18,0.0
2016-04-19,0.0
2016-04-20,0.0
2016-04-21,0.0
2016-04-22,0.0
2016-04-23,0.0
2016-04-24,0.0
2016-04-25,0.0
2016-04-26,0.0
2016-04-27,0.0
2016-04-28,0.0
2016-04-29,0.0
2016-04-30,0.0
2016-05-01,0.77525
2016-05-02,0.7752500000000002
2016-05-03,0.7752499999999999
2016-05-04,0.7752500000000002
2016-05-05,0.7752499999999999
2016-05-06,0.7752500000000001
2016-05-07,0.77525
2016-05-08,0.7752500000000001
2016-05-09,0.77525
2016-05-10,0.77525
2016-05-11,0.7800000000000001
2016-05-12,0.78
2016-05-13,0.78
2016-05-14,8.18625
2016-05-15,1.8805721649484541
2016-05-16,1.9208050904219705
2016-05-17,3.1984245929989865
2016-05-18,4.685722030674116
2016-05-19,17.601186851663662
2016-05-20,19.088162306426092
2016-05-21,37.716954542169546
2016-05-22,194.46646661101403
2016-05-23,456.1024216236856
2016-05-24,705.3693872439225
2016-05-25,994.754070614911
2016-05-26,790.0352525153339
2016-05-27,1119.1913846195473
2016-05-28,1225.05020330963
2016-05-29,1085.9157550012346
2016-05-30,853.2092865438349
2016-05-31,711.7893472269016
2016-06-01,663.361710106906
2016-06-02,630.9651006131079
2016-06-03,555.8843151513804
2016-06-04,514.3557133358914
2016-06-05,514.1740187233219
2016-06-06,469.3611061148884
2016-06-07,450.4655613244591
2016-06-08,384.2474810657639
2016-06-09,317.5678768084293
2016-06-10,262.50782072837325
2016-06-11,209.35183080477188
2016-06-12,155.34539011161266
2016-06-13,149.9547293977164
2016-06-14,138.29234286176606
2016-06-15,58.28073196320638
2016-06-16,74.02248873644928
2016-06-17,80.14594931009391
2016-06-18,88.93437963920636
2016-06-19,84.79290974286357
2016-06-20,89.85107899612821
2016-06-21,96.98221222699608
2016-06-22,91.56480124498708
2016-06-23,52.887531054916046
2016-06-24,18.92071901478696
2016-06-25,17.274774251773284
2016-06-26,17.15662611064455
2016-06-27,17.76312615380601
2016-06-28,17.64084434080331
2016-06-29,17.756053283877524
2016-06-30,18.42537777925512
2016-07-01,95.90378308217889
2016-07-02,89.94218796590569
2016-07-03,80.9975653717481
2016-07-04,83.82285051090639
2016-07-05,73.76934569158306
2016-07-06,70.77746169451403
2016-07-07,62.34359665260723
2016-07-08,60.99482220879407
2016-07-09,68.66248005366062
2016-07-10,81.47410843822072
2016-07-11,124.63225619482616
2016-07-12,123.28769369971134
2016-07-13,119.00692129422781
2016-07-14,78.98262142243726
2016-07-15,74.35170873855098
2016-07-16,70.39600625523866
2016-07-17,68.73250895018765
2016-07-18,100.96704139719002
2016-07-19,116.30639134178479
2016-07-20,168.55723478645896
2016-07-21,191.05093235319734
2016-07-22,186.36317806336154
2016-07-23,187.14482893398974
2016-07-24,238.94947914907397
2016-07-25,392.1434460662994
2016-07-26,627.8043370047426
2016-07-27,622.0230952712541
2016-07-28,594.170117870337
2016-07-29,501.5493371038125
2016-07-30,499.18938673906604
2016-07-31,475.5422718970947
2016-08-01,355.9661284194222
2016-08-02,309.39725973534655
2016-08-03,259.5030136798578
2016-08-04,207.3975562502432
2016-08-05,189.6412317006999
2016-08-06,179.87462583879343
2016-08-07,172.4407770154397
2016-08-08,179.142669845015
2016-08-09,190.89378874156387
2016-08-10,180.76932316308617
2016-08-11,172.47373517642748
2016-08-12,154.25520329157968
2016-08-13,138.25102445600305
2016-08-14,122.5135569473719
2016-08-15,109.72378876297154
2016-08-16,102.30699848361908
2016-08-17,97.35888481894507
2016-08-18,100.07020917647019
2016-08-19,104.6526009173341
2016-08-20,128.1335927869449
2016-08-21,185.29650382698932
2016-08-22,213.23205986057573
2016-08-23,204.50722647804574
2016-08-24,188.0084382283716
2016-08-25,181.55366340183338
2016-08-26,194.2707228720976
2016-08-27,199.38697194038795
2016-08-28,181.3658681097629
2016-08-29,163.33628352371875
2016-08-30,175.06352340005515
2016-08-31,215.15780716931016
2016-09-01,235.1044667237168
2016-09-02,211.92750113190823
2016-09-03,182.32438735898404
2016-09-04,161.18300076353847
2016-09-05,148.96998899401336
2016-09-06,133.83844597324293
2016-09-07,117.6890774101728
2016-09-08,107.99681423591551
2016-09-09,107.43175923191694
2016-09-10,102.78478796247248
2016-09-11,107.6126813710117
2016-09-12,110.42607924264934
2016-09-13,113.05852318452509
2016-09-14,109.76402023635816
2016-09-15,108.6892928317359
2016-09-16,102.84271149132141
2016-09-17,93.77830448066005
2016-09-18,88.95009027058765
2016-09-19,83.49763935895915
2016-09-20,80.70875284050372
2016-09-21,78.04278349961062
2016-09-22,72.62884994272784
2016-09-23,68.78740441446622
2016-09-24,65.84022650265796
2016-09-25,60.06044980049142
2016-09-26,57.31494954750293
2016-09-27,57.383520269239646
2016-09-28,72.91358735248099
2016-09-29,121.80505972007005
2016-09-30,195.63063794826928
2016-10-01,244.7109375
2016-10-02,261.15625
2016-10-03,301.796875
2016-10-04,345.9765625
2016-10-05,345.359375
2016-10-06,342.140625
2016-10-07,364.9140625
2016-10-08,430.875
2016-10-09,546.078125
2016-10-10,644.0078125
2016-10-11,677.4765625
2016-10-12,659.5703125
2016-10-13,617.90625
2016-10-14,572.578125
2016-10-15,529.3515625
2016-10-16,487.96875
2016-10-17,449.5625
2016-10-18,414.1171875
2016-10-19,381.5
2016-10-20,351.390625
2016-10-21,323.5859375
2016-10-22,297.8125
2016-10-23,274.15625
2016-10-24,253.921875
2016-10-25,243.0546875
2016-10-26,236.03125
2016-10-27,222.359375
2016-10-28,202.7421875
2016-10-29,184.0859375
2016-10-30,167.109375
2016-10-31,152.2578125
2016-11-01,138.984375
2016-11-02,126.90625
2016-11-03,115.671875
2016-11-04,105.40625
2016-11-05,95.984375
2016-11-06,87.265625
2016-11-07,79.171875
2016-11-08,71.7109375
2016-11-09,64.8359375
2016-11-10,58.4921875
2016-11-11,52.625
2016-11-12,47.2109375
2016-11-13,42.203125
2016-11-14,37.578125
2016-11-15,33.3359375
2016-11-16,29.46875
2016-11-17,25.9140625
2016-11-18,22.6640625
2016-11-19,19.734375
2016-11-20,17.078125
2016-11-21,14.6875
2016-11-22,12.546875
2016-11-23,10.625
2016-11-24,8.90625
2016-11-25,7.390625
2016-11-26,6.109375
2016-11-27,5.015625
2016-11-28,4.09375
2016-11-29,3.328125
2016-11-30,2.6875
2016-12-01,2.171875
2016-12-02,1.75
2016-12-03,1.40625
2016-12-04,1.125
2016-12-05,0.921875
2016-12-06,0.75
2016-12-07,0.609375
2016-12-08,0.5625
2016-12-09,0.59375
2016-12-10,0.5625
2016-12-11,0.484375
2016-12-12,0.40625
2016-12-13,0.34375
2016-12-14,0.296875
2016-12-15,0.234375
2016-12-16,0.203125
2016-12-17,0.15625
2016-12-18,0.125
2016-12-19,0.109375
2016-12-20,0.09375
2016-12-21,0.078125
2016-12-22,0.06249999999999999
2016-12-23,0.046875
2016-12-24,0.046875
2016-12-25,0.046875
2016-12-26,0.03125
2016-12-27,0.03125
2016-12-28,0.03125
2016-12-29,0.03125
2016-12-30,0.015625
2016-12-31,0.015625
2017-01-01,0.015625
2017-01-02,0.015625
2017-01-03,0.015625
2017-01-04,0.015625
2017-01-05,0.015625
2017-01-06,0.015625
2017-01-07,0.015625
2017-01-08,0.0
2017-01-09,0.0
2017-01-10,0.0
2017-01-11,0.0
2017-01-12,0.0
2017-01-13,0.0
2017-01-14,0.0
2017-01-15,0.0
2017-01-16,0.0
2017-01-17,0.0
2017-01-18,0.0
2017-01-19,0.0
2017-01-20,0.0
2017-01-21,0.0
2017-01-22,0.0
2017-01-23,0.0
2017-01-24,0.0
2017-01-25,0.0
2017-01-26,0.0
2017-01-27,0.0
2017-01-28,0.0
2017-01-29,0.0
2017-01-30,0.0
2017-01-31,0.0
2017-02-01,0.0
2017-02-02,0.0
2017-02-03,0.0
2017-02-04,0.0
2017-02-05,0.0
2017-02-06,0.0
2017-02-07,0.0
2017-02-08,0.0
2017-02-09,0.0
2017-02-10,0.0
2017-02-11,0.0
2017-02-12,0.0
2017-02-13,0.0
2017-02-14,0.0
2017-02-15,0.0
2017-02-16,0.0
2017-02-17,0.0
2017-02-18,0.0
2017-02-19,0.0
2017-02-20,0.0
2017-02-21,0.0
2017-02-22,0.0
2017-02-23,0.0
2017-02-24,0.0
2017-02-25,0.0
2017-02-26,0.0
2017-02-27,0.0
2017-02-28,0.0
2017-03-01,0.0
2017-03-02,0.0
2017-03-03,0.0
2017-03-04,0.0
2017-03-05,0.0
2017-03-06,0.0
2017-03-07,0.0
2017-03-08,0.0
2017-03-09,0.0
2017-03-10,0.0
2017-03-11,0.0
2017-03-12,0.0
2017-03-13,0.0
2017-03-14,0.0
2017-03-15,0.0
2017-03-16,0.0
2017-03-17,0.0
2017-03-18,0.0
2017-03-19,0.0
2017-03-20,0.0
2017-03-21,0.0
2017-03-22,0.0
2017-03-23,0.0
2017-03-24,0.0
2017-03-25,0.0
2017-03-26,0.0
2017-03-27,0.0
2017-03-28,0.0
2017-03-29,0.0
2017-03-30,0.0
2017-03-31,0.0
2017-04-01,0.0
2017-04-02,0.0
2017-04-03,0.0
2017-04-04,0.0
2017-04-05,0.0
2017-04-06,0.0
2017-04-07,0.0
2017-04-08,0.0
2017-04-09,0.0
2017-04-10,0.0
2017-04-11,0.0
2017-04-12,0.0
2017-04-13,0.0
2017-04-14,0.0
2017-04-15,0.0
2017-04-16,0.0
2017-04-17,0.0
2017-04-18,0.0
2017-04-19,0.0
2017-04-20,0.0
2017-04-21,0.0
2017-04-22,0.0
2017-04-23,0.0
2017-04-24,0.0
2017-04-25,0.0
2017-04-26,0.0
2017-04-27,0.0
2017-04-28,0.0
2017-04-29,0.0
2017-04-30,0.0
2017-05-01,0.7752499999999999
2017-05-02,0.7752499999999999
2017-05-03,0.7752500000000002
2017-05-04,0.7752499999999998
2017-05-05,0.7752500000000001
2017-05-06,0.7752499999999999
2017-05-07,0.7752500000000001
2017-05-08,0.77525
2017-05-09,0.7752500000000002
2017-05-10,0.7752499999999999
2017-05-11,0.7752500000000001
2017-05-12,3.248750000000001
2017-05-13,1.9662303664921468
2017-05-14,2.572582474226805
2017-05-15,2.8978225907777375
2017-05-16,3.186147711879381
2017-05-17,4.392173107484787
2017-05-18,5.12718740785708
2017-05-19,3.1022995736266417
2017-05-20,16.526809908541185
2017-05-21,17.17753898775591
2017-05-22,17.549555454421323
2017-05-23,11.873930224279102
2017-05-24,13.305225507192038
2017-05-25,8.901685907791727
2017-05-26,8.796101214383595
2017-05-27,7.9031349213626
2017-05-28,7.1293641749894645
2017-05-29,7.407226549590016
2017-05-30,7.0888207691576275
2017-05-31,8.621254204433962
2017-06-01,15.464559699771149
2017-06-02,20.28823165064483
2017-06-03,30.168567622110594
2017-06-04,53.417036028112676
2017-06-05,112.11878008187233
2017-06-06,332.7387748381988
2017-06-07,529.456665495459
2017-06-08,950.6641570535359
2017-06-09,2500.076526566697
2017-06-10,2717.6844360932364
2017-06-11,2968.825035460148
2017-06-12,2932.742082756192
2017-06-13,2875.711352167442
2017-06-14,2907.1126900999016
2017-06-15,2895.4298417562777
2017-06-16,2841.2569223988216
2017-06-17,2802.5815563844776
2017-06-18,2746.1551890456008
2017-06-19,2686.7543834746793
2017-06-20,2598.0668418417304
2017-06-21,2449.4559528972063
2017-06-22,2390.3255861245298
2017-06-23,2263.352818668866
2017-06-24,2104.017929349607
2017-06-25,1697.6908743944623
2017-06-26,1543.9281960608284
2017-06-27,1195.2022419450398
2017-06-28,1021.7203710588616
2017-06-29,929.2654128018418
2017-06-30,886.9535908134106
2017-07-01,819.6303666127642
2017-07-02,771.9948036734636
2017-07-03,733.3271085075917
2017-07-04,643.9988993743265
2017-07-05,624.9482318639566
2017-07-06,617.8983568951484
2017-07-07,563.3893744822631
2017-07-08,524.4497680163516
2017-07-09,615.4346306715868
2017-07-10,579.3038591190763
2017-07-11,554.1712579822079
2017-07-12,533.3050322838011
2017-07-13,654.7304508657008
2017-07-14,695.2295850743532
2017-07-15,765.3745356253582
2017-07-16,730.9106193324951
2017-07-17,733.246762725153
2017-07-18,731.7825904028905
2017-07-19,710.9931153255636
2017-07-20,676.7543333338041
2017-07-21,638.9533504560703
2017-07-22,492.07412601410584
2017-07-23,628.6384179431312
2017-07-24,685.4617455649366
2017-07-25,836.9450522067342
2017-07-26,846.3055377974691
2017-07-27,810.142025958076
2017-07-28,648.1354315874366
2017-07-29,639.4813668183676
2017-07-30,643.3107172372149
2017-07-31,642.3278797608863
2017-08-01,641.7851931673137
2017-08-02,611.4305543755623
2017-08-03,474.16107328322073
2017-08-04,460.5301834973614
2017-08-05,354.2196181104742
2017-08-06,296.08640981909264
2017-08-07,242.77880636065757
2017-08-08,212.64907539205137
2017-08-09,196.59983512214208
2017-08-10,174.51243999645578
2017-08-11,167.96436049629528
2017-08-12,167.76311729910947
2017-08-13,167.14016689128596
2017-08-14,154.3128813796215
2017-08-15,137.5655912038217
2017-08-16,113.4629090650533
2017-08-17,103.22363016690387
2017-08-18,106.15661130295837
2017-08-19,114.13497159512025
2017-08-20,103.8912972079974
2017-08-21,97.26547733210634
2017-08-22,91.17545616783299
2017-08-23,78.23928481057123
2017-08-24,73.87846096077939
2017-08-25,68.58958060156048
2017-08-26,71.61448848100733
2017-08-27,67.27666638670618
2017-08-28,65.20839173210197
2017-08-29,64.04316659568082
2017-08-30,71.74454687078124
2017-08-31,80.58789346205683
2017-09-01,100.33072440346365
2017-09-02,108.3556508542755
2017-09-03,108.02466117056065
2017-09-04,107.99444732247045
2017-09-05,128.70746835971767
2017-09-06,160.98209346598028
2017-09-07,179.19056602095228
2017-09-08,180.27374128644146
2017-09-09,169.6170273011468
2017-09-10,166.8431357957832
2017-09-11,167.06093783368726
2017-09-12,159.8957606722906
2017-09-13,152.04934371567307
2017-09-14,133.6039362742213
2017-09-15,123.12134843368892
2017-09-16,117.96644896700714
2017-09-17,107.64067732429888
2017-09-18,97.84704742096822
2017-09-19,90.13085625558335
2017-09-20,85.09946116556988
2017-09-21,77.00424955788796
2017-09-22,74.91912300844535
2017-09-23,79.04478733675947
2017-09-24,90.74592338945816
2017-09-25,95.2459456093715
2017-09-26,93.44812855991943
2017-09-27,91.82143660060237
2017-09-28,85.27570879320936
2017-09-29,81.718201012269
2017-09-30,81.82592314867736
2017-10-01,134.6796875
2017-10-02,170.3125
2017-10-03,215.265625
2017-10-04,219.875
2017-10-05,210.984375
2017-10-06,196.0546875
2017-10-07,177.796875
2017-10-08,161.1875
2017-10-09,147.015625
2017-10-10,134.3046875
2017-10-11,122.578125
2017-10-12,111.75
2017-10-13,101.75
2017-10-14,92.5234375
2017-10-15,83.9921875
2017-10-16,76.109375
2017-10-17,68.859375
2017-10-18,62.1796875
2017-10-19,55.9765625
2017-10-20,50.2109375
2017-10-21,44.8359375
2017-10-22,39.8828125
2017-10-23,35.3515625
2017-10-24,31.1953125
2017-10-25,27.359375
2017-10-26,23.828125
2017-10-27,20.5859375
2017-10-28,17.6328125
2017-10-29,14.9375
2017-10-30,12.4765625
2017-10-31,10.2734375
2017-11-01,8.3515625
2017-11-02,6.7109375
2017-11-03,5.3203125
2017-11-04,4.1640625
2017-11-05,3.234375
2017-11-06,2.8046875
2017-11-07,2.671875
2017-11-08,2.359375
2017-11-09,1.96875
2017-11-10,1.6484375
2017-11-11,1.3828125
2017-11-12,1.171875
2017-11-13,0.9921875
2017-11-14,0.890625
2017-11-15,0.8828125
2017-11-16,0.8515625
2017-11-17,0.765625
2017-11-18,0.671875
2017-11-19,0.578125
2017-11-20,0.5
2017-11-21,0.4296875
2017-11-22,0.375
2017-11-23,0.328125
2017-11-24,0.28125
2017-11-25,0.234375
2017-11-26,0.203125
2017-11-27,0.171875
2017-11-28,0.140625
2017-11-29,0.125
2017-11-30,0.09375
2017-12-01,0.078125
2017-12-02,0.06249999999999999
2017-12-03,0.046875
2017-12-04,0.046875
2017-12-05,0.03125
2017-12-06,0.03125
2017-12-07,0.03125
2017-12-08,0.015625
2017-12-09,0.015625
2017-12-10,0.015625
2017-12-11,0.015625
2017-12-12,0.015625
2017-12-13,0.015625
2017-12-14,0.015625
2017-12-15,0.015625
2017-12-16,0.0
2017-12-17,0.0
2017-12-18,0.0
2017-12-19,0.0
2017-12-20,0.0
2017-12-21,0.0
2017-12-22,0.0
2017-12-23,0.0
2017-12-24,0.0
2017-12-25,0.0
2017-12-26,0.0
2017-12-27,0.0
2017-12-28,0.0
2017-12-29,0.0
2017-12-30,0.0
2017-12-31,0.0
2018-01-01,0.0
2018-01-02,0.0
2018-01-03,0.0
2018-01-04,0.0
2018-01-05,0.0
2018-01-06,0.0
2018-01-07,0.0
2018-01-08,0.0
2018-01-09,0.0
2018-01-10,0.0
2018-01-11,0.0
2018-01-12,0.0
2018-01-13,0.0
2018-01-14,0.0
2018-01-15,0.0
2018-01-16,0.0
2018-01-17,0.0
2018-01-18,0.0
2018-01-19,0.0
2018-01-20,0.0
2018-01-21,0.0
2018-01-22,0.0
2018-01-23,0.0
2018-01-24,0.0
2018-01-25,0.0
2018-01-26,0.0
2018-01-27,0.0
2018-01-28,0.0
2018-01-29,0.0
2018-01-30,0.0
2018-01-31,0.0
2018-02-01,0.0
2018-02-02,0.0
2018-02-03,0.0
2018-02-04,0.0
2018-02-05,0.0
2018-02-06,0.0
2018-02-07,0.0
2018-02-08,0.0
2018-02-09,0.0
2018-02-10,0.0
2018-02-11,0.0
2018-02-12,0.0
2018-02-13,0.0
2018-02-14,0.0
2018-02-15,0.0
2018-02-16,0.0
2018-02-17,0.0
2018-02-18,0.0
2018-02-19,0.0
2018-02-20,0.0
2018-02-21,0.0
2018-02-22,0.0
2018-02-23,0.0
2018-02-24,0.0
2018-02-25,0.0
2018-02-26,0.0
2018-02-27,0.0
2018-02-28,0.0
2018-03-01,0.0
2018-03-02,0.0
2018-03-03,0.0
2018-03-04,0.0
2018-03-05,0.0
2018-03-06,0.0
2018-03-07,0.0
2018-03-08,0.0
2018-03-09,0.0
2018-03-10,0.0
2018-03-11,0.0
2018-03-12,0.0
2018-03-13,0.0
2018-03-14,0.0
2018-03-15,0.0
2018-03-16,0.0
2018-03-17,0.0
2018-03-18,0.0
2018-03-19,0.0
2018-03-20,0.0
2018-03-21,0.0
2018-03-22,0.0
2018-03-23,0.0
2018-03-24,0.0
2018-03-25,0.0
2018-03-26,0.0
2018-03-27,0.0
2018-03-28,0.0
2018-03-29,0.0
2018-03-30,0.0
2018-03-31,0.0
2018-04-01,0.0
2018-04-02,0.0
2018-04-03,0.0
2018-04-04,0.0
2018-04-05,0.0
2018-04-06,0.0
2018-04-07,0.0
2018-04-08,0.0
2018-04-09,0.0
2018-04-10,0.0
2018-04-11,0.0
2018-04-12,0.0
2018-04-13,0.0
2018-04-14,0.0
2018-04-15,0.0
2018-04-16,0.0
2018-04-17,0.0
2018-04-18,0.0
2018-04-19,0.0
2018-04-20,0.0
2018-04-21,0.0
2018-04-22,0.0
2018-04-23,0.0
2018-04-24,0.0
2018-04-25,0.0
2018-04-26,0.0
2018-04-27,0.0
2018-04-28,0.0
2018-04-29,0.0
2018-04-30,0.0
2018-05-01,0.77525
2018-05-02,0.7752499999999999
2018-05-03,0.7752500000000001
2018-05-04,0.7752499999999999
2018-05-05,0.7752500000000002
2018-05-06,0.7752499999999998
2018-05-07,0.7752500000000001
2018-05-08,0.7752499999999999
2018-05-09,0.7752500000000001
2018-05-10,0.77525
2018-05-11,0.77525
2018-05-12,0.7800000000000001
2018-05-13,0.78
2018-05-14,0.7799999999999998
2018-05-15,0.78
2018-05-16,3.2487500000000007
2018-05-17,15.987500000000002
2018-05-18,2.373125000000001
2018-05-19,2.59029670546459
2018-05-20,4.773448275862068
2018-05-21,5.989896540575501
2018-05-22,4.69679853989223
2018-05-23,14.36230769230769
2018-05-24,7.708033600610926
2018-05-25,6.542609333178171
2018-05-26,4.741057770545162
2018-05-27,6.562095473776644
2018-05-28,4.758536602550554
2018-05-29,5.741945466186273
2018-05-30,6.541768361508188
2018-05-31,8.04386755406383
2018-06-01,12.538848836271388
2018-06-02,17.954751327991968
2018-06-03,26.87577866164837
2018-06-04,45.574301969910415
2018-06-05,69.39457316707313
2018-06-06,77.86425774749263
2018-06-07,109.43213836118272
2018-06-08,143.82241274215838
2018-06-09,172.80938884420277
2018-06-10,313.6396599290851
2018-06-11,443.41874457897603
2018-06-12,842.3026224898671
2018-06-13,2727.615097117101
2018-06-14,3457.9517245761867
2018-06-15,4294.988903091976
2018-06-16,4540.642588308595
2018-06-17,4372.206410935867
2018-06-18,4065.034753937324
2018-06-19,3782.4603196069393
2018-06-20,3589.085924821509
2018-06-21,3368.354682561327
2018-06-22,3130.5871363683095
2018-06-23,2904.0783649482973
2018-06-24,2703.000597949759
2018-06-25,2551.8959891541977
2018-06-26,2450.8632997438312
2018-06-27,2383.1252848516815
2018-06-28,2143.7850501402213
2018-06-29,1981.0496382050737
2018-06-30,1719.8057900493145
2018-07-01,1661.7933914883074
2018-07-02,1267.8891693746173
2018-07-03,1239.0032778445639
2018-07-04,1110.4776221676086
2018-07-05,985.5456415608273
2018-07-06,913.1713988503583
2018-07-07,792.3447000151131
2018-07-08,683.319499387875
2018-07-09,656.8259274869702
2018-07-10,588.9886340845798
2018-07-11,555.6190435610056
2018-07-12,507.61235380408465
2018-07-13,424.8426794298863
2018-07-14,359.7213802822156
2018-07-15,318.69997286819967
2018-07-16,294.83764784407936
2018-07-17,295.37415136217606
2018-07-18,325.75150400740824
2018-07-19,468.1351581061558
2018-07-20,700.2660729173633
2018-07-21,848.6966593824995
2018-07-22,849.1983232521374
2018-07-23,840.312118514007
2018-07-24,688.3836166009652
2018-07-25,647.819001235579
2018-07-26,615.1496434397575
2018-07-27,660.6455151404873
2018-07-28,914.220067135162
2018-07-29,1048.9351733767187
2018-07-30,1087.9947123893437
2018-07-31,1171.3783042801583
2018-08-01,1135.6091033967054
2018-08-02,1083.2211668280609
2018-08-03,1015.5783811547749
2018-08-04,959.0895260470973
2018-08-05,661.6020507814883
2018-08-06,619.2562580770225
2018-08-07,482.01113520758076
2018-08-08,370.92606944178016
2018-08-09,298.1767083174228
2018-08-10,231.31653074797623
2018-08-11,182.26590435770342
2018-08-12,173.14816284608753
2018-08-13,166.98440441518105
2018-08-14,154.8075823661423
2018-08-15,137.1778806765607
2018-08-16,112.88697821283694
2018-08-17,95.78755380817641
2018-08-18,86.20097689018567
2018-08-19,74.14078357656192
2018-08-20,100.6522113460807
2018-08-21,183.78614007287942
2018-08-22,394.89680296602836
2018-08-23,536.9789833972425
2018-08-24,507.6010255535461
2018-08-25,382.27003630839636
2018-08-26,376.5485675176286
2018-08-27,359.94820017765255
2018-08-28,357.39093178755144
2018-08-29,296.53627188968983
2018-08-30,295.6695494550655
2018-08-31,250.67061391619217
2018-09-01,215.0215516324467
2018-09-02,193.9878790335162
2018-09-03,167.96350371640168
2018-09-04,142.4312677567084
2018-09-05,130.7134355224239
2018-09-06,120.26120936562528
2018-09-07,114.95145226866231
2018-09-08,110.40701215279506
2018-09-09,103.20006422555035
2018-09-10,94.34692558000663
2018-09-11,100.80777557070175
2018-09-12,118.03779386287908
2018-09-13,131.0118773031572
2018-09-14,156.10963766709057
2018-09-15,233.9178220332429
2018-09-16,388.6429191295871
2018-09-17,598.7564670021798
2018-09-18,658.1796467461918
2018-09-19,386.06374582680377
2018-09-20,369.2698833363055
2018-09-21,367.34089589563945
2018-09-22,354.53570267249495
2018-09-23,335.10543668974714
2018-09-24,317.82819125669977
2018-09-25,290.2005625776179
2018-09-26,260.2253075382047
2018-09-27,256.74270918355177
2018-09-28,276.5751523008285
2018-09-29,264.4925030946256
2018-09-30,317.33307070148976
2018-10-01,580.453125
2018-10-02,659.90625
2018-10-03,671.421875
2018-10-04,661.9140625
2018-10-05,654.0625
2018-10-06,629.546875
2018-10-07,594.3203125
2018-10-08,558.265625
2018-10-09,520.0546875
2018-10-10,482.125
2018-10-11,445.5546875
2018-10-12,410.4765625
2018-10-13,377.75
2018-10-14,346.796875
2018-10-15,314.5
2018-10-16,281.828125
2018-10-17,260.8984375
2018-10-18,249.03125
2018-10-19,234.734375
2018-10-20,212.9375
2018-10-21,189.2890625
2018-10-22,171.59375
2018-10-23,156.9453125
2018-10-24,143.484375
2018-10-25,131.1015625
2018-10-26,119.6875
2018-10-27,109.0625
2018-10-28,99.2578125
2018-10-29,90.1796875
2018-10-30,81.765625
2018-10-31,73.96875
2018-11-01,66.765625
2018-11-02,60.0859375
2018-11-03,53.921875
2018-11-04,48.2265625
2018-11-05,42.9609375
2018-11-06,38.109375
2018-11-07,33.65625
2018-11-08,29.5390625
2018-11-09,25.7265625
2018-11-10,22.234375
2018-11-11,19.03125
2018-11-12,16.09375
2018-11-13,13.40625
2018-11-14,10.9765625
2018-11-15,8.8203125
2018-11-16,6.9765625
2018-11-17,5.4765625
2018-11-18,4.2890625
2018-11-19,3.3671875
2018-11-20,2.6484375
2018-11-21,2.09375
2018-11-22,1.671875
2018-11-23,1.34375
2018-11-24,1.09375
2018-11-25,0.90625
2018-11-26,0.75
2018-11-27,0.625
2018-11-28,0.53125
2018-11-29,0.453125
2018-11-30,0.375
2018-12-01,0.328125
2018-12-02,0.28125
2018-12-03,0.234375
2018-12-04,0.203125
2018-12-05,0.1875
2018-12-06,0.15625
2018-12-07,0.140625
2018-12-08,0.125
2018-12-09,0.109375
2018-12-10,0.09375
2018-12-11,0.09375
2018-12-12,0.078125
2018-12-13,0.078125
2018-12-14,0.06249999999999999
2018-12-15,0.06249999999999999
2018-12-16,0.046875
2018-12-17,0.046875
2018-12-18,0.046875
2018-12-19,0.03125
2018-12-20,0.03125
2018-12-21,0.03125
2018-12-22,0.03125
2018-12-23,0.03125
2018-12-24,0.015625
2018-12-25,0.015625
2018-12-26,0.015625
2018-12-27,0.015625
2018-12-28,0.015625
2018-12-29,0.015625
2018-12-30,0.015625
2018-12-31,0.015625
2019-01-01,0.0
2019-01-02,0.0
2019-01-03,0.0
2019-01-04,0.0
2019-01-05,0.0
2019-01-06,0.0
2019-01-07,0.0
2019-01-08,0.0
2019-01-09,0.0
2019-01-10,0.0
2019-01-11,0.0
2019-01-12,0.0
2019-01-13,0.0
2019-01-14,0.0
2019-01-15,0.0
2019-01-16,0.0
2019-01-17,0.0
2019-01-18,0.0
2019-01-19,0.0
2019-01-20,0.0
2019-01-21,0.0
2019-01-22,0.0
2019-01-23,0.0
2019-01-24,0.0
2019-01-25,0.0
2019-01-26,0.0
2019-01-27,0.0
2019-01-28,0.0
2019-01-29,0.0
2019-01-30,0.0
2019-01-31,0.0
2019-02-01,0.0
2019-02-02,0.0
2019-02-03,0.0
2019-02-04,0.0
2019-02-05,0.0
2019-02-06,0.0
2019-02-07,0.0
2019-02-08,0.0
2019-02-09,0.0
2019-02-10,0.0
2019-02-11,0.0
2019-02-12,0.0
2019-02-13,0.0
2019-02-14,0.0
2019-02-15,0.0
2019-02-16,0.0
2019-02-17,0.0
2019-02-18,0.0
2019-02-19,0.0
2019-02-20,0.0
2019-02-21,0.0
2019-02-22,0.0
2019-02-23,0.0
2019-02-24,0.0
2019-02-25,0.0
2019-02-26,0.0
2019-02-27,0.0
2019-02-28,0.0
2019-03-01,0.0
2019-03-02,0.0
2019-03-03,0.0
2019-03-04,0.0
2019-03-05,0.0
2019-03-06,0.0
2019-03-07,0.0
2019-03-08,0.0
2019-03-09,0.0
2019-03-10,0.0
2019-03-11,0.0
2019-03-12,0.0
2019-03-13,0.0
2019-03-14,0.0
2019-03-15,0.0
2019-03-16,0.0
2019-03-17,0.0
2019-03-18,0.0
2019-03-19,0.0
2019-03-20,0.0
2019-03-21,0.0
2019-03-22,0.0
2019-03-23,0.0
2019-03-24,0.0
2019-03-25,0.0
2019-03-26,0.0
2019-03-27,0.0
2019-03-28,0.0
2019-03-29,0.0
2019-03-30,0.0
2019-03-31,0.0
2019-04-01,0.0
2019-04-02,0.0
2019-04-03,0.0
2019-04-04,0.0
2019-04-05,0.0
2019-04-06,0.0
2019-04-07,0.0
2019-04-08,0.0
2019-04-09,0.0
2019-04-10,0.0
2019-04-11,0.0
2019-04-12,0.0
2019-04-13,0.0
2019-04-14,0.0
2019-04-15,0.0
2019-04-16,0.0
2019-04-17,0.0
2019-04-18,0.0
2019-04-19,0.0
2019-04-20,0.0
2019-04-21,0.0
2019-04-22,0.0
2019-04-23,0.0
2019-04-24,0.0
2019-04-25,0.0
2019-04-26,0.0
2019-04-27,0.0
2019-04-28,0.0
2019-04-29,0.0
2019-04-30,0.03125
2019-05-01,4.320854271356788
2019-05-02,11.647487437185942
2019-05-03,2.5227594070695565
2019-05-04,2.8485860889395673
2019-05-05,2.6313683010262268
2019-05-06,2.6313683010262268
2019-05-07,2.5227594070695565
2019-05-08,16.53190954773871
2019-05-09,13.275628140703537
2019-05-10,11.64748743718594
2019-05-11,14.903768844221123
2019-05-12,3.4367255574614077
2019-05-13,3.5928618882148537
2019-05-14,5.105710765793884
2019-05-15,6.100751536063439
2019-05-16,6.868957469494134
2019-05-17,3.3947666424459233
2019-05-18,4.463316104414188
2019-05-19,4.081739151111638
2019-05-20,8.094786912404224
2019-05-21,6.903958642043565
2019-05-22,11.97555744828785
2019-05-23,8.90576383542468
2019-05-24,13.396982985861493
2019-05-25,21.00608934449745
2019-05-26,48.685048050424655
2019-05-27,165.0200463920844
2019-05-28,300.88985361943065
2019-05-29,522.1640462178442
2019-05-30,966.1478266385737
2019-05-31,847.0053888936371
2019-06-01,1286.2847210212658
2019-06-02,2234.492771907856
2019-06-03,2541.9580036340644
2019-06-04,2533.66425814323
2019-06-05,2585.654413307849
2019-06-06,2692.3935443186733
2019-06-07,2818.6530032219102
2019-06-08,2715.5117351242707
2019-06-09,2797.537339553664
2019-06-10,2663.0249495979037
2019-06-11,2500.6826386316716
2019-06-12,2141.697962457141
2019-06-13,1607.1298157416732
2019-06-14,1242.2755807491378
2019-06-15,1055.926978303667
2019-06-16,957.8587874624934
2019-06-17,799.5873203395273
2019-06-18,602.1412856235592
2019-06-19,527.9877016686661
2019-06-20,461.1289004371587
2019-06-21,383.88375621020936
2019-06-22,334.12391256255376
2019-06-23,310.3209372073662
2019-06-24,224.46265418585546
2019-06-25,176.61172238038782
2019-06-26,146.62624739598178
2019-06-27,136.6107691947391
2019-06-28,137.6278381407457
2019-06-29,136.91987725392113
2019-06-30,134.83433300791728
2019-07-01,132.29863879757215
2019-07-02,133.0875256412838
2019-07-03,132.3794337872488
2019-07-04,126.79533824097417
2019-07-05,126.3514848143566
2019-07-06,125.96852875036558
2019-07-07,120.53800203447997
2019-07-08,82.48893562424513
2019-07-09,78.354255392955
2019-07-10,75.20360551528971
2019-07-11,69.0722160965918
2019-07-12,63.52961120896635
2019-07-13,58.45925079157887
2019-07-14,54.739974437507215
2019-07-15,55.6886649004541
2019-07-16,62.57455707219467
2019-07-17,71.69468167361137
2019-07-18,104.64818973843644
2019-07-19,108.09848234700648
2019-07-20,115.46827998673012
2019-07-21,168.90143954968255
2019-07-22,287.46211839120593
2019-07-23,613.5135883323352
2019-07-24,618.6189424119522
2019-07-25,521.680954107072
2019-07-26,489.3982004700052
2019-07-27,377.3639723739154
2019-07-28,321.6260588253774
2019-07-29,322.4992279903215
2019-07-30,368.7761250093037
2019-07-31,366.14213517536894
2019-08-01,303.2702679546361
2019-08-02,231.2300748270822
2019-08-03,206.66938999685544
2019-08-04,187.67407012357938
2019-08-05,170.89330185085683
2019-08-06,164.34196818128808
2019-08-07,157.48656356725888
2019-08-08,135.0939639426276
2019-08-09,124.39021992673774
2019-08-10,118.44047488911316
2019-08-11,112.14462613828873
2019-08-12,97.73047230167971
2019-08-13,98.80653939430542
2019-08-14,122.50378575572633
2019-08-15,144.48720941456762
2019-08-16,138.7375507454503
2019-08-17,123.91152299171978
2019-08-18,114.48454012293462
2019-08-19,124.22136199287513
2019-08-20,149.35750871975756
2019-08-21,147.4661945077971
2019-08-22,134.1479027006699
2019-08-23,123.25958762069118
2019-08-24,103.81591654435216
2019-08-25,93.38906043219988
2019-08-26,85.73405142259656
2019-08-27,81.39382823054203
2019-08-28,89.44731609163003
2019-08-29,117.49260088943251
2019-08-30,150.02474072415583
2019-08-31,162.28950009575078
2019-09-01,191.9420282680152
2019-09-02,227.1558061894895
2019-09-03,231.55325359914866
2019-09-04,210.45786847881985
2019-09-05,180.83851871404005
2019-09-06,164.64695484391407
2019-09-07,142.379738869834
2019-09-08,125.05030065607224
2019-09-09,116.48472297773586
2019-09-10,109.36432858216338
2019-09-11,107.59838335113162
2019-09-12,103.58095521580533
2019-09-13,102.8641357535982
2019-09-14,96.61536640898456
2019-09-15,89.97391560401361
2019-09-16,85.766408931035
2019-09-17,79.73908882643032
2019-09-18,75.52009155614712
2019-09-19,72.9121452305206
2019-09-20,67.9756581704096
2019-09-21,70.48073115461075
2019-09-22,64.68138376040277
2019-09-23,61.95162846233759
2019-09-24,57.495550210850745
2019-09-25,53.115206734466945
2019-09-26,50.48957516686445
2019-09-27,48.14171801911119
2019-09-28,45.68540374848349
2019-09-29,44.13617545946148
2019-09-30,41.66862492181957
2019-10-01,28.2578125
2019-10-02,26.0546875
2019-10-03,23.265625
2019-10-04,20.203125
2019-10-05,17.2265625
2019-10-06,14.515625
2019-10-07,12.0703125
2019-10-08,9.953125
2019-10-09,8.171875
2019-10-10,6.7109375
2019-10-11,5.5
2019-10-12,4.4921875
2019-10-13,3.6640625
2019-10-14,2.984375
2019-10-15,2.4296875
2019-10-16,1.953125
2019-10-17,1.5703125
2019-10-18,1.265625
2019-10-19,1.0078125
2019-10-20,0.8125
2019-10-21,0.6484375
2019-10-22,0.515625
2019-10-23,0.4140625
2019-10-24,0.3359375
2019-10-25,0.2734375
2019-10-26,0.2265625
2019-10-27,0.1875
2019-10-28,0.15625
2019-10-29,0.1328125
2019-10-30,0.11718750000000001
2019-10-31,0.1015625
2019-11-01,0.0859375
2019-11-02,0.0703125
2019-11-03,0.06249999999999999
2019-11-04,0.05468749999999999
2019-11-05,0.046875
2019-11-06,0.0390625
2019-11-07,0.03125
2019-11-08,0.03125
2019-11-09,0.0234375
2019-11-10,0.0234375
2019-11-11,0.015625
2019-11-12,0.015625
2019-11-13,0.007812500000000002
2019-11-14,0.007812500000000002
2019-11-15,0.007812500000000002
2019-11-16,0.007812500000000002
2019-11-17,0.007812500000000002
2019-11-18,0.0
2019-11-19,0.0
2019-11-20,0.0
2019-11-21,0.0
2019-11-22,0.0
2019-11-23,0.0
2019-11-24,0.0
2019-11-25,0.0
2019-11-26,0.0
2019-11-27,0.0
2019-11-28,0.0
2019-11-29,0.0
2019-11-30,0.0
2019-12-01,0.0
2019-12-02,0.0
2019-12-03,0.0
2019-12-04,0.0
2019-12-05,0.0
2019-12-06,0.0
2019-12-07,0.0
2019-12-08,0.0
2019-12-09,0.0
2019-12-10,0.0
2019-12-11,0.0
2019-12-12,0.0
2019-12-13,0.0
2019-12-14,0.0
2019-12-15,0.0
2019-12-16,0.0
2019-12-17,0.0
2019-12-18,0.0
2019-12-19,0.0
2019-12-20,0.0
2019-12-21,0.0
2019-12-22,0.0
2019-12-23,0.0
2019-12-24,0.0
2019-12-25,0.0
2019-12-26,0.0
2019-12-27,0.0
2019-12-28,0.0
2019-12-29,0.0
2019-12-30,0.0
2019-12-31,0.0
2020-01-01,0.0
2020-01-02,0.0
2020-01-03,0.0
2020-01-04,0.0
2020-01-05,0.0
2020-01-06,0.0
2020-01-07,0.0
2020-01-08,0.0
2020-01-09,0.0
2020-01-10,0.0
2020-01-11,0.0
2020-01-12,0.0
2020-01-13,0.0
2020-01-14,0.0
2020-01-15,0.0
2020-01-16,0.0
2020-01-17,0.0
2020-01-18,0.0
2020-01-19,0.0
2020-01-20,0.0
2020-01-21,0.0
2020-01-22,0.0
2020-01-23,0.0
2020-01-24,0.0
2020-01-25,0.0
2020-01-26,0.0
2020-01-27,0.0
2020-01-28,0.0
2020-01-29,0.0
2020-01-30,0.0
2020-01-31,0.0
2020-02-01,0.0
2020-02-02,0.0
2020-02-03,0.0
2020-02-04,0.0
2020-02-05,0.0
2020-02-06,0.0
2020-02-07,0.0
2020-02-08,0.0
2020-02-09,0.0
2020-02-10,0.0
2020-02-11,0.0
2020-02-12,0.0
2020-02-13,0.0
2020-02-14,0.0
2020-02-15,0.0
2020-02-16,0.0
2020-02-17,0.0
2020-02-18,0.0
2020-02-19,0.0
2020-02-20,0.0
2020-02-21,0.0
2020-02-22,0.0
2020-02-23,0.0
2020-02-24,0.0
2020-02-25,0.0
2020-02-26,0.0
2020-02-27,0.0
2020-02-28,0.0
2020-02-29,0.0
2020-03-01,0.0
2020-03-02,0.0
2020-03-03,0.0
2020-03-04,0.0
2020-03-05,0.0
2020-03-06,0.0
2020-03-07,0.0
2020-03-08,0.0
2020-03-09,0.0
2020-03-10,0.0
2020-03-11,0.0
2020-03-12,0.0
2020-03-13,0.0
2020-03-14,0.0
2020-03-15,0.0
2020-03-16,0.0
2020-03-17,0.0
2020-03-18,0.0
2020-03-19,0.0
2020-03-20,0.0
2020-03-21,0.0
2020-03-22,0.0
2020-03-23,0.0
2020-03-24,0.0
2020-03-25,0.0
2020-03-26,0.0
2020-03-27,0.0
2020-03-28,0.0
2020-03-29,0.0
2020-03-30,0.0
2020-03-31,0.0
2020-04-01,0.0
2020-04-02,0.0
2020-04-03,0.0
2020-04-04,0.0
2020-04-05,0.0
2020-04-06,0.0
2020-04-07,0.0
2020-04-08,0.0
2020-04-09,0.0
2020-04-10,0.0
2020-04-11,0.0
2020-04-12,0.0
2020-04-13,0.0
2020-04-14,0.0
2020-04-15,0.0
2020-04-16,0.0
2020-04-17,0.0
2020-04-18,0.0
2020-04-19,0.0
2020-04-20,0.0
2020-04-21,0.0
2020-04-22,0.0
2020-04-23,0.0
2020-04-24,0.0
2020-04-25,0.0
2020-04-26,0.0
2020-04-27,0.0
2020-04-28,0.0
2020-04-29,0.0
2020-04-30,0.0
2020-05-01,0.7752500000000001
2020-05-02,0.7752500000000002
2020-05-03,0.7752499999999998
2020-05-04,0.7752500000000001
2020-05-05,0.77525
2020-05-06,0.77525
2020-05-07,0.77525
2020-05-08,0.7752500000000001
2020-05-09,12.461557788944736
2020-05-10,11.370063893653516
2020-05-11,21.13635268164898
2020-05-12,15.986916946504902
2020-05-13,15.476731967943001
2020-05-14,15.638888754986905
2020-05-15,9.852249578051508
2020-05-16,12.11649104786587
2020-05-17,10.45853730733063
2020-05-18,9.362430650408335
2020-05-19,26.157796881719506
2020-05-20,26.29960733862848
2020-05-21,22.809843182944302
2020-05-22,21.75992211812358
2020-05-23,17.634950696720754
2020-05-24,16.616128581887523
2020-05-25,13.3890197461213
2020-05-26,19.765877016751862
2020-05-27,19.291519221537108
2020-05-28,21.55437343346927
2020-05-29,30.891534002484942
2020-05-30,99.88700993153041
2020-05-31,168.00570065693495
2020-06-01,434.74946625170327
2020-06-02,562.1543237922542
2020-06-03,1015.7404032633488
2020-06-04,1919.745297322787
2020-06-05,2639.6667994244895
2020-06-06,2770.773477582448
2020-06-07,2769.483951811879
2020-06-08,2697.1707274369087
2020-06-09,2583.1374098036817
2020-06-10,2244.676764122243
2020-06-11,2013.4370980917365
2020-06-12,1570.1701361820124
2020-06-13,1117.1061405713026
2020-06-14,1073.599666494332
2020-06-15,1013.125627128347
2020-06-16,973.1518318982609
2020-06-17,912.8771158855396
2020-06-18,725.8462420656158
2020-06-19,568.9463309178834
2020-06-20,505.1881069478393
2020-06-21,416.9028300540309
2020-06-22,385.81574606979757
2020-06-23,344.82607502571085
2020-06-24,332.9474997299399
2020-06-25,306.90776712737716
2020-06-26,242.70572022188168
2020-06-27,230.972664903082
2020-06-28,221.01975361147666
2020-06-29,202.0068186016259
2020-06-30,174.5209171643501
2020-07-01,174.78096205993572
2020-07-02,183.53380262820195
2020-07-03,231.78109646523703
2020-07-04,312.8513611070624
2020-07-05,323.8799952986409
2020-07-06,345.4206377936725
2020-07-07,379.11648967962435
2020-07-08,346.9287875924487
2020-07-09,311.83691377338954
2020-07-10,272.2625104602032
2020-07-11,252.15613049640174
2020-07-12,261.061124229961
2020-07-13,325.7120420133256
2020-07-14,411.12823970488586
2020-07-15,486.185449665426
2020-07-16,641.357356585941
2020-07-17,643.7717577468076
2020-07-18,625.9326198404694
2020-07-19,478.398368455252
2020-07-20,458.15440689219474
2020-07-21,365.62832870917725
2020-07-22,310.82056301726055
2020-07-23,267.3578181607566
2020-07-24,215.5972715737909
2020-07-25,186.6229933794736
2020-07-26,160.2289065374798
2020-07-27,146.5180768892843
2020-07-28,130.88782188327167
2020-07-29,133.09197536784873
2020-07-30,161.37635667168468
2020-07-31,170.82582328658984
2020-08-01,164.1510349821297
2020-08-02,153.9019647360629
2020-08-03,147.96736033307755
2020-08-04,134.98557983075796
2020-08-05,125.82740646460373
2020-08-06,127.72158067588177
2020-08-07,132.6248788324319
2020-08-08,154.30620423875206
2020-08-09,152.5684913002674
2020-08-10,151.3232779743236
2020-08-11,149.07266412136477
2020-08-12,150.00881468414318
2020-08-13,150.8600704124765
2020-08-14,141.66523642788718
2020-08-15,129.5752582431105
2020-08-16,121.61800984891704
2020-08-17,117.61501645757089
2020-08-18,128.00873976586604
2020-08-19,128.11936043094974
2020-08-20,133.18024391036167
2020-08-21,142.0587622119097
2020-08-22,153.5488307309957
2020-08-23,194.37258288360158
2020-08-24,287.96632208939815
2020-08-25,393.0597116541286
2020-08-26,374.4379316065299
2020-08-27,363.8473797604335
2020-08-28,296.3365355425552
2020-08-29,289.2284654083846
2020-08-30,250.20448262498834
2020-08-31,233.40730086263324
2020-09-01,205.9258738430099
2020-09-02,193.59522307360297
2020-09-03,179.3692461061221
2020-09-04,159.9729609516033
2020-09-05,143.9094064548585
2020-09-06,145.88811154542734
2020-09-07,146.59217129571175
2020-09-08,147.1864538160173
2020-09-09,145.84027815470407
2020-09-10,140.03326210913457
2020-09-11,125.74375907424984
2020-09-12,118.87153634789053
2020-09-13,119.36731852567195
2020-09-14,114.70108141178683
2020-09-15,118.5604782951387
2020-09-16,129.95747674568483
2020-09-17,135.34127847752043
2020-09-18,130.3527635814162
2020-09-19,122.16415813022556
2020-09-20,109.54744863398234
2020-09-21,100.59566742773883
2020-09-22,96.27686970509498
2020-09-23,88.73940804339527
2020-09-24,84.90006823597496
2020-09-25,79.23784154949301
2020-09-26,76.35687264048339
2020-09-27,69.84511416089026
2020-09-28,65.24151634797165
2020-09-29,59.854430739732905
2020-09-30,55.568107965385956
2020-10-01,63.265625
2020-10-02,58.234375
2020-10-03,55.671875
2020-10-04,51.8125
2020-10-05,46.6875
2020-10-06,41.6484375
2020-10-07,36.921875
2020-10-08,32.40625
2020-10-09,28.21875
2020-10-10,24.578125
2020-10-11,21.25
2020-10-12,18.2890625
2020-10-13,15.5625
2020-10-14,13.0546875
2020-10-15,11.2109375
2020-10-16,10.8828125
2020-10-17,12.0078125
2020-10-18,14.3671875
2020-10-19,16.953125
2020-10-20,17.890625
2020-10-21,17.546875
2020-10-22,16.8828125
2020-10-23,16.3125
2020-10-24,15.7265625
2020-10-25,14.765625
2020-10-26,13.484375
2020-10-27,12.1328125
2020-10-28,10.828125
2020-10-29,9.6328125
2020-10-30,8.5390625
2020-10-31,7.546875
2020-11-01,6.65625
2020-11-02,5.859375
2020-11-03,5.1328125
2020-11-04,4.4765625
2020-11-05,3.875
2020-11-06,3.3359375
2020-11-07,2.8671875
2020-11-08,2.453125
2020-11-09,2.1015625
2020-11-10,1.7890625
2020-11-11,1.5078125
2020-11-12,1.265625
2020-11-13,1.0546875
2020-11-14,0.890625
2020-11-15,0.75
2020-11-16,0.6328125
2020-11-17,0.53125
2020-11-18,0.4453125
2020-11-19,0.375
2020-11-20,0.3203125
2020-11-21,0.2734375
2020-11-22,0.2265625
2020-11-23,0.1953125
2020-11-24,0.1640625
2020-11-25,0.1328125
2020-11-26,0.109375
2020-11-27,0.09375
2020-11-28,0.078125
2020-11-29,0.0703125
2020-11-30,0.06249999999999999
2020-12-01,0.05468749999999999
2020-12-02,0.046875
2020-12-03,0.0390625
2020-12-04,0.0390625
2020-12-05,0.03125
2020-12-06,0.0234375
2020-12-07,0.0234375
2020-12-08,0.015625
2020-12-09,0.015625
2020-12-10,0.015625
2020-12-11,0.015625
2020-12-12,0.007812500000000002
2020-12-13,0.007812500000000002
2020-12-14,0.0
2020-12-15,0.0
2020-12-16,0.0
2020-12-17,0.0
2020-12-18,0.0
2020-12-19,0.0
2020-12-20,0.0
2020-12-21,0.0
2020-12-22,0.0
2020-12-23,0.0
2020-12-24,0.0
2020-12-25,0.0
2020-12-26,0.0
2020-12-27,0.0
2020-12-28,0.0
2020-12-29,0.0
2020-12-30,0.0
2020-12-31,0.0
2021-01-01,0.0
2021-01-02,0.0
2021-01-03,0.0
2021-01-04,0.0
2021-01-05,0.0
2021-01-06,0.0
2021-01-07,0.0
2021-01-08,0.0
2021-01-09,0.0
2021-01-10,0.0
2021-01-11,0.0
2021-01-12,0.0
2021-01-13,0.0
2021-01-14,0.0
2021-01-15,0.0
2021-01-16,0.0
2021-01-17,0.0
2021-01-18,0.0
2021-01-19,0.0
2021-01-20,0.0
2021-01-21,0.0
2021-01-22,0.0
2021-01-23,0.0
2021-01-24,0.0
2021-01-25,0.0
2021-01-26,0.0
2021-01-27,0.0
2021-01-28,0.0
2021-01-29,0.0
2021-01-30,0.0
2021-01-31,0.0
2021-02-01,0.0
2021-02-02,0.0
2021-02-03,0.0
2021-02-04,0.0
2021-02-05,0.0
2021-02-06,0.0
2021-02-07,0.0
2021-02-08,0.0
2021-02-09,0.0
2021-02-10,0.0
2021-02-11,0.0
2021-02-12,0.0
2021-02-13,0.0
2021-02-14,0.0
2021-02-15,0.0
2021-02-16,0.0
2021-02-17,0.0
2021-02-18,0.0
2021-02-19,0.0
2021-02-20,0.0
2021-02-21,0.0
2021-02-22,0.0
2021-02-23,0.0
2021-02-24,0.0
2021-02-25,0.0
2021-02-26,0.0
2021-02-27,0.0
2021-02-28,0.0
2021-03-01,0.0
2021-03-02,0.0
2021-03-03,0.0
2021-03-04,0.0
2021-03-05,0.0
2021-03-06,0.0
2021-03-07,0.0
2021-03-08,0.0
2021-03-09,0.0
2021-03-10,0.0
2021-03-11,0.0
2021-03-12,0.0
2021-03-13,0.0
2021-03-14,0.0
2021-03-15,0.0
2021-03-16,0.0
2021-03-17,0.0
2021-03-18,0.0
2021-03-19,0.0
2021-03-20,0.0
2021-03-21,0.0
2021-03-22,0.0
2021-03-23,0.0
2021-03-24,0.0
2021-03-25,0.0
2021-03-26,0.0
2021-03-27,0.0
2021-03-28,0.0
2021-03-29,0.0
2021-03-30,0.0
2021-03-31,0.0
2021-04-01,0.0
2021-04-02,0.0
2021-04-03,0.0
2021-04-04,0.0
2021-04-05,0.0
2021-04-06,0.0
2021-04-07,0.0
2021-04-08,0.0
2021-04-09,0.0
2021-04-10,0.0
2021-04-11,0.0
2021-04-12,0.0
2021-04-13,0.0
2021-04-14,0.0
2021-04-15,0.0
2021-04-16,0.0
2021-04-17,0.0
2021-04-18,0.0
2021-04-19,0.0
2021-04-20,0.0
2021-04-21,0.0
2021-04-22,0.0
2021-04-23,0.0
2021-04-24,0.0
2021-04-25,0.0
2021-04-26,0.0
2021-04-27,0.0
2021-04-28,0.0
2021-04-29,0.0
2021-04-30,0.0
2021-05-01,0.7752499999999999
2021-05-02,0.77525
2021-05-03,0.7752500000000002
2021-05-04,0.7752499999999999
2021-05-05,0.77525
2021-05-06,0.7752499999999999
2021-05-07,0.7752500000000001
2021-05-08,0.7752499999999999
2021-05-09,0.77525
2021-05-10,0.77525
2021-05-11,0.7752500000000001
2021-05-12,0.7800000000000001
2021-05-13,0.7799999999999999
2021-05-14,0.78
2021-05-15,1.3301047120418847
2021-05-16,2.5725824742268055
2021-05-17,3.9076604152712684
2021-05-18,9.026380886306477
2021-05-19,5.534570027067898
2021-05-20,19.186077512297448
2021-05-21,19.203044124462625
2021-05-22,19.92168414286288
2021-05-23,22.25641084747995
2021-05-24,21.406911227118822
2021-05-25,24.07329814386213
2021-05-26,46.1087203041309
2021-05-27,163.99448296909347
2021-05-28,393.429290749701
2021-05-29,647.5632236642319
2021-05-30,976.370259412784
2021-05-31,771.7195545333592
2021-06-01,1133.6011556198368
2021-06-02,2169.792730610192
2021-06-03,2811.7557051691992
2021-06-04,2896.8207650796753
2021-06-05,2991.2539324370277
2021-06-06,2984.7014628785196
2021-06-07,2868.440846270457
2021-06-08,2841.485165373201
2021-06-09,2690.7143956633167
2021-06-10,2586.0220740998616
2021-06-11,2475.03530906317
2021-06-12,2161.729574978313
2021-06-13,1971.8256446831283
2021-06-14,1298.9010124406543
2021-06-15,1116.8602236869247
2021-06-16,1018.9872616383618
2021-06-17,950.6138118528108
2021-06-18,797.7228867246592
2021-06-19,755.0339610513283
2021-06-20,698.1625062912456
2021-06-21,675.7325226294053
2021-06-22,563.6559994225911
2021-06-23,501.66892220959403
2021-06-24,427.0522154914848
2021-06-25,403.4602450095247
2021-06-26,381.15285256796005
2021-06-27,330.577844803028
2021-06-28,264.36332210554474
2021-06-29,215.49608114836343
2021-06-30,177.44886772825478
2021-07-01,148.1729305574565
2021-07-02,135.72360860013052
2021-07-03,135.66928303147674
2021-07-04,124.90180517919906
2021-07-05,101.92196511542373
2021-07-06,82.57501539033466
2021-07-07,82.208454949123
2021-07-08,78.45703842837658
2021-07-09,80.29916825734666
2021-07-10,80.05297404632095
2021-07-11,75.43177355801176
2021-07-12,70.88213983817194
2021-07-13,64.82503263296952
2021-07-14,57.720455760702045
2021-07-15,52.919702905831315
2021-07-16,52.13747517969072
2021-07-17,61.72437278435173
2021-07-18,71.71775857376524
2021-07-19,112.54737949808622
2021-07-20,137.95878022548015
2021-07-21,139.69125207910494
2021-07-22,124.80505817995258
2021-07-23,111.82824903599153
2021-07-24,109.25943283018854
2021-07-25,107.73280472863897
2021-07-26,111.15771341520808
2021-07-27,132.290691202074
2021-07-28,173.78228199811952
2021-07-29,205.65877778165824
2021-07-30,213.02956035630862
2021-07-31,231.30728889574445
2021-08-01,226.9748536992142
2021-08-02,203.01991505325094
2021-08-03,188.20073918153943
2021-08-04,200.95902608965733
2021-08-05,253.67163543001737
2021-08-06,356.37612191813383
2021-08-07,463.76351414956423
2021-08-08,480.7630982361332
2021-08-09,462.90717728414836
2021-08-10,286.0635708612137
2021-08-11,207.30390650818262
2021-08-12,181.38340544131853
2021-08-13,171.58458954281267
2021-08-14,165.1277081039781
2021-08-15,162.59588468399312
2021-08-16,156.25154855133803
2021-08-17,150.38263515104936
2021-08-18,132.02638816148288
2021-08-19,123.6793503007356
2021-08-20,113.22864887325024
2021-08-21,99.30844549456174
2021-08-22,92.02484572721974
2021-08-23,79.04617879134449
2021-08-24,77.56188005736867
2021-08-25,76.51395060006479
2021-08-26,78.49531879665243
2021-08-27,84.61737461651879
2021-08-28,92.79925111212856
2021-08-29,124.18549900798676
2021-08-30,165.69854430627308
2021-08-31,188.42973828979797
2021-09-01,195.42918737700555
2021-09-02,213.70387518042722
2021-09-03,296.4718698282307
2021-09-04,350.08174402167145
2021-09-05,329.05634152389274
2021-09-06,271.64081676954964
2021-09-07,248.5459768854182
2021-09-08,233.48971768410584
2021-09-09,222.0687625609515
2021-09-10,194.6409977908689
2021-09-11,181.8442027680149
2021-09-12,160.53317956441074
2021-09-13,150.40027090517435
2021-09-14,134.62302326743344
2021-09-15,139.3624759076726
2021-09-16,143.71699167670457
2021-09-17,155.75372729322666
2021-09-18,154.84396803482036
2021-09-19,158.4600213135094
2021-09-20,158.78604996863055
2021-09-21,153.6222858993437
2021-09-22,146.08753359747104
2021-09-23,125.95306003803611
2021-09-24,108.8746504240915
2021-09-25,100.17077332392624
2021-09-26,91.77325911526157
2021-09-27,88.5155383655563
2021-09-28,80.32742644687197
2021-09-29,73.84118653760561
2021-09-30,68.69908174726594
2021-10-01,86.984375
2021-10-02,78.90625
2021-10-03,71.4296875
2021-10-04,64.671875
2021-10-05,58.4453125
2021-10-06,52.359375
2021-10-07,46.7421875
2021-10-08,41.65625
2021-10-09,37.0234375
2021-10-10,32.7578125
2021-10-11,28.796875
2021-10-12,25.1015625
2021-10-13,21.6875
2021-10-14,18.5625
2021-10-15,15.7109375
2021-10-16,13.1171875
2021-10-17,10.8046875
2021-10-18,8.765625
2021-10-19,7.0234375
2021-10-20,5.578125
2021-10-21,4.40625
2021-10-22,3.484375
2021-10-23,2.7734375
2021-10-24,2.21875
2021-10-25,1.78125
2021-10-26,1.4453125
2021-10-27,1.1796875
2021-10-28,0.9765625
2021-10-29,0.8125
2021-10-30,0.6796875
2021-10-31,0.578125
2021-11-01,0.4921875
2021-11-02,0.4140625
2021-11-03,0.359375
2021-11-04,0.3125
2021-11-05,0.2734375
2021-11-06,0.2421875
2021-11-07,0.2109375
2021-11-08,0.1796875
2021-11-09,0.15625
2021-11-10,0.140625
2021-11-11,0.125
2021-11-12,0.109375
2021-11-13,0.09375
2021-11-14,0.0859375
2021-11-15,0.0703125
2021-11-16,0.05468749999999999
2021-11-17,0.046875
2021-11-18,0.0390625
2021-11-19,0.03125
2021-11-20,0.03125
2021-11-21,0.0234375
2021-11-22,0.0234375
2021-11-23,0.0234375
2021-11-24,0.015625
2021-11-25,0.015625
2021-11-26,0.015625
2021-11-27,0.015625
2021-11-28,0.015625
2021-11-29,0.015625
2021-11-30,0.015625
2021-12-01,0.0
2021-12-02,0.0
2021-12-03,0.0
2021-12-04,0.0
2021-12-05,0.0
2021-12-06,0.0
2021-12-07,0.0
2021-12-08,0.0
2021-12-09,0.0
2021-12-10,0.0
2021-12-11,0.0
2021-12-12,0.0
2021-12-13,0.0
2021-12-14,0.0
2021-12-15,0.0
2021-12-16,0.0
2021-12-17,0.0
2021-12-18,0.0
2021-12-19,0.0
2021-12-20,0.0
2021-12-21,0.0
2021-12-22,0.0
2021-12-23,0.0
2021-12-24,0.0
2021-12-25,0.0
2021-12-26,0.0
2021-12-27,0.0
2021-12-28,0.0
2021-12-29,0.0
2021-12-30,0.0
2021-12-31,0.0
2022-01-01,0.0
2022-01-02,0.0
2022-01-03,0.0
2022-01-04,0.0
2022-01-05,0.0
2022-01-06,0.0
2022-01-07,0.0
2022-01-08,0.0
2022-01-09,0.0
2022-01-10,0.0
2022-01-11,0.0
2022-01-12,0.0
2022-01-13,0.0
2022-01-14,0.0
2022-01-15,0.0
2022-01-16,0.0
2022-01-17,0.0
2022-01-18,0.0
2022-01-19,0.0
2022-01-20,0.0
2022-01-21,0.0
2022-01-22,0.0
2022-01-23,0.0
2022-01-24,0.0
2022-01-25,0.0
2022-01-26,0.0
2022-01-27,0.0
2022-01-28,0.0
2022-01-29,0.0
2022-01-30,0.0
2022-01-31,0.0
2022-02-01,0.0
2022-02-02,0.0
2022-02-03,0.0
2022-02-04,0.0
2022-02-05,0.0
2022-02-06,0.0
2022-02-07,0.0
2022-02-08,0.0
2022-02-09,0.0
2022-02-10,0.0
2022-02-11,0.0
2022-02-12,0.0
2022-02-13,0.0
2022-02-14,0.0
2022-02-15,0.0
2022-02-16,0.0
2022-02-17,0.0
2022-02-18,0.0
2022-02-19,0.0
2022-02-20,0.0
2022-02-21,0.0
2022-02-22,0.0
2022-02-23,0.0
2022-02-24,0.0
2022-02-25,0.0
2022-02-26,0.0
2022-02-27,0.0
2022-02-28,0.0
2022-03-01,0.0
2022-03-02,0.0
2022-03-03,0.0
2022-03-04,0.0
2022-03-05,0.0
2022-03-06,0.0
2022-03-07,0.0
2022-03-08,0.0
2022-03-09,0.0
2022-03-10,0.0
2022-03-11,0.0
2022-03-12,0.0
2022-03-13,0.0
2022-03-14,0.0
2022-03-15,0.0
2022-03-16,0.0
2022-03-17,0.0
2022-03-18,0.0
2022-03-19,0.0
2022-03-20,0.0
2022-03-21,0.0
2022-03-22,0.0
2022-03-23,0.0
2022-03-24,0.0
2022-03-25,0.0
2022-03-26,0.0
2022-03-27,0.0
2022-03-28,0.0
2022-03-29,0.0
2022-03-30,0.0
2022-03-31,0.0
2022-04-01,0.0
2022-04-02,0.0
2022-04-03,0.0
2022-04-04,0.0
2022-04-05,0.0
2022-04-06,0.0
2022-04-07,0.0
2022-04-08,0.0
2022-04-09,0.0
2022-04-10,0.0
2022-04-11,0.0
2022-04-12,0.0
2022-04-13,0.0
2022-04-14,0.0
2022-04-15,0.0
2022-04-16,0.0
2022-04-17,0.0
2022-04-18,0.0
2022-04-19,0.0
2022-04-20,0.0
2022-04-21,0.0
2022-04-22,0.0
2022-04-23,0.0
2022-04-24,0.0
2022-04-25,0.0
2022-04-26,0.0
2022-04-27,0.03125
2022-04-28,0.21875
2022-04-29,0.65625
2022-04-30,1.03125
2022-05-01,4.151892816419613
2022-05-02,4.043283922462942
2022-05-03,3.608848346636262
2022-05-04,3.065803876852908
2022-05-05,2.5227594070695565
2022-05-06,2.414150513112885
2022-05-07,4.260501710376285
2022-05-08,4.905668049792531
2022-05-09,7.189900414937761
2022-05-10,8.828586620926245
2022-05-11,19.761734133790736
2022-05-12,16.770255894112786
2022-05-13,11.124372866135985
2022-05-14,12.551531611754223
2022-05-15,10.88772299364557
2022-05-16,12.832972559972506
2022-05-17,16.93398612167594
2022-05-18,18.577905226522745
2022-05-19,107.03307530911673
2022-05-20,225.88387821072686
2022-05-21,231.822682826057
2022-05-22,424.75129432312303
2022-05-23,745.5328146656273
2022-05-24,1317.5558037195842
2022-05-25,1691.7158085212452
2022-05-26,1942.416665303608
2022-05-27,1908.7212270461953
2022-05-28,1820.2514182514137
2022-05-29,1590.647324758068
2022-05-30,1569.5382858765386
2022-05-31,1220.2554661926104
2022-06-01,1097.839479253962
2022-06-02,819.973685297023
2022-06-03,672.6295876929321
2022-06-04,589.880952147851
2022-06-05,548.5265860594136
2022-06-06,553.3283587218281
2022-06-07,515.1350839748831
2022-06-08,501.21506827513497
2022-06-09,432.50683677482215
2022-06-10,361.6774928511847
2022-06-11,348.9179722870994
2022-06-12,273.88448973399403
2022-06-13,218.76473188033273
2022-06-14,167.81344630434324
2022-06-15,157.0965474875086
2022-06-16,134.3729449780699
2022-06-17,124.54152248089495
2022-06-18,97.29418694186778
2022-06-19,109.05943714497323
2022-06-20,105.10770283629863
2022-06-21,104.57583077980146
2022-06-22,108.85412095289246
2022-06-23,109.98049193861841
2022-06-24,68.11770922799353
2022-06-25,26.43796270922623
2022-06-26,114.97756004238134
2022-06-27,120.75868628092459
2022-06-28,23.462353796877952
2022-06-29,21.78648512922226
2022-06-30,21.158163328994053
2022-07-01,21.2156804656458
2022-07-02,122.24109842598237
2022-07-03,144.81777684151643
2022-07-04,200.3039737326572
2022-07-05,219.88874389621927
2022-07-06,187.68849162557447
2022-07-07,157.64869272627936
2022-07-08,142.17721642264306
2022-07-09,158.02405821132297
2022-07-10,293.28975885627204
2022-07-11,469.63132175223006
2022-07-12,521.1097117409954
2022-07-13,488.22014196480967
2022-07-14,405.76731738464696
2022-07-15,358.8363189531321
2022-07-16,338.84082993628056
2022-07-17,295.2809559996089
2022-07-18,272.73223385465303
2022-07-19,239.42288955738985
2022-07-20,202.01851301025906
2022-07-21,186.28428465534606
2022-07-22,162.5065685128299
2022-07-23,144.73096523318085
2022-07-24,142.15961001808944
2022-07-25,122.62207352626538
2022-07-26,118.21186494773403
2022-07-27,112.00074674568886
2022-07-28,106.0469222588203
2022-07-29,104.61686405249986
2022-07-30,108.37048340902773
2022-07-31,109.79596192787874
2022-08-01,103.75078887083359
2022-08-02,96.99305186895658
2022-08-03,87.72864141653588
2022-08-04,74.01456294620831
2022-08-05,74.75703564858959
2022-08-06,79.99211258786804
2022-08-07,80.53170524290233
2022-08-08,75.89937302211035
2022-08-09,69.76518475220618
2022-08-10,63.34682750612469
2022-08-11,57.95435705249829
2022-08-12,54.474453555560984
2022-08-13,52.6091731889707
2022-08-14,48.61811282361623
2022-08-15,52.64357966696948
2022-08-16,67.90286398081491
2022-08-17,72.29916396398069
2022-08-18,68.91539982575712
2022-08-19,63.70868462472819
2022-08-20,60.382708677347985
2022-08-21,57.55985188197777
2022-08-22,55.76890903340915
2022-08-23,59.38875250072268
2022-08-24,72.19299876925459
2022-08-25,72.95415838149971
2022-08-26,95.11559711489878
2022-08-27,131.5715960074529
2022-08-28,143.81076791238738
2022-08-29,128.84330936237177
2022-08-30,140.45690981431113
2022-08-31,217.61401204083464
2022-09-01,291.90286758681447
2022-09-02,293.54610808145236
2022-09-03,276.1965313139933
2022-09-04,233.5996257043718
2022-09-05,235.1186477043425
2022-09-06,238.9761173642281
2022-09-07,234.67240512998782
2022-09-08,228.03039778794823
2022-09-09,219.21950440283032
2022-09-10,198.21951340111778
2022-09-11,192.24546609901103
2022-09-12,179.66041544333524
2022-09-13,161.836217830135
2022-09-14,153.4201036732568
2022-09-15,149.79921635286064
2022-09-16,152.51976918318846
2022-09-17,165.1977748427009
2022-09-18,174.26307638359552
2022-09-19,162.9384772270503
2022-09-20,149.2550894383815
2022-09-21,141.1319020620811
2022-09-22,153.4287830885258
2022-09-23,191.326139276862
2022-09-24,189.41927012037868
2022-09-25,171.7556859326158
2022-09-26,150.82112385527867
2022-09-27,141.9273522819009
2022-09-28,127.8238597632865
2022-09-29,115.34265552036679
2022-09-30,103.60416944251858
2022-10-01,141.25
2022-10-02,129.1015625
2022-10-03,117.734375
2022-10-04,107.1875
2022-10-05,97.5
2022-10-06,88.484375
2022-10-07,80.203125
2022-10-08,72.609375
2022-10-09,65.5859375
2022-10-10,59.0859375
2022-10-11,53.0703125
2022-10-12,47.5078125
2022-10-13,42.3828125
2022-10-14,37.65625
2022-10-15,33.3125
2022-10-16,29.328125
2022-10-17,25.671875
2022-10-18,22.296875
2022-10-19,21.3671875
2022-10-20,27.6015625
2022-10-21,35.78125
2022-10-22,37.0546875
2022-10-23,34.09375
2022-10-24,30.453125
2022-10-25,27.109375
2022-10-26,24.1328125
2022-10-27,21.5
2022-10-28,19.1875
2022-10-29,17.125
2022-10-30,15.3046875
2022-10-31,13.6640625
2022-11-01,12.1875
2022-11-02,10.8359375
2022-11-03,9.6015625
2022-11-04,8.4921875
2022-11-05,7.4375
2022-11-06,6.46875
2022-11-07,5.6328125
2022-11-08,4.8984375
2022-11-09,4.2265625
2022-11-10,3.640625
2022-11-11,3.1171875
2022-11-12,2.65625
2022-11-13,2.234375
2022-11-14,1.8671875
2022-11-15,1.5390625
2022-11-16,1.25
2022-11-17,1.0078125
2022-11-18,0.8046875
2022-11-19,0.640625
2022-11-20,0.5078125
2022-11-21,0.40625
2022-11-22,0.328125
2022-11-23,0.265625
2022-11-24,0.2109375
2022-11-25,0.171875
2022-11-26,0.140625
2022-11-27,0.11718750000000001
2022-11-28,0.1015625
2022-11-29,0.078125
2022-11-30,0.06249999999999999
2022-12-01,0.05468749999999999
2022-12-02,0.046875
2022-12-03,0.0390625
2022-12-04,0.03125
2022-12-05,0.0234375
2022-12-06,0.0234375
2022-12-07,0.015625
2022-12-08,0.015625
2022-12-09,0.007812500000000002
2022-12-10,0.007812500000000002
2022-12-11,0.007812500000000002
2022-12-12,0.007812500000000002
2022-12-13,0.007812500000000002
2022-12-14,0.007812500000000002
2022-12-15,0.0
2022-12-16,0.0
2022-12-17,0.0
2022-12-18,0.0
2022-12-19,0.0
2022-12-20,0.0
2022-12-21,0.0
2022-12-22,0.0
2022-12-23,0.0
2022-12-24,0.0
2022-12-25,0.0
2022-12-26,0.0
2022-12-27,0.0
2022-12-28,0.0
2022-12-29,0.0
2022-12-30,0.0
2022-12-31,0.0
2023-01-01,0.0
2023-01-02,0.0
2023-01-03,0.0
2023-01-04,0.0
2023-01-05,0.0
2023-01-06,0.0
2023-01-07,0.0
2023-01-08,0.0
2023-01-09,0.0
2023-01-10,0.0
2023-01-11,0.0
2023-01-12,0.0
2023-01-13,0.0
2023-01-14,0.0
2023-01-15,0.0
2023-01-16,0.0
2023-01-17,0.0
2023-01-18,0.0
2023-01-19,0.0
2023-01-20,0.0
2023-01-21,0.0
2023-01-22,0.0
2023-01-23,0.0
2023-01-24,0.0
2023-01-25,0.0
2023-01-26,0.0
2023-01-27,0.0
2023-01-28,0.0
2023-01-29,0.0
2023-01-30,0.0
2023-01-31,0.0
2023-02-01,0.0
2023-02-02,0.0
2023-02-03,0.0
2023-02-04,0.0
2023-02-05,0.0
2023-02-06,0.0
2023-02-07,0.0
2023-02-08,0.0
2023-02-09,0.0
2023-02-10,0.0
2023-02-11,0.0
2023-02-12,0.0
2023-02-13,0.0
2023-02-14,0.0
2023-02-15,0.0
2023-02-16,0.0
2023-02-17,0.0
2023-02-18,0.0
2023-02-19,0.0
2023-02-20,0.0
2023-02-21,0.0
2023-02-22,0.0
2023-02-23,0.0
2023-02-24,0.0
2023-02-25,0.0
2023-02-26,0.0
2023-02-27,0.0
2023-02-28,0.0
2023-03-01,0.0
2023-03-02,0.0
2023-03-03,0.0
2023-03-04,0.0
2023-03-05,0.0
2023-03-06,0.0
2023-03-07,0.0
2023-03-08,0.0
2023-03-09,0.0
2023-03-10,0.0
2023-03-11,0.0
2023-03-12,0.0
2023-03-13,0.0
2023-03-14,0.0
2023-03-15,0.0
2023-03-16,0.0
2023-03-17,0.0
2023-03-18,0.0
2023-03-19,0.0
2023-03-20,0.0
2023-03-21,0.0
2023-03-22,0.0
2023-03-23,0.0
2023-03-24,0.0
2023-03-25,0.0
2023-03-26,0.0
2023-03-27,0.0
2023-03-28,0.0
2023-03-29,0.0
2023-03-30,0.0
2023-03-31,0.0
2023-04-01,0.0
2023-04-02,0.0
2023-04-03,0.0
2023-04-04,0.0
2023-04-05,0.0
2023-04-06,0.0
2023-04-07,0.0
2023-04-08,0.0
2023-04-09,0.0
2023-04-10,0.0
2023-04-11,0.0
2023-04-12,0.0
2023-04-13,0.0
2023-04-14,0.0
2023-04-15,0.0
2023-04-16,0.0
2023-04-17,0.0
2023-04-18,0.0
2023-04-19,0.0
2023-04-20,0.0
2023-04-21,0.0
2023-04-22,0.0
2023-04-23,0.0
2023-04-24,0.0
2023-04-25,0.0
2023-04-26,0.0
2023-04-27,0.0
2023-04-28,0.0
2023-04-29,0.0
2023-04-30,0.0
2023-05-01,0.7752499999999999
2023-05-02,0.77525
2023-05-03,0.7752500000000002
2023-05-04,0.7752499999999999
2023-05-05,0.7752500000000001
2023-05-06,0.7752500000000001
2023-05-07,0.7752500000000001
2023-05-08,0.77525
2023-05-09,0.7752500000000001
2023-05-10,0.7752500000000001
2023-05-11,0.77525
2023-05-12,10.655000000000001
2023-05-13,2.987788659793815
2023-05-14,4.144210327930646
2023-05-15,4.249861711526004
2023-05-16,5.772404928326027
2023-05-17,6.125953486569247
2023-05-18,4.177599340907119
2023-05-19,4.432702175722266
2023-05-20,12.810729658211674
2023-05-21,22.177863759602346
2023-05-22,32.67812300901538
2023-05-23,133.80249542249055
2023-05-24,219.92768355610193
2023-05-25,371.2916402270526
2023-05-26,430.07500441898463
2023-05-27,518.0917784954424
2023-05-28,1004.2141452729508
2023-05-29,1229.7869854124706
2023-05-30,1220.3109986774737
2023-05-31,1223.4229748417017
2023-06-01,1280.0232368658772
2023-06-02,1372.7195595735507
2023-06-03,1407.8294782356008
2023-06-04,1272.4462290064116
2023-06-05,1265.0752689992253
2023-06-06,1189.5693588511767
2023-06-07,1173.8251839220777
2023-06-08,1119.8902537382264
2023-06-09,1012.8843445096668
2023-06-10,865.8207308443082
2023-06-11,855.2230214913251
2023-06-12,742.2767630382683
2023-06-13,647.2647888134004
2023-06-14,707.6367875173958
2023-06-15,719.7985299883769
2023-06-16,691.803551806211
2023-06-17,609.3637097936615
2023-06-18,543.433818949474
2023-06-19,488.0092032305531
2023-06-20,416.02970691667923
2023-06-21,376.4684402368049
2023-06-22,332.24586661334564
2023-06-23,317.11299296998595
2023-06-24,275.26666946817005
2023-06-25,262.96369575252294
2023-06-26,250.56717466598374
2023-06-27,240.68034826722513
2023-06-28,258.4484152166474
2023-06-29,244.50293310034954
2023-06-30,203.5542294835742
2023-07-01,172.86301365900843
2023-07-02,169.44692484081168
2023-07-03,143.11230442286575
2023-07-04,130.61823933163234
2023-07-05,131.3394519678375
2023-07-06,151.63635339863384
2023-07-07,156.56217353133377
2023-07-08,156.70717018739728
2023-07-09,144.30359201453825
2023-07-10,130.81441265688449
2023-07-11,126.89237384379966
2023-07-12,126.54955613240728
2023-07-13,122.99768684971933
2023-07-14,124.3825854081086
2023-07-15,119.50160919415961
2023-07-16,112.16081261790906
2023-07-17,104.32333905791548
2023-07-18,71.34133480336668
2023-07-19,69.44319105632297
2023-07-20,96.92986808139058
2023-07-21,96.89728073584743
2023-07-22,68.86464801257051
2023-07-23,64.65109346040519
2023-07-24,60.15726216147718
2023-07-25,56.259328200241555
2023-07-26,53.684395667644125
2023-07-27,57.07508128385182
2023-07-28,92.08372705179985
2023-07-29,104.00237759633856
2023-07-30,120.11320583410672
2023-07-31,169.94170251859157
2023-08-01,232.02312290551308
2023-08-02,305.64164481316817
2023-08-03,303.95167062618594
2023-08-04,311.8922771858469
2023-08-05,471.66888658640636
2023-08-06,599.2235935884595
2023-08-07,623.5070344808088
2023-08-08,642.459391154045
2023-08-09,648.0121205456122
2023-08-10,649.8881978524606
2023-08-11,654.435598489229
2023-08-12,624.0238268002913
2023-08-13,578.8745144210021
2023-08-14,354.9864378774289
2023-08-15,237.2828440845835
2023-08-16,195.59734251245808
2023-08-17,181.82649994724144
2023-08-18,182.45159228927977
2023-08-19,186.45154281292946
2023-08-20,195.55028382395295
2023-08-21,189.75944938006168
2023-08-22,188.42464564013042
2023-08-23,186.67755526158183
2023-08-24,173.13893760597026
2023-08-25,167.0665813424307
2023-08-26,137.48522159257666
2023-08-27,112.37316181868663
2023-08-28,112.67764368126556
2023-08-29,129.16982192270225
2023-08-30,137.34219375346092
2023-08-31,126.23764560701767
2023-09-01,123.70953320684957
2023-09-02,128.56439383709625
2023-09-03,123.50249048555054
2023-09-04,116.79643317425246
2023-09-05,136.24593579304917
2023-09-06,180.66203028114106
2023-09-07,191.11035046538913
2023-09-08,183.16667946226644
2023-09-09,182.564574384452
2023-09-10,196.17711301263168
2023-09-11,218.45172052708733
2023-09-12,236.33429518210886
2023-09-13,208.0356287020918
2023-09-14,195.73647093767661
2023-09-15,185.77758784180543
2023-09-16,176.3884684889569
2023-09-17,162.4532651781585
2023-09-18,154.02158548128085
2023-09-19,141.0891040474334
2023-09-20,128.28175052956004
2023-09-21,114.45511887021438
2023-09-22,110.83488489276539
2023-09-23,125.47013517528079
2023-09-24,149.92749207360018
2023-09-25,157.83418181585654
2023-09-26,160.0874961529577
2023-09-27,158.78106451344536
2023-09-28,149.84982539749626
2023-09-29,136.0180356302038
2023-09-30,123.22641633237059
2023-10-01,169.0078125
2023-10-02,155.01953125
2023-10-03,142.1640625
2023-10-04,129.97265625
2023-10-05,118.55859375
2023-10-06,108.02734375
2023-10-07,98.3203125
2023-10-08,89.2734375
2023-10-09,80.953125
2023-10-10,73.328125
2023-10-11,66.2578125
2023-10-12,59.62109375
2023-10-13,53.4375
2023-10-14,47.89453125
2023-10-15,43.046875
2023-10-16,38.43359375
2023-10-17,34.0546875
2023-10-18,29.98046875
2023-10-19,26.21484375
2023-10-20,22.7578125
2023-10-21,19.5859375
2023-10-22,16.69140625
2023-10-23,14.48828125
2023-10-24,13.8828125
2023-10-25,14.1875
2023-10-26,14.5625
2023-10-27,14.31640625
2023-10-28,13.0234375
2023-10-29,11.34375
2023-10-30,9.671875
2023-10-31,8.15625
2023-11-01,6.8515625
2023-11-02,5.73828125
2023-11-03,4.796875
2023-11-04,3.98828125
2023-11-05,3.3046875
2023-11-06,2.71875
2023-11-07,2.23828125
2023-11-08,1.83984375
2023-11-09,1.4921875
2023-11-10,1.19921875
2023-11-11,0.96484375
2023-11-12,0.77734375
2023-11-13,0.6171875
2023-11-14,0.484375
2023-11-15,0.39453125
2023-11-16,0.328125
2023-11-17,0.2734375
2023-11-18,0.23046875
2023-11-19,0.1953125
2023-11-20,0.16796875
2023-11-21,0.140625
2023-11-22,0.11328125
2023-11-23,0.08984375
2023-11-24,0.07421875
2023-11-25,0.06249999999999999
2023-11-26,0.05078125
2023-11-27,0.03515625
2023-11-28,0.0234375
2023-11-29,0.015625
2023-11-30,0.011718750000000002
2023-12-01,0.011718750000000002
2023-12-02,0.007812500000000002
2023-12-03,0.007812500000000002
2023-12-04,0.007812500000000002
2023-12-05,0.007812500000000002
2023-12-06,0.00390625
2023-12-07,0.00390625
2023-12-08,0.00390625
2023-12-09,0.00390625
2023-12-10,0.0
2023-12-11,0.0
2023-12-12,0.0
2023-12-13,0.0
2023-12-14,0.0
2023-12-15,0.0
2023-12-16,0.0
2023-12-17,0.0
2023-12-18,0.0
2023-12-19,0.0
2023-12-20,0.0
2023-12-21,0.0
2023-12-22,0.0
2023-12-23,0.0
2023-12-24,0.0
2023-12-25,0.0
2023-12-26,0.0
2023-12-27,0.0
2023-12-28,0.0
2023-12-29,0.0
2023-12-30,0.0
2023-12-31,0.0
2024-01-01,0.0
2024-01-02,0.0
2024-01-03,0.0
2024-01-04,0.0
2024-01-05,0.0
2024-01-06,0.0
2024-01-07,0.0
2024-01-08,0.0
2024-01-09,0.0
2024-01-10,0.0
2024-01-11,0.0
2024-01-12,0.0
2024-01-13,0.0
2024-01-14,0.0
2024-01-15,0.0
2024-01-16,0.0
2024-01-17,0.0
2024-01-18,0.0
2024-01-19,0.0
2024-01-20,0.0
2024-01-21,0.0
2024-01-22,0.0
2024-01-23,0.0
2024-01-24,0.0
2024-01-25,0.0
2024-01-26,0.0
2024-01-27,0.0
2024-01-28,0.0
2024-01-29,0.0
2024-01-30,0.0
2024-01-31,0.0
2024-02-01,0.0
2024-02-02,0.0
2024-02-03,0.0
2024-02-04,0.0
2024-02-05,0.0
2024-02-06,0.0
2024-02-07,0.0
2024-02-08,0.0
2024-02-09,0.0
2024-02-10,0.0
2024-02-11,0.0
2024-02-12,0.0
2024-02-13,0.0
2024-02-14,0.0
2024-02-15,0.0
2024-02-16,0.0
2024-02-17,0.0
2024-02-18,0.0
2024-02-19,0.0
2024-02-20,0.0
2024-02-21,0.0
2024-02-22,0.0
2024-02-23,0.0
2024-02-24,0.0
2024-02-25,0.0
2024-02-26,0.0
2024-02-27,0.0
2024-02-28,0.0
2024-02-29,0.0
2024-03-01,0.0
2024-03-02,0.0
2024-03-03,0.0
2024-03-04,0.0
2024-03-05,0.0
2024-03-06,0.0
2024-03-07,0.0
2024-03-08,0.0
2024-03-09,0.0
2024-03-10,0.0
2024-03-11,0.0
2024-03-12,0.0
2024-03-13,0.0
2024-03-14,0.0
2024-03-15,0.0
2024-03-16,0.0
2024-03-17,0.0
2024-03-18,0.0
2024-03-19,0.0
2024-03-20,0.0
2024-03-21,0.0
2024-03-22,0.0
2024-03-23,0.0
2024-03-24,0.0
2024-03-25,0.0
2024-03-26,0.0
2024-03-27,0.0
2024-03-28,0.0
2024-03-29,0.0
2024-03-30,0.0
2024-03-31,0.0
2024-04-01,0.0
2024-04-02,0.0
2024-04-03,0.0
2024-04-04,0.0
2024-04-05,0.0
2024-04-06,0.0
2024-04-07,0.0
2024-04-08,0.0
2024-04-09,0.0
2024-04-10,0.0
2024-04-11,0.0
2024-04-12,0.0
2024-04-13,0.0
2024-04-14,0.0
2024-04-15,0.0
2024-04-16,0.0
2024-04-17,0.0
2024-04-18,0.0
2024-04-19,0.0
2024-04-20,0.0
2024-04-21,0.0
2024-04-22,0.0
2024-04-23,0.0
2024-04-24,0.0
2024-04-25,0.0
2024-04-26,0.0
2024-04-27,0.0
2024-04-28,0.0
2024-04-29,0.0
2024-04-30,0.0
2024-05-01,0.7752499999999999
2024-05-02,0.77525
2024-05-03,0.7752499999999999
2024-05-04,0.77525
2024-05-05,0.7752499999999999
2024-05-06,0.7752499999999999
2024-05-07,0.7752499999999999
2024-05-08,5.800875000000001
2024-05-09,12.461557788944734
2024-05-10,28.335929648241237
2024-05-11,2.6763840206185585
2024-05-12,2.64178350515464
2024-05-13,2.9877886597938152
2024-05-14,2.73597512864494
2024-05-15,2.7420241236336236
2024-05-16,2.610975887474885
2024-05-17,2.5151995944898333
2024-05-18,1.7923175603376522
2024-05-19,6.514440477561522
2024-05-20,8.201745877788566
2024-05-21,16.271442048517518
2024-05-22,8.470167224080267
2024-05-23,3.633148148148151
2024-05-24,3.5967987897125577
2024-05-25,9.668527477689056
2024-05-26,7.550976633329154
2024-05-27,8.193073628350112
2024-05-28,17.27425695651141
2024-05-29,33.405358046993285
2024-05-30,279.77341446723676
2024-05-31,546.3288290474834
2024-06-01,549.3374917242197
2024-06-02,558.4597249093132
2024-06-03,617.0777226205972
2024-06-04,635.5687453487756
2024-06-05,906.3338990706529
2024-06-06,1113.6884840311827
2024-06-07,1157.983823595819
2024-06-08,1177.4682768077853
2024-06-09,1081.984147990678
2024-06-10,1008.2091045570295
2024-06-11,871.242402352174
2024-06-12,857.9990609902754
2024-06-13,849.4973604988754
2024-06-14,840.6677834336682
2024-06-15,719.5544854814483
2024-06-16,692.3371488407939
2024-06-17,592.0891171599096
2024-06-18,520.5056806606596
2024-06-19,452.7087095238647
2024-06-20,373.4237409629568
2024-06-21,320.90465709482646
2024-06-22,247.9978721052986
2024-06-23,185.32749667120012
2024-06-24,171.44375697683472
2024-06-25,148.24982310088714
2024-06-26,164.81274581895016
2024-06-27,167.85081071976586
2024-06-28,154.13259909756925
2024-06-29,138.0018455858425
2024-06-30,137.9508581557072
2024-07-01,135.09392778968703
2024-07-02,130.46433263500194
2024-07-03,155.78117930048623
2024-07-04,164.46680031194236
2024-07-05,165.42661680947086
2024-07-06,201.9817080795988
2024-07-07,198.6677916048099
2024-07-08,217.25908727840664
2024-07-09,255.2035966596789
2024-07-10,256.8837181975423
2024-07-11,249.27693738964794
2024-07-12,219.8200052404742
2024-07-13,188.63919072526076
2024-07-14,163.44581104838207
2024-07-15,194.96768741178124
2024-07-16,294.0797713265214
2024-07-17,369.9192856832662
2024-07-18,364.66844626431754
2024-07-19,288.9449829411646
2024-07-20,260.4612254865404
2024-07-21,215.80356455082898
2024-07-22,187.40760086830463
2024-07-23,171.81298344223572
2024-07-24,153.0791219161807
2024-07-25,130.63872639591585
2024-07-26,146.21521777133268
2024-07-27,246.98022525234902
2024-07-28,488.44950611143645
2024-07-29,583.7562381677341
2024-07-30,473.640050194075
2024-07-31,367.7590111349227
2024-08-01,605.6341825197268
2024-08-02,929.5736887346613
2024-08-03,949.9115067803281
2024-08-04,947.2801575604946
2024-08-05,932.9662518646522
2024-08-06,654.6950514102481
2024-08-07,610.132354028011
2024-08-08,482.0430665219989
2024-08-09,356.9407421400445
2024-08-10,229.69603773490843
2024-08-11,206.5383245875485
2024-08-12,239.8234473775446
2024-08-13,248.73183504943276
2024-08-14,290.2587590306945
2024-08-15,247.8935481146659
2024-08-16,215.59802886635876
2024-08-17,199.18542739743887
2024-08-18,184.30358860243282
2024-08-19,184.72069909514138
2024-08-20,176.36404630458196
2024-08-21,163.2328496216228
2024-08-22,174.59154794118604
2024-08-23,186.8765648083204
2024-08-24,187.682544848005
2024-08-25,180.35087363289963
2024-08-26,168.66205962371842
2024-08-27,153.49282284724737
2024-08-28,141.15394057176022
2024-08-29,152.42064279287078
2024-08-30,170.86653509087535
2024-08-31,169.52236076177402
2024-09-01,154.62103713444213
2024-09-02,144.65919577839284
2024-09-03,137.35045398010172
2024-09-04,140.9426627657489
2024-09-05,154.36095524209432
2024-09-06,153.20823027345938
2024-09-07,148.3327368112799
2024-09-08,168.9433534753164
2024-09-09,193.14597985771132
2024-09-10,218.00031951192778
2024-09-11,210.41116289930795
2024-09-12,193.3094720571686
2024-09-13,176.05253420589517
2024-09-14,162.87465425685878
2024-09-15,161.86547380132248
2024-09-16,158.99382795919422
2024-09-17,161.60639754602005
2024-09-18,168.14545875578256
2024-09-19,166.58346680780446
2024-09-20,160.48251085995545
2024-09-21,152.1119923791988
2024-09-22,144.8164079734821
2024-09-23,119.12665809302372
2024-09-24,114.16628386512454
2024-09-25,122.08838771607626
2024-09-26,146.95931415938273
2024-09-27,167.52002928633456
2024-09-28,198.06132715040428
2024-09-29,189.2661936167626
2024-09-30,138.5760521902017
2024-10-01,195.9453125
2024-10-02,184.03125
2024-10-03,196.171875
2024-10-04,217.84375
2024-10-05,216.7890625
2024-10-06,202.9296875
2024-10-07,186.53125
2024-10-08,169.75
2024-10-09,154.5234375
2024-10-10,140.6953125
2024-10-11,128.296875
2024-10-12,117.078125
2024-10-13,106.7265625
2024-10-14,97.109375
2024-10-15,88.21875
2024-10-16,79.9453125
2024-10-17,72.41015625
2024-10-18,67.66015625
2024-10-19,71.05859375
2024-10-20,76.01171875
2024-10-21,72.31640625
2024-10-22,65.44921875
2024-10-23,58.77734375
2024-10-24,52.76953125
2024-10-25,47.390625
2024-10-26,42.48046875
2024-10-27,37.95703125
2024-10-28,33.81640625
2024-10-29,30.0703125
2024-10-30,26.671875
2024-10-31,23.5390625
2024-11-01,20.671875
2024-11-02,18.09375
2024-11-03,15.79296875
2024-11-04,13.7265625
2024-11-05,11.88671875
2024-11-06,10.265625
2024-11-07,8.828125
2024-11-08,7.56640625
2024-11-09,6.453125
2024-11-10,5.4609375
2024-11-11,4.5859375
2024-11-12,3.83203125
2024-11-13,3.1875
2024-11-14,2.62890625
2024-11-15,2.1484375
2024-11-16,1.75
2024-11-17,1.41796875
2024-11-18,1.140625
2024-11-19,0.90625
2024-11-20,0.71875
2024-11-21,0.56640625
2024-11-22,0.453125
2024-11-23,0.37109375
2024-11-24,0.30078125
2024-11-25,0.24609375
2024-11-26,0.203125
2024-11-27,0.171875
2024-11-28,0.14453125
2024-11-29,0.12109375000000001
2024-11-30,0.1015625
2024-12-01,0.0859375
2024-12-02,0.0703125
2024-12-03,0.06249999999999999
2024-12-04,0.05468749999999999
2024-12-05,0.046875
2024-12-06,0.0390625
2024-12-07,0.0390625
2024-12-08,0.03125
2024-12-09,0.03125
2024-12-10,0.0234375
2024-12-11,0.0234375
2024-12-12,0.015625
2024-12-13,0.015625
2024-12-14,0.007812500000000002
2024-12-15,0.007812500000000002
2024-12-16,0.007812500000000002
2024-12-17,0.0
2024-12-18,0.0
2024-12-19,0.0
2024-12-20,0.0
2024-12-21,0.0
2024-12-22,0.0
2024-12-23,0.0
2024-12-24,0.0
2024-12-25,0.0
2024-12-26,0.0
2024-12-27,0.0
2024-12-28,0.0
2024-12-29,0.0
2024-12-30,0.0
2024-12-31,0.0
2025-01-01,0.0
2025-01-02,0.0
2025-01-03,0.0
2025-01-04,0.0
2025-01-05,0.0
2025-01-06,0.0
2025-01-07,0.0
2025-01-08,0.0
2025-01-09,0.0
2025-01-10,0.0
2025-01-11,0.0
2025-01-12,0.0
2025-01-13,0.0
2025-01-14,0.0
2025-01-15,0.0
2025-01-16,0.0
2025-01-17,0.0
2025-01-18,0.0
2025-01-19,0.0
2025-01-20,0.0
2025-01-21,0.0
2025-01-22,0.0
2025-01-23,0.0
2025-01-24,0.0
2025-01-25,0.0
2025-01-26,0.0
2025-01-27,0.0
2025-01-28,0.0
2025-01-29,0.0
2025-01-30,0.0
2025-01-31,0.0
2025-02-01,0.0
2025-02-02,0.0
2025-02-03,0.0
2025-02-04,0.0
2025-02-05,0.0
2025-02-06,0.0
2025-02-07,0.0
2025-02-08,0.0
2025-02-09,0.0
2025-02-10,0.0
2025-02-11,0.0
2025-02-12,0.0
2025-02-13,0.0
2025-02-14,0.0
2025-02-15,0.015625
2025-02-16,0.015625
2025-02-17,0.015625
2025-02-18,0.015625
2025-02-19,0.015625
2025-02-20,0.015625
2025-02-21,0.0
2025-02-22,0.0
2025-02-23,0.0
2025-02-24,0.0
2025-02-25,0.0
2025-02-26,0.0
2025-02-27,0.0
2025-02-28,0.0
2025-03-01,0.0
2025-03-02,0.0
2025-03-03,0.0
2025-03-04,0.0
2025-03-05,0.0
2025-03-06,0.0
2025-03-07,0.0
2025-03-08,0.0
2025-03-09,0.0
2025-03-10,0.0
2025-03-11,0.0
2025-03-12,0.0
2025-03-13,0.0
2025-03-14,0.0
2025-03-15,0.0
2025-03-16,0.0
2025-03-17,0.0
2025-03-18,0.0
2025-03-19,0.0
2025-03-20,0.0
2025-03-21,0.0
2025-03-22,0.0
2025-03-23,0.0
2025-03-24,0.0
2025-03-25,0.0
2025-03-26,0.0
2025-03-27,0.0
2025-03-28,0.0
2025-03-29,0.0
2025-03-30,0.0
2025-03-31,0.0
2025-04-01,0.0
2025-04-02,0.0
2025-04-03,0.0
2025-04-04,0.0
2025-04-05,0.0
2025-04-06,0.0
2025-04-07,0.0
2025-04-08,0.0
2025-04-09,0.0
2025-04-10,0.0
2025-04-11,0.0
2025-04-12,0.0
2025-04-13,0.0
2025-04-14,0.0
2025-04-15,0.0
2025-04-16,0.0
2025-04-17,0.0
2025-04-18,0.0
2025-04-19,0.0
2025-04-20,0.0
2025-04-21,0.0
2025-04-22,0.0
2025-04-23,0.0
2025-04-24,0.0
2025-04-25,0.0
2025-04-26,0.0
2025-04-27,0.0
2025-04-28,0.0
2025-04-29,0.0
2025-04-30,0.0
2025-05-01,0.7752499999999999
2025-05-02,0.77525
2025-05-03,0.7752500000000001
2025-05-04,0.77525
2025-05-05,0.7752500000000001
2025-05-06,0.7752499999999999
2025-05-07,0.7752500000000002
2025-05-08,0.7752499999999999
2025-05-09,0.77525
2025-05-10,0.77525
2025-05-11,0.77525
2025-05-12,0.78
2025-05-13,0.7799999999999999
2025-05-14,0.78
2025-05-15,1.5421465968586388
2025-05-16,4.086649214659686
2025-05-17,1.7740635641316695
2025-05-18,2.1856663839411934
2025-05-19,3.4154636458432077
2025-05-20,6.358676340742449
2025-05-21,10.958050436469462
2025-05-22,6.9776085520597935
2025-05-23,15.626521739130432
2025-05-24,8.127373043146244
2025-05-25,6.080402858149246
2025-05-26,10.88530396413068
2025-05-27,21.286714178738684
2025-05-28,29.154953988040518
2025-05-29,97.74277717462046
2025-05-30,191.8163114921131
2025-05-31,278.44778327261884
2025-06-01,239.55312443826432
2025-06-02,192.24758485475547
2025-06-03,166.48418778405178
2025-06-04,236.08892468805504
2025-06-05,402.6695179948644
2025-06-06,597.206785164441
2025-06-07,955.7456095268682
2025-06-08,1396.5784954248772
2025-06-09,2882.2326736381538
2025-06-10,3137.9219251165982
2025-06-11,3024.6599908220796
2025-06-12,2770.7923430199903
2025-06-13,2562.5589969220637
2025-06-14,2820.4465037285286
2025-06-15,2625.3036300349454
2025-06-16,2392.5022368801324
2025-06-17,2135.517651533085
2025-06-18,1890.8397321358696
2025-06-19,1211.2939487868307
2025-06-20,1011.512644575724
2025-06-21,826.7498937146053
2025-06-22,722.7988410366665
2025-06-23,616.015734216872
2025-06-24,526.3705451040497
2025-06-25,448.19291925333465
2025-06-26,418.0767379898086
2025-06-27,437.7115074882705
2025-06-28,487.0928021831632
2025-06-29,478.6480687903985
2025-06-30,432.3676830814298
2025-07-01,378.4555302664992
2025-07-02,418.4924834672339
2025-07-03,515.2836195250153
2025-07-04,642.3939048645063
2025-07-05,661.0581045363195
2025-07-06,636.8065551795763
2025-07-07,557.895364620459
2025-07-08,488.8738477004627
2025-07-09,485.37651905620436
2025-07-10,469.472928194127
2025-07-11,440.09985679224104
2025-07-12,372.5699550239412
2025-07-13,328.6787249822037
2025-07-14,284.10416329679305
2025-07-15,264.2027302027344
2025-07-16,252.06915852402574
2025-07-17,253.226664290646
2025-07-18,273.938481278961
2025-07-19,274.72250138465176
2025-07-20,281.43676416248417
2025-07-21,282.9233406378517
2025-07-22,313.8329559545447
2025-07-23,369.1946086749942
2025-07-24,489.0228329175373
2025-07-25,381.7816761099221
2025-07-26,483.7917110850242
2025-07-27,608.9583309469583
2025-07-28,614.8432373459646
2025-07-29,593.2296168543493
2025-07-30,479.6273101114022
2025-07-31,363.5037499638607
2025-08-01,298.61570466474564
2025-08-02,226.31045134835927
2025-08-03,200.77068549219078
2025-08-04,172.30455065168445
2025-08-05,163.32262524701002
2025-08-06,160.00533182793038
2025-08-07,155.30786460370103
2025-08-08,162.58965384599614
2025-08-09,164.89816378816732
2025-08-10,169.9412531641391
2025-08-11,204.24152619245
2025-08-12,234.19060784991714
2025-08-13,216.6992332293855
2025-08-14,194.73868849084096
2025-08-15,184.19649460135744
2025-08-16,171.13648946433003
2025-08-17,158.60579889298333
2025-08-18,160.5870257316575
2025-08-19,175.3329990961554
2025-08-20,188.139447401126
2025-08-21,200.29635322149417
2025-08-22,252.35260736979504
2025-08-23,251.85627731857102
2025-08-24,218.57198556173677
2025-08-25,211.61459302450814
2025-08-26,184.43917383272367
2025-08-27,166.43685591271912
2025-08-28,160.8235592608946
2025-08-29,160.62201179124997
2025-08-30,152.60452692455544
2025-08-31,135.1659906866213
2025-09-01,122.23737728349248
2025-09-02,111.2691998066231
2025-09-03,105.6325394913724
2025-09-04,105.02042136253131
2025-09-05,116.62938275868126
2025-09-06,112.03040684760148
2025-09-07,111.70617225461118
2025-09-08,102.69043205782255
2025-09-09,99.49931900467207
2025-09-10,92.80987425264159
2025-09-11,88.38211648627039
2025-09-12,88.67767109243056
2025-09-13,99.27223363413496
2025-09-14,101.0447653641044
2025-09-15,96.14925632967649
2025-09-16,91.53691299712608
2025-09-17,85.29461596748335
2025-09-18,82.84635595693288
2025-09-19,78.07472369347228
2025-09-20,73.85731289283369
2025-09-21,68.6499506477483
2025-09-22,70.6369583731091
2025-09-23,66.58715737682458
2025-09-24,65.11058022938592
2025-09-25,61.762746317685924
2025-09-26,60.97969870023501
2025-09-27,58.24644836266658
2025-09-28,54.74751251262796
2025-09-29,53.74438013457377
2025-09-30,50.67201654118794
