date,q_cor
1979-01-01,0.0
1979-01-02,0.0
1979-01-03,0.0
1979-01-04,0.0
1979-01-05,0.0
1979-01-06,0.0
1979-01-07,0.0
1979-01-08,0.0
1979-01-09,0.0
1979-01-10,0.0
1979-01-11,0.0
1979-01-12,0.0
1979-01-13,0.0
1979-01-14,0.0
1979-01-15,0.0
1979-01-16,0.0
1979-01-17,0.0
1979-01-18,0.0
1979-01-19,0.0
1979-01-20,0.0
1979-01-21,0.0
1979-01-22,0.0
1979-01-23,0.0
1979-01-24,0.0
1979-01-25,0.0
1979-01-26,0.0
1979-01-27,0.0
1979-01-28,0.0
1979-01-29,0.0
1979-01-30,0.0
1979-01-31,0.0
1979-02-01,0.0
1979-02-02,0.0
1979-02-03,0.0
1979-02-04,0.0
1979-02-05,0.0
1979-02-06,0.0
1979-02-07,0.0
1979-02-08,0.0
1979-02-09,0.0
1979-02-10,0.0
1979-02-11,0.0
1979-02-12,0.0
1979-02-13,0.0
1979-02-14,0.0
1979-02-15,0.0
1979-02-16,0.0
1979-02-17,0.0
1979-02-18,0.0
1979-02-19,0.0
1979-02-20,0.0
1979-02-21,0.0
1979-02-22,0.0
1979-02-23,0.0
1979-02-24,0.0
1979-02-25,0.0
1979-02-26,0.0
1979-02-27,0.0
1979-02-28,0.0
1979-03-01,0.0
1979-03-02,0.0
1979-03-03,0.0
1979-03-04,0.0
1979-03-05,0.0
1979-03-06,0.0
1979-03-07,0.0
1979-03-08,0.0
1979-03-09,0.0
1979-03-10,0.0
1979-03-11,0.0
1979-03-12,0.0
1979-03-13,0.0
1979-03-14,0.0
1979-03-15,0.0
1979-03-16,0.0
1979-03-17,0.0
1979-03-18,0.0
1979-03-19,0.0
1979-03-20,0.0
1979-03-21,0.0
1979-03-22,0.0
1979-03-23,0.0
1979-03-24,0.0
1979-03-25,0.0
1979-03-26,0.0
1979-03-27,0.0
1979-03-28,0.0
1979-03-29,0.0
1979-03-30,0.0
1979-03-31,0.0
1979-04-01,0.0
1979-04-02,0.0
1979-04-03,0.0
1979-04-04,0.0
1979-04-05,0.0
1979-04-06,0.0
1979-04-07,0.0
1979-04-08,0.0
1979-04-09,0.0
1979-04-10,0.0
1979-04-11,0.0
1979-04-12,0.0
1979-04-13,0.0
1979-04-14,0.0
1979-04-15,0.0
1979-04-16,0.0
1979-04-17,0.0
1979-04-18,0.0
1979-04-19,0.0
1979-04-20,0.0
1979-04-21,0.0
1979-04-22,0.0
1979-04-23,0.0
1979-04-24,0.0
1979-04-25,0.0
1979-04-26,0.0
1979-04-27,0.0
1979-04-28,0.0
1979-04-29,0.0
1979-04-30,0.0
1979-05-01,2.915
1979-05-02,2.6755
1979-05-03,2.6809999999999996
1979-05-04,2.6865
1979-05-05,2.6920000000000006
1979-05-06,2.6975000000000002
1979-05-07,2.703
1979-05-08,2.7085000000000004
1979-05-09,2.7140000000000004
1979-05-10,2.7194999999999996
1979-05-11,2.7249999999999996
1979-05-12,18.81363636363636
1979-05-13,14.293491124260356
1979-05-14,40.00640737580075
1979-05-15,86.21623629193454
1979-05-16,20.903624182678865
1979-05-17,40.212089550238865
1979-05-18,27.31613347960746
1979-05-19,30.09402151199178
1979-05-20,29.907511564994355
1979-05-21,30.362429927200917
1979-05-22,26.20175334225338
1979-05-23,30.327410013007988
1979-05-24,38.90617547156174
1979-05-25,59.642559405240604
1979-05-26,175.97831843764118
1979-05-27,349.3592246074209
1979-05-28,894.7962251570686
1979-05-29,1041.4537508194844
1979-05-30,1232.6016503342582
1979-05-31,1295.129350015103
1979-06-01,1659.1189489868093
1979-06-02,1980.4095026207547
1979-06-03,2526.145233254872
1979-06-04,3596.182958205583
1979-06-05,3882.824482653168
1979-06-06,3897.5660154740467
1979-06-07,3839.029980031062
1979-06-08,3861.8469340408888
1979-06-09,3877.2868411934037
1979-06-10,3849.244726541389
1979-06-11,3848.1600397860257
1979-06-12,3909.858166503705
1979-06-13,4091.063521012445
1979-06-14,4246.1293969948865
1979-06-15,4840.98279940675
1979-06-16,4851.5298878492795
1979-06-17,4208.600925968831
1979-06-18,4037.286478228922
1979-06-19,3033.031842261562
1979-06-20,2808.6835695655204
1979-06-21,2545.9032236053795
1979-06-22,2440.1663663306495
1979-06-23,2311.8623012949643
1979-06-24,2124.2695643181187
1979-06-25,1983.0976273464596
1979-06-26,1867.7843606839735
1979-06-27,1750.2284816375363
1979-06-28,1666.6273546920042
1979-06-29,1350.1233963765478
1979-06-30,1251.9085319409219
1979-07-01,1138.0204080801022
1979-07-02,1080.3648736454368
1979-07-03,1064.277701590819
1979-07-04,1050.4618247735589
1979-07-05,978.142267801566
1979-07-06,911.095615297322
1979-07-07,722.4821464853499
1979-07-08,689.1970844152762
1979-07-09,657.6168439265224
1979-07-10,553.2959456201461
1979-07-11,522.6130388905726
1979-07-12,506.9286271369927
1979-07-13,496.81186733970964
1979-07-14,481.90942241772507
1979-07-15,463.1083605499855
1979-07-16,455.34185917861856
1979-07-17,506.7727796318699
1979-07-18,597.8345578946617
1979-07-19,587.6354729295894
1979-07-20,514.8778824594593
1979-07-21,516.3780610679529
1979-07-22,599.0673641395223
1979-07-23,572.0511520937156
1979-07-24,544.0282925918625
1979-07-25,492.4795203215854
1979-07-26,483.63325722910105
1979-07-27,477.35807667638375
1979-07-28,493.15824613052314
1979-07-29,497.29864821678973
1979-07-30,503.9903089447414
1979-07-31,547.239290358983
1979-08-01,525.4403500162254
1979-08-02,467.90478854686285
1979-08-03,471.8790351086389
1979-08-04,587.4739251834138
1979-08-05,716.6244821988137
1979-08-06,877.8304868627382
1979-08-07,861.4095957920846
1979-08-08,847.7574155835447
1979-08-09,855.853618105766
1979-08-10,894.9800921822422
1979-08-11,869.7417617332053
1979-08-12,818.9673143318139
1979-08-13,685.236567129201
1979-08-14,666.9796658154072
1979-08-15,654.2132360289409
1979-08-16,613.9344897210689
1979-08-17,523.7951008589304
1979-08-18,493.5752481553935
1979-08-19,494.27060300810535
1979-08-20,512.8890588064978
1979-08-21,570.9763283165559
1979-08-22,561.684826305484
1979-08-23,465.7817088002484
1979-08-24,460.48072978646826
1979-08-25,551.0987727593905
1979-08-26,622.7433226641942
1979-08-27,747.942573973707
1979-08-28,762.0946648121906
1979-08-29,732.3650682421448
1979-08-30,689.0752767006547
1979-08-31,585.4380015472934
1979-09-01,500.9806490869858
1979-09-02,482.87802237382925
1979-09-03,404.7027513765905
1979-09-04,394.6687298326421
1979-09-05,453.78038562130183
1979-09-06,562.1211294939094
1979-09-07,822.7559377394356
1979-09-08,845.2697403547918
1979-09-09,789.7778661810182
1979-09-10,837.3101688564545
1979-09-11,1163.449349089442
1979-09-12,1236.7325207476842
1979-09-13,1179.4805943060194
1979-09-14,1116.357390100257
1979-09-15,1042.234867417398
1979-09-16,667.5871398781234
1979-09-17,621.0935725946167
1979-09-18,586.8123007647202
1979-09-19,528.5731670435382
1979-09-20,459.4102990402552
1979-09-21,433.71155793787506
1979-09-22,398.9427403110848
1979-09-23,360.41907664951486
1979-09-24,323.44723425312327
1979-09-25,287.8509685325056
1979-09-26,265.2046534975099
1979-09-27,246.55206955884182
1979-09-28,221.86952807366455
1979-09-29,206.23202080547162
1979-09-30,186.90535381782001
1979-10-01,208.6484375
1979-10-02,188.25
1979-10-03,169.328125
1979-10-04,152.0390625
1979-10-05,136.09375
1979-10-06,121.625
1979-10-07,108.171875
1979-10-08,95.4609375
1979-10-09,83.9609375
1979-10-10,73.484375
1979-10-11,63.7421875
1979-10-12,54.7109375
1979-10-13,46.4140625
1979-10-14,38.8515625
1979-10-15,31.96875
1979-10-16,25.828125
1979-10-17,20.484375
1979-10-18,15.921875
1979-10-19,12.2578125
1979-10-20,9.484375
1979-10-21,7.375
1979-10-22,5.765625
1979-10-23,4.5390625
1979-10-24,3.609375
1979-10-25,2.8828125
1979-10-26,2.3203125
1979-10-27,1.8828125
1979-10-28,1.546875
1979-10-29,1.3046875
1979-10-30,1.109375
1979-10-31,0.9609375
1979-11-01,0.828125
1979-11-02,0.71875
1979-11-03,0.6328125
1979-11-04,0.5546875
1979-11-05,0.484375
1979-11-06,0.4140625
1979-11-07,0.359375
1979-11-08,0.296875
1979-11-09,0.25
1979-11-10,0.21875
1979-11-11,0.1875
1979-11-12,0.1640625
1979-11-13,0.1328125
1979-11-14,0.11718750000000001
1979-11-15,0.09375
1979-11-16,0.078125
1979-11-17,0.06249999999999999
1979-11-18,0.05468749999999999
1979-11-19,0.05468749999999999
1979-11-20,0.046875
1979-11-21,0.0390625
1979-11-22,0.0390625
1979-11-23,0.03125
1979-11-24,0.03125
1979-11-25,0.015625
1979-11-26,0.015625
1979-11-27,0.015625
1979-11-28,0.015625
1979-11-29,0.015625
1979-11-30,0.0
1979-12-01,0.0
1979-12-02,0.0
1979-12-03,0.0
1979-12-04,0.0
1979-12-05,0.0
1979-12-06,0.0
1979-12-07,0.0
1979-12-08,0.0
1979-12-09,0.0
1979-12-10,0.0
1979-12-11,0.0
1979-12-12,0.0
1979-12-13,0.0
1979-12-14,0.0
1979-12-15,0.0
1979-12-16,0.0
1979-12-17,0.0
1979-12-18,0.0
1979-12-19,0.0
1979-12-20,0.0
1979-12-21,0.0
1979-12-22,0.0
1979-12-23,0.0
1979-12-24,0.0
1979-12-25,0.0
1979-12-26,0.0
1979-12-27,0.0
1979-12-28,0.0
1979-12-29,0.0
1979-12-30,0.0
1979-12-31,0.0
1980-01-01,0.0
1980-01-02,0.0
1980-01-03,0.0
1980-01-04,0.0
1980-01-05,0.0
1980-01-06,0.0
1980-01-07,0.0
1980-01-08,0.0
1980-01-09,0.0
1980-01-10,0.0
1980-01-11,0.0
1980-01-12,0.0
1980-01-13,0.0
1980-01-14,0.0
1980-01-15,0.0
1980-01-16,0.0
1980-01-17,0.0
1980-01-18,0.0
1980-01-19,0.0
1980-01-20,0.0
1980-01-21,0.0
1980-01-22,0.0
1980-01-23,0.0
1980-01-24,0.0
1980-01-25,0.0
1980-01-26,0.0
1980-01-27,0.0
1980-01-28,0.0
1980-01-29,0.0
1980-01-30,0.0
1980-01-31,0.0
1980-02-01,0.0
1980-02-02,0.0
1980-02-03,0.0
1980-02-04,0.0
1980-02-05,0.0
1980-02-06,0.0
1980-02-07,0.0
1980-02-08,0.0
1980-02-09,0.0
1980-02-10,0.0
1980-02-11,0.0
1980-02-12,0.0
1980-02-13,0.0
1980-02-14,0.0
1980-02-15,0.0
1980-02-16,0.0
1980-02-17,0.0
1980-02-18,0.0
1980-02-19,0.0
1980-02-20,0.0
1980-02-21,0.0
1980-02-22,0.0
1980-02-23,0.0
1980-02-24,0.0
1980-02-25,0.0
1980-02-26,0.0
1980-02-27,0.0
1980-02-28,0.0
1980-02-29,0.0
1980-03-01,0.0
1980-03-02,0.0
1980-03-03,0.0
1980-03-04,0.0
1980-03-05,0.0
1980-03-06,0.0
1980-03-07,0.0
1980-03-08,0.0
1980-03-09,0.0
1980-03-10,0.0
1980-03-11,0.0
1980-03-12,0.0
1980-03-13,0.0
1980-03-14,0.0
1980-03-15,0.0
1980-03-16,0.0
1980-03-17,0.0
1980-03-18,0.0
1980-03-19,0.0
1980-03-20,0.0
1980-03-21,0.0
1980-03-22,0.0
1980-03-23,0.0
1980-03-24,0.0
1980-03-25,0.0
1980-03-26,0.0
1980-03-27,0.0
1980-03-28,0.0
1980-03-29,0.0
1980-03-30,0.0
1980-03-31,0.0
1980-04-01,0.0
1980-04-02,0.0
1980-04-03,0.0
1980-04-04,0.0
1980-04-05,0.0
1980-04-06,0.0
1980-04-07,0.0
1980-04-08,0.0
1980-04-09,0.0
1980-04-10,0.0
1980-04-11,0.0
1980-04-12,0.0
1980-04-13,0.0
1980-04-14,0.0
1980-04-15,0.0
1980-04-16,0.0
1980-04-17,0.0
1980-04-18,0.0
1980-04-19,0.0
1980-04-20,0.0
1980-04-21,0.0
1980-04-22,0.0
1980-04-23,0.0
1980-04-24,0.0
1980-04-25,0.0
1980-04-26,0.0
1980-04-27,0.0
1980-04-28,0.0
1980-04-29,0.0
1980-04-30,0.0
1980-05-01,2.6754999999999995
1980-05-02,2.6809999999999996
1980-05-03,2.6864999999999997
1980-05-04,2.6920000000000006
1980-05-05,2.6975000000000002
1980-05-06,2.703
1980-05-07,2.7085000000000004
1980-05-08,2.714000000000001
1980-05-09,2.7194999999999996
1980-05-10,2.724999999999999
1980-05-11,2.7304999999999993
1980-05-12,2.7359999999999998
1980-05-13,2.7415
1980-05-14,2.7470000000000003
1980-05-15,2.7524999999999995
1980-05-16,10.232275711159739
1980-05-17,461.28499999999997
1980-05-18,7.45218047635022
1980-05-19,18.622160664819965
1980-05-20,49.51251509290195
1980-05-21,31.111388099476965
1980-05-22,179.97850523893848
1980-05-23,778.2487404002429
1980-05-24,1178.7705075524952
1980-05-25,1502.7969232298194
1980-05-26,1954.8464453513377
1980-05-27,2031.9510212777207
1980-05-28,2153.098559944764
1980-05-29,2662.187243076554
1980-05-30,3062.312200007558
1980-05-31,3397.444818389603
1980-06-01,3476.304481085166
1980-06-02,3427.4422811832815
1980-06-03,3461.628072093152
1980-06-04,2713.7336305252943
1980-06-05,2590.3324739896607
1980-06-06,2378.6486652914627
1980-06-07,2328.268650027821
1980-06-08,2300.6232858248854
1980-06-09,2289.891486965067
1980-06-10,2183.583361429411
1980-06-11,2097.4060083174395
1980-06-12,2001.0860533512505
1980-06-13,1893.223079985822
1980-06-14,1848.012527028132
1980-06-15,1878.8999533285048
1980-06-16,1883.7934160589841
1980-06-17,1774.2313971208466
1980-06-18,1538.8687251967817
1980-06-19,1458.240882081809
1980-06-20,1381.8473199372747
1980-06-21,1346.94152090481
1980-06-22,1307.0800818830676
1980-06-23,1016.0866218678632
1980-06-24,905.7594245576926
1980-06-25,790.8552285392225
1980-06-26,595.6409843789721
1980-06-27,576.0285185883877
1980-06-28,566.1751571299268
1980-06-29,566.2129447633057
1980-06-30,675.6354656479978
1980-07-01,688.9368663253006
1980-07-02,660.8973166662645
1980-07-03,625.3531395937277
1980-07-04,610.2706279302525
1980-07-05,585.8165790760366
1980-07-06,551.1159817600064
1980-07-07,440.23120010043925
1980-07-08,406.9895962788061
1980-07-09,399.68411050883265
1980-07-10,495.8044913897455
1980-07-11,611.8770559544303
1980-07-12,693.5494979977088
1980-07-13,841.1006074421321
1980-07-14,862.4978290330897
1980-07-15,833.5742382521042
1980-07-16,939.1657451318204
1980-07-17,1148.9358890693804
1980-07-18,1606.4474297183667
1980-07-19,2051.9252655852074
1980-07-20,2164.5215428019
1980-07-21,2187.5230818699206
1980-07-22,2244.5303365964896
1980-07-23,2355.786095376495
1980-07-24,2395.822117131767
1980-07-25,2417.67707147349
1980-07-26,2448.8514734681453
1980-07-27,2469.968735779375
1980-07-28,2488.2112812575056
1980-07-29,2382.967046924104
1980-07-30,2240.696845087634
1980-07-31,2142.976295969451
1980-08-01,2060.028688937613
1980-08-02,1932.0435415122756
1980-08-03,1270.830033226816
1980-08-04,1216.8103376756324
1980-08-05,1283.7035114864318
1980-08-06,1890.1231514291717
1980-08-07,1884.8393544499074
1980-08-08,1285.462125841923
1980-08-09,1187.1559900844047
1980-08-10,906.9104033646048
1980-08-11,870.7820318502341
1980-08-12,820.9535413986564
1980-08-13,676.5748948073601
1980-08-14,626.2673028330081
1980-08-15,577.5539814826868
1980-08-16,572.0328313475115
1980-08-17,562.4529660320875
1980-08-18,502.7285075858324
1980-08-19,398.88233195469275
1980-08-20,320.5272169695943
1980-08-21,282.0352931126657
1980-08-22,259.43463958106355
1980-08-23,244.79967155508777
1980-08-24,234.7068837221795
1980-08-25,238.89671912369874
1980-08-26,242.332020237438
1980-08-27,210.20464047241168
1980-08-28,202.60390783163174
1980-08-29,193.11705789367767
1980-08-30,182.34796328762934
1980-08-31,173.06454684728504
1980-09-01,182.48983953590164
1980-09-02,182.29642339849985
1980-09-03,179.40493401869017
1980-09-04,180.8603122143725
1980-09-05,174.16623426302107
1980-09-06,168.03883443557905
1980-09-07,162.6349913425642
1980-09-08,150.71523983111442
1980-09-09,150.75094122695066
1980-09-10,150.0322092871331
1980-09-11,146.2813544180258
1980-09-12,138.77613302384782
1980-09-13,131.29093043923112
1980-09-14,126.77166785910873
1980-09-15,118.5422038326434
1980-09-16,104.7379333948957
1980-09-17,92.88393563030178
1980-09-18,84.12224811988249
1980-09-19,77.24277265524724
1980-09-20,71.3414546129801
1980-09-21,66.10081130629055
1980-09-22,68.00635925554015
1980-09-23,68.38637165404529
1980-09-24,71.52456436998223
1980-09-25,78.68203359307482
1980-09-26,81.14453699753834
1980-09-27,75.85416157732676
1980-09-28,65.97051553555474
1980-09-29,59.69536645812859
1980-09-30,55.16945134522776
1980-10-01,30.2734375
1980-10-02,25.109375
1980-10-03,20.6875
1980-10-04,16.953125
1980-10-05,13.859375
1980-10-06,11.359375
1980-10-07,9.3203125
1980-10-08,7.640625
1980-10-09,6.265625
1980-10-10,6.375
1980-10-11,6.59375
1980-10-12,6.3984375
1980-10-13,6.2109375
1980-10-14,6.0078125
1980-10-15,5.5390625
1980-10-16,4.8828125
1980-10-17,4.2265625
1980-10-18,3.625
1980-10-19,3.109375
1980-10-20,2.6640625
1980-10-21,2.28125
1980-10-22,1.9453125
1980-10-23,1.625
1980-10-24,1.3125
1980-10-25,1.0625
1980-10-26,0.859375
1980-10-27,0.703125
1980-10-28,0.578125
1980-10-29,0.484375
1980-10-30,0.40625
1980-10-31,0.34375
1980-11-01,0.28125
1980-11-02,0.234375
1980-11-03,0.203125
1980-11-04,0.15625
1980-11-05,0.125
1980-11-06,0.09375
1980-11-07,0.078125
1980-11-08,0.06249999999999999
1980-11-09,0.046875
1980-11-10,0.03125
1980-11-11,0.015625
1980-11-12,0.015625
1980-11-13,0.015625
1980-11-14,0.0
1980-11-15,0.0
1980-11-16,0.0
1980-11-17,0.0
1980-11-18,0.0
1980-11-19,0.0
1980-11-20,0.0
1980-11-21,0.0
1980-11-22,0.0
1980-11-23,0.0
1980-11-24,0.0
1980-11-25,0.0
1980-11-26,0.0
1980-11-27,0.0
1980-11-28,0.0
1980-11-29,0.0
1980-11-30,0.0
1980-12-01,0.0
1980-12-02,0.0
1980-12-03,0.0
1980-12-04,0.0
1980-12-05,0.0
1980-12-06,0.0
1980-12-07,0.0
1980-12-08,0.0
1980-12-09,0.0
1980-12-10,0.0
1980-12-11,0.0
1980-12-12,0.0
1980-12-13,0.0
1980-12-14,0.0
1980-12-15,0.0
1980-12-16,0.0
1980-12-17,0.0
1980-12-18,0.0
1980-12-19,0.0
1980-12-20,0.0
1980-12-21,0.0
1980-12-22,0.0
1980-12-23,0.0
1980-12-24,0.0
1980-12-25,0.0
1980-12-26,0.0
1980-12-27,0.0
1980-12-28,0.0
1980-12-29,0.0
1980-12-30,0.0
1980-12-31,0.0
1981-01-01,0.0
1981-01-02,0.0
1981-01-03,0.0
1981-01-04,0.0
1981-01-05,0.0
1981-01-06,0.0
1981-01-07,0.0
1981-01-08,0.0
1981-01-09,0.0
1981-01-10,0.0
1981-01-11,0.0
1981-01-12,0.0
1981-01-13,0.0
1981-01-14,0.0
1981-01-15,0.0
1981-01-16,0.0
1981-01-17,0.0
1981-01-18,0.0
1981-01-19,0.0
1981-01-20,0.0
1981-01-21,0.0
1981-01-22,0.0
1981-01-23,0.0
1981-01-24,0.0
1981-01-25,0.0
1981-01-26,0.0
1981-01-27,0.0
1981-01-28,0.0
1981-01-29,0.0
1981-01-30,0.0
1981-01-31,0.0
1981-02-01,0.0
1981-02-02,0.0
1981-02-03,0.0
1981-02-04,0.0
1981-02-05,0.0
1981-02-06,0.0
1981-02-07,0.0
1981-02-08,0.0
1981-02-09,0.0
1981-02-10,0.0
1981-02-11,0.0
1981-02-12,0.0
1981-02-13,0.0
1981-02-14,0.0
1981-02-15,0.0
1981-02-16,0.0
1981-02-17,0.0
1981-02-18,0.0
1981-02-19,0.0
1981-02-20,0.0
1981-02-21,0.0
1981-02-22,0.0
1981-02-23,0.0
1981-02-24,0.0
1981-02-25,0.0
1981-02-26,0.0
1981-02-27,0.0
1981-02-28,0.0
1981-03-01,0.0
1981-03-02,0.0
1981-03-03,0.0
1981-03-04,0.0
1981-03-05,0.0
1981-03-06,0.0
1981-03-07,0.0
1981-03-08,0.0
1981-03-09,0.0
1981-03-10,0.0
1981-03-11,0.0
1981-03-12,0.0
1981-03-13,0.0
1981-03-14,0.0
1981-03-15,0.0
1981-03-16,0.0
1981-03-17,0.0
1981-03-18,0.0
1981-03-19,0.0
1981-03-20,0.0
1981-03-21,0.0
1981-03-22,0.0
1981-03-23,0.0
1981-03-24,0.0
1981-03-25,0.0
1981-03-26,0.0
1981-03-27,0.0
1981-03-28,0.0
1981-03-29,0.0
1981-03-30,0.0
1981-03-31,0.0
1981-04-01,0.0
1981-04-02,0.0
1981-04-03,0.0
1981-04-04,0.0
1981-04-05,0.0
1981-04-06,0.0
1981-04-07,0.0
1981-04-08,0.0
1981-04-09,0.0
1981-04-10,0.0
1981-04-11,0.0
1981-04-12,0.0
1981-04-13,0.0
1981-04-14,0.0
1981-04-15,0.0
1981-04-16,0.0
1981-04-17,0.0
1981-04-18,0.0
1981-04-19,0.0
1981-04-20,0.0
1981-04-21,0.0
1981-04-22,0.0
1981-04-23,0.0
1981-04-24,0.0
1981-04-25,0.0
1981-04-26,0.0
1981-04-27,0.0
1981-04-28,0.0
1981-04-29,0.0
1981-04-30,0.0
1981-05-01,2.9149999999999996
1981-05-02,2.6755
1981-05-03,2.680999999999999
1981-05-04,2.6865
1981-05-05,2.6920000000000006
1981-05-06,2.6975
1981-05-07,2.7029999999999994
1981-05-08,2.7085000000000004
1981-05-09,2.7140000000000004
1981-05-10,2.7194999999999996
1981-05-11,18.813636363636355
1981-05-12,12.325411119812067
1981-05-13,47.75979192441797
1981-05-14,83.36241830771397
1981-05-15,65.63739128086004
1981-05-16,29.803683501365153
1981-05-17,17.04828148763542
1981-05-18,43.602715654952135
1981-05-19,20.62958162801273
1981-05-20,20.117036458266075
1981-05-21,27.559739013822984
1981-05-22,58.57609062927158
1981-05-23,192.18232418858202
1981-05-24,301.4073575479874
1981-05-25,428.4173815052592
1981-05-26,233.44005084923702
1981-05-27,364.99788745812185
1981-05-28,569.2539122891438
1981-05-29,1056.2144772678269
1981-05-30,1332.406831965126
1981-05-31,1488.743916126492
1981-06-01,1886.8431117035939
1981-06-02,2214.9359926101183
1981-06-03,2709.846187350462
1981-06-04,3754.9481970755046
1981-06-05,4037.6353335524077
1981-06-06,4107.043684992137
1981-06-07,4007.0303861381103
1981-06-08,3846.372355749888
1981-06-09,2918.066792697257
1981-06-10,2790.59496208374
1981-06-11,2486.2569463369296
1981-06-12,2184.7254758208105
1981-06-13,2095.990546835723
1981-06-14,2082.394135963957
1981-06-15,2063.6142693106526
1981-06-16,2031.9424796493606
1981-06-17,1922.230641125467
1981-06-18,1864.0616499795708
1981-06-19,1806.6446722242033
1981-06-20,1799.2203284062423
1981-06-21,1766.873717351582
1981-06-22,1470.9678374450755
1981-06-23,1389.6098070565733
1981-06-24,1253.09977758425
1981-06-25,1190.1778533908687
1981-06-26,1127.5415612156653
1981-06-27,802.6581494128915
1981-06-28,742.9174150314269
1981-06-29,590.174929133255
1981-06-30,544.86400783665
1981-07-01,529.5536530583032
1981-07-02,536.1448459617401
1981-07-03,517.8106259932563
1981-07-04,477.76510347600157
1981-07-05,439.48668888274466
1981-07-06,288.8473584533125
1981-07-07,273.3418140796597
1981-07-08,408.352457459863
1981-07-09,437.4185541326994
1981-07-10,493.14436894214145
1981-07-11,395.5656601921764
1981-07-12,382.5209905738007
1981-07-13,561.9114896463461
1981-07-14,847.4923704123453
1981-07-15,1220.9114774545255
1981-07-16,1612.6052308623625
1981-07-17,1692.8901568730457
1981-07-18,1668.6329079549032
1981-07-19,1611.6466064765743
1981-07-20,1539.3619005215598
1981-07-21,1135.00077294755
1981-07-22,1081.2326843215535
1981-07-23,892.6937673501769
1981-07-24,1056.7886521830837
1981-07-25,1521.3516273112236
1981-07-26,1562.1660562207528
1981-07-27,2009.3254412996696
1981-07-28,2069.535278416915
1981-07-29,2011.8502040152932
1981-07-30,1458.3798254068545
1981-07-31,1397.1536952143938
1981-08-01,1345.512038372973
1981-08-02,950.2743884257924
1981-08-03,878.5829217392367
1981-08-04,708.85565435635
1981-08-05,713.4963331610974
1981-08-06,846.8238080463595
1981-08-07,707.524067021926
1981-08-08,658.0707188856778
1981-08-09,616.3023106494809
1981-08-10,598.5618262504978
1981-08-11,572.7286966997593
1981-08-12,519.9082302333502
1981-08-13,490.59471162435847
1981-08-14,413.7775716560475
1981-08-15,387.49460499228917
1981-08-16,341.3293462648259
1981-08-17,409.5917523422464
1981-08-18,419.23992024788976
1981-08-19,413.6961601753023
1981-08-20,398.8028464438411
1981-08-21,328.09703947211875
1981-08-22,293.6160828173869
1981-08-23,269.79884821020636
1981-08-24,251.02399745158414
1981-08-25,222.3878989622575
1981-08-26,202.69397552707102
1981-08-27,186.98640456006325
1981-08-28,206.4750135832654
1981-08-29,286.5040915550051
1981-08-30,415.749496688569
1981-08-31,582.3371985244398
1981-09-01,717.790445269119
1981-09-02,922.8239245950506
1981-09-03,936.9841085197645
1981-09-04,739.6958834727869
1981-09-05,692.7762044786614
1981-09-06,652.263185401729
1981-09-07,548.7405978261102
1981-09-08,458.7218463284432
1981-09-09,438.95843049218723
1981-09-10,406.7743123846049
1981-09-11,383.4271901925947
1981-09-12,359.3268959951147
1981-09-13,351.42384665580374
1981-09-14,352.6148823046482
1981-09-15,337.3314493785531
1981-09-16,314.0935084839621
1981-09-17,296.9675647396086
1981-09-18,288.6845980831839
1981-09-19,292.5900807928806
1981-09-20,282.7441896452802
1981-09-21,256.1968254747336
1981-09-22,228.0098436282858
1981-09-23,215.77767602451704
1981-09-24,211.99436170198842
1981-09-25,232.80567528137382
1981-09-26,307.1676322127236
1981-09-27,472.48669107356477
1981-09-28,430.6310466107651
1981-09-29,414.82912952259943
1981-09-30,400.9523267456647
1981-10-01,552.390625
1981-10-02,590.1875
1981-10-03,574.625
1981-10-04,535.6640625
1981-10-05,486.5
1981-10-06,442.203125
1981-10-07,404.0625
1981-10-08,372.7109375
1981-10-09,350.6171875
1981-10-10,339.21875
1981-10-11,328.8046875
1981-10-12,314.453125
1981-10-13,294.625
1981-10-14,269.390625
1981-10-15,244.7265625
1981-10-16,221.8359375
1981-10-17,200.7421875
1981-10-18,181.21875
1981-10-19,163.0546875
1981-10-20,146.1953125
1981-10-21,130.5703125
1981-10-22,116.140625
1981-10-23,103.0
1981-10-24,90.9921875
1981-10-25,79.8671875
1981-10-26,69.6484375
1981-10-27,60.3515625
1981-10-28,51.953125
1981-10-29,44.375
1981-10-30,37.53125
1981-10-31,31.375
1981-11-01,26.0
1981-11-02,21.375
1981-11-03,17.4453125
1981-11-04,14.1640625
1981-11-05,11.4375
1981-11-06,9.1875
1981-11-07,7.3359375
1981-11-08,5.8125
1981-11-09,4.6015625
1981-11-10,3.640625
1981-11-11,2.8984375
1981-11-12,2.328125
1981-11-13,1.890625
1981-11-14,1.5546875
1981-11-15,1.2734375
1981-11-16,1.0546875
1981-11-17,0.8671875
1981-11-18,0.9765625
1981-11-19,1.390625
1981-11-20,1.8203125
1981-11-21,2.5625
1981-11-22,3.328125
1981-11-23,3.3515625
1981-11-24,3.0078125
1981-11-25,2.6171875
1981-11-26,2.2421875
1981-11-27,1.90625
1981-11-28,1.609375
1981-11-29,1.359375
1981-11-30,1.140625
1981-12-01,0.953125
1981-12-02,0.796875
1981-12-03,0.65625
1981-12-04,0.546875
1981-12-05,0.4375
1981-12-06,0.359375
1981-12-07,0.28125
1981-12-08,0.21875
1981-12-09,0.1875
1981-12-10,0.140625
1981-12-11,0.125
1981-12-12,0.09375
1981-12-13,0.078125
1981-12-14,0.06249999999999999
1981-12-15,0.046875
1981-12-16,0.046875
1981-12-17,0.046875
1981-12-18,0.03125
1981-12-19,0.03125
1981-12-20,0.015625
1981-12-21,0.015625
1981-12-22,0.015625
1981-12-23,0.015625
1981-12-24,0.0
1981-12-25,0.0
1981-12-26,0.0
1981-12-27,0.0
1981-12-28,0.0
1981-12-29,0.0
1981-12-30,0.0
1981-12-31,0.0
1982-01-01,0.0
1982-01-02,0.0
1982-01-03,0.0
1982-01-04,0.0
1982-01-05,0.0
1982-01-06,0.0
1982-01-07,0.0
1982-01-08,0.0
1982-01-09,0.0
1982-01-10,0.0
1982-01-11,0.0
1982-01-12,0.0
1982-01-13,0.0
1982-01-14,0.0
1982-01-15,0.0
1982-01-16,0.0
1982-01-17,0.0
1982-01-18,0.0
1982-01-19,0.0
1982-01-20,0.0
1982-01-21,0.0
1982-01-22,0.0
1982-01-23,0.0
1982-01-24,0.0
1982-01-25,0.0
1982-01-26,0.0
1982-01-27,0.0
1982-01-28,0.0
1982-01-29,0.0
1982-01-30,0.0
1982-01-31,0.0
1982-02-01,0.0
1982-02-02,0.0
1982-02-03,0.0
1982-02-04,0.0
1982-02-05,0.0
1982-02-06,0.0
1982-02-07,0.0
1982-02-08,0.0
1982-02-09,0.0
1982-02-10,0.0
1982-02-11,0.0
1982-02-12,0.0
1982-02-13,0.0
1982-02-14,0.0
1982-02-15,0.0
1982-02-16,0.0
1982-02-17,0.0
1982-02-18,0.0
1982-02-19,0.0
1982-02-20,0.0
1982-02-21,0.0
1982-02-22,0.0
1982-02-23,0.0
1982-02-24,0.0
1982-02-25,0.0
1982-02-26,0.0
1982-02-27,0.0
1982-02-28,0.0
1982-03-01,0.0
1982-03-02,0.0
1982-03-03,0.0
1982-03-04,0.0
1982-03-05,0.0
1982-03-06,0.0
1982-03-07,0.0
1982-03-08,0.0
1982-03-09,0.0
1982-03-10,0.0
1982-03-11,0.0
1982-03-12,0.0
1982-03-13,0.0
1982-03-14,0.0
1982-03-15,0.0
1982-03-16,0.0
1982-03-17,0.0
1982-03-18,0.0
1982-03-19,0.0
1982-03-20,0.0
1982-03-21,0.0
1982-03-22,0.0
1982-03-23,0.0
1982-03-24,0.0
1982-03-25,0.0
1982-03-26,0.0
1982-03-27,0.0
1982-03-28,0.0
1982-03-29,0.0
1982-03-30,0.0
1982-03-31,0.0
1982-04-01,0.0
1982-04-02,0.0
1982-04-03,0.0
1982-04-04,0.0
1982-04-05,0.0
1982-04-06,0.0
1982-04-07,0.0
1982-04-08,0.0
1982-04-09,0.0
1982-04-10,0.0
1982-04-11,0.0
1982-04-12,0.0
1982-04-13,0.0
1982-04-14,0.0
1982-04-15,0.0
1982-04-16,0.0
1982-04-17,0.0
1982-04-18,0.0
1982-04-19,0.0
1982-04-20,0.0
1982-04-21,0.0
1982-04-22,0.0
1982-04-23,0.0
1982-04-24,0.0
1982-04-25,0.0
1982-04-26,0.0
1982-04-27,0.0
1982-04-28,0.0
1982-04-29,0.0
1982-04-30,0.0
1982-05-01,2.915
1982-05-02,2.6755
1982-05-03,2.6809999999999996
1982-05-04,2.6864999999999997
1982-05-05,2.6920000000000006
1982-05-06,2.6975
1982-05-07,2.703
1982-05-08,2.7085000000000004
1982-05-09,2.7140000000000004
1982-05-10,2.719499999999999
1982-05-11,2.725
1982-05-12,2.7304999999999993
1982-05-13,2.7359999999999998
1982-05-14,2.7415
1982-05-15,2.7470000000000003
1982-05-16,2.752499999999999
1982-05-17,2.8474999999999997
1982-05-18,3.0709999999999997
1982-05-19,3.147
1982-05-20,3.2330000000000005
1982-05-21,3.3219999999999996
1982-05-22,7.7432049830124585
1982-05-23,10.122318635584694
1982-05-24,28.836815123911617
1982-05-25,42.54689209939448
1982-05-26,49.457724986025696
1982-05-27,40.649884537487466
1982-05-28,42.044799754480486
1982-05-29,41.68059041633665
1982-05-30,34.70967622144935
1982-05-31,40.71969359675973
1982-06-01,50.55560643773715
1982-06-02,61.410223339441494
1982-06-03,94.24810114174753
1982-06-04,161.00739022719205
1982-06-05,266.2324966784126
1982-06-06,433.9017734172394
1982-06-07,527.0179745252336
1982-06-08,319.8160422937307
1982-06-09,394.7234647479631
1982-06-10,447.4895140130848
1982-06-11,518.2828357121662
1982-06-12,575.4911745737433
1982-06-13,643.685205250449
1982-06-14,817.5258730281687
1982-06-15,1307.5303283010337
1982-06-16,1864.2457492695082
1982-06-17,2547.2905320916448
1982-06-18,3057.6036997192805
1982-06-19,3921.371546975125
1982-06-20,3957.7164791751834
1982-06-21,4124.699512590555
1982-06-22,5339.662660633384
1982-06-23,6361.217945341609
1982-06-24,6832.698685793236
1982-06-25,6793.4469956393705
1982-06-26,6541.75483275864
1982-06-27,5942.691167218831
1982-06-28,5516.934638640487
1982-06-29,5176.038725146958
1982-06-30,4642.942856537281
1982-07-01,3073.257591596913
1982-07-02,2883.083477904266
1982-07-03,2769.283074651256
1982-07-04,2731.624130255338
1982-07-05,2687.162004806341
1982-07-06,2616.04211825364
1982-07-07,2521.3134670216355
1982-07-08,2469.955831334002
1982-07-09,2468.11535604037
1982-07-10,2442.6690777333397
1982-07-11,2328.8344392912886
1982-07-12,2176.058029902403
1982-07-13,2004.7092456494145
1982-07-14,1873.4353105209063
1982-07-15,1778.8910002982097
1982-07-16,1786.6408359934087
1982-07-17,2090.552841474884
1982-07-18,2052.0891945957405
1982-07-19,1674.3493363041994
1982-07-20,1558.3322667265475
1982-07-21,1130.1472698819384
1982-07-22,1068.5147175186762
1982-07-23,878.7423925993976
1982-07-24,817.651489482024
1982-07-25,664.5962118627039
1982-07-26,570.3316805998667
1982-07-27,503.0954870171022
1982-07-28,476.65299337958913
1982-07-29,396.2009987519367
1982-07-30,368.9027458268771
1982-07-31,287.25857636663665
1982-08-01,272.93378666799026
1982-08-02,267.1285921936061
1982-08-03,275.6622770786903
1982-08-04,346.9579247244641
1982-08-05,287.3335798630701
1982-08-06,276.1872845289355
1982-08-07,272.1252108849833
1982-08-08,334.8306634629576
1982-08-09,444.55273771791315
1982-08-10,510.84551630823796
1982-08-11,524.6743448590767
1982-08-12,496.5533077422542
1982-08-13,411.32240370022413
1982-08-14,335.67259533935015
1982-08-15,290.08903758622904
1982-08-16,269.2677497544824
1982-08-17,267.5954351712397
1982-08-18,335.18836385162774
1982-08-19,633.661463149454
1982-08-20,790.215981062798
1982-08-21,796.2290561263312
1982-08-22,765.9299696592801
1982-08-23,756.8595376922138
1982-08-24,735.0358991975369
1982-08-25,730.900190213269
1982-08-26,723.7917595316295
1982-08-27,697.8650499919808
1982-08-28,598.1812901387218
1982-08-29,581.1222082892568
1982-08-30,575.1186820261935
1982-08-31,507.0967653192941
1982-09-01,479.42081880934495
1982-09-02,484.89748597095513
1982-09-03,565.1815339417797
1982-09-04,589.7842516240923
1982-09-05,666.4833300948832
1982-09-06,683.6563150146749
1982-09-07,667.6274798060635
1982-09-08,619.427176182107
1982-09-09,527.7595140608222
1982-09-10,519.8961566418757
1982-09-11,512.317386189045
1982-09-12,486.52530364372467
1982-09-13,457.61300997349423
1982-09-14,423.2770623430339
1982-09-15,377.34078728462777
1982-09-16,348.82444373039505
1982-09-17,329.2873498638848
1982-09-18,303.00107120810134
1982-09-19,279.934542707794
1982-09-20,259.10670426985007
1982-09-21,228.062732442907
1982-09-22,203.20385054154815
1982-09-23,188.44881312987766
1982-09-24,176.03479384603776
1982-09-25,185.40151166344614
1982-09-26,197.52729552764134
1982-09-27,209.4464267773694
1982-09-28,195.0989591709143
1982-09-29,183.38982671354506
1982-09-30,178.35952413817063
1982-10-01,234.921875
1982-10-02,224.1875
1982-10-03,206.7421875
1982-10-04,187.640625
1982-10-05,169.0859375
1982-10-06,151.8359375
1982-10-07,136.0390625
1982-10-08,121.375
1982-10-09,107.9921875
1982-10-10,95.734375
1982-10-11,84.359375
1982-10-12,73.8671875
1982-10-13,64.234375
1982-10-14,55.5625
1982-10-15,47.9140625
1982-10-16,41.2109375
1982-10-17,35.21875
1982-10-18,29.9453125
1982-10-19,25.28125
1982-10-20,22.640625
1982-10-21,24.71875
1982-10-22,33.4609375
1982-10-23,39.8125
1982-10-24,39.75
1982-10-25,36.203125
1982-10-26,32.1171875
1982-10-27,28.28125
1982-10-28,24.8046875
1982-10-29,21.765625
1982-10-30,19.078125
1982-10-31,16.671875
1982-11-01,14.515625
1982-11-02,12.5859375
1982-11-03,10.8203125
1982-11-04,9.2578125
1982-11-05,7.8828125
1982-11-06,6.625
1982-11-07,5.5078125
1982-11-08,4.53125
1982-11-09,3.6875
1982-11-10,3.0234375
1982-11-11,2.4921875
1982-11-12,2.0546875
1982-11-13,1.671875
1982-11-14,1.3515625
1982-11-15,1.1015625
1982-11-16,0.90625
1982-11-17,0.75
1982-11-18,0.6015625
1982-11-19,0.484375
1982-11-20,0.3984375
1982-11-21,0.3359375
1982-11-22,0.28125
1982-11-23,0.234375
1982-11-24,0.203125
1982-11-25,0.1875
1982-11-26,0.15625
1982-11-27,0.140625
1982-11-28,0.125
1982-11-29,0.109375
1982-11-30,0.09375
1982-12-01,0.078125
1982-12-02,0.06249999999999999
1982-12-03,0.046875
1982-12-04,0.03125
1982-12-05,0.03125
1982-12-06,0.03125
1982-12-07,0.015625
1982-12-08,0.015625
1982-12-09,0.015625
1982-12-10,0.0
1982-12-11,0.0
1982-12-12,0.0
1982-12-13,0.0
1982-12-14,0.0
1982-12-15,0.0
1982-12-16,0.0
1982-12-17,0.0
1982-12-18,0.0
1982-12-19,0.0
1982-12-20,0.0
1982-12-21,0.0
1982-12-22,0.0
1982-12-23,0.0
1982-12-24,0.0
1982-12-25,0.0
1982-12-26,0.0
1982-12-27,0.0
1982-12-28,0.0
1982-12-29,0.0
1982-12-30,0.0
1982-12-31,0.0
1983-01-01,0.0
1983-01-02,0.0
1983-01-03,0.0
1983-01-04,0.0
1983-01-05,0.0
1983-01-06,0.0
1983-01-07,0.0
1983-01-08,0.0
1983-01-09,0.0
1983-01-10,0.0
1983-01-11,0.0
1983-01-12,0.0
1983-01-13,0.0
1983-01-14,0.0
1983-01-15,0.0
1983-01-16,0.0
1983-01-17,0.0
1983-01-18,0.0
1983-01-19,0.0
1983-01-20,0.0
1983-01-21,0.0
1983-01-22,0.0
1983-01-23,0.0
1983-01-24,0.0
1983-01-25,0.0
1983-01-26,0.0
1983-01-27,0.0
1983-01-28,0.0
1983-01-29,0.0
1983-01-30,0.0
1983-01-31,0.0
1983-02-01,0.0
1983-02-02,0.0
1983-02-03,0.0
1983-02-04,0.0
1983-02-05,0.0
1983-02-06,0.0
1983-02-07,0.0
1983-02-08,0.0
1983-02-09,0.0
1983-02-10,0.0
1983-02-11,0.0
1983-02-12,0.0
1983-02-13,0.0
1983-02-14,0.0
1983-02-15,0.0
1983-02-16,0.0
1983-02-17,0.0
1983-02-18,0.0
1983-02-19,0.0
1983-02-20,0.0
1983-02-21,0.0
1983-02-22,0.0
1983-02-23,0.0
1983-02-24,0.0
1983-02-25,0.0
1983-02-26,0.0
1983-02-27,0.0
1983-02-28,0.0
1983-03-01,0.0
1983-03-02,0.0
1983-03-03,0.0
1983-03-04,0.0
1983-03-05,0.0
1983-03-06,0.0
1983-03-07,0.0
1983-03-08,0.0
1983-03-09,0.0
1983-03-10,0.0
1983-03-11,0.0
1983-03-12,0.0
1983-03-13,0.0
1983-03-14,0.0
1983-03-15,0.0
1983-03-16,0.0
1983-03-17,0.0
1983-03-18,0.0
1983-03-19,0.0
1983-03-20,0.0
1983-03-21,0.0
1983-03-22,0.0
1983-03-23,0.0
1983-03-24,0.0
1983-03-25,0.0
1983-03-26,0.0
1983-03-27,0.0
1983-03-28,0.0
1983-03-29,0.0
1983-03-30,0.0
1983-03-31,0.0
1983-04-01,0.0
1983-04-02,0.0
1983-04-03,0.0
1983-04-04,0.0
1983-04-05,0.0
1983-04-06,0.0
1983-04-07,0.0
1983-04-08,0.0
1983-04-09,0.0
1983-04-10,0.0
1983-04-11,0.0
1983-04-12,0.0
1983-04-13,0.0
1983-04-14,0.0
1983-04-15,0.0
1983-04-16,0.0
1983-04-17,0.0
1983-04-18,0.0
1983-04-19,0.0
1983-04-20,0.0
1983-04-21,0.0
1983-04-22,0.0
1983-04-23,0.0
1983-04-24,0.0
1983-04-25,0.0
1983-04-26,0.0
1983-04-27,0.0
1983-04-28,0.0
1983-04-29,0.0
1983-04-30,0.0
1983-05-01,2.9149999999999996
1983-05-02,2.6755
1983-05-03,2.6809999999999996
1983-05-04,2.6865
1983-05-05,2.692000000000001
1983-05-06,2.6975
1983-05-07,2.7030000000000003
1983-05-08,2.7084999999999995
1983-05-09,2.7140000000000004
1983-05-10,2.7194999999999996
1983-05-11,2.725
1983-05-12,2.7304999999999997
1983-05-13,93.84342105263227
1983-05-14,40.210135945621815
1983-05-15,66.81958024958136
1983-05-16,33.557647328896884
1983-05-17,56.32977802538552
1983-05-18,123.0468762212242
1983-05-19,173.62277708138834
1983-05-20,289.16049394336096
1983-05-21,415.4783193862107
1983-05-22,540.2561549160865
1983-05-23,276.33199240207256
1983-05-24,374.21800599403105
1983-05-25,561.6993272776947
1983-05-26,781.3531404191849
1983-05-27,1419.94079886429
1983-05-28,1289.408822509264
1983-05-29,1298.731650832464
1983-05-30,1410.5399111820457
1983-05-31,1294.2029634637763
1983-06-01,1272.5255863719178
1983-06-02,1004.7923411853619
1983-06-03,1004.7196326811709
1983-06-04,726.0040663842925
1983-06-05,713.5042943656548
1983-06-06,504.8111616496464
1983-06-07,593.8923077587336
1983-06-08,746.361204327318
1983-06-09,1266.9852786983913
1983-06-10,1500.8668863510852
1983-06-11,2019.172035330784
1983-06-12,2921.493868624541
1983-06-13,4343.663926534436
1983-06-14,5118.291940778708
1983-06-15,4992.090124208358
1983-06-16,4949.4059671353925
1983-06-17,4350.399995389401
1983-06-18,4117.246688624507
1983-06-19,3921.510784589215
1983-06-20,3912.443693602002
1983-06-21,2998.845187663103
1983-06-22,2821.673449045552
1983-06-23,2508.4812680275986
1983-06-24,2311.854993226211
1983-06-25,2122.7029358599584
1983-06-26,1948.002665666395
1983-06-27,1827.4945627992515
1983-06-28,1719.1611089760058
1983-06-29,1380.5580154290753
1983-06-30,1273.8027523989558
1983-07-01,1154.3500042852304
1983-07-02,1084.9650069437341
1983-07-03,1041.3146054104975
1983-07-04,996.6648865161192
1983-07-05,767.4748906821358
1983-07-06,892.8033664315169
1983-07-07,1072.1633630440067
1983-07-08,1268.035449250888
1983-07-09,1201.8654469118912
1983-07-10,1002.7025061142446
1983-07-11,928.9789019452501
1983-07-12,753.1281044231179
1983-07-13,885.6557972553002
1983-07-14,870.9387906535477
1983-07-15,834.8243562214624
1983-07-16,810.9067162302003
1983-07-17,928.1201368319088
1983-07-18,780.5293522535691
1983-07-19,767.8868107282291
1983-07-20,869.770779546452
1983-07-21,738.0692326459464
1983-07-22,687.9584571283116
1983-07-23,570.991822040223
1983-07-24,543.1701550981898
1983-07-25,483.3967694880526
1983-07-26,475.41040240713687
1983-07-27,490.4602776954348
1983-07-28,500.912087395385
1983-07-29,559.1804054411003
1983-07-30,745.8559520242567
1983-07-31,918.7263411671621
1983-08-01,1310.9884601077288
1983-08-02,1302.3464597474344
1983-08-03,1315.801338312674
1983-08-04,1963.9885362363439
1983-08-05,2070.398830998571
1983-08-06,2083.172040120955
1983-08-07,1998.9505245060227
1983-08-08,1916.52771400636
1983-08-09,1313.661619633269
1983-08-10,1233.042400912856
1983-08-11,1157.7604133849056
1983-08-12,1091.812200619046
1983-08-13,1061.1115609061499
1983-08-14,873.5562514255772
1983-08-15,783.5047483650088
1983-08-16,661.6685615856367
1983-08-17,603.1948580186128
1983-08-18,575.7610687633689
1983-08-19,579.5890660350473
1983-08-20,589.679350139139
1983-08-21,571.5130844665211
1983-08-22,485.48026274914935
1983-08-23,386.95164031962224
1983-08-24,315.7778512312841
1983-08-25,289.43961481399765
1983-08-26,268.37993757569893
1983-08-27,281.33610813114416
1983-08-28,312.27863898962875
1983-08-29,307.92623976218823
1983-08-30,294.90240021498295
1983-08-31,294.0733545766804
1983-09-01,304.9576603014178
1983-09-02,298.55462243628654
1983-09-03,278.5242424599881
1983-09-04,268.4079850059085
1983-09-05,244.70930170562863
1983-09-06,229.8293160531959
1983-09-07,225.26264874206652
1983-09-08,222.4925375769579
1983-09-09,209.34339030570354
1983-09-10,210.8303407664733
1983-09-11,212.24103980070848
1983-09-12,204.3193338245953
1983-09-13,189.40683537813658
1983-09-14,182.33254126684974
1983-09-15,165.88517587202807
1983-09-16,159.3014049823903
1983-09-17,148.98774387878512
1983-09-18,145.15397400809707
1983-09-19,134.7691441383415
1983-09-20,136.19749013954018
1983-09-21,128.04357928676288
1983-09-22,121.03728753089277
1983-09-23,118.4042159920096
1983-09-24,121.58429475611011
1983-09-25,131.02511868423997
1983-09-26,135.34632113161308
1983-09-27,143.7423637593722
1983-09-28,157.75145830934716
1983-09-29,157.68692826756137
1983-09-30,148.4943590502503
1983-10-01,173.3203125
1983-10-02,155.609375
1983-10-03,139.5078125
1983-10-04,124.6484375
1983-10-05,110.75
1983-10-06,98.125
1983-10-07,86.4140625
1983-10-08,75.4765625
1983-10-09,65.3984375
1983-10-10,56.4375
1983-10-11,48.546875
1983-10-12,41.5859375
1983-10-13,35.453125
1983-10-14,30.078125
1983-10-15,25.4375
1983-10-16,21.46875
1983-10-17,18.046875
1983-10-18,15.1015625
1983-10-19,12.6015625
1983-10-20,10.484375
1983-10-21,8.703125
1983-10-22,7.1953125
1983-10-23,5.9296875
1983-10-24,4.8984375
1983-10-25,4.03125
1983-10-26,3.328125
1983-10-27,2.7734375
1983-10-28,2.3203125
1983-10-29,1.9453125
1983-10-30,1.640625
1983-10-31,1.390625
1983-11-01,1.1875
1983-11-02,1.0234375
1983-11-03,0.8828125
1983-11-04,0.765625
1983-11-05,0.6640625
1983-11-06,0.578125
1983-11-07,0.5
1983-11-08,0.4375
1983-11-09,0.390625
1983-11-10,0.34375
1983-11-11,0.296875
1983-11-12,0.25
1983-11-13,0.21875
1983-11-14,0.1875
1983-11-15,0.171875
1983-11-16,0.15625
1983-11-17,0.125
1983-11-18,0.109375
1983-11-19,0.109375
1983-11-20,0.09375
1983-11-21,0.078125
1983-11-22,0.078125
1983-11-23,0.06249999999999999
1983-11-24,0.06249999999999999
1983-11-25,0.046875
1983-11-26,0.046875
1983-11-27,0.046875
1983-11-28,0.03125
1983-11-29,0.03125
1983-11-30,0.03125
1983-12-01,0.015625
1983-12-02,0.015625
1983-12-03,0.0
1983-12-04,0.0
1983-12-05,0.0
1983-12-06,0.0
1983-12-07,0.0
1983-12-08,0.0
1983-12-09,0.0
1983-12-10,0.0
1983-12-11,0.0
1983-12-12,0.0
1983-12-13,0.0
1983-12-14,0.0
1983-12-15,0.0
1983-12-16,0.0
1983-12-17,0.0
1983-12-18,0.0
1983-12-19,0.0
1983-12-20,0.0
1983-12-21,0.0
1983-12-22,0.0
1983-12-23,0.0
1983-12-24,0.0
1983-12-25,0.0
1983-12-26,0.0
1983-12-27,0.0
1983-12-28,0.0
1983-12-29,0.0
1983-12-30,0.0
1983-12-31,0.0
1984-01-01,0.0
1984-01-02,0.0
1984-01-03,0.0
1984-01-04,0.0
1984-01-05,0.0
1984-01-06,0.0
1984-01-07,0.0
1984-01-08,0.0
1984-01-09,0.0
1984-01-10,0.0
1984-01-11,0.0
1984-01-12,0.0
1984-01-13,0.0
1984-01-14,0.0
1984-01-15,0.0
1984-01-16,0.0
1984-01-17,0.0
1984-01-18,0.0
1984-01-19,0.0
1984-01-20,0.0
1984-01-21,0.0
1984-01-22,0.0
1984-01-23,0.0
1984-01-24,0.0
1984-01-25,0.0
1984-01-26,0.0
1984-01-27,0.0
1984-01-28,0.0
1984-01-29,0.0
1984-01-30,0.0
1984-01-31,0.0
1984-02-01,0.0
1984-02-02,0.0
1984-02-03,0.0
1984-02-04,0.0
1984-02-05,0.0
1984-02-06,0.0
1984-02-07,0.0
1984-02-08,0.0
1984-02-09,0.0
1984-02-10,0.0
1984-02-11,0.0
1984-02-12,0.0
1984-02-13,0.0
1984-02-14,0.0
1984-02-15,0.0
1984-02-16,0.0
1984-02-17,0.0
1984-02-18,0.0
1984-02-19,0.0
1984-02-20,0.0
1984-02-21,0.0
1984-02-22,0.0
1984-02-23,0.0
1984-02-24,0.0
1984-02-25,0.0
1984-02-26,0.0
1984-02-27,0.0
1984-02-28,0.0
1984-02-29,0.0
1984-03-01,0.0
1984-03-02,0.0
1984-03-03,0.0
1984-03-04,0.0
1984-03-05,0.0
1984-03-06,0.0
1984-03-07,0.0
1984-03-08,0.0
1984-03-09,0.0
1984-03-10,0.0
1984-03-11,0.0
1984-03-12,0.0
1984-03-13,0.0
1984-03-14,0.0
1984-03-15,0.0
1984-03-16,0.0
1984-03-17,0.0
1984-03-18,0.0
1984-03-19,0.0
1984-03-20,0.0
1984-03-21,0.0
1984-03-22,0.0
1984-03-23,0.0
1984-03-24,0.0
1984-03-25,0.0
1984-03-26,0.0
1984-03-27,0.0
1984-03-28,0.0
1984-03-29,0.0
1984-03-30,0.0
1984-03-31,0.0
1984-04-01,0.0
1984-04-02,0.0
1984-04-03,0.0
1984-04-04,0.0
1984-04-05,0.0
1984-04-06,0.0
1984-04-07,0.0
1984-04-08,0.0
1984-04-09,0.0
1984-04-10,0.0
1984-04-11,0.0
1984-04-12,0.0
1984-04-13,0.0
1984-04-14,0.0
1984-04-15,0.0
1984-04-16,0.0
1984-04-17,0.0
1984-04-18,0.0
1984-04-19,0.0
1984-04-20,0.0
1984-04-21,0.0
1984-04-22,0.0
1984-04-23,0.0
1984-04-24,0.0
1984-04-25,0.0
1984-04-26,0.0
1984-04-27,0.0
1984-04-28,0.0
1984-04-29,0.0
1984-04-30,0.0
1984-05-01,2.6754999999999995
1984-05-02,2.6809999999999996
1984-05-03,2.6864999999999997
1984-05-04,2.692
1984-05-05,2.6975000000000002
1984-05-06,2.703
1984-05-07,42.93287878787878
1984-05-08,229.33909090909083
1984-05-09,38.87205042485028
1984-05-10,70.03276089103483
1984-05-11,50.01706660334955
1984-05-12,45.94234789547179
1984-05-13,49.943791148019805
1984-05-14,45.43851092961642
1984-05-15,53.033301845470234
1984-05-16,60.97925401778811
1984-05-17,84.17760311912134
1984-05-18,134.90938991322204
1984-05-19,235.15174648063072
1984-05-20,411.43972495920184
1984-05-21,1129.8778498250724
1984-05-22,1450.5787878449635
1984-05-23,1162.7401416352088
1984-05-24,1291.1144237411586
1984-05-25,1376.2454092652274
1984-05-26,1612.503353386856
1984-05-27,1382.1779342802868
1984-05-28,1373.4529472845907
1984-05-29,1446.505931773961
1984-05-30,1242.904308184058
1984-05-31,1191.5129342924056
1984-06-01,1213.9370480372677
1984-06-02,1362.1258554637586
1984-06-03,1787.6146492412422
1984-06-04,2137.518045253211
1984-06-05,2598.8601147928994
1984-06-06,2768.5453022325682
1984-06-07,2905.3829999568707
1984-06-08,2976.9226786907852
1984-06-09,2914.244317573815
1984-06-10,2642.5782856897445
1984-06-11,2529.0318784159645
1984-06-12,2451.8941047757885
1984-06-13,2407.042563960855
1984-06-14,2240.9001463537666
1984-06-15,2155.041234471727
1984-06-16,2117.1810865294724
1984-06-17,2059.035097928967
1984-06-18,2019.6731339946452
1984-06-19,1864.1947515638185
1984-06-20,1737.3685885353093
1984-06-21,1470.0710626323023
1984-06-22,1443.8157906792799
1984-06-23,1298.5358583575469
1984-06-24,1186.8917554955424
1984-06-25,865.2830307847247
1984-06-26,782.6666248442305
1984-06-27,730.0373565340293
1984-06-28,589.3109637217583
1984-06-29,558.596637161973
1984-06-30,552.5016428532281
1984-07-01,550.0357885927557
1984-07-02,515.0945899902503
1984-07-03,497.9219285718571
1984-07-04,503.8253866805764
1984-07-05,572.817106914192
1984-07-06,679.0791734734903
1984-07-07,843.5314719550558
1984-07-08,984.4005567768517
1984-07-09,796.7760599682139
1984-07-10,742.6991847903166
1984-07-11,602.89341856657
1984-07-12,551.0883814890275
1984-07-13,478.4902279918634
1984-07-14,526.1936362457309
1984-07-15,523.6763251647125
1984-07-16,509.3235315941988
1984-07-17,485.19557384833485
1984-07-18,426.27711827317535
1984-07-19,417.1617818781469
1984-07-20,430.6100187232192
1984-07-21,465.80588013990365
1984-07-22,423.8828079996837
1984-07-23,413.08835288456703
1984-07-24,468.03115015778644
1984-07-25,541.5470733673851
1984-07-26,561.7984004561476
1984-07-27,648.8333221194548
1984-07-28,920.6047481889341
1984-07-29,971.1351176155894
1984-07-30,948.9242090344834
1984-07-31,903.690584308909
1984-08-01,740.38926733703
1984-08-02,668.276423075902
1984-08-03,607.9685279116869
1984-08-04,599.0852097298434
1984-08-05,612.8589828136966
1984-08-06,661.7101271236539
1984-08-07,651.2255486045761
1984-08-08,664.8614282504766
1984-08-09,698.2432609034637
1984-08-10,705.0967531905983
1984-08-11,693.4995812196913
1984-08-12,699.5274377115085
1984-08-13,1070.5118951738323
1984-08-14,1840.3483142472478
1984-08-15,1959.1094049294236
1984-08-16,1932.399498335399
1984-08-17,1908.3692661708078
1984-08-18,1862.9519258602165
1984-08-19,1788.0595526823718
1984-08-20,1701.2200233999836
1984-08-21,1669.5360255420787
1984-08-22,1124.5265537444538
1984-08-23,1062.4428410603298
1984-08-24,1014.9635206804014
1984-08-25,959.5511558666208
1984-08-26,755.4942700230263
1984-08-27,704.9133137153542
1984-08-28,612.9239846373302
1984-08-29,583.9486699137993
1984-08-30,491.8220795421377
1984-08-31,405.4151674020268
1984-09-01,391.06247740335823
1984-09-02,403.43767016384106
1984-09-03,463.80484357397876
1984-09-04,574.3705844662743
1984-09-05,978.9741624868542
1984-09-06,1528.057708058093
1984-09-07,1618.5670156428516
1984-09-08,1446.3293492824855
1984-09-09,1313.5336001009257
1984-09-10,1276.2797305835438
1984-09-11,1253.5549211806645
1984-09-12,1199.338437240664
1984-09-13,1178.8974264204676
1984-09-14,1165.4405816086964
1984-09-15,1119.8186656471719
1984-09-16,1057.7086769628252
1984-09-17,1003.0533410096002
1984-09-18,911.3594611789615
1984-09-19,576.5202469344453
1984-09-20,563.3303273833528
1984-09-21,788.3917272465176
1984-09-22,768.2203959245683
1984-09-23,747.7021808598344
1984-09-24,720.0670145567747
1984-09-25,706.1354258202853
1984-09-26,680.743276191731
1984-09-27,609.1400839187826
1984-09-28,607.1229085962475
1984-09-29,650.0130386648865
1984-09-30,739.7334807972259
1984-10-01,986.8125
1984-10-02,968.765625
1984-10-03,906.265625
1984-10-04,840.71875
1984-10-05,779.09375
1984-10-06,715.90625
1984-10-07,652.96875
1984-10-08,595.875
1984-10-09,544.75
1984-10-10,498.71875
1984-10-11,453.765625
1984-10-12,413.546875
1984-10-13,377.40625
1984-10-14,344.21875
1984-10-15,313.5
1984-10-16,287.578125
1984-10-17,266.359375
1984-10-18,244.921875
1984-10-19,222.328125
1984-10-20,201.125
1984-10-21,181.546875
1984-10-22,163.625
1984-10-23,147.0
1984-10-24,131.609375
1984-10-25,117.40625
1984-10-26,104.25
1984-10-27,92.140625
1984-10-28,81.046875
1984-10-29,72.515625
1984-10-30,66.40625
1984-10-31,60.5
1984-11-01,52.59375
1984-11-02,45.046875
1984-11-03,38.390625
1984-11-04,32.421875
1984-11-05,27.15625
1984-11-06,22.609375
1984-11-07,18.75
1984-11-08,15.40625
1984-11-09,12.5625
1984-11-10,10.1875
1984-11-11,8.203125
1984-11-12,6.5625
1984-11-13,5.234375
1984-11-14,4.171875
1984-11-15,3.359375
1984-11-16,2.703125
1984-11-17,2.1875
1984-11-18,1.796875
1984-11-19,1.46875
1984-11-20,1.203125
1984-11-21,0.984375
1984-11-22,0.796875
1984-11-23,0.65625
1984-11-24,0.53125
1984-11-25,0.453125
1984-11-26,0.375
1984-11-27,0.3125
1984-11-28,0.265625
1984-11-29,0.234375
1984-11-30,0.203125
1984-12-01,0.171875
1984-12-02,0.15625
1984-12-03,0.140625
1984-12-04,0.125
1984-12-05,0.109375
1984-12-06,0.09375
1984-12-07,0.078125
1984-12-08,0.078125
1984-12-09,0.06249999999999999
1984-12-10,0.06249999999999999
1984-12-11,0.046875
1984-12-12,0.046875
1984-12-13,0.046875
1984-12-14,0.03125
1984-12-15,0.03125
1984-12-16,0.03125
1984-12-17,0.03125
1984-12-18,0.015625
1984-12-19,0.015625
1984-12-20,0.015625
1984-12-21,0.015625
1984-12-22,0.015625
1984-12-23,0.015625
1984-12-24,0.0
1984-12-25,0.0
1984-12-26,0.0
1984-12-27,0.0
1984-12-28,0.0
1984-12-29,0.0
1984-12-30,0.0
1984-12-31,0.0
1985-01-01,0.0
1985-01-02,0.0
1985-01-03,0.0
1985-01-04,0.0
1985-01-05,0.0
1985-01-06,0.0
1985-01-07,0.0
1985-01-08,0.0
1985-01-09,0.0
1985-01-10,0.0
1985-01-11,0.0
1985-01-12,0.0
1985-01-13,0.0
1985-01-14,0.0
1985-01-15,0.0
1985-01-16,0.0
1985-01-17,0.0
1985-01-18,0.0
1985-01-19,0.0
1985-01-20,0.0
1985-01-21,0.0
1985-01-22,0.0
1985-01-23,0.0
1985-01-24,0.0
1985-01-25,0.0
1985-01-26,0.0
1985-01-27,0.0
1985-01-28,0.0
1985-01-29,0.0
1985-01-30,0.0
1985-01-31,0.0
1985-02-01,0.0
1985-02-02,0.0
1985-02-03,0.0
1985-02-04,0.0
1985-02-05,0.0
1985-02-06,0.0
1985-02-07,0.0
1985-02-08,0.0
1985-02-09,0.0
1985-02-10,0.0
1985-02-11,0.0
1985-02-12,0.0
1985-02-13,0.0
1985-02-14,0.0
1985-02-15,0.0
1985-02-16,0.0
1985-02-17,0.0
1985-02-18,0.0
1985-02-19,0.0
1985-02-20,0.0
1985-02-21,0.0
1985-02-22,0.0
1985-02-23,0.0
1985-02-24,0.0
1985-02-25,0.0
1985-02-26,0.0
1985-02-27,0.0
1985-02-28,0.0
1985-03-01,0.0
1985-03-02,0.0
1985-03-03,0.0
1985-03-04,0.0
1985-03-05,0.0
1985-03-06,0.0
1985-03-07,0.0
1985-03-08,0.0
1985-03-09,0.0
1985-03-10,0.0
1985-03-11,0.0
1985-03-12,0.0
1985-03-13,0.0
1985-03-14,0.0
1985-03-15,0.0
1985-03-16,0.0
1985-03-17,0.0
1985-03-18,0.0
1985-03-19,0.0
1985-03-20,0.0
1985-03-21,0.0
1985-03-22,0.0
1985-03-23,0.0
1985-03-24,0.0
1985-03-25,0.0
1985-03-26,0.0
1985-03-27,0.0
1985-03-28,0.0
1985-03-29,0.0
1985-03-30,0.0
1985-03-31,0.0
1985-04-01,0.0
1985-04-02,0.0
1985-04-03,0.0
1985-04-04,0.0
1985-04-05,0.0
1985-04-06,0.0
1985-04-07,0.0
1985-04-08,0.0
1985-04-09,0.0
1985-04-10,0.0
1985-04-11,0.0
1985-04-12,0.0
1985-04-13,0.0
1985-04-14,0.0
1985-04-15,0.0
1985-04-16,0.0
1985-04-17,0.0
1985-04-18,0.0
1985-04-19,0.0
1985-04-20,0.0
1985-04-21,0.0
1985-04-22,0.0
1985-04-23,0.0
1985-04-24,0.0
1985-04-25,0.0
1985-04-26,0.0
1985-04-27,0.0
1985-04-28,0.0
1985-04-29,0.0
1985-04-30,0.0
1985-05-01,2.9149999999999996
1985-05-02,2.6754999999999995
1985-05-03,2.680999999999999
1985-05-04,2.6865
1985-05-05,2.692
1985-05-06,2.6975
1985-05-07,2.703
1985-05-08,2.7085
1985-05-09,2.714
1985-05-10,2.7194999999999996
1985-05-11,2.7249999999999996
1985-05-12,2.7304999999999997
1985-05-13,2.7359999999999998
1985-05-14,2.7415
1985-05-15,2.747
1985-05-16,2.7524999999999995
1985-05-17,2.8475000000000006
1985-05-18,3.0709999999999993
1985-05-19,3.1470000000000002
1985-05-20,3.2330000000000005
1985-05-21,3.3219999999999996
1985-05-22,25.43749999999999
1985-05-23,360.055
1985-05-24,16.617667305372223
1985-05-25,34.54706160142722
1985-05-26,26.617938534629953
1985-05-27,41.78439363252636
1985-05-28,116.71136921695677
1985-05-29,639.4335369912781
1985-05-30,1302.6418494062996
1985-05-31,1589.870564155888
1985-06-01,1729.0048255162405
1985-06-02,1644.8604253498258
1985-06-03,1434.5784938608622
1985-06-04,1368.5154981255555
1985-06-05,1197.3444448911125
1985-06-06,997.59166203304
1985-06-07,1181.9865954414372
1985-06-08,1276.616062885854
1985-06-09,1533.814161063302
1985-06-10,1792.9702534288367
1985-06-11,2231.380699664738
1985-06-12,2676.815860533012
1985-06-13,3993.8369688220814
1985-06-14,4406.382842018413
1985-06-15,5118.948160197659
1985-06-16,5087.397040925139
1985-06-17,4383.834595744302
1985-06-18,4275.02567881893
1985-06-19,4190.617310447986
1985-06-20,4126.742738507003
1985-06-21,4108.8023586066865
1985-06-22,3962.149555618165
1985-06-23,3782.4712823462733
1985-06-24,2796.06533411717
1985-06-25,2580.7304754864304
1985-06-26,2365.742538534092
1985-06-27,2293.930740822313
1985-06-28,2194.238210003719
1985-06-29,2050.404146057212
1985-06-30,1885.115998383766
1985-07-01,1769.9533086591719
1985-07-02,1443.7932375710104
1985-07-03,1364.0533781453685
1985-07-04,1269.1456563395936
1985-07-05,1191.49060689019
1985-07-06,938.0793146969575
1985-07-07,904.1130517502676
1985-07-08,846.1838389089522
1985-07-09,832.1179443405707
1985-07-10,988.3232495856855
1985-07-11,937.3830631064056
1985-07-12,727.9243035895938
1985-07-13,602.2458130877169
1985-07-14,562.9570743745232
1985-07-15,565.6224871384723
1985-07-16,796.5696562545739
1985-07-17,971.9882641043218
1985-07-18,1137.3462080220427
1985-07-19,1177.537682763633
1985-07-20,1595.2866716042026
1985-07-21,1606.030153433112
1985-07-22,1520.952309271627
1985-07-23,1122.6377235864657
1985-07-24,1035.3873076586704
1985-07-25,818.2818993509596
1985-07-26,674.4754603634894
1985-07-27,648.8413396098678
1985-07-28,594.5637009967323
1985-07-29,573.1478086711257
1985-07-30,537.4106217957402
1985-07-31,480.00650577982975
1985-08-01,458.3074301080943
1985-08-02,441.16176411664634
1985-08-03,436.42782993431837
1985-08-04,440.5997005801808
1985-08-05,515.8214784083002
1985-08-06,683.0186526298659
1985-08-07,1273.1368002942281
1985-08-08,1931.4499726337556
1985-08-09,1993.9754906226674
1985-08-10,1914.3664314914133
1985-08-11,1267.5786079132492
1985-08-12,1135.9497524892674
1985-08-13,894.0984879229342
1985-08-14,855.754346506753
1985-08-15,818.8258432347588
1985-08-16,772.8138306411338
1985-08-17,685.0189736906611
1985-08-18,654.4471554662223
1985-08-19,651.1956900190486
1985-08-20,626.476264195593
1985-08-21,574.432801985563
1985-08-22,547.834190732566
1985-08-23,553.216659493718
1985-08-24,619.4141112512873
1985-08-25,705.7120739725563
1985-08-26,611.4779923847049
1985-08-27,592.7751542655543
1985-08-28,602.1787967493475
1985-08-29,685.033550899994
1985-08-30,693.2653344457776
1985-08-31,972.774075737914
1985-09-01,1055.6033775155058
1985-09-02,1014.6572138613825
1985-09-03,942.3142915379915
1985-09-04,718.8105860987728
1985-09-05,665.1398004891715
1985-09-06,574.2687262176781
1985-09-07,547.8484113946865
1985-09-08,468.5080362430469
1985-09-09,447.9433551135123
1985-09-10,423.62632138684967
1985-09-11,415.7360116557342
1985-09-12,384.7931684346719
1985-09-13,362.56310819606244
1985-09-14,336.81825185966915
1985-09-15,315.44881167857426
1985-09-16,289.2976920397274
1985-09-17,258.01686804585637
1985-09-18,227.96249421232417
1985-09-19,224.5745642483791
1985-09-20,215.93153816636996
1985-09-21,202.29861734521208
1985-09-22,190.58688700171265
1985-09-23,169.2309558310321
1985-09-24,160.97052840459966
1985-09-25,154.3070115058329
1985-09-26,136.03538546419412
1985-09-27,127.6338874018078
1985-09-28,118.39317677243156
1985-09-29,112.66939745667649
1985-09-30,100.34162035057716
1985-10-01,96.890625
1985-10-02,85.28125
1985-10-03,74.578125
1985-10-04,64.546875
1985-10-05,55.40625
1985-10-06,47.09375
1985-10-07,39.453125
1985-10-08,32.578125
1985-10-09,26.484375
1985-10-10,21.125
1985-10-11,16.5625
1985-10-12,12.75
1985-10-13,9.71875
1985-10-14,7.375
1985-10-15,5.640625
1985-10-16,4.359375
1985-10-17,3.40625
1985-10-18,2.65625
1985-10-19,2.09375
1985-10-20,1.640625
1985-10-21,1.3125
1985-10-22,1.078125
1985-10-23,0.90625
1985-10-24,0.765625
1985-10-25,0.65625
1985-10-26,0.5625
1985-10-27,0.453125
1985-10-28,0.375
1985-10-29,0.3125
1985-10-30,0.265625
1985-10-31,0.234375
1985-11-01,0.203125
1985-11-02,0.171875
1985-11-03,0.15625
1985-11-04,0.125
1985-11-05,0.109375
1985-11-06,0.09375
1985-11-07,0.078125
1985-11-08,0.06249999999999999
1985-11-09,0.046875
1985-11-10,0.046875
1985-11-11,0.03125
1985-11-12,0.015625
1985-11-13,0.015625
1985-11-14,0.015625
1985-11-15,0.015625
1985-11-16,0.0
1985-11-17,0.0
1985-11-18,0.0
1985-11-19,0.0
1985-11-20,0.0
1985-11-21,0.03125
1985-11-22,0.234375
1985-11-23,0.5
1985-11-24,1.78125
1985-11-25,3.8125
1985-11-26,4.265625
1985-11-27,4.859375
1985-11-28,6.078125
1985-11-29,6.4375
1985-11-30,6.03125
1985-12-01,5.390625
1985-12-02,4.71875
1985-12-03,4.125
1985-12-04,3.625
1985-12-05,3.203125
1985-12-06,2.828125
1985-12-07,2.5
1985-12-08,2.1875
1985-12-09,1.90625
1985-12-10,1.640625
1985-12-11,1.390625
1985-12-12,1.171875
1985-12-13,0.984375
1985-12-14,0.828125
1985-12-15,0.703125
1985-12-16,0.59375
1985-12-17,0.515625
1985-12-18,0.453125
1985-12-19,0.40625
1985-12-20,0.359375
1985-12-21,0.3125
1985-12-22,0.28125
1985-12-23,0.25
1985-12-24,0.21875
1985-12-25,0.203125
1985-12-26,0.171875
1985-12-27,0.140625
1985-12-28,0.109375
1985-12-29,0.09375
1985-12-30,0.06249999999999999
1985-12-31,0.046875
1986-01-01,0.03125
1986-01-02,0.03125
1986-01-03,0.015625
1986-01-04,0.015625
1986-01-05,0.015625
1986-01-06,0.0
1986-01-07,0.0
1986-01-08,0.0
1986-01-09,0.0
1986-01-10,0.0
1986-01-11,0.0
1986-01-12,0.0
1986-01-13,0.0
1986-01-14,0.0
1986-01-15,0.0
1986-01-16,0.0
1986-01-17,0.0
1986-01-18,0.0
1986-01-19,0.0
1986-01-20,0.0
1986-01-21,0.0
1986-01-22,0.0
1986-01-23,0.0
1986-01-24,0.0
1986-01-25,0.0
1986-01-26,0.0
1986-01-27,0.0
1986-01-28,0.0
1986-01-29,0.0
1986-01-30,0.0
1986-01-31,0.0
1986-02-01,0.0
1986-02-02,0.0
1986-02-03,0.0
1986-02-04,0.0
1986-02-05,0.0
1986-02-06,0.0
1986-02-07,0.0
1986-02-08,0.0
1986-02-09,0.0
1986-02-10,0.0
1986-02-11,0.0
1986-02-12,0.0
1986-02-13,0.0
1986-02-14,0.0
1986-02-15,0.0
1986-02-16,0.0
1986-02-17,0.0
1986-02-18,0.0
1986-02-19,0.0
1986-02-20,0.0
1986-02-21,0.0
1986-02-22,0.0
1986-02-23,0.0
1986-02-24,0.0
1986-02-25,0.0
1986-02-26,0.0
1986-02-27,0.0
1986-02-28,0.0
1986-03-01,0.0
1986-03-02,0.0
1986-03-03,0.0
1986-03-04,0.0
1986-03-05,0.0
1986-03-06,0.0
1986-03-07,0.0
1986-03-08,0.0
1986-03-09,0.0
1986-03-10,0.0
1986-03-11,0.0
1986-03-12,0.0
1986-03-13,0.0
1986-03-14,0.0
1986-03-15,0.0
1986-03-16,0.0
1986-03-17,0.0
1986-03-18,0.0
1986-03-19,0.0
1986-03-20,0.0
1986-03-21,0.0
1986-03-22,0.0
1986-03-23,0.0
1986-03-24,0.0
1986-03-25,0.0
1986-03-26,0.0
1986-03-27,0.0
1986-03-28,0.0
1986-03-29,0.0
1986-03-30,0.0
1986-03-31,0.0
1986-04-01,0.0
1986-04-02,0.0
1986-04-03,0.0
1986-04-04,0.0
1986-04-05,0.0
1986-04-06,0.0
1986-04-07,0.0
1986-04-08,0.0
1986-04-09,0.0
1986-04-10,0.0
1986-04-11,0.0
1986-04-12,0.0
1986-04-13,0.0
1986-04-14,0.0
1986-04-15,0.0
1986-04-16,0.0
1986-04-17,0.0
1986-04-18,0.0
1986-04-19,0.0
1986-04-20,0.0
1986-04-21,0.0
1986-04-22,0.0
1986-04-23,0.0
1986-04-24,0.0
1986-04-25,0.0
1986-04-26,0.0
1986-04-27,0.0
1986-04-28,0.0
1986-04-29,0.0
1986-04-30,0.125
1986-05-01,176.53
1986-05-02,44.360431034482765
1986-05-03,77.0212121212121
1986-05-04,141.83030303030304
1986-05-05,196.2081818181818
1986-05-06,211.3967289719626
1986-05-07,107.15545454545452
1986-05-08,51.00484848484848
1986-05-09,18.77848484848484
1986-05-10,11.249187499999996
1986-05-11,2.7249999999999996
1986-05-12,2.7304999999999997
1986-05-13,2.7359999999999998
1986-05-14,2.7415
1986-05-15,2.7470000000000003
1986-05-16,25.791875
1986-05-17,71.87560175054703
1986-05-18,16.504026803867085
1986-05-19,26.156667803547073
1986-05-20,34.51563004481411
1986-05-21,27.537136667747358
1986-05-22,25.11675118596088
1986-05-23,24.92506677289115
1986-05-24,32.44661141390783
1986-05-25,25.500066952948227
1986-05-26,31.52484039789177
1986-05-27,35.052205144706704
1986-05-28,54.695951514967064
1986-05-29,153.9257698195336
1986-05-30,102.52643026679995
1986-05-31,146.5150102788533
1986-06-01,219.70756089908426
1986-06-02,373.9826257162141
1986-06-03,570.3131510275286
1986-06-04,1155.225596002029
1986-06-05,1405.4427871475432
1986-06-06,1652.3986192150846
1986-06-07,1923.5897883750636
1986-06-08,2299.563582606771
1986-06-09,2421.549894387013
1986-06-10,2518.9514858131442
1986-06-11,2900.592098315484
1986-06-12,3219.0839744591103
1986-06-13,4213.222061280304
1986-06-14,4417.977721894448
1986-06-15,5344.087932720861
1986-06-16,5920.031078526965
1986-06-17,6327.265882280144
1986-06-18,6432.195890375043
1986-06-19,6240.909148743306
1986-06-20,5882.080380037467
1986-06-21,5544.059235847764
1986-06-22,5167.951600004906
1986-06-23,4182.315223198006
1986-06-24,3707.2086371182236
1986-06-25,2864.1320404723356
1986-06-26,2562.338814650584
1986-06-27,2375.9596312758636
1986-06-28,2178.152035873872
1986-06-29,2005.2257807482117
1986-06-30,1870.3937439402218
1986-07-01,1776.83432067814
1986-07-02,1468.7809857791403
1986-07-03,1397.833014042097
1986-07-04,1297.6744179107066
1986-07-05,1215.2402723127702
1986-07-06,942.3293191430159
1986-07-07,884.3371638748948
1986-07-08,698.1627642890621
1986-07-09,666.1034078861513
1986-07-10,629.3196326594184
1986-07-11,611.0348840230746
1986-07-12,585.0671250227427
1986-07-13,552.3772164632849
1986-07-14,482.62589261899484
1986-07-15,454.75943772581655
1986-07-16,433.7588087003922
1986-07-17,436.2705864524577
1986-07-18,505.6553602539168
1986-07-19,520.6277289065283
1986-07-20,504.28453149455
1986-07-21,481.7711941959264
1986-07-22,512.7729229362621
1986-07-23,682.3800535983172
1986-07-24,831.7914436355022
1986-07-25,835.3607916619616
1986-07-26,848.669916036199
1986-07-27,1379.9792460722326
1986-07-28,1964.4705296093446
1986-07-29,2009.9681147234458
1986-07-30,1975.6726584888436
1986-07-31,1932.6736207697784
1986-08-01,1412.000058303216
1986-08-02,1283.4597127980005
1986-08-03,915.7513866987772
1986-08-04,893.2805698994378
1986-08-05,884.6330113518915
1986-08-06,714.2101590149347
1986-08-07,705.4550503813589
1986-08-08,689.5388822639264
1986-08-09,677.4788735700338
1986-08-10,655.5564538364687
1986-08-11,632.682839761933
1986-08-12,575.3464055882744
1986-08-13,515.1420742572107
1986-08-14,483.52011804044986
1986-08-15,391.578755897407
1986-08-16,407.1567106199023
1986-08-17,569.8090513758395
1986-08-18,624.7085915726592
1986-08-19,599.6345868599625
1986-08-20,574.4338025471872
1986-08-21,499.4181192705207
1986-08-22,560.7107678861192
1986-08-23,949.6373425612112
1986-08-24,1871.2797997540958
1986-08-25,1991.058410928463
1986-08-26,1867.8061459052947
1986-08-27,1714.266976300101
1986-08-28,1573.9118757381123
1986-08-29,1109.445294616084
1986-08-30,1113.2191379651654
1986-08-31,1082.9145812731197
1986-09-01,1010.5049368843919
1986-09-02,940.0293017350439
1986-09-03,738.480931749557
1986-09-04,677.717425582792
1986-09-05,575.0195378791913
1986-09-06,475.76934680123753
1986-09-07,387.6133273204838
1986-09-08,351.5190776260148
1986-09-09,335.5070638964943
1986-09-10,313.8263470321527
1986-09-11,298.6467024421044
1986-09-12,278.2644194087286
1986-09-13,270.9035824719359
1986-09-14,267.9602839749397
1986-09-15,335.5381555536244
1986-09-16,433.58640890348596
1986-09-17,457.2100021553309
1986-09-18,419.86573978417005
1986-09-19,387.39622821256364
1986-09-20,348.0801175153054
1986-09-21,326.5039827710695
1986-09-22,309.1722374348344
1986-09-23,301.5571094658087
1986-09-24,302.16704458707727
1986-09-25,275.53271658671565
1986-09-26,247.851283943939
1986-09-27,231.6374074067815
1986-09-28,246.5843480470494
1986-09-29,249.45178669764042
1986-09-30,229.70097980227433
1986-10-01,257.125
1986-10-02,233.03125
1986-10-03,210.671875
1986-10-04,190.109375
1986-10-05,171.328125
1986-10-06,153.984375
1986-10-07,137.890625
1986-10-08,123.109375
1986-10-09,109.5625
1986-10-10,97.203125
1986-10-11,85.828125
1986-10-12,75.40625
1986-10-13,65.859375
1986-10-14,57.15625
1986-10-15,49.3125
1986-10-16,42.28125
1986-10-17,36.0625
1986-10-18,30.59375
1986-10-19,25.765625
1986-10-20,21.5625
1986-10-21,17.9375
1986-10-22,14.859375
1986-10-23,12.25
1986-10-24,9.953125
1986-10-25,7.953125
1986-10-26,6.3125
1986-10-27,4.9375
1986-10-28,3.796875
1986-10-29,2.90625
1986-10-30,2.21875
1986-10-31,1.703125
1986-11-01,1.328125
1986-11-02,1.078125
1986-11-03,0.875
1986-11-04,0.71875
1986-11-05,0.609375
1986-11-06,0.5
1986-11-07,0.421875
1986-11-08,0.34375
1986-11-09,0.28125
1986-11-10,0.234375
1986-11-11,0.1875
1986-11-12,0.15625
1986-11-13,0.125
1986-11-14,0.09375
1986-11-15,0.078125
1986-11-16,0.06249999999999999
1986-11-17,0.046875
1986-11-18,0.046875
1986-11-19,0.03125
1986-11-20,0.03125
1986-11-21,0.015625
1986-11-22,0.015625
1986-11-23,0.015625
1986-11-24,0.015625
1986-11-25,0.015625
1986-11-26,0.0
1986-11-27,0.0
1986-11-28,0.0
1986-11-29,0.0
1986-11-30,0.0
1986-12-01,0.0
1986-12-02,0.0
1986-12-03,0.0
1986-12-04,0.0
1986-12-05,0.0
1986-12-06,0.0
1986-12-07,0.0
1986-12-08,0.0
1986-12-09,0.0
1986-12-10,0.0
1986-12-11,0.0
1986-12-12,0.0
1986-12-13,0.0
1986-12-14,0.0
1986-12-15,0.0
1986-12-16,0.0
1986-12-17,0.0
1986-12-18,0.0
1986-12-19,0.0
1986-12-20,0.0
1986-12-21,0.0
1986-12-22,0.0
1986-12-23,0.0
1986-12-24,0.0
1986-12-25,0.0
1986-12-26,0.0
1986-12-27,0.0
1986-12-28,0.0
1986-12-29,0.0
1986-12-30,0.0
1986-12-31,0.0
1987-01-01,0.0
1987-01-02,0.0
1987-01-03,0.0
1987-01-04,0.0
1987-01-05,0.0
1987-01-06,0.0
1987-01-07,0.0
1987-01-08,0.0
1987-01-09,0.0
1987-01-10,0.0
1987-01-11,0.0
1987-01-12,0.0
1987-01-13,0.0
1987-01-14,0.0
1987-01-15,0.0
1987-01-16,0.0
1987-01-17,0.0
1987-01-18,0.0
1987-01-19,0.0
1987-01-20,0.0
1987-01-21,0.0
1987-01-22,0.0
1987-01-23,0.0
1987-01-24,0.0
1987-01-25,0.0
1987-01-26,0.0
1987-01-27,0.0
1987-01-28,0.0
1987-01-29,0.0
1987-01-30,0.0
1987-01-31,0.0
1987-02-01,0.0
1987-02-02,0.0
1987-02-03,0.0
1987-02-04,0.0
1987-02-05,0.0
1987-02-06,0.0
1987-02-07,0.0
1987-02-08,0.0
1987-02-09,0.0
1987-02-10,0.0
1987-02-11,0.0
1987-02-12,0.0
1987-02-13,0.0
1987-02-14,0.0
1987-02-15,0.0
1987-02-16,0.0
1987-02-17,0.0
1987-02-18,0.0
1987-02-19,0.0
1987-02-20,0.0
1987-02-21,0.0
1987-02-22,0.0
1987-02-23,0.0
1987-02-24,0.0
1987-02-25,0.0
1987-02-26,0.0
1987-02-27,0.0
1987-02-28,0.0
1987-03-01,0.0
1987-03-02,0.0
1987-03-03,0.0
1987-03-04,0.0
1987-03-05,0.0
1987-03-06,0.0
1987-03-07,0.0
1987-03-08,0.0
1987-03-09,0.0
1987-03-10,0.0
1987-03-11,0.0
1987-03-12,0.0
1987-03-13,0.0
1987-03-14,0.0
1987-03-15,0.0
1987-03-16,0.0
1987-03-17,0.0
1987-03-18,0.0
1987-03-19,0.0
1987-03-20,0.0
1987-03-21,0.0
1987-03-22,0.0
1987-03-23,0.0
1987-03-24,0.0
1987-03-25,0.0
1987-03-26,0.0
1987-03-27,0.0
1987-03-28,0.0
1987-03-29,0.0
1987-03-30,0.0
1987-03-31,0.0
1987-04-01,0.0
1987-04-02,0.0
1987-04-03,0.0
1987-04-04,0.0
1987-04-05,0.0
1987-04-06,0.0
1987-04-07,0.0
1987-04-08,0.0
1987-04-09,0.0
1987-04-10,0.0
1987-04-11,0.0
1987-04-12,0.0
1987-04-13,0.0
1987-04-14,0.0
1987-04-15,0.0
1987-04-16,0.0
1987-04-17,0.0
1987-04-18,0.0
1987-04-19,0.0
1987-04-20,0.0
1987-04-21,0.0
1987-04-22,0.0
1987-04-23,0.0
1987-04-24,0.0
1987-04-25,0.0
1987-04-26,0.0
1987-04-27,0.0
1987-04-28,0.0
1987-04-29,0.0
1987-04-30,0.0
1987-05-01,2.9149999999999996
1987-05-02,2.6755
1987-05-03,2.6809999999999996
1987-05-04,2.6864999999999997
1987-05-05,2.692
1987-05-06,2.6975000000000002
1987-05-07,2.703
1987-05-08,2.7085000000000004
1987-05-09,2.7140000000000004
1987-05-10,2.7195
1987-05-11,2.725
1987-05-12,2.7304999999999997
1987-05-13,2.7359999999999993
1987-05-14,2.7414999999999994
1987-05-15,2.7470000000000003
1987-05-16,2.7524999999999995
1987-05-17,11.777187499999998
1987-05-18,93.83187499999998
1987-05-19,12.320513250587053
1987-05-20,14.207934309457869
1987-05-21,13.34920403258895
1987-05-22,140.04501698754245
1987-05-23,87.7640186915888
1987-05-24,37.737921368249246
1987-05-25,20.200251862734806
1987-05-26,19.341196432034124
1987-05-27,31.26752422514723
1987-05-28,39.96990995926609
1987-05-29,67.77023843695169
1987-05-30,269.01271176753113
1987-05-31,461.4004160731821
1987-06-01,784.8969508602898
1987-06-02,1263.6932291718383
1987-06-03,1310.2455713961274
1987-06-04,1459.7597131417263
1987-06-05,1440.154974928601
1987-06-06,1361.8450714239225
1987-06-07,1491.6878697117404
1987-06-08,1487.5163669573476
1987-06-09,1600.5001110895926
1987-06-10,1744.8812918146048
1987-06-11,2269.9640931800027
1987-06-12,3107.162823166445
1987-06-13,4251.5426909816515
1987-06-14,5012.042416371413
1987-06-15,5250.92198481186
1987-06-16,5283.2618820661955
1987-06-17,5145.428563872811
1987-06-18,5003.786574852959
1987-06-19,4252.558157629907
1987-06-20,3963.08083267409
1987-06-21,2926.286458061109
1987-06-22,2838.93203354513
1987-06-23,2742.6201239610436
1987-06-24,2596.1594026637354
1987-06-25,2331.4719107960727
1987-06-26,2201.7259843142597
1987-06-27,2067.9891017310056
1987-06-28,1802.9332088095955
1987-06-29,1616.8274923450206
1987-06-30,1552.9490451122556
1987-07-01,1546.1095314087208
1987-07-02,1907.9052683108862
1987-07-03,2118.133784756142
1987-07-04,2070.24278093717
1987-07-05,1967.5337694761959
1987-07-06,1874.0445318591753
1987-07-07,1804.431598374086
1987-07-08,1716.5724795673198
1987-07-09,1588.9039620401625
1987-07-10,1492.7980673996587
1987-07-11,1451.522167997784
1987-07-12,1393.318394803157
1987-07-13,1305.1233798920011
1987-07-14,1225.8940717125834
1987-07-15,1016.2285479715522
1987-07-16,952.2005479978998
1987-07-17,927.9629838682923
1987-07-18,764.3797860328272
1987-07-19,718.4197615499177
1987-07-20,613.3485139208409
1987-07-21,748.1930286331395
1987-07-22,1123.6345410553827
1987-07-23,1456.2908474499734
1987-07-24,1421.81467918888
1987-07-25,1029.4927016197435
1987-07-26,829.7143327168146
1987-07-27,800.3795972073576
1987-07-28,808.4802685839942
1987-07-29,804.2718941563925
1987-07-30,795.5896710698441
1987-07-31,769.7479245222332
1987-08-01,726.0546567823287
1987-08-02,636.8633395195776
1987-08-03,580.2489715543514
1987-08-04,519.6126530234563
1987-08-05,492.0358215169802
1987-08-06,457.7990037461797
1987-08-07,499.53245916649826
1987-08-08,504.22592518028017
1987-08-09,489.37185429247614
1987-08-10,439.3500386567915
1987-08-11,422.227267727443
1987-08-12,409.67901974808836
1987-08-13,393.00490351954903
1987-08-14,389.11589333173043
1987-08-15,400.80251243593216
1987-08-16,485.77730655282767
1987-08-17,494.95466834002656
1987-08-18,497.8417448444332
1987-08-19,495.6225487690675
1987-08-20,479.71806516408213
1987-08-21,471.0692247229914
1987-08-22,476.55754169823786
1987-08-23,471.1898169809663
1987-08-24,466.08749265925337
1987-08-25,455.5014589667495
1987-08-26,438.8844350289505
1987-08-27,416.76774597264495
1987-08-28,416.39418828372857
1987-08-29,501.5174929326407
1987-08-30,603.3351796335155
1987-08-31,960.704343904233
1987-09-01,1087.7413618310404
1987-09-02,1123.3504568260832
1987-09-03,1078.03212004227
1987-09-04,1039.5061814732558
1987-09-05,1036.4707336991764
1987-09-06,982.9327925647387
1987-09-07,885.4996699345464
1987-09-08,667.340812827872
1987-09-09,616.7118124192398
1987-09-10,543.7520509461823
1987-09-11,511.74426202821485
1987-09-12,480.2354925775979
1987-09-13,429.13654275426416
1987-09-14,399.05618993034903
1987-09-15,366.87052391992495
1987-09-16,339.05923189082256
1987-09-17,318.5925675708945
1987-09-18,292.33886458686806
1987-09-19,259.53766734239304
1987-09-20,246.08838093142154
1987-09-21,247.77685394238844
1987-09-22,223.7531491002264
1987-09-23,208.97316645213948
1987-09-24,189.5387886391292
1987-09-25,178.37977627729975
1987-09-26,170.42511772542542
1987-09-27,152.86317208115523
1987-09-28,143.9935201681212
1987-09-29,136.58391388370126
1987-09-30,122.74252880033923
1987-10-01,133.3046875
1987-10-02,118.6953125
1987-10-03,105.4296875
1987-10-04,93.125
1987-10-05,82.9375
1987-10-06,77.453125
1987-10-07,77.75
1987-10-08,78.25
1987-10-09,73.328125
1987-10-10,66.125
1987-10-11,58.421875
1987-10-12,50.75
1987-10-13,43.5
1987-10-14,36.90625
1987-10-15,31.140625
1987-10-16,26.1875
1987-10-17,22.046875
1987-10-18,18.640625
1987-10-19,15.828125
1987-10-20,13.484375
1987-10-21,11.484375
1987-10-22,9.78125
1987-10-23,8.34375
1987-10-24,7.125
1987-10-25,6.078125
1987-10-26,5.15625
1987-10-27,4.34375
1987-10-28,3.640625
1987-10-29,3.03125
1987-10-30,2.484375
1987-10-31,1.9999999999999998
1987-11-01,1.625
1987-11-02,1.34375
1987-11-03,1.109375
1987-11-04,0.921875
1987-11-05,0.78125
1987-11-06,0.65625
1987-11-07,0.5625
1987-11-08,0.484375
1987-11-09,0.40625
1987-11-10,0.359375
1987-11-11,0.296875
1987-11-12,0.265625
1987-11-13,0.234375
1987-11-14,0.1875
1987-11-15,0.15625
1987-11-16,0.140625
1987-11-17,0.125
1987-11-18,0.109375
1987-11-19,0.09375
1987-11-20,0.078125
1987-11-21,0.06249999999999999
1987-11-22,0.046875
1987-11-23,0.046875
1987-11-24,0.03125
1987-11-25,0.03125
1987-11-26,0.03125
1987-11-27,0.03125
1987-11-28,0.015625
1987-11-29,0.015625
1987-11-30,0.015625
1987-12-01,0.015625
1987-12-02,0.015625
1987-12-03,0.015625
1987-12-04,0.015625
1987-12-05,0.015625
1987-12-06,0.015625
1987-12-07,0.0
1987-12-08,0.0
1987-12-09,0.0
1987-12-10,0.0
1987-12-11,0.0
1987-12-12,0.0
1987-12-13,0.0
1987-12-14,0.0
1987-12-15,0.0
1987-12-16,0.0
1987-12-17,0.0
1987-12-18,0.0
1987-12-19,0.0
1987-12-20,0.0
1987-12-21,0.0
1987-12-22,0.0
1987-12-23,0.0
1987-12-24,0.0
1987-12-25,0.0
1987-12-26,0.0
1987-12-27,0.0
1987-12-28,0.0
1987-12-29,0.0
1987-12-30,0.0
1987-12-31,0.0
1988-01-01,0.0
1988-01-02,0.0
1988-01-03,0.0
1988-01-04,0.0
1988-01-05,0.0
1988-01-06,0.0
1988-01-07,0.0
1988-01-08,0.0
1988-01-09,0.0
1988-01-10,0.0
1988-01-11,0.0
1988-01-12,0.0
1988-01-13,0.0
1988-01-14,0.0
1988-01-15,0.0
1988-01-16,0.0
1988-01-17,0.0
1988-01-18,0.0
1988-01-19,0.0
1988-01-20,0.0
1988-01-21,0.0
1988-01-22,0.0
1988-01-23,0.0
1988-01-24,0.0
1988-01-25,0.0
1988-01-26,0.0
1988-01-27,0.0
1988-01-28,0.0
1988-01-29,0.0
1988-01-30,0.0
1988-01-31,0.0
1988-02-01,0.0
1988-02-02,0.0
1988-02-03,0.0
1988-02-04,0.0
1988-02-05,0.0
1988-02-06,0.0
1988-02-07,0.0
1988-02-08,0.0
1988-02-09,0.0
1988-02-10,0.0
1988-02-11,0.0
1988-02-12,0.0
1988-02-13,0.0
1988-02-14,0.0
1988-02-15,0.0
1988-02-16,0.0
1988-02-17,0.0
1988-02-18,0.0
1988-02-19,0.0
1988-02-20,0.0
1988-02-21,0.0
1988-02-22,0.0
1988-02-23,0.0
1988-02-24,0.0
1988-02-25,0.0
1988-02-26,0.0
1988-02-27,0.0
1988-02-28,0.0
1988-02-29,0.0
1988-03-01,0.0
1988-03-02,0.0
1988-03-03,0.0
1988-03-04,0.0
1988-03-05,0.0
1988-03-06,0.0
1988-03-07,0.0
1988-03-08,0.0
1988-03-09,0.0
1988-03-10,0.0
1988-03-11,0.0
1988-03-12,0.0
1988-03-13,0.0
1988-03-14,0.0
1988-03-15,0.0
1988-03-16,0.0
1988-03-17,0.0
1988-03-18,0.0
1988-03-19,0.0
1988-03-20,0.0
1988-03-21,0.0
1988-03-22,0.0
1988-03-23,0.0
1988-03-24,0.0
1988-03-25,0.0
1988-03-26,0.0
1988-03-27,0.0
1988-03-28,0.0
1988-03-29,0.0
1988-03-30,0.0
1988-03-31,0.0
1988-04-01,0.0
1988-04-02,0.0
1988-04-03,0.0
1988-04-04,0.0
1988-04-05,0.0
1988-04-06,0.0
1988-04-07,0.0
1988-04-08,0.0
1988-04-09,0.0
1988-04-10,0.0
1988-04-11,0.0
1988-04-12,0.0
1988-04-13,0.0
1988-04-14,0.0
1988-04-15,0.0
1988-04-16,0.0
1988-04-17,0.0
1988-04-18,0.0
1988-04-19,0.0
1988-04-20,0.0
1988-04-21,0.0
1988-04-22,0.0
1988-04-23,0.0
1988-04-24,0.0
1988-04-25,0.0
1988-04-26,0.0
1988-04-27,0.0
1988-04-28,0.0
1988-04-29,0.0
1988-04-30,0.0
1988-05-01,2.6755
1988-05-02,2.6809999999999996
1988-05-03,2.6865
1988-05-04,2.692
1988-05-05,2.6975
1988-05-06,2.703
1988-05-07,2.7085000000000004
1988-05-08,2.714
1988-05-09,2.7194999999999996
1988-05-10,2.725
1988-05-11,2.7304999999999997
1988-05-12,2.7359999999999993
1988-05-13,2.7414999999999994
1988-05-14,2.747
1988-05-15,10.7
1988-05-16,62.39201312910284
1988-05-17,12.444174515580283
1988-05-18,13.452379869637715
1988-05-19,12.218048972633703
1988-05-20,52.77224488599731
1988-05-21,27.518275673083515
1988-05-22,24.983823409406195
1988-05-23,30.214253274628785
1988-05-24,34.891008680796034
1988-05-25,60.49520148381522
1988-05-26,94.59439320026593
1988-05-27,125.92790139214901
1988-05-28,214.01233741890456
1988-05-29,407.32099716122434
1988-05-30,1087.7345608368294
1988-05-31,1310.0278077659723
1988-06-01,1470.5395479429485
1988-06-02,1596.7673894775292
1988-06-03,1687.1973566274444
1988-06-04,1583.4600649475858
1988-06-05,1663.738913037874
1988-06-06,1807.5304699883648
1988-06-07,1998.8456966742328
1988-06-08,2531.0973939552528
1988-06-09,3087.3934960882793
1988-06-10,4051.0793452610133
1988-06-11,4161.308809640816
1988-06-12,4146.422376118725
1988-06-13,4096.006215442002
1988-06-14,4004.5691591998707
1988-06-15,3151.1628714518256
1988-06-16,2700.55420892792
1988-06-17,2500.334849564845
1988-06-18,2200.7924488527865
1988-06-19,2102.71550620191
1988-06-20,2035.4910090846427
1988-06-21,1822.520954827699
1988-06-22,1644.2469958040167
1988-06-23,1304.6902810344188
1988-06-24,1189.0386727871557
1988-06-25,1113.7121188428832
1988-06-26,796.6379744007377
1988-06-27,722.4691469789891
1988-06-28,565.172693446358
1988-06-29,512.7824133393557
1988-06-30,359.8144642162567
1988-07-01,344.7937527934637
1988-07-02,467.56720103072666
1988-07-03,451.72920439385484
1988-07-04,474.4730566062724
1988-07-05,601.4102597338209
1988-07-06,697.4271585526259
1988-07-07,676.8999383218398
1988-07-08,661.8206167631356
1988-07-09,653.6832699662143
1988-07-10,732.389943928954
1988-07-11,690.5692892868126
1988-07-12,584.0235499275826
1988-07-13,541.9835201871141
1988-07-14,459.6597384843619
1988-07-15,430.03882651654146
1988-07-16,402.334801700962
1988-07-17,287.64828908336204
1988-07-18,401.33351272230806
1988-07-19,481.188332494766
1988-07-20,502.46077157198425
1988-07-21,492.5153385606009
1988-07-22,458.0500355688475
1988-07-23,389.5387545312396
1988-07-24,273.44080378989355
1988-07-25,261.86091415900165
1988-07-26,260.8293624747863
1988-07-27,274.1236736127562
1988-07-28,360.2700929359295
1988-07-29,363.57870111309023
1988-07-30,349.89523703939284
1988-07-31,286.0344219983123
1988-08-01,343.4638523763533
1988-08-02,266.53089689233457
1988-08-03,254.13106703341936
1988-08-04,251.85721004275356
1988-08-05,255.24865691048328
1988-08-06,262.3226582585089
1988-08-07,340.24266572694813
1988-08-08,429.9531951622833
1988-08-09,423.26676975144443
1988-08-10,342.2973900526605
1988-08-11,321.83924633443763
1988-08-12,324.86677388087855
1988-08-13,406.9415928456061
1988-08-14,566.6386079923886
1988-08-15,657.4825511755815
1988-08-16,682.5998281313402
1988-08-17,645.7729145852109
1988-08-18,642.029258705168
1988-08-19,656.8466069173895
1988-08-20,627.7370307175827
1988-08-21,582.5795672769785
1988-08-22,545.6754983896932
1988-08-23,547.3278613557542
1988-08-24,623.578378106002
1988-08-25,748.0322745885574
1988-08-26,752.872907905187
1988-08-27,754.5013297545906
1988-08-28,731.7221256655316
1988-08-29,683.5318234685263
1988-08-30,569.5180996370611
1988-08-31,415.79357269009495
1988-09-01,352.37505275748055
1988-09-02,324.91907409976807
1988-09-03,308.86709194052975
1988-09-04,291.94903931504587
1988-09-05,275.64716124592155
1988-09-06,261.17008379792287
1988-09-07,255.69555542389014
1988-09-08,254.03372748890496
1988-09-09,252.441494726243
1988-09-10,237.5221077400807
1988-09-11,232.2781845854014
1988-09-12,226.0792975251846
1988-09-13,225.59798193570617
1988-09-14,209.9799689262993
1988-09-15,206.35284229552403
1988-09-16,198.58012945513101
1988-09-17,191.04268165417864
1988-09-18,180.2472477785135
1988-09-19,173.73210864458758
1988-09-20,165.08112996121815
1988-09-21,155.11533463441376
1988-09-22,145.95688070516377
1988-09-23,139.942498784602
1988-09-24,134.8081746761943
1988-09-25,132.8891021913177
1988-09-26,132.91643205907673
1988-09-27,137.57146578477395
1988-09-28,123.12087767297967
1988-09-29,114.21201205913142
1988-09-30,109.54647008256171
1988-10-01,116.2265625
1988-10-02,103.4140625
1988-10-03,91.2265625
1988-10-04,80.015625
1988-10-05,69.71875
1988-10-06,60.1640625
1988-10-07,51.4609375
1988-10-08,43.5
1988-10-09,36.15625
1988-10-10,32.3125
1988-10-11,39.328125
1988-10-12,64.734375
1988-10-13,78.296875
1988-10-14,76.8046875
1988-10-15,71.1484375
1988-10-16,64.21875
1988-10-17,56.9921875
1988-10-18,50.1953125
1988-10-19,44.1015625
1988-10-20,38.6875
1988-10-21,33.8359375
1988-10-22,29.5078125
1988-10-23,25.5859375
1988-10-24,22.046875
1988-10-25,18.8984375
1988-10-26,16.1328125
1988-10-27,13.7109375
1988-10-28,11.59375
1988-10-29,9.7421875
1988-10-30,8.125
1988-10-31,6.7265625
1988-11-01,5.5234375
1988-11-02,4.515625
1988-11-03,3.6640625
1988-11-04,2.9453125
1988-11-05,2.359375
1988-11-06,1.890625
1988-11-07,1.5390625
1988-11-08,1.2734375
1988-11-09,1.0625
1988-11-10,0.890625
1988-11-11,0.7578125
1988-11-12,0.640625
1988-11-13,0.5390625
1988-11-14,0.4453125
1988-11-15,0.375
1988-11-16,0.328125
1988-11-17,0.28125
1988-11-18,0.25
1988-11-19,0.21875
1988-11-20,0.203125
1988-11-21,0.171875
1988-11-22,0.15625
1988-11-23,0.140625
1988-11-24,0.125
1988-11-25,0.109375
1988-11-26,0.09375
1988-11-27,0.078125
1988-11-28,0.078125
1988-11-29,0.06249999999999999
1988-11-30,0.06249999999999999
1988-12-01,0.06249999999999999
1988-12-02,0.046875
1988-12-03,0.046875
1988-12-04,0.046875
1988-12-05,0.03125
1988-12-06,0.03125
1988-12-07,0.03125
1988-12-08,0.03125
1988-12-09,0.015625
1988-12-10,0.015625
1988-12-11,0.015625
1988-12-12,0.015625
1988-12-13,0.015625
1988-12-14,0.015625
1988-12-15,0.0
1988-12-16,0.0
1988-12-17,0.0
1988-12-18,0.0
1988-12-19,0.0
1988-12-20,0.0
1988-12-21,0.0
1988-12-22,0.0
1988-12-23,0.0
1988-12-24,0.0
1988-12-25,0.0
1988-12-26,0.0
1988-12-27,0.0
1988-12-28,0.0
1988-12-29,0.0
1988-12-30,0.0
1988-12-31,0.0
1989-01-01,0.0
1989-01-02,0.0
1989-01-03,0.0
1989-01-04,0.0
1989-01-05,0.0
1989-01-06,0.0
1989-01-07,0.0
1989-01-08,0.0
1989-01-09,0.0
1989-01-10,0.0
1989-01-11,0.0
1989-01-12,0.0
1989-01-13,0.0
1989-01-14,0.0
1989-01-15,0.0
1989-01-16,0.0
1989-01-17,0.0
1989-01-18,0.0
1989-01-19,0.0
1989-01-20,0.0
1989-01-21,0.0
1989-01-22,0.0
1989-01-23,0.0
1989-01-24,0.0
1989-01-25,0.0
1989-01-26,0.0
1989-01-27,0.0
1989-01-28,0.0
1989-01-29,0.0
1989-01-30,0.0
1989-01-31,0.0
1989-02-01,0.0
1989-02-02,0.0
1989-02-03,0.0
1989-02-04,0.0
1989-02-05,0.0
1989-02-06,0.0
1989-02-07,0.0
1989-02-08,0.0
1989-02-09,0.0
1989-02-10,0.0
1989-02-11,0.0
1989-02-12,0.0
1989-02-13,0.0
1989-02-14,0.0
1989-02-15,0.0
1989-02-16,0.0
1989-02-17,0.0
1989-02-18,0.0
1989-02-19,0.0
1989-02-20,0.0
1989-02-21,0.0
1989-02-22,0.0
1989-02-23,0.0
1989-02-24,0.0
1989-02-25,0.0
1989-02-26,0.0
1989-02-27,0.0
1989-02-28,0.0
1989-03-01,0.0
1989-03-02,0.0
1989-03-03,0.0
1989-03-04,0.0
1989-03-05,0.0
1989-03-06,0.0
1989-03-07,0.0
1989-03-08,0.0
1989-03-09,0.0
1989-03-10,0.0
1989-03-11,0.0
1989-03-12,0.0
1989-03-13,0.0
1989-03-14,0.0
1989-03-15,0.0
1989-03-16,0.0
1989-03-17,0.0
1989-03-18,0.0
1989-03-19,0.0
1989-03-20,0.0
1989-03-21,0.0
1989-03-22,0.0
1989-03-23,0.0
1989-03-24,0.0
1989-03-25,0.0
1989-03-26,0.0
1989-03-27,0.0
1989-03-28,0.0
1989-03-29,0.0
1989-03-30,0.0
1989-03-31,0.0
1989-04-01,0.0
1989-04-02,0.0
1989-04-03,0.0
1989-04-04,0.0
1989-04-05,0.0
1989-04-06,0.0
1989-04-07,0.0
1989-04-08,0.0
1989-04-09,0.0
1989-04-10,0.0
1989-04-11,0.0
1989-04-12,0.0
1989-04-13,0.0
1989-04-14,0.0
1989-04-15,0.0
1989-04-16,0.0
1989-04-17,0.0
1989-04-18,0.0
1989-04-19,0.0
1989-04-20,0.0
1989-04-21,0.0
1989-04-22,0.0
1989-04-23,0.0
1989-04-24,0.0
1989-04-25,0.0
1989-04-26,0.0
1989-04-27,0.0
1989-04-28,0.0
1989-04-29,0.0
1989-04-30,0.0
1989-05-01,2.915
1989-05-02,2.6754999999999995
1989-05-03,2.6809999999999996
1989-05-04,2.6865
1989-05-05,2.6920000000000006
1989-05-06,2.6975
1989-05-07,2.7029999999999994
1989-05-08,2.7085
1989-05-09,2.714000000000001
1989-05-10,2.7195
1989-05-11,18.81363636363636
1989-05-12,51.2681818181818
1989-05-13,19.83934911242603
1989-05-14,61.652359056377534
1989-05-15,64.05280441469155
1989-05-16,52.22632277196818
1989-05-17,24.04437138348245
1989-05-18,82.68737623762375
1989-05-19,44.062042938611214
1989-05-20,21.633735654926813
1989-05-21,16.412037395228886
1989-05-22,12.23853782740746
1989-05-23,16.372821858934255
1989-05-24,32.8968349041826
1989-05-25,58.821087688311955
1989-05-26,227.14871758589365
1989-05-27,805.3650627104826
1989-05-28,1239.1652549726512
1989-05-29,1641.8794912155647
1989-05-30,2064.2974836128824
1989-05-31,2047.00228573343
1989-06-01,2010.0701346404692
1989-06-02,1763.547234829819
1989-06-03,1893.9799992283045
1989-06-04,1848.0575863791644
1989-06-05,1614.243833104582
1989-06-06,1626.4025571104742
1989-06-07,1846.099544925129
1989-06-08,2063.5900899623543
1989-06-09,2990.3511223509677
1989-06-10,4483.033733916424
1989-06-11,5606.585884882236
1989-06-12,5808.6445855569955
1989-06-13,5631.012298496566
1989-06-14,5369.782262149901
1989-06-15,5131.298169741474
1989-06-16,4358.257694695977
1989-06-17,4102.216270096381
1989-06-18,3119.801071925519
1989-06-19,2836.1043457107835
1989-06-20,2463.6727961007173
1989-06-21,2222.6327528546776
1989-06-22,2076.7917185160386
1989-06-23,1996.6592195280605
1989-06-24,1736.528077184106
1989-06-25,1597.7069693214726
1989-06-26,1463.094854067109
1989-06-27,1396.0844461164015
1989-06-28,1281.3546882941791
1989-06-29,1040.8436646777873
1989-06-30,915.3058941086979
1989-07-01,679.2282726309808
1989-07-02,622.1903329360468
1989-07-03,533.0502456664477
1989-07-04,513.1974172644871
1989-07-05,571.0015902338885
1989-07-06,566.2427429176331
1989-07-07,542.4711359481851
1989-07-08,521.1106016207822
1989-07-09,417.75648459176455
1989-07-10,395.0929457311892
1989-07-11,361.5588219198606
1989-07-12,338.306849526427
1989-07-13,329.9643769149673
1989-07-14,308.0474041289033
1989-07-15,296.87804718822764
1989-07-16,305.8470286652266
1989-07-17,414.9081580006756
1989-07-18,407.649930777605
1989-07-19,397.9082640033337
1989-07-20,400.7972390150332
1989-07-21,398.0799346020074
1989-07-22,387.2750325717517
1989-07-23,282.95282247136316
1989-07-24,269.0304922048452
1989-07-25,267.32723405717513
1989-07-26,382.5687161329661
1989-07-27,463.95629607787885
1989-07-28,537.3390498656545
1989-07-29,670.0426369949348
1989-07-30,957.0985940658331
1989-07-31,1278.5204741916314
1989-08-01,925.2103528513773
1989-08-02,915.3952445354776
1989-08-03,1304.5424144609053
1989-08-04,2032.5095214327855
1989-08-05,2132.574570991731
1989-08-06,2170.3418331332655
1989-08-07,2184.150205951033
1989-08-08,2115.5126023983994
1989-08-09,1994.7956465309635
1989-08-10,1887.1155646045306
1989-08-11,1271.3542825777795
1989-08-12,1181.6903994206273
1989-08-13,1127.7341559382212
1989-08-14,1062.3543367088032
1989-08-15,876.2304869097857
1989-08-16,989.3114943590066
1989-08-17,808.5124517107531
1989-08-18,750.0418294622439
1989-08-19,660.9581181673817
1989-08-20,650.1925659010847
1989-08-21,641.159583967843
1989-08-22,608.6777869395353
1989-08-23,555.5651588046742
1989-08-24,457.76072028870453
1989-08-25,449.329530239969
1989-08-26,549.6609136994351
1989-08-27,620.4302535651079
1989-08-28,699.5381034147237
1989-08-29,682.4207417056729
1989-08-30,591.4837573430276
1989-08-31,509.5358589296636
1989-09-01,485.587006663998
1989-09-02,497.57098454534986
1989-09-03,585.4570205297439
1989-09-04,589.9309585833196
1989-09-05,554.4979167461902
1989-09-06,459.68671601168114
1989-09-07,390.86252938328323
1989-09-08,369.93713958331244
1989-09-09,350.75902526640624
1989-09-10,334.40235060524634
1989-09-11,317.47829093236743
1989-09-12,295.11311229350946
1989-09-13,286.4594018895812
1989-09-14,271.0303293264502
1989-09-15,267.3093259035907
1989-09-16,309.4609591231681
1989-09-17,348.1989269180279
1989-09-18,360.3438891724027
1989-09-19,342.3214038627502
1989-09-20,317.32417461998585
1989-09-21,285.99831402768234
1989-09-22,254.37216459943986
1989-09-23,232.3348890009562
1989-09-24,209.61198563698164
1989-09-25,194.04633252824604
1989-09-26,184.3120208445143
1989-09-27,185.14279167073687
1989-09-28,284.80211209783556
1989-09-29,459.01004644878543
1989-09-30,520.5794712714046
1989-10-01,631.5078125
1989-10-02,582.9375
1989-10-03,532.25
1989-10-04,486.3984375
1989-10-05,444.984375
1989-10-06,407.1875
1989-10-07,372.28125
1989-10-08,339.8359375
1989-10-09,309.546875
1989-10-10,281.453125
1989-10-11,255.6953125
1989-10-12,231.8359375
1989-10-13,209.390625
1989-10-14,189.0
1989-10-15,170.390625
1989-10-16,153.15625
1989-10-17,137.265625
1989-10-18,122.421875
1989-10-19,108.640625
1989-10-20,96.0625
1989-10-21,84.515625
1989-10-22,73.6875
1989-10-23,63.734375
1989-10-24,54.8125
1989-10-25,46.625
1989-10-26,39.09375
1989-10-27,32.3125
1989-10-28,26.3125
1989-10-29,21.046875
1989-10-30,16.5
1989-10-31,12.703125
1989-11-01,9.640625
1989-11-02,7.28125
1989-11-03,5.484375
1989-11-04,4.171875
1989-11-05,3.234375
1989-11-06,2.578125
1989-11-07,2.078125
1989-11-08,1.703125
1989-11-09,1.40625
1989-11-10,1.171875
1989-11-11,1.0
1989-11-12,0.84375
1989-11-13,0.734375
1989-11-14,0.625
1989-11-15,0.53125
1989-11-16,0.453125
1989-11-17,0.390625
1989-11-18,0.34375
1989-11-19,0.296875
1989-11-20,0.265625
1989-11-21,0.234375
1989-11-22,0.203125
1989-11-23,0.171875
1989-11-24,0.15625
1989-11-25,0.140625
1989-11-26,0.125
1989-11-27,0.109375
1989-11-28,0.09375
1989-11-29,0.09375
1989-11-30,0.078125
1989-12-01,0.06249999999999999
1989-12-02,0.046875
1989-12-03,0.046875
1989-12-04,0.03125
1989-12-05,0.03125
1989-12-06,0.03125
1989-12-07,0.015625
1989-12-08,0.015625
1989-12-09,0.015625
1989-12-10,0.015625
1989-12-11,0.0
1989-12-12,0.0
1989-12-13,0.0
1989-12-14,0.0
1989-12-15,0.0
1989-12-16,0.0
1989-12-17,0.0
1989-12-18,0.0
1989-12-19,0.0
1989-12-20,0.0
1989-12-21,0.0
1989-12-22,0.0
1989-12-23,0.0
1989-12-24,0.0
1989-12-25,0.0
1989-12-26,0.0
1989-12-27,0.0
1989-12-28,0.0
1989-12-29,0.0
1989-12-30,0.0
1989-12-31,0.0
1990-01-01,0.0
1990-01-02,0.0
1990-01-03,0.0
1990-01-04,0.0
1990-01-05,0.0
1990-01-06,0.0
1990-01-07,0.0
1990-01-08,0.0
1990-01-09,0.0
1990-01-10,0.0
1990-01-11,0.0
1990-01-12,0.0
1990-01-13,0.0
1990-01-14,0.0
1990-01-15,0.0
1990-01-16,0.0
1990-01-17,0.0
1990-01-18,0.0
1990-01-19,0.0
1990-01-20,0.0
1990-01-21,0.0
1990-01-22,0.0
1990-01-23,0.0
1990-01-24,0.0
1990-01-25,0.0
1990-01-26,0.0
1990-01-27,0.0
1990-01-28,0.0
1990-01-29,0.0
1990-01-30,0.0
1990-01-31,0.0
1990-02-01,0.0
1990-02-02,0.0
1990-02-03,0.0
1990-02-04,0.0
1990-02-05,0.0
1990-02-06,0.0
1990-02-07,0.0
1990-02-08,0.0
1990-02-09,0.0
1990-02-10,0.0
1990-02-11,0.0
1990-02-12,0.0
1990-02-13,0.0
1990-02-14,0.0
1990-02-15,0.0
1990-02-16,0.0
1990-02-17,0.0
1990-02-18,0.0
1990-02-19,0.0
1990-02-20,0.0
1990-02-21,0.0
1990-02-22,0.0
1990-02-23,0.0
1990-02-24,0.0
1990-02-25,0.0
1990-02-26,0.0
1990-02-27,0.0
1990-02-28,0.0
1990-03-01,0.0
1990-03-02,0.0
1990-03-03,0.0
1990-03-04,0.0
1990-03-05,0.0
1990-03-06,0.0
1990-03-07,0.0
1990-03-08,0.0
1990-03-09,0.0
1990-03-10,0.0
1990-03-11,0.0
1990-03-12,0.0
1990-03-13,0.0
1990-03-14,0.0
1990-03-15,0.0
1990-03-16,0.0
1990-03-17,0.0
1990-03-18,0.0
1990-03-19,0.0
1990-03-20,0.0
1990-03-21,0.0
1990-03-22,0.0
1990-03-23,0.0
1990-03-24,0.0
1990-03-25,0.0
1990-03-26,0.0
1990-03-27,0.0
1990-03-28,0.0
1990-03-29,0.0
1990-03-30,0.0
1990-03-31,0.0
1990-04-01,0.0
1990-04-02,0.0
1990-04-03,0.0
1990-04-04,0.0
1990-04-05,0.0
1990-04-06,0.0
1990-04-07,0.0
1990-04-08,0.0
1990-04-09,0.0
1990-04-10,0.0
1990-04-11,0.0
1990-04-12,0.0
1990-04-13,0.0
1990-04-14,0.0
1990-04-15,0.0
1990-04-16,0.0
1990-04-17,0.0
1990-04-18,0.0
1990-04-19,0.0
1990-04-20,0.0
1990-04-21,0.0
1990-04-22,0.0
1990-04-23,0.0
1990-04-24,0.0
1990-04-25,0.03125
1990-04-26,0.28125
1990-04-27,0.90625
1990-04-28,2.96875
1990-04-29,4.96875
1990-04-30,4.9375
1990-05-01,94.13294537911966
1990-05-02,40.48315339289115
1990-05-03,34.808819403857406
1990-05-04,28.709730639730655
1990-05-05,22.892561881188104
1990-05-06,17.754579207920795
1990-05-07,300.2463636363636
1990-05-08,260.87606060606055
1990-05-09,19.5103888213852
1990-05-10,26.91844659798852
1990-05-11,47.503562768246454
1990-05-12,69.84511840044212
1990-05-13,76.80452290710821
1990-05-14,97.69015985627597
1990-05-15,78.81959273230139
1990-05-16,70.52408264057715
1990-05-17,84.40894224834506
1990-05-18,141.72496377661142
1990-05-19,182.08300352988877
1990-05-20,285.635770958897
1990-05-21,376.4764943328899
1990-05-22,172.1595228962422
1990-05-23,239.7546816610033
1990-05-24,316.9133289763115
1990-05-25,144.53421565170893
1990-05-26,200.19728568233373
1990-05-27,114.38192579307065
1990-05-28,146.87456542667692
1990-05-29,240.2761066969352
1990-05-30,411.23155417689026
1990-05-31,1028.9862137068587
1990-06-01,1277.1593687012357
1990-06-02,1708.013990665378
1990-06-03,2047.0750339887181
1990-06-04,2562.4788758302284
1990-06-05,2888.860504993882
1990-06-06,3033.7534905175194
1990-06-07,3029.357948243635
1990-06-08,2978.75467420372
1990-06-09,2899.0049531601207
1990-06-10,2677.1378299684875
1990-06-11,2602.012674537706
1990-06-12,2307.7883517252867
1990-06-13,2158.199103536673
1990-06-14,1984.203786336389
1990-06-15,1836.4299120135913
1990-06-16,1670.8880162375103
1990-06-17,1534.1273555702362
1990-06-18,1254.8530230672375
1990-06-19,1153.550497423752
1990-06-20,790.8882472281626
1990-06-21,712.0788250795918
1990-06-22,659.1718861882126
1990-06-23,637.2247678028411
1990-06-24,605.3702993729627
1990-06-25,613.4531689351245
1990-06-26,637.4510727731338
1990-06-27,764.6060998077694
1990-06-28,713.9607871686643
1990-06-29,711.8032853625862
1990-06-30,933.5162301950605
1990-07-01,1137.9145779037888
1990-07-02,1082.9446781302925
1990-07-03,1009.5312471211778
1990-07-04,983.2804315180197
1990-07-05,954.0476712230914
1990-07-06,897.4553983251752
1990-07-07,700.3875461758007
1990-07-08,672.3894021099618
1990-07-09,804.115232046701
1990-07-10,974.0913646467313
1990-07-11,1120.085326794469
1990-07-12,1089.5845930871258
1990-07-13,1051.3393567388061
1990-07-14,1058.5710939358498
1990-07-15,1182.947420421713
1990-07-16,1219.5328776314147
1990-07-17,1647.208928790105
1990-07-18,1618.705143864236
1990-07-19,1511.4966415170495
1990-07-20,1097.817642879194
1990-07-21,1066.8340267252527
1990-07-22,1544.4647191542153
1990-07-23,2171.3688847209387
1990-07-24,2298.855976842417
1990-07-25,2449.939548130775
1990-07-26,2556.7266597527505
1990-07-27,2560.447743196322
1990-07-28,2431.8655362622794
1990-07-29,2289.116176509705
1990-07-30,2168.287217349534
1990-07-31,2103.2406475485695
1990-08-01,2113.2565547174063
1990-08-02,2125.4211341118607
1990-08-03,2109.2737795782928
1990-08-04,2098.199238898408
1990-08-05,2062.0706648203154
1990-08-06,1947.4980979170048
1990-08-07,1845.7098466180582
1990-08-08,1310.2058881167247
1990-08-09,1250.975224117065
1990-08-10,1215.4093651334733
1990-08-11,1235.6780097272162
1990-08-12,1920.4910459981952
1990-08-13,2177.7335829588305
1990-08-14,2324.4314893039727
1990-08-15,2427.339751637718
1990-08-16,2445.3799225522225
1990-08-17,2439.0308451774213
1990-08-18,2349.6231215719567
1990-08-19,2228.929000064236
1990-08-20,2137.366503981632
1990-08-21,2048.4623753685646
1990-08-22,2004.0923171693112
1990-08-23,1927.5026616031648
1990-08-24,1903.4907848583111
1990-08-25,1940.5896810220484
1990-08-26,1937.3424674027103
1990-08-27,1870.521753869958
1990-08-28,1768.0298776691561
1990-08-29,1654.3733059267595
1990-08-30,1600.238695823948
1990-08-31,1596.3189757524954
1990-09-01,1668.8740691072944
1990-09-02,1828.0134036306156
1990-09-03,1991.9016525103218
1990-09-04,2117.4933842469504
1990-09-05,2268.8181037835548
1990-09-06,2375.8248509226237
1990-09-07,2302.0053028900784
1990-09-08,2148.560263061458
1990-09-09,1907.9974206261375
1990-09-10,1747.6875221764367
1990-09-11,1707.7317554163358
1990-09-12,1713.7769055450815
1990-09-13,1693.1257966404567
1990-09-14,1638.3497861328347
1990-09-15,1551.499059291696
1990-09-16,1440.8570209018774
1990-09-17,1299.4766277826727
1990-09-18,1183.1728833796035
1990-09-19,1107.9535770577334
1990-09-20,1052.6410561624923
1990-09-21,952.9637831566688
1990-09-22,885.7644696872594
1990-09-23,754.4700977831869
1990-09-24,580.3261164301784
1990-09-25,549.7122657781897
1990-09-26,520.4781623638637
1990-09-27,480.83263092627004
1990-09-28,445.08747423099305
1990-09-29,402.98001024586756
1990-09-30,360.3442750032738
1990-10-01,365.6015625
1990-10-02,335.046875
1990-10-03,305.5078125
1990-10-04,277.8515625
1990-10-05,252.1875
1990-10-06,228.8671875
1990-10-07,207.46875
1990-10-08,187.34375
1990-10-09,168.4921875
1990-10-10,151.3359375
1990-10-11,135.484375
1990-10-12,120.859375
1990-10-13,107.484375
1990-10-14,95.0078125
1990-10-15,83.453125
1990-10-16,72.8203125
1990-10-17,63.046875
1990-10-18,54.0859375
1990-10-19,45.9296875
1990-10-20,38.609375
1990-10-21,32.03125
1990-10-22,26.1171875
1990-10-23,20.90625
1990-10-24,16.453125
1990-10-25,12.734375
1990-10-26,9.7265625
1990-10-27,7.3671875
1990-10-28,5.578125
1990-10-29,4.2734375
1990-10-30,3.3203125
1990-10-31,2.625
1990-11-01,2.1015625
1990-11-02,1.7109375
1990-11-03,1.3828125
1990-11-04,1.125
1990-11-05,0.9453125
1990-11-06,0.8046875
1990-11-07,0.6953125
1990-11-08,0.609375
1990-11-09,0.53125
1990-11-10,0.453125
1990-11-11,0.3828125
1990-11-12,0.3203125
1990-11-13,0.2734375
1990-11-14,0.234375
1990-11-15,0.203125
1990-11-16,0.1796875
1990-11-17,0.15625
1990-11-18,0.1328125
1990-11-19,0.11718750000000001
1990-11-20,0.09375
1990-11-21,0.078125
1990-11-22,0.06249999999999999
1990-11-23,0.06249999999999999
1990-11-24,0.046875
1990-11-25,0.046875
1990-11-26,0.03125
1990-11-27,0.03125
1990-11-28,0.03125
1990-11-29,0.03125
1990-11-30,0.015625
1990-12-01,0.015625
1990-12-02,0.015625
1990-12-03,0.015625
1990-12-04,0.0
1990-12-05,0.0
1990-12-06,0.0
1990-12-07,0.0
1990-12-08,0.0
1990-12-09,0.0
1990-12-10,0.0
1990-12-11,0.0
1990-12-12,0.0
1990-12-13,0.0
1990-12-14,0.0
1990-12-15,0.0
1990-12-16,0.0
1990-12-17,0.0
1990-12-18,0.0
1990-12-19,0.0
1990-12-20,0.0
1990-12-21,0.0
1990-12-22,0.0
1990-12-23,0.0
1990-12-24,0.0
1990-12-25,0.0
1990-12-26,0.0
1990-12-27,0.0
1990-12-28,0.0
1990-12-29,0.0
1990-12-30,0.0
1990-12-31,0.0
1991-01-01,0.0
1991-01-02,0.0
1991-01-03,0.0
1991-01-04,0.0
1991-01-05,0.0
1991-01-06,0.0
1991-01-07,0.0
1991-01-08,0.0
1991-01-09,0.0
1991-01-10,0.0
1991-01-11,0.0
1991-01-12,0.0
1991-01-13,0.0
1991-01-14,0.0
1991-01-15,0.0
1991-01-16,0.0
1991-01-17,0.0
1991-01-18,0.0
1991-01-19,0.0
1991-01-20,0.0
1991-01-21,0.0
1991-01-22,0.0
1991-01-23,0.0
1991-01-24,0.0
1991-01-25,0.0
1991-01-26,0.0
1991-01-27,0.0
1991-01-28,0.0
1991-01-29,0.0
1991-01-30,0.0
1991-01-31,0.0
1991-02-01,0.0
1991-02-02,0.0
1991-02-03,0.0
1991-02-04,0.0
1991-02-05,0.0
1991-02-06,0.0
1991-02-07,0.0
1991-02-08,0.0
1991-02-09,0.0
1991-02-10,0.0
1991-02-11,0.0
1991-02-12,0.0
1991-02-13,0.0
1991-02-14,0.0
1991-02-15,0.0
1991-02-16,0.0
1991-02-17,0.0
1991-02-18,0.0
1991-02-19,0.0
1991-02-20,0.0
1991-02-21,0.0
1991-02-22,0.0
1991-02-23,0.0
1991-02-24,0.0
1991-02-25,0.0
1991-02-26,0.0
1991-02-27,0.0
1991-02-28,0.0
1991-03-01,0.0
1991-03-02,0.0
1991-03-03,0.0
1991-03-04,0.0
1991-03-05,0.0
1991-03-06,0.0
1991-03-07,0.0
1991-03-08,0.0
1991-03-09,0.0
1991-03-10,0.0
1991-03-11,0.0
1991-03-12,0.0
1991-03-13,0.0
1991-03-14,0.0
1991-03-15,0.0
1991-03-16,0.0
1991-03-17,0.0
1991-03-18,0.0
1991-03-19,0.0
1991-03-20,0.0
1991-03-21,0.0
1991-03-22,0.0
1991-03-23,0.0
1991-03-24,0.0
1991-03-25,0.0
1991-03-26,0.0
1991-03-27,0.0
1991-03-28,0.0
1991-03-29,0.0
1991-03-30,0.0
1991-03-31,0.0
1991-04-01,0.0
1991-04-02,0.0
1991-04-03,0.0
1991-04-04,0.0
1991-04-05,0.0
1991-04-06,0.0
1991-04-07,0.0
1991-04-08,0.0
1991-04-09,0.0
1991-04-10,0.0
1991-04-11,0.0
1991-04-12,0.0
1991-04-13,0.0
1991-04-14,0.0
1991-04-15,0.0
1991-04-16,0.0
1991-04-17,0.0
1991-04-18,0.0
1991-04-19,0.0
1991-04-20,0.0
1991-04-21,0.0
1991-04-22,0.0
1991-04-23,0.0
1991-04-24,0.0
1991-04-25,0.0
1991-04-26,0.0
1991-04-27,0.0
1991-04-28,0.0
1991-04-29,0.0
1991-04-30,0.0
1991-05-01,2.915
1991-05-02,2.6754999999999995
1991-05-03,2.6809999999999996
1991-05-04,2.6865
1991-05-05,2.6920000000000006
1991-05-06,2.6975000000000002
1991-05-07,2.7029999999999994
1991-05-08,35.300000000000004
1991-05-09,43.07393939393938
1991-05-10,140.5181818181818
1991-05-11,302.79090909090905
1991-05-12,23.302701644479253
1991-05-13,39.61153846153847
1991-05-14,57.77451019592172
1991-05-15,27.85112905839772
1991-05-16,31.302708404741942
1991-05-17,33.91592588622311
1991-05-18,26.99298693566836
1991-05-19,34.050859631071475
1991-05-20,45.49834330579173
1991-05-21,63.637223264250466
1991-05-22,130.60849569602559
1991-05-23,272.17982568613337
1991-05-24,483.07816530906496
1991-05-25,1192.0068185334953
1991-05-26,1399.0933439660378
1991-05-27,1720.8062035371636
1991-05-28,1711.6177152419984
1991-05-29,1641.0204013164548
1991-05-30,1728.8948976604554
1991-05-31,1589.7134742172013
1991-06-01,1609.2994614247045
1991-06-02,1831.72683014005
1991-06-03,2165.238455384931
1991-06-04,2981.2153399868016
1991-06-05,4440.969203761893
1991-06-06,5484.692161492619
1991-06-07,5731.309886282649
1991-06-08,5732.5005628577155
1991-06-09,5571.280565408315
1991-06-10,5297.851236253066
1991-06-11,4534.508352750026
1991-06-12,4309.9955129172085
1991-06-13,4113.043036817605
1991-06-14,3221.8492774662477
1991-06-15,3081.093704306951
1991-06-16,2694.464348423239
1991-06-17,2501.3503482070496
1991-06-18,2154.441724844654
1991-06-19,1917.667438955585
1991-06-20,1598.4493203998536
1991-06-21,1417.004959582851
1991-06-22,1159.5442869828282
1991-06-23,1040.12575498153
1991-06-24,957.9969204422938
1991-06-25,877.8227441037898
1991-06-26,794.1665622951888
1991-06-27,584.5698366502937
1991-06-28,533.3896817269214
1991-06-29,383.68171975034966
1991-06-30,354.39517952883034
1991-07-01,345.1322027061255
1991-07-02,516.4720885458814
1991-07-03,592.6172739516911
1991-07-04,601.3592842088774
1991-07-05,600.1985801373601
1991-07-06,571.8576051417213
1991-07-07,530.6781670950645
1991-07-08,419.58030654317014
1991-07-09,381.7977602034131
1991-07-10,361.7099395560286
1991-07-11,340.9615051889065
1991-07-12,213.54399393086226
1991-07-13,205.35916953823917
1991-07-14,200.58693439413457
1991-07-15,209.0250718825889
1991-07-16,288.4570865366932
1991-07-17,287.593667315879
1991-07-18,271.0928158443618
1991-07-19,255.1658996517918
1991-07-20,193.01573116712905
1991-07-21,177.54945464115778
1991-07-22,164.02734024139693
1991-07-23,157.41408862558166
1991-07-24,150.80339486364252
1991-07-25,150.7412162413
1991-07-26,156.02121902788986
1991-07-27,152.73526708275142
1991-07-28,145.3587620995126
1991-07-29,137.1278016950624
1991-07-30,127.30041496113671
1991-07-31,118.47580412760558
1991-08-01,110.96287535549781
1991-08-02,102.1532202835232
1991-08-03,94.53871189213031
1991-08-04,88.46941080329137
1991-08-05,86.08364258620595
1991-08-06,80.17343435875338
1991-08-07,73.10950556772707
1991-08-08,67.38553268423541
1991-08-09,64.40027515684001
1991-08-10,60.76877198913613
1991-08-11,56.669677839310296
1991-08-12,51.49943372684204
1991-08-13,46.26359185758158
1991-08-14,41.04785778408001
1991-08-15,36.81621316904708
1991-08-16,36.077316218091525
1991-08-17,38.270767600756365
1991-08-18,40.73037634557725
1991-08-19,42.034300879401805
1991-08-20,41.26740555394353
1991-08-21,39.369226773140696
1991-08-22,38.388305397530786
1991-08-23,39.31150599109568
1991-08-24,42.10504520853016
1991-08-25,48.8462205384006
1991-08-26,63.65397291035134
1991-08-27,96.05923023107853
1991-08-28,126.68324087180731
1991-08-29,146.6903396609577
1991-08-30,204.20830442387808
1991-08-31,494.2942830205213
1991-09-01,1146.5732809183833
1991-09-02,1511.7222291950354
1991-09-03,1552.1394709572353
1991-09-04,1630.3460269537893
1991-09-05,1640.9114307872853
1991-09-06,1602.0894275134413
1991-09-07,1552.3584228153804
1991-09-08,1501.8722506448999
1991-09-09,1352.7613006695265
1991-09-10,1237.9647865063905
1991-09-11,1190.2376943812803
1991-09-12,872.7327943202914
1991-09-13,799.1112547648017
1991-09-14,718.054371134632
1991-09-15,592.8817683490861
1991-09-16,554.5933542285836
1991-09-17,514.0941831093307
1991-09-18,463.9120482434761
1991-09-19,412.7132945795273
1991-09-20,367.81494987467886
1991-09-21,340.3466234656759
1991-09-22,316.58684122341316
1991-09-23,288.67880641162657
1991-09-24,256.2290028516492
1991-09-25,237.88312467897993
1991-09-26,213.28431001372527
1991-09-27,226.56184187678687
1991-09-28,280.5196249794364
1991-09-29,350.6359111577284
1991-09-30,339.5034135817887
1991-10-01,353.6484375
1991-10-02,325.203125
1991-10-03,296.53125
1991-10-04,269.46875
1991-10-05,244.7734375
1991-10-06,222.015625
1991-10-07,200.796875
1991-10-08,182.8046875
1991-10-09,174.15625
1991-10-10,170.859375
1991-10-11,158.1640625
1991-10-12,142.2890625
1991-10-13,127.1640625
1991-10-14,113.046875
1991-10-15,100.09375
1991-10-16,88.3671875
1991-10-17,77.53125
1991-10-18,67.5078125
1991-10-19,58.2265625
1991-10-20,49.7890625
1991-10-21,42.171875
1991-10-22,35.453125
1991-10-23,29.5078125
1991-10-24,24.34375
1991-10-25,19.9140625
1991-10-26,16.0859375
1991-10-27,12.875
1991-10-28,10.234375
1991-10-29,8.9375
1991-10-30,8.78125
1991-10-31,9.375
1991-11-01,11.265625
1991-11-02,16.890625
1991-11-03,31.5625
1991-11-04,63.8359375
1991-11-05,96.2890625
1991-11-06,114.203125
1991-11-07,111.3984375
1991-11-08,102.8359375
1991-11-09,93.4765625
1991-11-10,84.46875
1991-11-11,76.0859375
1991-11-12,68.375
1991-11-13,61.234375
1991-11-14,54.65625
1991-11-15,48.625
1991-11-16,43.125
1991-11-17,38.140625
1991-11-18,33.625
1991-11-19,29.5546875
1991-11-20,25.8515625
1991-11-21,22.5234375
1991-11-22,19.5390625
1991-11-23,16.84375
1991-11-24,14.4375
1991-11-25,12.296875
1991-11-26,10.40625
1991-11-27,8.765625
1991-11-28,7.40625
1991-11-29,6.203125
1991-11-30,5.15625
1991-12-01,4.265625
1991-12-02,3.5
1991-12-03,2.859375
1991-12-04,2.3125
1991-12-05,1.875
1991-12-06,1.5
1991-12-07,1.21875
1991-12-08,0.984375
1991-12-09,0.796875
1991-12-10,0.640625
1991-12-11,0.515625
1991-12-12,0.4375
1991-12-13,0.359375
1991-12-14,0.3125
1991-12-15,0.265625
1991-12-16,0.234375
1991-12-17,0.203125
1991-12-18,0.171875
1991-12-19,0.15625
1991-12-20,0.140625
1991-12-21,0.125
1991-12-22,0.109375
1991-12-23,0.09375
1991-12-24,0.09375
1991-12-25,0.078125
1991-12-26,0.078125
1991-12-27,0.06249999999999999
1991-12-28,0.06249999999999999
1991-12-29,0.046875
1991-12-30,0.046875
1991-12-31,0.046875
1992-01-01,0.03125
1992-01-02,0.03125
1992-01-03,0.03125
1992-01-04,0.03125
1992-01-05,0.03125
1992-01-06,0.015625
1992-01-07,0.015625
1992-01-08,0.015625
1992-01-09,0.015625
1992-01-10,0.015625
1992-01-11,0.0
1992-01-12,0.0
1992-01-13,0.0
1992-01-14,0.0
1992-01-15,0.0
1992-01-16,0.0
1992-01-17,0.0
1992-01-18,0.0
1992-01-19,0.0
1992-01-20,0.0
1992-01-21,0.0
1992-01-22,0.0
1992-01-23,0.0
1992-01-24,0.0
1992-01-25,0.0
1992-01-26,0.0
1992-01-27,0.0
1992-01-28,0.0
1992-01-29,0.0
1992-01-30,0.0
1992-01-31,0.0
1992-02-01,0.0
1992-02-02,0.0
1992-02-03,0.0
1992-02-04,0.0
1992-02-05,0.0
1992-02-06,0.0
1992-02-07,0.0
1992-02-08,0.0
1992-02-09,0.0
1992-02-10,0.0
1992-02-11,0.0
1992-02-12,0.0
1992-02-13,0.0
1992-02-14,0.0
1992-02-15,0.0
1992-02-16,0.0
1992-02-17,0.0
1992-02-18,0.0
1992-02-19,0.0
1992-02-20,0.0
1992-02-21,0.0
1992-02-22,0.0
1992-02-23,0.0
1992-02-24,0.0
1992-02-25,0.0
1992-02-26,0.0
1992-02-27,0.0
1992-02-28,0.0
1992-02-29,0.0
1992-03-01,0.0
1992-03-02,0.0
1992-03-03,0.0
1992-03-04,0.0
1992-03-05,0.0
1992-03-06,0.0
1992-03-07,0.0
1992-03-08,0.0
1992-03-09,0.0
1992-03-10,0.0
1992-03-11,0.0
1992-03-12,0.0
1992-03-13,0.0
1992-03-14,0.0
1992-03-15,0.0
1992-03-16,0.0
1992-03-17,0.0
1992-03-18,0.0
1992-03-19,0.0
1992-03-20,0.0
1992-03-21,0.0
1992-03-22,0.0
1992-03-23,0.0
1992-03-24,0.0
1992-03-25,0.0
1992-03-26,0.0
1992-03-27,0.0
1992-03-28,0.0
1992-03-29,0.0
1992-03-30,0.0
1992-03-31,0.0
1992-04-01,0.0
1992-04-02,0.0
1992-04-03,0.0
1992-04-04,0.0
1992-04-05,0.0
1992-04-06,0.0
1992-04-07,0.0
1992-04-08,0.0
1992-04-09,0.0
1992-04-10,0.0
1992-04-11,0.0
1992-04-12,0.0
1992-04-13,0.0
1992-04-14,0.0
1992-04-15,0.0
1992-04-16,0.0
1992-04-17,0.0
1992-04-18,0.0
1992-04-19,0.0
1992-04-20,0.0
1992-04-21,0.0
1992-04-22,0.0
1992-04-23,0.0
1992-04-24,0.0
1992-04-25,0.0
1992-04-26,0.0
1992-04-27,0.09375
1992-04-28,0.28125
1992-04-29,1.5625
1992-04-30,4.1875
1992-05-01,53.47523347905982
1992-05-02,57.09111046171831
1992-05-03,57.3121181512091
1992-05-04,53.99837871287127
1992-05-05,48.11534653465347
1992-05-06,43.52592821782178
1992-05-07,37.52438118811882
1992-05-08,28.868529769137325
1992-05-09,19.79975623345871
1992-05-10,408.26818181818174
1992-05-11,383.92727272727274
1992-05-12,326.36315789473923
1992-05-13,271.00454545454795
1992-05-14,204.15540540540752
1992-05-15,149.19137931034487
1992-05-16,78.9882932166302
1992-05-17,23.897772277227713
1992-05-18,41.33577658503859
1992-05-19,78.56487930352205
1992-05-20,21.19341153585429
1992-05-21,43.805913328099265
1992-05-22,88.99801941533906
1992-05-23,325.6401196594021
1992-05-24,548.2371551017624
1992-05-25,648.6877972424585
1992-05-26,434.47395662977675
1992-05-27,589.116601035652
1992-05-28,699.6634984034569
1992-05-29,418.8682079716341
1992-05-30,572.3983936755084
1992-05-31,802.62207938076
1992-06-01,908.6829792946655
1992-06-02,993.983440833677
1992-06-03,1169.6158341782875
1992-06-04,1332.6101152020917
1992-06-05,1551.441960956388
1992-06-06,1956.9103346699
1992-06-07,2595.6197681650515
1992-06-08,3187.9457579653017
1992-06-09,4309.971527091823
1992-06-10,4508.413477282423
1992-06-11,4514.317051124165
1992-06-12,4443.1458394883875
1992-06-13,4306.504139928349
1992-06-14,4048.9797347531403
1992-06-15,3168.090419780664
1992-06-16,2747.833212132771
1992-06-17,2578.5318304370253
1992-06-18,2295.611206559993
1992-06-19,2248.423877022118
1992-06-20,2258.903494633459
1992-06-21,2199.5943495599727
1992-06-22,2118.5186843694787
1992-06-23,1986.6249418719415
1992-06-24,1852.9374466617987
1992-06-25,1528.6146008185815
1992-06-26,1489.686078892884
1992-06-27,1650.6653220270316
1992-06-28,1550.0230365501832
1992-06-29,1515.7448958463772
1992-06-30,1421.3949392239647
1992-07-01,1337.200075892997
1992-07-02,1309.0097477197507
1992-07-03,1302.5487931412201
1992-07-04,1487.9579598147782
1992-07-05,1442.0943404226348
1992-07-06,1343.133888006154
1992-07-07,1263.6061334778092
1992-07-08,1017.3656529321996
1992-07-09,935.027366859409
1992-07-10,734.2854851801326
1992-07-11,597.5282994639681
1992-07-12,562.7965931828844
1992-07-13,552.1797511847611
1992-07-14,544.9338468937789
1992-07-15,624.1907690270384
1992-07-16,608.1141305034349
1992-07-17,618.279809315212
1992-07-18,924.9191996781531
1992-07-19,1501.4869232804047
1992-07-20,1476.9743364272113
1992-07-21,1418.9133318503734
1992-07-22,1084.5168124515722
1992-07-23,1035.7507022291275
1992-07-24,833.6807182163841
1992-07-25,785.9006267882027
1992-07-26,641.9489204780897
1992-07-27,559.3536872402108
1992-07-28,489.30569338944304
1992-07-29,459.75959691487594
1992-07-30,387.9233081085866
1992-07-31,367.07658160236633
1992-08-01,355.38422135651507
1992-08-02,368.7292823184446
1992-08-03,436.95470800797113
1992-08-04,520.8882455567469
1992-08-05,532.6256011228655
1992-08-06,505.7628197305382
1992-08-07,481.58638823754535
1992-08-08,427.614949431997
1992-08-09,340.5852947632258
1992-08-10,282.3400178219531
1992-08-11,261.6483229928066
1992-08-12,213.92700937428646
1992-08-13,204.87021479968936
1992-08-14,202.4848627046703
1992-08-15,191.97422035299002
1992-08-16,185.54925992447394
1992-08-17,191.2288220495766
1992-08-18,204.07117431693118
1992-08-19,211.96754474111427
1992-08-20,278.4277424272947
1992-08-21,485.88535641693267
1992-08-22,713.1410230696398
1992-08-23,776.4036146643132
1992-08-24,780.7896958108158
1992-08-25,749.4661443408088
1992-08-26,703.5016576546919
1992-08-27,587.1545287846415
1992-08-28,499.0110661616232
1992-08-29,397.5860587026599
1992-08-30,344.10271097350756
1992-08-31,392.2193556922671
1992-09-01,482.4632136349602
1992-09-02,506.176596673925
1992-09-03,567.4603426616974
1992-09-04,480.3704694239426
1992-09-05,401.9208038087191
1992-09-06,373.06554044112215
1992-09-07,353.625134333106
1992-09-08,342.25077993152996
1992-09-09,335.72537860182086
1992-09-10,321.04487966158393
1992-09-11,296.49884029839353
1992-09-12,280.2681413795626
1992-09-13,274.540524549145
1992-09-14,344.76007592997325
1992-09-15,371.2930220568721
1992-09-16,363.36114991568496
1992-09-17,336.0368191970523
1992-09-18,308.9590983630277
1992-09-19,284.02091497001675
1992-09-20,249.22486757727881
1992-09-21,221.9274295216668
1992-09-22,205.46082293180876
1992-09-23,184.32341332352325
1992-09-24,170.27598390538432
1992-09-25,158.68801978949864
1992-09-26,154.9529296244485
1992-09-27,144.52284142468972
1992-09-28,124.19150960021325
1992-09-29,124.14538264215471
1992-09-30,103.23127585651092
1992-10-01,107.453125
1992-10-02,95.21875
1992-10-03,83.96875
1992-10-04,73.640625
1992-10-05,64.328125
1992-10-06,55.859375
1992-10-07,48.21875
1992-10-08,41.46875
1992-10-09,35.5
1992-10-10,29.984375
1992-10-11,25.046875
1992-10-12,20.609375
1992-10-13,16.65625
1992-10-14,13.1875
1992-10-15,10.234375
1992-10-16,8.1875
1992-10-17,8.015625
1992-10-18,9.3125
1992-10-19,11.078125
1992-10-20,11.953125
1992-10-21,11.3125
1992-10-22,10.21875
1992-10-23,9.109375
1992-10-24,8.0625
1992-10-25,7.125
1992-10-26,6.296875
1992-10-27,5.546875
1992-10-28,4.859375
1992-10-29,4.234375
1992-10-30,3.65625
1992-10-31,3.140625
1992-11-01,2.671875
1992-11-02,2.234375
1992-11-03,1.875
1992-11-04,1.5703125
1992-11-05,1.3125
1992-11-06,1.078125
1992-11-07,0.8671875
1992-11-08,0.6953125
1992-11-09,0.5546875
1992-11-10,0.4453125
1992-11-11,0.359375
1992-11-12,0.28125
1992-11-13,0.203125
1992-11-14,0.140625
1992-11-15,0.109375
1992-11-16,0.09375
1992-11-17,0.06249999999999999
1992-11-18,0.046875
1992-11-19,0.03125
1992-11-20,0.015625
1992-11-21,0.015625
1992-11-22,0.015625
1992-11-23,0.015625
1992-11-24,0.0
1992-11-25,0.0
1992-11-26,0.0
1992-11-27,0.0
1992-11-28,0.0
1992-11-29,0.0
1992-11-30,0.0
1992-12-01,0.0
1992-12-02,0.0
1992-12-03,0.0
1992-12-04,0.0
1992-12-05,0.0
1992-12-06,0.0
1992-12-07,0.0
1992-12-08,0.0
1992-12-09,0.0
1992-12-10,0.0
1992-12-11,0.0
1992-12-12,0.0
1992-12-13,0.0
1992-12-14,0.0
1992-12-15,0.0
1992-12-16,0.0
1992-12-17,0.0
1992-12-18,0.0
1992-12-19,0.0
1992-12-20,0.0
1992-12-21,0.0
1992-12-22,0.0
1992-12-23,0.0
1992-12-24,0.0
1992-12-25,0.0
1992-12-26,0.0
1992-12-27,0.0
1992-12-28,0.0
1992-12-29,0.0
1992-12-30,0.0
1992-12-31,0.0
1993-01-01,0.0
1993-01-02,0.0
1993-01-03,0.0
1993-01-04,0.0
1993-01-05,0.0
1993-01-06,0.0
1993-01-07,0.0
1993-01-08,0.0
1993-01-09,0.0
1993-01-10,0.0
1993-01-11,0.0
1993-01-12,0.0
1993-01-13,0.0
1993-01-14,0.0
1993-01-15,0.0
1993-01-16,0.0
1993-01-17,0.0
1993-01-18,0.0
1993-01-19,0.0
1993-01-20,0.0
1993-01-21,0.0
1993-01-22,0.0
1993-01-23,0.0
1993-01-24,0.0
1993-01-25,0.0
1993-01-26,0.0
1993-01-27,0.0
1993-01-28,0.0
1993-01-29,0.0
1993-01-30,0.0
1993-01-31,0.0
1993-02-01,0.0
1993-02-02,0.0
1993-02-03,0.0
1993-02-04,0.0
1993-02-05,0.0
1993-02-06,0.0
1993-02-07,0.0
1993-02-08,0.0
1993-02-09,0.0
1993-02-10,0.0
1993-02-11,0.0
1993-02-12,0.0
1993-02-13,0.0
1993-02-14,0.0
1993-02-15,0.0
1993-02-16,0.0
1993-02-17,0.0
1993-02-18,0.0
1993-02-19,0.0
1993-02-20,0.0
1993-02-21,0.0
1993-02-22,0.0
1993-02-23,0.0
1993-02-24,0.0
1993-02-25,0.0
1993-02-26,0.0
1993-02-27,0.0
1993-02-28,0.0
1993-03-01,0.0
1993-03-02,0.0
1993-03-03,0.0
1993-03-04,0.0
1993-03-05,0.0
1993-03-06,0.0
1993-03-07,0.0
1993-03-08,0.0
1993-03-09,0.0
1993-03-10,0.0
1993-03-11,0.0
1993-03-12,0.0
1993-03-13,0.0
1993-03-14,0.0
1993-03-15,0.0
1993-03-16,0.0
1993-03-17,0.0
1993-03-18,0.0
1993-03-19,0.0
1993-03-20,0.0
1993-03-21,0.0
1993-03-22,0.0
1993-03-23,0.0
1993-03-24,0.0
1993-03-25,0.0
1993-03-26,0.0
1993-03-27,0.0
1993-03-28,0.0
1993-03-29,0.0
1993-03-30,0.0
1993-03-31,0.0
1993-04-01,0.0
1993-04-02,0.0
1993-04-03,0.0
1993-04-04,0.0
1993-04-05,0.0
1993-04-06,0.0
1993-04-07,0.0
1993-04-08,0.0
1993-04-09,0.0
1993-04-10,0.0
1993-04-11,0.0
1993-04-12,0.0
1993-04-13,0.0
1993-04-14,0.0
1993-04-15,0.0
1993-04-16,0.0
1993-04-17,0.0
1993-04-18,0.0
1993-04-19,0.0
1993-04-20,0.0
1993-04-21,0.0
1993-04-22,0.0
1993-04-23,0.0
1993-04-24,0.0
1993-04-25,0.0
1993-04-26,0.0
1993-04-27,0.0
1993-04-28,0.0
1993-04-29,0.0
1993-04-30,0.0
1993-05-01,2.915
1993-05-02,2.6754999999999995
1993-05-03,2.680999999999999
1993-05-04,2.6864999999999997
1993-05-05,2.692
1993-05-06,2.6975
1993-05-07,2.703
1993-05-08,2.7085000000000004
1993-05-09,2.714000000000001
1993-05-10,2.7194999999999996
1993-05-11,2.7249999999999996
1993-05-12,2.7304999999999997
1993-05-13,2.7359999999999998
1993-05-14,24.731818181818408
1993-05-15,44.95270270270317
1993-05-16,107.64396551724137
1993-05-17,161.96969365426693
1993-05-18,66.9401608910891
1993-05-19,146.88123113049318
1993-05-20,22.013718665650714
1993-05-21,22.59475699254326
1993-05-22,26.120378180531453
1993-05-23,31.50121757565118
1993-05-24,32.305291263813764
1993-05-25,38.871586554001006
1993-05-26,46.149868235468794
1993-05-27,46.98470689557268
1993-05-28,63.02704397538718
1993-05-29,77.62007797544409
1993-05-30,98.88539625541524
1993-05-31,153.73133915171084
1993-06-01,668.3235929684963
1993-06-02,1030.3684967798526
1993-06-03,1544.8800696793014
1993-06-04,1933.7474848702714
1993-06-05,2119.2880459400917
1993-06-06,2475.573813098702
1993-06-07,2846.7794612872362
1993-06-08,3195.0267263301043
1993-06-09,4496.705543901801
1993-06-10,5384.139833555519
1993-06-11,5426.208067624017
1993-06-12,5471.230566065927
1993-06-13,5548.80269258906
1993-06-14,5606.529502467554
1993-06-15,5571.030626345349
1993-06-16,5428.261811637195
1993-06-17,5200.981070306214
1993-06-18,4429.935960100726
1993-06-19,4120.3818796839005
1993-06-20,3006.0859865596
1993-06-21,2779.250341998812
1993-06-22,2439.466560092323
1993-06-23,2221.1474865049454
1993-06-24,2008.7984472491803
1993-06-25,1647.7513386636913
1993-06-26,1460.7416800640633
1993-06-27,1348.3792939530276
1993-06-28,1062.6724766227899
1993-06-29,977.727205491491
1993-06-30,902.0182708261689
1993-07-01,876.6421957559787
1993-07-02,837.2988914986489
1993-07-03,787.8799234451982
1993-07-04,614.0874332158891
1993-07-05,571.9996577751241
1993-07-06,537.8130607703511
1993-07-07,442.35902467736867
1993-07-08,403.5519227506523
1993-07-09,367.92761812414903
1993-07-10,227.72795525624173
1993-07-11,213.3247938694224
1993-07-12,196.11014554425125
1993-07-13,194.4633783787837
1993-07-14,203.22611279081457
1993-07-15,209.81538052202342
1993-07-16,276.3793295157746
1993-07-17,276.9244876524041
1993-07-18,259.0095702121846
1993-07-19,193.97668024856586
1993-07-20,181.6019942696038
1993-07-21,167.76776615714675
1993-07-22,152.89288529424772
1993-07-23,142.3445765207395
1993-07-24,133.62343686848118
1993-07-25,140.06626995352173
1993-07-26,168.72265554935043
1993-07-27,244.41685978674334
1993-07-28,356.93873735598004
1993-07-29,360.72025234820285
1993-07-30,291.71207148097164
1993-07-31,278.4463227014443
1993-08-01,262.809289224202
1993-08-02,256.27300991258784
1993-08-03,257.9195269671609
1993-08-04,257.56754675472826
1993-08-05,253.8471522989579
1993-08-06,250.01400000587023
1993-08-07,248.38802128001052
1993-08-08,271.8244046053156
1993-08-09,413.85601587857747
1993-08-10,429.483590191927
1993-08-11,409.116074620427
1993-08-12,335.27879572120287
1993-08-13,316.1815473961853
1993-08-14,318.37393459956127
1993-08-15,321.62708614382
1993-08-16,288.36429145641245
1993-08-17,271.73158671425335
1993-08-18,256.64696353420607
1993-08-19,212.44031746550826
1993-08-20,201.3101497340988
1993-08-21,199.2894418872064
1993-08-22,206.56772584074815
1993-08-23,254.26049548817352
1993-08-24,299.05278190692474
1993-08-25,448.99925980642894
1993-08-26,548.7391685866057
1993-08-27,582.3110626386961
1993-08-28,520.5350914207695
1993-08-29,483.54730813686297
1993-08-30,400.88057399484927
1993-08-31,407.142900873642
1993-09-01,408.9608829667407
1993-09-02,401.1810313381592
1993-09-03,392.96375250054837
1993-09-04,378.7308512378186
1993-09-05,354.082562369436
1993-09-06,335.5191094572468
1993-09-07,322.6213616772041
1993-09-08,295.0161072291436
1993-09-09,290.6315327842426
1993-09-10,291.503121146365
1993-09-11,294.3997183245452
1993-09-12,276.30680365579707
1993-09-13,243.9899652135512
1993-09-14,229.59178702639863
1993-09-15,204.62553682990938
1993-09-16,192.61121729805953
1993-09-17,174.78257136387083
1993-09-18,165.26540499334476
1993-09-19,152.0763916978624
1993-09-20,143.73808796160517
1993-09-21,130.29488138658272
1993-09-22,136.77305415120384
1993-09-23,128.98779935939507
1993-09-24,116.53162988294311
1993-09-25,108.00148414116923
1993-09-26,106.0622472169329
1993-09-27,102.69897271023066
1993-09-28,93.79667471888129
1993-09-29,81.5331139179473
1993-09-30,74.3063834520132
1993-10-01,45.34375
1993-10-02,37.84375
1993-10-03,31.125
1993-10-04,25.21875
1993-10-05,20.078125
1993-10-06,15.828125
1993-10-07,12.453125
1993-10-08,9.75
1993-10-09,7.65625
1993-10-10,6.0625
1993-10-11,4.828125
1993-10-12,3.859375
1993-10-13,3.078125
1993-10-14,2.4609375
1993-10-15,1.9453125
1993-10-16,1.5234375
1993-10-17,1.21875
1993-10-18,1.015625
1993-10-19,0.828125
1993-10-20,0.703125
1993-10-21,0.578125
1993-10-22,0.46875
1993-10-23,0.40625
1993-10-24,0.34375
1993-10-25,0.296875
1993-10-26,0.25
1993-10-27,0.203125
1993-10-28,0.15625
1993-10-29,0.140625
1993-10-30,0.109375
1993-10-31,0.09375
1993-11-01,0.078125
1993-11-02,0.06249999999999999
1993-11-03,0.046875
1993-11-04,0.03125
1993-11-05,0.015625
1993-11-06,0.0
1993-11-07,0.0
1993-11-08,0.0
1993-11-09,0.0
1993-11-10,0.0
1993-11-11,0.0
1993-11-12,0.0
1993-11-13,0.0
1993-11-14,0.0
1993-11-15,0.0
1993-11-16,0.0
1993-11-17,0.0
1993-11-18,0.0
1993-11-19,0.0
1993-11-20,0.0
1993-11-21,0.0
1993-11-22,0.0
1993-11-23,0.0
1993-11-24,0.0
1993-11-25,0.0
1993-11-26,0.0
1993-11-27,0.0
1993-11-28,0.0
1993-11-29,0.0
1993-11-30,0.0
1993-12-01,0.0
1993-12-02,0.0
1993-12-03,0.0
1993-12-04,0.0
1993-12-05,0.0
1993-12-06,0.0
1993-12-07,0.0
1993-12-08,0.0
1993-12-09,0.0
1993-12-10,0.0
1993-12-11,0.0
1993-12-12,0.0
1993-12-13,0.0
1993-12-14,0.0
1993-12-15,0.0
1993-12-16,0.0
1993-12-17,0.0
1993-12-18,0.0
1993-12-19,0.0
1993-12-20,0.0
1993-12-21,0.0
1993-12-22,0.0
1993-12-23,0.0
1993-12-24,0.0
1993-12-25,0.0
1993-12-26,0.0
1993-12-27,0.0
1993-12-28,0.0
1993-12-29,0.0
1993-12-30,0.0
1993-12-31,0.0
1994-01-01,0.0
1994-01-02,0.0
1994-01-03,0.0
1994-01-04,0.0
1994-01-05,0.0
1994-01-06,0.0
1994-01-07,0.0
1994-01-08,0.0
1994-01-09,0.0
1994-01-10,0.0
1994-01-11,0.0
1994-01-12,0.0
1994-01-13,0.0
1994-01-14,0.0
1994-01-15,0.0
1994-01-16,0.0
1994-01-17,0.0
1994-01-18,0.0
1994-01-19,0.0
1994-01-20,0.0
1994-01-21,0.0
1994-01-22,0.0
1994-01-23,0.0
1994-01-24,0.0
1994-01-25,0.0
1994-01-26,0.0
1994-01-27,0.0
1994-01-28,0.0
1994-01-29,0.0
1994-01-30,0.0
1994-01-31,0.0
1994-02-01,0.0
1994-02-02,0.0
1994-02-03,0.0
1994-02-04,0.0
1994-02-05,0.0
1994-02-06,0.0
1994-02-07,0.0
1994-02-08,0.0
1994-02-09,0.0
1994-02-10,0.0
1994-02-11,0.0
1994-02-12,0.0
1994-02-13,0.0
1994-02-14,0.0
1994-02-15,0.0
1994-02-16,0.0
1994-02-17,0.0
1994-02-18,0.0
1994-02-19,0.0
1994-02-20,0.0
1994-02-21,0.0
1994-02-22,0.0
1994-02-23,0.0
1994-02-24,0.0
1994-02-25,0.0
1994-02-26,0.0
1994-02-27,0.0
1994-02-28,0.0
1994-03-01,0.0
1994-03-02,0.0
1994-03-03,0.0
1994-03-04,0.0
1994-03-05,0.0
1994-03-06,0.0
1994-03-07,0.0
1994-03-08,0.0
1994-03-09,0.0
1994-03-10,0.0
1994-03-11,0.0
1994-03-12,0.0
1994-03-13,0.0
1994-03-14,0.0
1994-03-15,0.0
1994-03-16,0.0
1994-03-17,0.0
1994-03-18,0.0
1994-03-19,0.0
1994-03-20,0.0
1994-03-21,0.0
1994-03-22,0.0
1994-03-23,0.0
1994-03-24,0.0
1994-03-25,0.0
1994-03-26,0.0
1994-03-27,0.0
1994-03-28,0.0
1994-03-29,0.0
1994-03-30,0.0
1994-03-31,0.0
1994-04-01,0.0
1994-04-02,0.0
1994-04-03,0.0
1994-04-04,0.0
1994-04-05,0.0
1994-04-06,0.0
1994-04-07,0.0
1994-04-08,0.0
1994-04-09,0.0
1994-04-10,0.0
1994-04-11,0.0
1994-04-12,0.0
1994-04-13,0.0
1994-04-14,0.0
1994-04-15,0.0
1994-04-16,0.0
1994-04-17,0.0
1994-04-18,0.0
1994-04-19,0.0
1994-04-20,0.0
1994-04-21,0.0
1994-04-22,0.0
1994-04-23,0.0
1994-04-24,0.0
1994-04-25,0.0
1994-04-26,0.0
1994-04-27,0.0
1994-04-28,0.0
1994-04-29,0.0
1994-04-30,0.0
1994-05-01,2.9149999999999996
1994-05-02,2.6754999999999995
1994-05-03,2.680999999999999
1994-05-04,2.6864999999999997
1994-05-05,2.6920000000000006
1994-05-06,2.6975
1994-05-07,2.703
1994-05-08,2.7085
1994-05-09,2.7140000000000004
1994-05-10,2.7194999999999996
1994-05-11,2.725
1994-05-12,2.7304999999999993
1994-05-13,2.7359999999999993
1994-05-14,2.7415
1994-05-15,2.747
1994-05-16,2.7525
1994-05-17,2.8475
1994-05-18,3.0709999999999997
1994-05-19,214.29174999999995
1994-05-20,8.927364463791067
1994-05-21,37.764361409061614
1994-05-22,18.59995698472903
1994-05-23,34.34381179361843
1994-05-24,39.641720685873715
1994-05-25,45.2894433433138
1994-05-26,55.8405950505615
1994-05-27,73.08486864911302
1994-05-28,67.90208899575414
1994-05-29,169.39092617855016
1994-05-30,304.8164436892647
1994-05-31,451.01491520522524
1994-06-01,674.1522608630859
1994-06-02,884.8958294023801
1994-06-03,1192.3082359932073
1994-06-04,1602.2773385648509
1994-06-05,1614.4977198522693
1994-06-06,1975.218537293863
1994-06-07,2543.4232259105643
1994-06-08,4144.054374979405
1994-06-09,5669.271620275111
1994-06-10,6170.572743323675
1994-06-11,6105.378828660118
1994-06-12,5813.076211089411
1994-06-13,5532.017384210584
1994-06-14,5249.083163662568
1994-06-15,4427.6543139919
1994-06-16,4135.170994461484
1994-06-17,3161.361774813261
1994-06-18,2707.937453650279
1994-06-19,2438.646334043755
1994-06-20,2168.0551987883446
1994-06-21,1918.1317738501468
1994-06-22,1741.4560014887973
1994-06-23,1420.3633101080006
1994-06-24,1242.2128927045849
1994-06-25,946.474481785399
1994-06-26,819.1130870681164
1994-06-27,595.3099982662782
1994-06-28,550.3843794213954
1994-06-29,533.9907967627265
1994-06-30,507.55832459412926
1994-07-01,492.13067735136315
1994-07-02,481.98011548309205
1994-07-03,318.2045482005787
1994-07-04,294.3707439260715
1994-07-05,283.59219537870626
1994-07-06,399.7541192726733
1994-07-07,383.88893062899103
1994-07-08,240.389734516295
1994-07-09,219.4041606663029
1994-07-10,203.35146054882497
1994-07-11,192.30772952278403
1994-07-12,176.74645622928378
1994-07-13,173.2065083478037
1994-07-14,175.31429569681308
1994-07-15,190.6048012865367
1994-07-16,205.8361699718959
1994-07-17,260.1696387223985
1994-07-18,254.7239140638057
1994-07-19,249.64350467286008
1994-07-20,194.4680574815728
1994-07-21,251.99048302136327
1994-07-22,379.06697355644144
1994-07-23,493.4332021333389
1994-07-24,646.441784146289
1994-07-25,561.5292544891203
1994-07-26,482.72342151811125
1994-07-27,456.1231711915734
1994-07-28,396.5270957493183
1994-07-29,375.9356404830452
1994-07-30,354.01529264586776
1994-07-31,273.4326950218816
1994-08-01,251.22838387849302
1994-08-02,174.57757530509164
1994-08-03,170.93421647200114
1994-08-04,179.2582120459326
1994-08-05,249.25497786156328
1994-08-06,346.7781764332952
1994-08-07,505.0985163424499
1994-08-08,634.7884199677909
1994-08-09,678.3170954618923
1994-08-10,677.6404450741027
1994-08-11,662.005892973478
1994-08-12,666.6723137353875
1994-08-13,825.7915251923548
1994-08-14,1062.3691956495409
1994-08-15,1059.9742128262424
1994-08-16,1004.2482970478188
1994-08-17,824.2514141025855
1994-08-18,811.1474938792588
1994-08-19,778.999864556932
1994-08-20,732.895401831936
1994-08-21,644.1959245594638
1994-08-22,615.3209356025328
1994-08-23,603.3651826399114
1994-08-24,552.5802585754151
1994-08-25,518.2393192537047
1994-08-26,427.93767086200376
1994-08-27,340.9525739712241
1994-08-28,335.65109650945004
1994-08-29,499.01106616162315
1994-08-30,690.531202148797
1994-08-31,962.3013139936477
1994-09-01,948.745402030332
1994-09-02,952.1355709272382
1994-09-03,987.0977148565089
1994-09-04,921.4065552501853
1994-09-05,696.309687341683
1994-09-06,589.2289401469507
1994-09-07,567.8261535145379
1994-09-08,568.0981141167497
1994-09-09,616.0032224194885
1994-09-10,651.1927370991086
1994-09-11,674.2073694923902
1994-09-12,763.3692543833098
1994-09-13,844.9839643186592
1994-09-14,1212.9509323536815
1994-09-15,1207.16023240458
1994-09-16,1141.465561524139
1994-09-17,729.98107515941
1994-09-18,661.351685473905
1994-09-19,596.274475074718
1994-09-20,539.6124972310324
1994-09-21,505.86622113226053
1994-09-22,469.7341027207942
1994-09-23,426.22787794371106
1994-09-24,397.4871167546192
1994-09-25,361.2286518140762
1994-09-26,337.7231394046798
1994-09-27,320.21820916320706
1994-09-28,296.3011518530704
1994-09-29,281.26438937143973
1994-09-30,259.69091580502214
1994-10-01,307.421875
1994-10-02,331.640625
1994-10-03,353.53125
1994-10-04,332.796875
1994-10-05,303.875
1994-10-06,276.515625
1994-10-07,251.125
1994-10-08,227.546875
1994-10-09,205.84375
1994-10-10,185.75
1994-10-11,167.234375
1994-10-12,150.0
1994-10-13,134.09375
1994-10-14,119.40625
1994-10-15,105.921875
1994-10-16,93.453125
1994-10-17,81.875
1994-10-18,71.1875
1994-10-19,61.390625
1994-10-20,52.4375
1994-10-21,44.234375
1994-10-22,36.734375
1994-10-23,30.078125
1994-10-24,24.3125
1994-10-25,19.34375
1994-10-26,15.109375
1994-10-27,11.625
1994-10-28,8.828125
1994-10-29,6.609375
1994-10-30,4.984375
1994-10-31,3.828125
1994-11-01,2.984375
1994-11-02,2.359375
1994-11-03,1.890625
1994-11-04,1.53125
1994-11-05,1.265625
1994-11-06,1.03125
1994-11-07,0.875
1994-11-08,0.734375
1994-11-09,0.609375
1994-11-10,0.515625
1994-11-11,0.4375
1994-11-12,0.375
1994-11-13,0.328125
1994-11-14,0.28125
1994-11-15,0.25
1994-11-16,0.21875
1994-11-17,0.203125
1994-11-18,0.1875
1994-11-19,0.15625
1994-11-20,0.140625
1994-11-21,0.125
1994-11-22,0.109375
1994-11-23,0.109375
1994-11-24,0.09375
1994-11-25,0.078125
1994-11-26,0.06249999999999999
1994-11-27,0.06249999999999999
1994-11-28,0.046875
1994-11-29,0.03125
1994-11-30,0.03125
1994-12-01,0.015625
1994-12-02,0.015625
1994-12-03,0.015625
1994-12-04,0.015625
1994-12-05,0.015625
1994-12-06,0.015625
1994-12-07,0.0
1994-12-08,0.0
1994-12-09,0.0
1994-12-10,0.0
1994-12-11,0.0
1994-12-12,0.0
1994-12-13,0.0
1994-12-14,0.0
1994-12-15,0.0
1994-12-16,0.0
1994-12-17,0.0
1994-12-18,0.0
1994-12-19,0.0
1994-12-20,0.0
1994-12-21,0.0
1994-12-22,0.0
1994-12-23,0.0
1994-12-24,0.0
1994-12-25,0.0
1994-12-26,0.0
1994-12-27,0.0
1994-12-28,0.0
1994-12-29,0.0
1994-12-30,0.0
1994-12-31,0.0
1995-01-01,0.0
1995-01-02,0.0
1995-01-03,0.0
1995-01-04,0.0
1995-01-05,0.0
1995-01-06,0.0
1995-01-07,0.0
1995-01-08,0.0
1995-01-09,0.0
1995-01-10,0.0
1995-01-11,0.0
1995-01-12,0.0
1995-01-13,0.0
1995-01-14,0.0
1995-01-15,0.0
1995-01-16,0.0
1995-01-17,0.0
1995-01-18,0.0
1995-01-19,0.0
1995-01-20,0.0
1995-01-21,0.0
1995-01-22,0.0
1995-01-23,0.0
1995-01-24,0.0
1995-01-25,0.0
1995-01-26,0.0
1995-01-27,0.0
1995-01-28,0.0
1995-01-29,0.0
1995-01-30,0.0
1995-01-31,0.0
1995-02-01,0.0
1995-02-02,0.0
1995-02-03,0.0
1995-02-04,0.0
1995-02-05,0.0
1995-02-06,0.0
1995-02-07,0.0
1995-02-08,0.0
1995-02-09,0.0
1995-02-10,0.0
1995-02-11,0.0
1995-02-12,0.0
1995-02-13,0.0
1995-02-14,0.0
1995-02-15,0.0
1995-02-16,0.0
1995-02-17,0.0
1995-02-18,0.0
1995-02-19,0.0
1995-02-20,0.0
1995-02-21,0.0
1995-02-22,0.0
1995-02-23,0.0
1995-02-24,0.0
1995-02-25,0.0
1995-02-26,0.0
1995-02-27,0.0
1995-02-28,0.0
1995-03-01,0.0
1995-03-02,0.0
1995-03-03,0.0
1995-03-04,0.0
1995-03-05,0.0
1995-03-06,0.0
1995-03-07,0.0
1995-03-08,0.0
1995-03-09,0.0
1995-03-10,0.0
1995-03-11,0.0
1995-03-12,0.0
1995-03-13,0.0
1995-03-14,0.0
1995-03-15,0.0
1995-03-16,0.0
1995-03-17,0.0
1995-03-18,0.0
1995-03-19,0.0
1995-03-20,0.0
1995-03-21,0.0
1995-03-22,0.0
1995-03-23,0.0
1995-03-24,0.0
1995-03-25,0.0
1995-03-26,0.0
1995-03-27,0.0
1995-03-28,0.0
1995-03-29,0.0
1995-03-30,0.0
1995-03-31,0.0
1995-04-01,0.0
1995-04-02,0.0
1995-04-03,0.0
1995-04-04,0.0
1995-04-05,0.0
1995-04-06,0.0
1995-04-07,0.0
1995-04-08,0.0
1995-04-09,0.0
1995-04-10,0.0
1995-04-11,0.0
1995-04-12,0.0
1995-04-13,0.0
1995-04-14,0.0
1995-04-15,0.0
1995-04-16,0.0
1995-04-17,0.0
1995-04-18,0.0
1995-04-19,0.0
1995-04-20,0.0
1995-04-21,0.0
1995-04-22,0.0
1995-04-23,0.0
1995-04-24,0.0
1995-04-25,0.0
1995-04-26,0.0
1995-04-27,0.0
1995-04-28,0.0
1995-04-29,0.0
1995-04-30,0.0
1995-05-01,2.9149999999999996
1995-05-02,2.6754999999999995
1995-05-03,2.6809999999999996
1995-05-04,2.6865
1995-05-05,2.6920000000000006
1995-05-06,2.6975
1995-05-07,2.7029999999999994
1995-05-08,2.7085
1995-05-09,2.7140000000000004
1995-05-10,18.813636363636355
1995-05-11,262.22272727272724
1995-05-12,35.064140630226824
1995-05-13,140.2403340456642
1995-05-14,44.87651524317584
1995-05-15,39.025875978120226
1995-05-16,41.760092299898155
1995-05-17,48.5827123093211
1995-05-18,66.35332835165914
1995-05-19,68.3127780994973
1995-05-20,65.42308856298405
1995-05-21,59.272021376857495
1995-05-22,56.04140644514155
1995-05-23,55.698624077849935
1995-05-24,49.47012656676646
1995-05-25,52.54038660848728
1995-05-26,60.453888408963856
1995-05-27,81.11826863337134
1995-05-28,122.111965639772
1995-05-29,207.39175926022338
1995-05-30,356.22551162634437
1995-05-31,559.8042116274883
1995-06-01,1229.1329637117817
1995-06-02,1552.5888458605789
1995-06-03,1673.1945309371813
1995-06-04,1704.706195644978
1995-06-05,1658.8009573235754
1995-06-06,1931.6987349049245
1995-06-07,2408.0304532069204
1995-06-08,2920.173592740787
1995-06-09,3265.994492702408
1995-06-10,4243.2996879580805
1995-06-11,4293.855612326579
1995-06-12,4240.354848538854
1995-06-13,3368.616936032794
1995-06-14,3193.5464175604156
1995-06-15,2771.0924259571866
1995-06-16,2571.3319858420605
1995-06-17,2279.502579803382
1995-06-18,2129.3637432032924
1995-06-19,1992.0733454678686
1995-06-20,2136.1988873307387
1995-06-21,2370.145094555763
1995-06-22,2366.0297503479496
1995-06-23,2188.2106060158435
1995-06-24,1987.7962695515746
1995-06-25,1880.1994685519794
1995-06-26,1818.749032280976
1995-06-27,1678.2692065759845
1995-06-28,1388.2923905799262
1995-06-29,1304.6145083066801
1995-06-30,1233.845800063044
1995-07-01,1129.2259204284749
1995-07-02,1049.1274819914574
1995-07-03,803.9609162267673
1995-07-04,739.8256817307248
1995-07-05,700.6058977259613
1995-07-06,683.6613635823022
1995-07-07,658.5008692636161
1995-07-08,626.9437714699327
1995-07-09,612.9794139377484
1995-07-10,607.2957839176968
1995-07-11,617.8571041070971
1995-07-12,589.6725119312534
1995-07-13,550.242098283039
1995-07-14,534.8941954433093
1995-07-15,536.9636959059272
1995-07-16,521.4034813424369
1995-07-17,504.01269544162943
1995-07-18,476.1989598879204
1995-07-19,415.8514706405863
1995-07-20,400.94890298966817
1995-07-21,410.93838951499737
1995-07-22,480.3022822763575
1995-07-23,480.65640490018615
1995-07-24,446.9520016536415
1995-07-25,390.54509427178306
1995-07-26,377.9574232749128
1995-07-27,364.26323633753884
1995-07-28,351.5900543386609
1995-07-29,268.5045144242309
1995-07-30,353.10449183946565
1995-07-31,429.92609628494523
1995-08-01,509.4625457170292
1995-08-02,528.4355759128659
1995-08-03,495.01538726243325
1995-08-04,435.6991064535339
1995-08-05,418.03161779219624
1995-08-06,409.40497817308494
1995-08-07,355.246929843037
1995-08-08,333.57147649552684
1995-08-09,281.45201355209855
1995-08-10,259.30996788335494
1995-08-11,201.40799552076746
1995-08-12,185.44580775982948
1995-08-13,173.5043026958827
1995-08-14,169.51813029382626
1995-08-15,172.49145404302834
1995-08-16,179.41188984514585
1995-08-17,177.12023839625337
1995-08-18,174.96899181212262
1995-08-19,178.15248575903462
1995-08-20,179.93242234797913
1995-08-21,210.46696396472117
1995-08-22,310.72851210530445
1995-08-23,451.79773735800643
1995-08-24,462.7943010834167
1995-08-25,527.2179492038033
1995-08-26,531.9494063415272
1995-08-27,512.5020437861674
1995-08-28,428.6015172450702
1995-08-29,407.54200950655024
1995-08-30,337.87148692861587
1995-08-31,313.8218848598673
1995-09-01,294.1173274361629
1995-09-02,294.1074732092157
1995-09-03,318.02995082283746
1995-09-04,342.40825298049344
1995-09-05,352.3336333654131
1995-09-06,366.94631545328525
1995-09-07,375.5048960683295
1995-09-08,389.3486245156532
1995-09-09,429.5781475240526
1995-09-10,400.9336400461426
1995-09-11,385.8355707238286
1995-09-12,362.99877643501725
1995-09-13,345.96818501547034
1995-09-14,317.4151702395447
1995-09-15,277.8016331071535
1995-09-16,250.90774419154604
1995-09-17,241.8591541884785
1995-09-18,262.75140820875816
1995-09-19,338.0430696900224
1995-09-20,385.21322493096926
1995-09-21,424.31863237883994
1995-09-22,397.792340504336
1995-09-23,341.4074047371412
1995-09-24,325.60277234626903
1995-09-25,303.4504415639716
1995-09-26,278.8712838710566
1995-09-27,260.95639999594414
1995-09-28,291.1072316161782
1995-09-29,309.9543607731713
1995-09-30,291.24824795518396
1995-10-01,329.0859375
1995-10-02,299.609375
1995-10-03,272.2265625
1995-10-04,247.078125
1995-10-05,223.890625
1995-10-06,202.453125
1995-10-07,182.6328125
1995-10-08,164.4765625
1995-10-09,147.8671875
1995-10-10,132.5703125
1995-10-11,118.3984375
1995-10-12,105.34375
1995-10-13,93.375
1995-10-14,82.3671875
1995-10-15,72.2890625
1995-10-16,63.171875
1995-10-17,54.9375
1995-10-18,47.5234375
1995-10-19,40.9453125
1995-10-20,35.109375
1995-10-21,30.0390625
1995-10-22,25.6015625
1995-10-23,21.734375
1995-10-24,18.3828125
1995-10-25,15.4453125
1995-10-26,12.9140625
1995-10-27,10.7265625
1995-10-28,8.828125
1995-10-29,7.1953125
1995-10-30,5.7890625
1995-10-31,4.59375
1995-11-01,3.625
1995-11-02,2.8203125
1995-11-03,2.171875
1995-11-04,1.671875
1995-11-05,1.3125
1995-11-06,1.046875
1995-11-07,0.84375
1995-11-08,0.6875
1995-11-09,0.5625
1995-11-10,0.46875
1995-11-11,0.390625
1995-11-12,0.328125
1995-11-13,0.2734375
1995-11-14,0.2265625
1995-11-15,0.1953125
1995-11-16,0.171875
1995-11-17,0.1484375
1995-11-18,0.1328125
1995-11-19,0.109375
1995-11-20,0.09375
1995-11-21,0.078125
1995-11-22,0.0703125
1995-11-23,0.05468749999999999
1995-11-24,0.0390625
1995-11-25,0.0234375
1995-11-26,0.015625
1995-11-27,0.015625
1995-11-28,0.0
1995-11-29,0.0
1995-11-30,0.0
1995-12-01,0.0
1995-12-02,0.0
1995-12-03,0.0
1995-12-04,0.0
1995-12-05,0.0
1995-12-06,0.0
1995-12-07,0.0
1995-12-08,0.0
1995-12-09,0.0
1995-12-10,0.0
1995-12-11,0.0
1995-12-12,0.0
1995-12-13,0.0
1995-12-14,0.0
1995-12-15,0.0
1995-12-16,0.0
1995-12-17,0.0
1995-12-18,0.0
1995-12-19,0.0
1995-12-20,0.0
1995-12-21,0.0
1995-12-22,0.0
1995-12-23,0.0
1995-12-24,0.0
1995-12-25,0.0
1995-12-26,0.0
1995-12-27,0.0
1995-12-28,0.0
1995-12-29,0.0
1995-12-30,0.0
1995-12-31,0.0
1996-01-01,0.0
1996-01-02,0.0
1996-01-03,0.0
1996-01-04,0.0
1996-01-05,0.0
1996-01-06,0.0
1996-01-07,0.0
1996-01-08,0.0
1996-01-09,0.0
1996-01-10,0.0
1996-01-11,0.0
1996-01-12,0.0
1996-01-13,0.0
1996-01-14,0.0
1996-01-15,0.0
1996-01-16,0.0
1996-01-17,0.0
1996-01-18,0.0
1996-01-19,0.0
1996-01-20,0.0
1996-01-21,0.0
1996-01-22,0.0
1996-01-23,0.0
1996-01-24,0.0
1996-01-25,0.0
1996-01-26,0.0
1996-01-27,0.0
1996-01-28,0.0
1996-01-29,0.0
1996-01-30,0.0
1996-01-31,0.0
1996-02-01,0.0
1996-02-02,0.0
1996-02-03,0.0
1996-02-04,0.0
1996-02-05,0.0
1996-02-06,0.0
1996-02-07,0.0
1996-02-08,0.0
1996-02-09,0.0
1996-02-10,0.0
1996-02-11,0.0
1996-02-12,0.0
1996-02-13,0.0
1996-02-14,0.0
1996-02-15,0.0
1996-02-16,0.0
1996-02-17,0.0
1996-02-18,0.0
1996-02-19,0.0
1996-02-20,0.0
1996-02-21,0.0
1996-02-22,0.0
1996-02-23,0.0
1996-02-24,0.0
1996-02-25,0.0
1996-02-26,0.0
1996-02-27,0.0
1996-02-28,0.0
1996-02-29,0.0
1996-03-01,0.0
1996-03-02,0.0
1996-03-03,0.0
1996-03-04,0.0
1996-03-05,0.0
1996-03-06,0.0
1996-03-07,0.0
1996-03-08,0.0
1996-03-09,0.0
1996-03-10,0.0
1996-03-11,0.0
1996-03-12,0.0
1996-03-13,0.0
1996-03-14,0.0
1996-03-15,0.0
1996-03-16,0.0
1996-03-17,0.0
1996-03-18,0.0
1996-03-19,0.0
1996-03-20,0.0
1996-03-21,0.0
1996-03-22,0.0
1996-03-23,0.0
1996-03-24,0.0
1996-03-25,0.0
1996-03-26,0.0
1996-03-27,0.0
1996-03-28,0.0
1996-03-29,0.0
1996-03-30,0.0
1996-03-31,0.0
1996-04-01,0.0
1996-04-02,0.0
1996-04-03,0.0
1996-04-04,0.0
1996-04-05,0.0
1996-04-06,0.0
1996-04-07,0.0
1996-04-08,0.0
1996-04-09,0.0
1996-04-10,0.0
1996-04-11,0.0
1996-04-12,0.0
1996-04-13,0.0
1996-04-14,0.0
1996-04-15,0.0
1996-04-16,0.0
1996-04-17,0.0
1996-04-18,0.0
1996-04-19,0.0
1996-04-20,0.0
1996-04-21,0.0
1996-04-22,0.0
1996-04-23,0.0
1996-04-24,0.0
1996-04-25,0.0
1996-04-26,0.0
1996-04-27,0.0
1996-04-28,0.0
1996-04-29,0.0
1996-04-30,0.0
1996-05-01,2.6755
1996-05-02,2.680999999999999
1996-05-03,2.6865
1996-05-04,2.6920000000000006
1996-05-05,2.6975000000000002
1996-05-06,2.703
1996-05-07,2.7085000000000004
1996-05-08,2.7140000000000004
1996-05-09,2.7194999999999996
1996-05-10,2.7249999999999996
1996-05-11,116.17727272727268
1996-05-12,19.357100591715973
1996-05-13,25.087456925885533
1996-05-14,46.02181135541031
1996-05-15,30.034302717269274
1996-05-16,24.162128744380503
1996-05-17,87.27088295091504
1996-05-18,24.96715061576486
1996-05-19,30.23818353783618
1996-05-20,39.35062954994254
1996-05-21,44.19922660975531
1996-05-22,56.19360317053081
1996-05-23,57.61819208737755
1996-05-24,62.20399877456149
1996-05-25,69.21914578992832
1996-05-26,81.80245293825077
1996-05-27,105.4548141097061
1996-05-28,175.76724999739653
1996-05-29,309.98133031372913
1996-05-30,455.22080809066483
1996-05-31,653.9761027664294
1996-06-01,420.0144999017011
1996-06-02,573.5512330162796
1996-06-03,773.9352599754571
1996-06-04,1271.9074826927194
1996-06-05,1727.501876685599
1996-06-06,2227.450366788222
1996-06-07,2930.89515781559
1996-06-08,4179.539175974824
1996-06-09,4501.612411040888
1996-06-10,4577.101396744874
1996-06-11,4465.715800617017
1996-06-12,4648.301655856329
1996-06-13,5490.0298114472325
1996-06-14,5563.458357719946
1996-06-15,5350.127718410174
1996-06-16,5198.366834709348
1996-06-17,5357.023891622596
1996-06-18,5647.059754021269
1996-06-19,5515.693335165724
1996-06-20,5446.09715698374
1996-06-21,5727.16034825487
1996-06-22,5782.7320604669685
1996-06-23,5589.8315576861905
1996-06-24,5215.168837431429
1996-06-25,3626.995664374088
1996-06-26,3093.9685164794437
1996-06-27,2663.163032028744
1996-06-28,2471.5785367023664
1996-06-29,2297.3712385987656
1996-06-30,2130.7230657454297
1996-07-01,1886.5575510944025
1996-07-02,1755.7618091391093
1996-07-03,1696.5738651317427
1996-07-04,1624.5759071429675
1996-07-05,1495.771834025281
1996-07-06,1355.1712807799474
1996-07-07,1267.147152406287
1996-07-08,1152.8480256095443
1996-07-09,1119.5249324197887
1996-07-10,1094.6552423910318
1996-07-11,903.8083282126235
1996-07-12,857.3321398232322
1996-07-13,821.5469898821653
1996-07-14,820.6552206262658
1996-07-15,937.1626543577306
1996-07-16,1142.9841025258559
1996-07-17,1103.265789426563
1996-07-18,890.5569104932226
1996-07-19,721.4212403211478
1996-07-20,701.233963281465
1996-07-21,831.383370456016
1996-07-22,846.6283322368289
1996-07-23,1032.8565240429878
1996-07-24,1510.179978274808
1996-07-25,1892.6202460944132
1996-07-26,1489.2163435627617
1996-07-27,1395.154806652519
1996-07-28,987.0577447172246
1996-07-29,949.1725285823401
1996-07-30,927.6286027927886
1996-07-31,917.9244277253059
1996-08-01,1233.8860376854254
1996-08-02,1260.6695388235883
1996-08-03,1217.0896076592742
1996-08-04,1202.2323940385759
1996-08-05,1192.3037785450217
1996-08-06,1159.7892053704486
1996-08-07,875.557299219142
1996-08-08,1126.8067375893345
1996-08-09,1166.5386623458953
1996-08-10,1105.8410340183623
1996-08-11,851.612995175937
1996-08-12,814.7478845113629
1996-08-13,805.9554693181026
1996-08-14,802.115328811165
1996-08-15,782.9336531071466
1996-08-16,731.1126176699065
1996-08-17,642.625100022661
1996-08-18,579.6238672864795
1996-08-19,497.68116701883696
1996-08-20,396.29365674955
1996-08-21,326.35083429998684
1996-08-22,319.7366705598316
1996-08-23,309.62030179398624
1996-08-24,313.93575834175687
1996-08-25,362.4546675627083
1996-08-26,345.8221508465134
1996-08-27,346.2280405993081
1996-08-28,507.4814459190351
1996-08-29,754.2228140069625
1996-08-30,1091.4877891215558
1996-08-31,1049.9126187779545
1996-09-01,1005.643306908499
1996-09-02,987.6084897361535
1996-09-03,930.9919265752158
1996-09-04,717.9808198818129
1996-09-05,711.0068954254439
1996-09-06,894.6568209034191
1996-09-07,926.9858139738068
1996-09-08,852.1617451802928
1996-09-09,677.383286591915
1996-09-10,615.5892963695335
1996-09-11,587.480312453931
1996-09-12,512.2465153170821
1996-09-13,460.9471457631658
1996-09-14,415.2685506214468
1996-09-15,396.1728345091322
1996-09-16,384.3033818355857
1996-09-17,359.3651850383133
1996-09-18,333.4027057254907
1996-09-19,317.7939131828606
1996-09-20,310.34043988525684
1996-09-21,293.019615255949
1996-09-22,270.37032633672743
1996-09-23,246.01658049356772
1996-09-24,226.61513189488502
1996-09-25,199.695225861807
1996-09-26,187.83114599988343
1996-09-27,177.40491094196284
1996-09-28,161.7894443192517
1996-09-29,173.2982165258818
1996-09-30,208.51140315210714
1996-10-01,260.28125
1996-10-02,250.875
1996-10-03,239.859375
1996-10-04,226.359375
1996-10-05,207.96875
1996-10-06,188.921875
1996-10-07,171.203125
1996-10-08,154.171875
1996-10-09,138.25
1996-10-10,123.5
1996-10-11,109.734375
1996-10-12,96.953125
1996-10-13,85.140625
1996-10-14,74.265625
1996-10-15,64.34375
1996-10-16,55.40625
1996-10-17,47.25
1996-10-18,39.8125
1996-10-19,33.046875
1996-10-20,27.078125
1996-10-21,21.90625
1996-10-22,17.515625
1996-10-23,13.875
1996-10-24,10.890625
1996-10-25,8.515625
1996-10-26,6.671875
1996-10-27,5.234375
1996-10-28,4.09375
1996-10-29,3.234375
1996-10-30,2.59375
1996-10-31,2.078125
1996-11-01,1.6875
1996-11-02,1.375
1996-11-03,1.140625
1996-11-04,0.921875
1996-11-05,0.765625
1996-11-06,0.65625
1996-11-07,0.546875
1996-11-08,0.46875
1996-11-09,0.40625
1996-11-10,0.34375
1996-11-11,0.296875
1996-11-12,0.25
1996-11-13,0.203125
1996-11-14,0.171875
1996-11-15,0.140625
1996-11-16,0.125
1996-11-17,0.09375
1996-11-18,0.078125
1996-11-19,0.06249999999999999
1996-11-20,0.06249999999999999
1996-11-21,0.046875
1996-11-22,0.03125
1996-11-23,0.015625
1996-11-24,0.015625
1996-11-25,0.015625
1996-11-26,0.015625
1996-11-27,0.015625
1996-11-28,0.0
1996-11-29,0.0
1996-11-30,0.0
1996-12-01,0.0
1996-12-02,0.0
1996-12-03,0.0
1996-12-04,0.0
1996-12-05,0.0
1996-12-06,0.0
1996-12-07,0.0
1996-12-08,0.0
1996-12-09,0.0
1996-12-10,0.0
1996-12-11,0.0
1996-12-12,0.0
1996-12-13,0.0
1996-12-14,0.0
1996-12-15,0.0
1996-12-16,0.0
1996-12-17,0.0
1996-12-18,0.0
1996-12-19,0.0
1996-12-20,0.0
1996-12-21,0.0
1996-12-22,0.0
1996-12-23,0.0
1996-12-24,0.0
1996-12-25,0.0
1996-12-26,0.0
1996-12-27,0.0
1996-12-28,0.0
1996-12-29,0.0
1996-12-30,0.0
1996-12-31,0.0
1997-01-01,0.0
1997-01-02,0.0
1997-01-03,0.0
1997-01-04,0.0
1997-01-05,0.0
1997-01-06,0.0
1997-01-07,0.0
1997-01-08,0.0
1997-01-09,0.0
1997-01-10,0.0
1997-01-11,0.0
1997-01-12,0.0
1997-01-13,0.0
1997-01-14,0.0
1997-01-15,0.0
1997-01-16,0.0
1997-01-17,0.0
1997-01-18,0.0
1997-01-19,0.0
1997-01-20,0.0
1997-01-21,0.0
1997-01-22,0.0
1997-01-23,0.0
1997-01-24,0.0
1997-01-25,0.0
1997-01-26,0.0
1997-01-27,0.0
1997-01-28,0.0
1997-01-29,0.0
1997-01-30,0.0
1997-01-31,0.0
1997-02-01,0.0
1997-02-02,0.0
1997-02-03,0.0
1997-02-04,0.0
1997-02-05,0.0
1997-02-06,0.0
1997-02-07,0.0
1997-02-08,0.0
1997-02-09,0.0
1997-02-10,0.0
1997-02-11,0.0
1997-02-12,0.0
1997-02-13,0.0
1997-02-14,0.0
1997-02-15,0.0
1997-02-16,0.0
1997-02-17,0.0
1997-02-18,0.0
1997-02-19,0.0
1997-02-20,0.0
1997-02-21,0.0
1997-02-22,0.0
1997-02-23,0.0
1997-02-24,0.0
1997-02-25,0.0
1997-02-26,0.0
1997-02-27,0.0
1997-02-28,0.0
1997-03-01,0.0
1997-03-02,0.0
1997-03-03,0.0
1997-03-04,0.0
1997-03-05,0.0
1997-03-06,0.0
1997-03-07,0.0
1997-03-08,0.0
1997-03-09,0.0
1997-03-10,0.0
1997-03-11,0.0
1997-03-12,0.0
1997-03-13,0.0
1997-03-14,0.0
1997-03-15,0.0
1997-03-16,0.0
1997-03-17,0.0
1997-03-18,0.0
1997-03-19,0.0
1997-03-20,0.0
1997-03-21,0.0
1997-03-22,0.0
1997-03-23,0.0
1997-03-24,0.0
1997-03-25,0.0
1997-03-26,0.0
1997-03-27,0.0
1997-03-28,0.0
1997-03-29,0.0
1997-03-30,0.0
1997-03-31,0.0
1997-04-01,0.0
1997-04-02,0.0
1997-04-03,0.0
1997-04-04,0.0
1997-04-05,0.0
1997-04-06,0.0
1997-04-07,0.0
1997-04-08,0.0
1997-04-09,0.0
1997-04-10,0.0
1997-04-11,0.0
1997-04-12,0.0
1997-04-13,0.0
1997-04-14,0.0
1997-04-15,0.0
1997-04-16,0.0
1997-04-17,0.0
1997-04-18,0.0
1997-04-19,0.0
1997-04-20,0.0
1997-04-21,0.0
1997-04-22,0.0
1997-04-23,0.0
1997-04-24,0.0
1997-04-25,0.0
1997-04-26,0.0
1997-04-27,0.0
1997-04-28,0.0
1997-04-29,0.0
1997-04-30,0.0
1997-05-01,2.915
1997-05-02,2.6755
1997-05-03,2.681
1997-05-04,2.6865
1997-05-05,2.6920000000000006
1997-05-06,2.6975
1997-05-07,2.703
1997-05-08,34.86090909090908
1997-05-09,91.66484848484845
1997-05-10,22.97847193202397
1997-05-11,57.42179997512143
1997-05-12,59.55328895849651
1997-05-13,53.35562130177515
1997-05-14,44.77231107556984
1997-05-15,36.59613714492493
1997-05-16,30.677860152957713
1997-05-17,14.852893214097886
1997-05-18,49.79319306930694
1997-05-19,22.836112042938613
1997-05-20,449.25603448275865
1997-05-21,65.55405405405403
1997-05-22,20.17638731596829
1997-05-23,9.489301524840137
1997-05-24,404.4186206896552
1997-05-25,180.91220253164562
1997-05-26,138.75645489199496
1997-05-27,64.37598991532684
1997-05-28,13.206442697677756
1997-05-29,28.291200378337383
1997-05-30,88.56913322315846
1997-05-31,590.0443465077155
1997-06-01,1451.5545155190323
1997-06-02,1873.1580471159182
1997-06-03,1938.4287995333216
1997-06-04,1806.1932747567926
1997-06-05,1640.7375866987
1997-06-06,1463.5467387795195
1997-06-07,1655.010070936879
1997-06-08,1765.7520548827572
1997-06-09,2054.622646104934
1997-06-10,2395.4072868278276
1997-06-11,3206.21666021726
1997-06-12,5234.025548409904
1997-06-13,6235.464130225399
1997-06-14,7030.6704928124855
1997-06-15,7534.411705646792
1997-06-16,7699.559278524673
1997-06-17,7597.604090246899
1997-06-18,7403.835144886089
1997-06-19,7115.517190742869
1997-06-20,6618.278854245207
1997-06-21,6161.383162741332
1997-06-22,5757.899557733307
1997-06-23,5567.618017359901
1997-06-24,5403.835308333
1997-06-25,5007.5474277340745
1997-06-26,3478.2490530570435
1997-06-27,2959.33550427727
1997-06-28,2562.6685178794437
1997-06-29,2408.4477931023926
1997-06-30,2281.288849652879
1997-07-01,2147.2446028770564
1997-07-02,1915.5811424189926
1997-07-03,1794.486975610428
1997-07-04,1856.3257633621638
1997-07-05,1820.3327230462146
1997-07-06,1793.6184607661962
1997-07-07,1738.4131776600514
1997-07-08,1638.7344307566348
1997-07-09,1501.3153111917482
1997-07-10,1194.879220570683
1997-07-11,1119.622097793192
1997-07-12,891.5103317758065
1997-07-13,829.0386246303611
1997-07-14,667.888680813463
1997-07-15,653.6002443128923
1997-07-16,745.5825020280672
1997-07-17,734.9322460413314
1997-07-18,622.2280946441176
1997-07-19,588.9045996770863
1997-07-20,506.4396485195726
1997-07-21,479.71730360934185
1997-07-22,472.217125255185
1997-07-23,463.6069544685755
1997-07-24,486.7729535852589
1997-07-25,563.1332263400693
1997-07-26,649.5961996274037
1997-07-27,791.5568801386045
1997-07-28,967.9869422683812
1997-07-29,1352.2966375426672
1997-07-30,1315.207143910876
1997-07-31,1306.3204896443337
1997-08-01,1368.990052860384
1997-08-02,1910.014556496722
1997-08-03,1906.6939311692545
1997-08-04,1297.4230747612414
1997-08-05,1244.622706839127
1997-08-06,1201.8048869549054
1997-08-07,1150.5851588783853
1997-08-08,833.5087297058011
1997-08-09,677.7104875138367
1997-08-10,629.9978255508561
1997-08-11,569.3890259144473
1997-08-12,515.010889149393
1997-08-13,503.8792912294595
1997-08-14,497.61384697158326
1997-08-15,405.7126713892763
1997-08-16,336.5709405348777
1997-08-17,331.9096722422366
1997-08-18,401.7263960853584
1997-08-19,397.03102091910563
1997-08-20,328.9144573928826
1997-08-21,305.7262756129062
1997-08-22,276.1955090172793
1997-08-23,264.79186877262504
1997-08-24,267.070195404937
1997-08-25,280.6341761855348
1997-08-26,315.8025670342431
1997-08-27,520.4517823914715
1997-08-28,720.2768894860179
1997-08-29,991.5721768698535
1997-08-30,1042.5690822150202
1997-08-31,983.7091182975374
1997-09-01,732.5975494161762
1997-09-02,604.7916649488993
1997-09-03,698.8401772439706
1997-09-04,728.8095153637888
1997-09-05,726.760785855139
1997-09-06,694.9967995752377
1997-09-07,652.2415295790532
1997-09-08,559.1751945201111
1997-09-09,476.9886539345892
1997-09-10,443.25837518628
1997-09-11,444.5146531015236
1997-09-12,499.4350539811066
1997-09-13,625.5912439044863
1997-09-14,746.4709812485205
1997-09-15,723.434206744403
1997-09-16,593.8532694308676
1997-09-17,561.1229761646564
1997-09-18,514.8869384289376
1997-09-19,467.9210971184496
1997-09-20,427.61990243084426
1997-09-21,378.513015017415
1997-09-22,352.389988900568
1997-09-23,320.80571212466293
1997-09-24,299.26204179855534
1997-09-25,260.07553837416646
1997-09-26,230.0349592363018
1997-09-27,215.2927170842695
1997-09-28,199.10012770139124
1997-09-29,181.24235592943094
1997-09-30,167.5054092461024
1997-10-01,195.765625
1997-10-02,184.6875
1997-10-03,236.875
1997-10-04,361.953125
1997-10-05,389.2734375
1997-10-06,363.9296875
1997-10-07,332.375
1997-10-08,302.46875
1997-10-09,274.84375
1997-10-10,249.4140625
1997-10-11,225.84375
1997-10-12,204.2421875
1997-10-13,184.453125
1997-10-14,166.1328125
1997-10-15,149.2109375
1997-10-16,133.6640625
1997-10-17,119.2734375
1997-10-18,106.0546875
1997-10-19,93.953125
1997-10-20,82.890625
1997-10-21,72.78125
1997-10-22,63.4375
1997-10-23,54.84375
1997-10-24,47.0859375
1997-10-25,40.0
1997-10-26,33.59375
1997-10-27,27.8359375
1997-10-28,22.71875
1997-10-29,18.234375
1997-10-30,14.3828125
1997-10-31,11.21875
1997-11-01,8.7109375
1997-11-02,6.765625
1997-11-03,5.2734375
1997-11-04,4.1171875
1997-11-05,3.2265625
1997-11-06,2.546875
1997-11-07,2.03125
1997-11-08,1.640625
1997-11-09,1.34375
1997-11-10,1.125
1997-11-11,0.9296875
1997-11-12,0.78125
1997-11-13,0.6640625
1997-11-14,0.5625
1997-11-15,0.46875
1997-11-16,0.3984375
1997-11-17,0.34375
1997-11-18,0.3046875
1997-11-19,0.265625
1997-11-20,0.21875
1997-11-21,0.1796875
1997-11-22,0.1484375
1997-11-23,0.1328125
1997-11-24,0.11718750000000001
1997-11-25,0.1015625
1997-11-26,0.09375
1997-11-27,0.078125
1997-11-28,0.0703125
1997-11-29,0.06249999999999999
1997-11-30,0.05468749999999999
1997-12-01,0.046875
1997-12-02,0.0390625
1997-12-03,0.03125
1997-12-04,0.0234375
1997-12-05,0.0234375
1997-12-06,0.015625
1997-12-07,0.015625
1997-12-08,0.007812500000000002
1997-12-09,0.007812500000000002
1997-12-10,0.007812500000000002
1997-12-11,0.007812500000000002
1997-12-12,0.0
1997-12-13,0.0
1997-12-14,0.0
1997-12-15,0.0
1997-12-16,0.0
1997-12-17,0.0
1997-12-18,0.0
1997-12-19,0.0
1997-12-20,0.0
1997-12-21,0.0
1997-12-22,0.0
1997-12-23,0.0
1997-12-24,0.0
1997-12-25,0.0
1997-12-26,0.0
1997-12-27,0.0
1997-12-28,0.0
1997-12-29,0.0
1997-12-30,0.0
1997-12-31,0.0
1998-01-01,0.0
1998-01-02,0.0
1998-01-03,0.0
1998-01-04,0.0
1998-01-05,0.0
1998-01-06,0.0
1998-01-07,0.0
1998-01-08,0.0
1998-01-09,0.0
1998-01-10,0.0
1998-01-11,0.0
1998-01-12,0.0
1998-01-13,0.0
1998-01-14,0.0
1998-01-15,0.0
1998-01-16,0.0
1998-01-17,0.0
1998-01-18,0.0
1998-01-19,0.0
1998-01-20,0.0
1998-01-21,0.0
1998-01-22,0.0
1998-01-23,0.0
1998-01-24,0.0
1998-01-25,0.0
1998-01-26,0.0
1998-01-27,0.0
1998-01-28,0.0
1998-01-29,0.0
1998-01-30,0.0
1998-01-31,0.0
1998-02-01,0.0
1998-02-02,0.0
1998-02-03,0.0
1998-02-04,0.0
1998-02-05,0.0
1998-02-06,0.0
1998-02-07,0.0
1998-02-08,0.0
1998-02-09,0.0
1998-02-10,0.0
1998-02-11,0.0
1998-02-12,0.0
1998-02-13,0.0
1998-02-14,0.0
1998-02-15,0.0
1998-02-16,0.0
1998-02-17,0.0
1998-02-18,0.0
1998-02-19,0.0
1998-02-20,0.0
1998-02-21,0.0
1998-02-22,0.0
1998-02-23,0.0
1998-02-24,0.0
1998-02-25,0.0
1998-02-26,0.0
1998-02-27,0.0
1998-02-28,0.0
1998-03-01,0.0
1998-03-02,0.0
1998-03-03,0.0
1998-03-04,0.0
1998-03-05,0.0
1998-03-06,0.0
1998-03-07,0.0
1998-03-08,0.0
1998-03-09,0.0
1998-03-10,0.0
1998-03-11,0.0
1998-03-12,0.0
1998-03-13,0.0
1998-03-14,0.0
1998-03-15,0.0
1998-03-16,0.0
1998-03-17,0.0
1998-03-18,0.0
1998-03-19,0.0
1998-03-20,0.0
1998-03-21,0.0
1998-03-22,0.0
1998-03-23,0.0
1998-03-24,0.0
1998-03-25,0.0
1998-03-26,0.0
1998-03-27,0.0
1998-03-28,0.0
1998-03-29,0.0
1998-03-30,0.0
1998-03-31,0.0
1998-04-01,0.0
1998-04-02,0.0
1998-04-03,0.0
1998-04-04,0.0
1998-04-05,0.0
1998-04-06,0.0
1998-04-07,0.0
1998-04-08,0.0
1998-04-09,0.0
1998-04-10,0.0
1998-04-11,0.0
1998-04-12,0.0
1998-04-13,0.0
1998-04-14,0.0
1998-04-15,0.0
1998-04-16,0.0
1998-04-17,0.0
1998-04-18,0.0
1998-04-19,0.0
1998-04-20,0.0
1998-04-21,0.0
1998-04-22,0.0
1998-04-23,0.0
1998-04-24,0.0
1998-04-25,0.0
1998-04-26,0.0
1998-04-27,0.0
1998-04-28,0.0
1998-04-29,0.0
1998-04-30,0.0
1998-05-01,2.915
1998-05-02,2.6755
1998-05-03,2.6809999999999996
1998-05-04,2.6864999999999997
1998-05-05,2.6920000000000006
1998-05-06,2.6975000000000002
1998-05-07,2.703
1998-05-08,2.7085
1998-05-09,2.7140000000000004
1998-05-10,2.7194999999999996
1998-05-11,2.7249999999999996
1998-05-12,2.7304999999999997
1998-05-13,2.7359999999999993
1998-05-14,2.7415
1998-05-15,2.747
1998-05-16,2.7524999999999995
1998-05-17,2.8475
1998-05-18,3.0709999999999993
1998-05-19,3.147
1998-05-20,31.604
1998-05-21,20.918918918918916
1998-05-22,52.056342015855044
1998-05-23,117.15395966551893
1998-05-24,12.871269243002931
1998-05-25,32.46140203589044
1998-05-26,24.366233349741197
1998-05-27,32.80560795538976
1998-05-28,43.596237108956906
1998-05-29,71.92339123040634
1998-05-30,95.94511680574541
1998-05-31,143.93047143992231
1998-06-01,221.19907713648098
1998-06-02,419.170523598835
1998-06-03,1255.439187722065
1998-06-04,1695.0781171628312
1998-06-05,1758.2610907297894
1998-06-06,1971.859113951559
1998-06-07,2547.7028825190127
1998-06-08,3148.087585257131
1998-06-09,4228.92164713749
1998-06-10,4206.467562192732
1998-06-11,3378.653892402845
1998-06-12,3366.7989680153087
1998-06-13,3334.2033271115083
1998-06-14,3224.5439808944075
1998-06-15,3270.132976111642
1998-06-16,3236.629234342882
1998-06-17,2809.0919798677373
1998-06-18,2638.0291989708435
1998-06-19,2442.4619363047186
1998-06-20,2240.402708993814
1998-06-21,2130.972357029019
1998-06-22,1893.8725039943351
1998-06-23,1739.1989358709827
1998-06-24,1642.070186175799
1998-06-25,1508.388492118004
1998-06-26,1476.9716595850707
1998-06-27,1681.9001791708336
1998-06-28,1428.3968155146893
1998-06-29,1340.066548287607
1998-06-30,1269.215913212998
1998-07-01,1170.478523155363
1998-07-02,1079.6810700470412
1998-07-03,1014.3671839326628
1998-07-04,967.6137425701322
1998-07-05,931.2841612450295
1998-07-06,1143.6403741806123
1998-07-07,1374.6414010194865
1998-07-08,1677.8480142545422
1998-07-09,1568.628289161859
1998-07-10,1414.7167067706175
1998-07-11,1139.6003331816
1998-07-12,1055.6900039951793
1998-07-13,852.2180065728163
1998-07-14,814.418481647473
1998-07-15,771.3708393228052
1998-07-16,636.5838887024539
1998-07-17,627.4570190404703
1998-07-18,734.5186919700782
1998-07-19,723.5616027564208
1998-07-20,730.056253180162
1998-07-21,1084.1606484871852
1998-07-22,1984.1088850387707
1998-07-23,2126.78767019607
1998-07-24,2101.1813947658316
1998-07-25,1984.0581716184736
1998-07-26,1530.5666482322408
1998-07-27,1441.6798329422654
1998-07-28,1348.5575502974962
1998-07-29,937.3152241896297
1998-07-30,776.8773027119272
1998-07-31,711.7125085790011
1998-08-01,632.887108030671
1998-08-02,723.9681468341428
1998-08-03,852.3251596330817
1998-08-04,844.2544308146245
1998-08-05,689.8566186338586
1998-08-06,642.1559463735883
1998-08-07,576.3734756027235
1998-08-08,546.5817853733105
1998-08-09,500.02992297561394
1998-08-10,476.81013858655484
1998-08-11,490.82689454678126
1998-08-12,497.33603612284344
1998-08-13,554.8067633886774
1998-08-14,657.5895604836146
1998-08-15,798.0131995174212
1998-08-16,776.5729774858273
1998-08-17,748.482754170386
1998-08-18,745.0479784482867
1998-08-19,804.0725465366079
1998-08-20,1074.6476019922916
1998-08-21,1091.711603184625
1998-08-22,1041.134438262993
1998-08-23,1003.9133046525625
1998-08-24,947.7388764271659
1998-08-25,768.269998742163
1998-08-26,720.1529768584635
1998-08-27,697.7835568691463
1998-08-28,691.3051863719854
1998-08-29,609.350612411594
1998-08-30,579.6446674378574
1998-08-31,488.9194477795711
1998-09-01,412.71742486232955
1998-09-02,417.2314802281402
1998-09-03,506.73393080757495
1998-09-04,602.4255012774968
1998-09-05,591.243373202119
1998-09-06,490.9187075179856
1998-09-07,410.5835171300022
1998-09-08,387.74921352583385
1998-09-09,373.36158415304504
1998-09-10,370.297003357925
1998-09-11,365.28382313296044
1998-09-12,352.5029989629859
1998-09-13,375.63565808943537
1998-09-14,426.78217531155343
1998-09-15,509.31654144116044
1998-09-16,548.2894977619771
1998-09-17,556.2924993585863
1998-09-18,524.0379995532497
1998-09-19,486.12784630015585
1998-09-20,450.37611531489716
1998-09-21,435.6947214469449
1998-09-22,464.36128574625803
1998-09-23,547.897897400481
1998-09-24,737.2296271130541
1998-09-25,755.5317633953013
1998-09-26,737.0016356954517
1998-09-27,696.7263635708451
1998-09-28,610.9313377458914
1998-09-29,563.8711653282141
1998-09-30,500.56165889906976
1998-10-01,583.328125
1998-10-02,573.703125
1998-10-03,571.9140625
1998-10-04,539.7734375
1998-10-05,500.5703125
1998-10-06,465.65625
1998-10-07,437.5625
1998-10-08,414.6484375
1998-10-09,386.8203125
1998-10-10,353.65625
1998-10-11,322.1328125
1998-10-12,292.8125
1998-10-13,266.0390625
1998-10-14,241.59375
1998-10-15,218.8203125
1998-10-16,197.7265625
1998-10-17,178.34375
1998-10-18,160.5390625
1998-10-19,144.234375
1998-10-20,129.3046875
1998-10-21,115.546875
1998-10-22,102.875
1998-10-23,91.28125
1998-10-24,80.703125
1998-10-25,71.09375
1998-10-26,62.3125
1998-10-27,54.40625
1998-10-28,47.34375
1998-10-29,40.9765625
1998-10-30,35.3125
1998-10-31,30.2578125
1998-11-01,25.7734375
1998-11-02,21.8203125
1998-11-03,18.3359375
1998-11-04,15.265625
1998-11-05,12.5859375
1998-11-06,10.25
1998-11-07,8.203125
1998-11-08,6.4453125
1998-11-09,5.015625
1998-11-10,3.8984375
1998-11-11,3.0390625
1998-11-12,2.390625
1998-11-13,1.8984375
1998-11-14,1.515625
1998-11-15,1.21875
1998-11-16,0.96875
1998-11-17,0.765625
1998-11-18,0.625
1998-11-19,0.515625
1998-11-20,0.4375
1998-11-21,0.375
1998-11-22,0.328125
1998-11-23,0.28125
1998-11-24,0.25
1998-11-25,0.21875
1998-11-26,0.1875
1998-11-27,0.171875
1998-11-28,0.15625
1998-11-29,0.125
1998-11-30,0.109375
1998-12-01,0.09375
1998-12-02,0.078125
1998-12-03,0.078125
1998-12-04,0.06249999999999999
1998-12-05,0.046875
1998-12-06,0.046875
1998-12-07,0.03125
1998-12-08,0.03125
1998-12-09,0.03125
1998-12-10,0.03125
1998-12-11,0.03125
1998-12-12,0.015625
1998-12-13,0.015625
1998-12-14,0.015625
1998-12-15,0.015625
1998-12-16,0.015625
1998-12-17,0.0
1998-12-18,0.0
1998-12-19,0.0
1998-12-20,0.0
1998-12-21,0.0
1998-12-22,0.0
1998-12-23,0.0
1998-12-24,0.0
1998-12-25,0.0
1998-12-26,0.0
1998-12-27,0.0
1998-12-28,0.0
1998-12-29,0.0
1998-12-30,0.0
1998-12-31,0.0
1999-01-01,0.0
1999-01-02,0.0
1999-01-03,0.0
1999-01-04,0.0
1999-01-05,0.0
1999-01-06,0.0
1999-01-07,0.0
1999-01-08,0.0
1999-01-09,0.0
1999-01-10,0.0
1999-01-11,0.0
1999-01-12,0.0
1999-01-13,0.0
1999-01-14,0.0
1999-01-15,0.0
1999-01-16,0.0
1999-01-17,0.0
1999-01-18,0.0
1999-01-19,0.0
1999-01-20,0.0
1999-01-21,0.0
1999-01-22,0.0
1999-01-23,0.0
1999-01-24,0.0
1999-01-25,0.0
1999-01-26,0.0
1999-01-27,0.0
1999-01-28,0.0
1999-01-29,0.0
1999-01-30,0.0
1999-01-31,0.0
1999-02-01,0.0
1999-02-02,0.0
1999-02-03,0.0
1999-02-04,0.0
1999-02-05,0.0
1999-02-06,0.0
1999-02-07,0.0
1999-02-08,0.0
1999-02-09,0.0
1999-02-10,0.0
1999-02-11,0.0
1999-02-12,0.0
1999-02-13,0.0
1999-02-14,0.0
1999-02-15,0.0
1999-02-16,0.0
1999-02-17,0.0
1999-02-18,0.0
1999-02-19,0.0
1999-02-20,0.0
1999-02-21,0.0
1999-02-22,0.0
1999-02-23,0.0
1999-02-24,0.0
1999-02-25,0.0
1999-02-26,0.0
1999-02-27,0.0
1999-02-28,0.0
1999-03-01,0.0
1999-03-02,0.0
1999-03-03,0.0
1999-03-04,0.0
1999-03-05,0.0
1999-03-06,0.0
1999-03-07,0.0
1999-03-08,0.0
1999-03-09,0.0
1999-03-10,0.0
1999-03-11,0.0
1999-03-12,0.0
1999-03-13,0.0
1999-03-14,0.0
1999-03-15,0.0
1999-03-16,0.0
1999-03-17,0.0
1999-03-18,0.0
1999-03-19,0.0
1999-03-20,0.0
1999-03-21,0.0
1999-03-22,0.0
1999-03-23,0.0
1999-03-24,0.0
1999-03-25,0.0
1999-03-26,0.0
1999-03-27,0.0
1999-03-28,0.0
1999-03-29,0.0
1999-03-30,0.0
1999-03-31,0.0
1999-04-01,0.0
1999-04-02,0.0
1999-04-03,0.0
1999-04-04,0.0
1999-04-05,0.0
1999-04-06,0.0
1999-04-07,0.0
1999-04-08,0.0
1999-04-09,0.0
1999-04-10,0.0
1999-04-11,0.0
1999-04-12,0.0
1999-04-13,0.0
1999-04-14,0.0
1999-04-15,0.0
1999-04-16,0.0
1999-04-17,0.0
1999-04-18,0.0
1999-04-19,0.0
1999-04-20,0.0
1999-04-21,0.0
1999-04-22,0.0
1999-04-23,0.0
1999-04-24,0.0
1999-04-25,0.0
1999-04-26,0.0
1999-04-27,0.0
1999-04-28,0.0
1999-04-29,0.0
1999-04-30,0.0
1999-05-01,2.9149999999999996
1999-05-02,2.6754999999999995
1999-05-03,2.6809999999999996
1999-05-04,2.6864999999999997
1999-05-05,2.692
1999-05-06,2.6975000000000002
1999-05-07,2.703
1999-05-08,2.7085
1999-05-09,2.714
1999-05-10,2.7194999999999996
1999-05-11,2.725
1999-05-12,2.7304999999999993
1999-05-13,2.7359999999999993
1999-05-14,2.7414999999999994
1999-05-15,2.7470000000000008
1999-05-16,2.7524999999999995
1999-05-17,2.8475
1999-05-18,65.56624999999997
1999-05-19,191.29799999999997
1999-05-20,11.980193905817185
1999-05-21,16.193263583611746
1999-05-22,11.694841634125737
1999-05-23,14.036410249435576
1999-05-24,18.058219037210122
1999-05-25,17.54562381677979
1999-05-26,21.731539046841366
1999-05-27,37.40999963502603
1999-05-28,32.26499826519747
1999-05-29,42.30609975370612
1999-05-30,41.93323588785535
1999-05-31,46.65823516680579
1999-06-01,52.749076871027775
1999-06-02,65.10808078435059
1999-06-03,109.64467418196698
1999-06-04,172.44374573290077
1999-06-05,93.44460455480247
1999-06-06,99.75675055291704
1999-06-07,125.86175579365849
1999-06-08,72.73509090499216
1999-06-09,76.7207833207334
1999-06-10,101.26578937315313
1999-06-11,158.67274111614915
1999-06-12,265.33249452954055
1999-06-13,467.49382687259583
1999-06-14,863.7066748912108
1999-06-15,1710.0534594073356
1999-06-16,2539.5347538425126
1999-06-17,4463.754401789004
1999-06-18,6535.097612230994
1999-06-19,7533.338760564147
1999-06-20,7536.433653921087
1999-06-21,7346.983964913934
1999-06-22,7147.504219503881
1999-06-23,6864.998771381011
1999-06-24,6419.980677985216
1999-06-25,5858.481579986134
1999-06-26,5311.4393357622575
1999-06-27,4651.050663368257
1999-06-28,3132.612011547363
1999-06-29,2855.6736590411097
1999-06-30,2637.574392154954
1999-07-01,2427.894589720505
1999-07-02,2244.505733284923
1999-07-03,2108.225477713896
1999-07-04,1956.607863833539
1999-07-05,1796.941982769013
1999-07-06,1692.191943271203
1999-07-07,1614.8380520912428
1999-07-08,1288.8921724241218
1999-07-09,1183.458760091039
1999-07-10,1171.674052675898
1999-07-11,1330.8252914306515
1999-07-12,1116.452255172206
1999-07-13,1016.8064320082228
1999-07-14,842.643790090704
1999-07-15,786.4429100294603
1999-07-16,646.3357083482465
1999-07-17,611.0593083371078
1999-07-18,591.8434640694962
1999-07-19,574.4125442495889
1999-07-20,595.566910812948
1999-07-21,714.6438116104682
1999-07-22,710.4610247826743
1999-07-23,691.4849691675231
1999-07-24,794.7006533659267
1999-07-25,820.3958990506927
1999-07-26,979.0334673444878
1999-07-27,1334.480491704618
1999-07-28,970.9693965597562
1999-07-29,908.4607986629034
1999-07-30,764.9303492742249
1999-07-31,707.4808770451276
1999-08-01,600.7605296209991
1999-08-02,581.0398665383473
1999-08-03,570.9370802214321
1999-08-04,564.6801817429844
1999-08-05,530.700080352152
1999-08-06,524.7904439350672
1999-08-07,548.2168079431765
1999-08-08,596.924712959232
1999-08-09,655.8505429129957
1999-08-10,660.5456762643355
1999-08-11,634.1082659597164
1999-08-12,577.4019706765101
1999-08-13,578.6528007008166
1999-08-14,619.6074960772258
1999-08-15,624.8508492185903
1999-08-16,597.0746630031218
1999-08-17,582.5113757166471
1999-08-18,631.8680946190601
1999-08-19,953.221602317587
1999-08-20,1126.5646814991153
1999-08-21,1707.2198451366355
1999-08-22,1733.1499165972011
1999-08-23,1633.794318578659
1999-08-24,1086.454595260411
1999-08-25,1039.3963670804264
1999-08-26,1013.6024970398161
1999-08-27,980.9578946513957
1999-08-28,917.5427828288753
1999-08-29,718.4939241424509
1999-08-30,611.0799176131475
1999-08-31,572.5638588192722
1999-09-01,415.4006690734645
1999-09-02,355.9149772307141
1999-09-03,332.38042992917553
1999-09-04,318.5757486825173
1999-09-05,301.844420964984
1999-09-06,280.57423978792946
1999-09-07,259.427809657163
1999-09-08,245.80195798648515
1999-09-09,237.31027633750168
1999-09-10,225.8320341402193
1999-09-11,226.3265677437061
1999-09-12,290.96692612016585
1999-09-13,362.47220824026317
1999-09-14,378.0896124625924
1999-09-15,373.52362193010725
1999-09-16,388.9734965136232
1999-09-17,444.6971983955166
1999-09-18,475.97508812449064
1999-09-19,457.3842167037341
1999-09-20,428.1894201375766
1999-09-21,381.7384272356965
1999-09-22,353.02191535982195
1999-09-23,318.69824458627517
1999-09-24,280.3899592422175
1999-09-25,260.2152964242017
1999-09-26,231.19796353015107
1999-09-27,217.92025002238614
1999-09-28,202.2095381993375
1999-09-29,184.23784384018887
1999-09-30,170.4804209179724
1999-10-01,199.2578125
1999-10-02,179.6796875
1999-10-03,161.359375
1999-10-04,144.4765625
1999-10-05,129.40625
1999-10-06,115.6875
1999-10-07,102.546875
1999-10-08,90.265625
1999-10-09,79.015625
1999-10-10,68.6953125
1999-10-11,59.296875
1999-10-12,50.7578125
1999-10-13,42.9609375
1999-10-14,35.9296875
1999-10-15,29.609375
1999-10-16,24.0234375
1999-10-17,19.1875
1999-10-18,15.0625
1999-10-19,11.671875
1999-10-20,9.0546875
1999-10-21,7.0859375
1999-10-22,5.5703125
1999-10-23,4.40625
1999-10-24,3.5546875
1999-10-25,2.8984375
1999-10-26,2.359375
1999-10-27,1.9375
1999-10-28,1.6015625
1999-10-29,1.3359375
1999-10-30,1.125
1999-10-31,0.9609375
1999-11-01,0.8203125
1999-11-02,0.703125
1999-11-03,0.6015625
1999-11-04,0.515625
1999-11-05,0.453125
1999-11-06,0.390625
1999-11-07,0.3359375
1999-11-08,0.296875
1999-11-09,0.2578125
1999-11-10,0.21875
1999-11-11,0.1875
1999-11-12,0.1640625
1999-11-13,0.140625
1999-11-14,0.125
1999-11-15,0.1015625
1999-11-16,0.078125
1999-11-17,0.0703125
1999-11-18,0.05468749999999999
1999-11-19,0.046875
1999-11-20,0.0390625
1999-11-21,0.0390625
1999-11-22,0.0390625
1999-11-23,0.03125
1999-11-24,0.0234375
1999-11-25,0.0234375
1999-11-26,0.015625
1999-11-27,0.015625
1999-11-28,0.007812500000000002
1999-11-29,0.007812500000000002
1999-11-30,0.007812500000000002
1999-12-01,0.007812500000000002
1999-12-02,0.0
1999-12-03,0.0
1999-12-04,0.0
1999-12-05,0.0
1999-12-06,0.0
1999-12-07,0.0
1999-12-08,0.0
1999-12-09,0.0
1999-12-10,0.0
1999-12-11,0.0
1999-12-12,0.0
1999-12-13,0.0
1999-12-14,0.0
1999-12-15,0.0
1999-12-16,0.0
1999-12-17,0.0
1999-12-18,0.0
1999-12-19,0.0
1999-12-20,0.0
1999-12-21,0.0
1999-12-22,0.0
1999-12-23,0.0
1999-12-24,0.0
1999-12-25,0.0
1999-12-26,0.0
1999-12-27,0.0
1999-12-28,0.0
1999-12-29,0.0
1999-12-30,0.0
1999-12-31,0.0
2000-01-01,0.0
2000-01-02,0.0
2000-01-03,0.0
2000-01-04,0.0
2000-01-05,0.0
2000-01-06,0.0
2000-01-07,0.0
2000-01-08,0.0
2000-01-09,0.0
2000-01-10,0.0
2000-01-11,0.0
2000-01-12,0.0
2000-01-13,0.0
2000-01-14,0.0
2000-01-15,0.0
2000-01-16,0.0
2000-01-17,0.0
2000-01-18,0.0
2000-01-19,0.0
2000-01-20,0.0
2000-01-21,0.0
2000-01-22,0.0
2000-01-23,0.0
2000-01-24,0.0
2000-01-25,0.0
2000-01-26,0.0
2000-01-27,0.0
2000-01-28,0.0
2000-01-29,0.0
2000-01-30,0.0
2000-01-31,0.0
2000-02-01,0.0
2000-02-02,0.0
2000-02-03,0.0
2000-02-04,0.0
2000-02-05,0.0
2000-02-06,0.0
2000-02-07,0.0
2000-02-08,0.0
2000-02-09,0.0
2000-02-10,0.0
2000-02-11,0.0
2000-02-12,0.0
2000-02-13,0.0
2000-02-14,0.0
2000-02-15,0.0
2000-02-16,0.0
2000-02-17,0.0
2000-02-18,0.0
2000-02-19,0.0
2000-02-20,0.0
2000-02-21,0.0
2000-02-22,0.0
2000-02-23,0.0
2000-02-24,0.0
2000-02-25,0.0
2000-02-26,0.0
2000-02-27,0.0
2000-02-28,0.0
2000-02-29,0.0
2000-03-01,0.0
2000-03-02,0.0
2000-03-03,0.0
2000-03-04,0.0
2000-03-05,0.0
2000-03-06,0.0
2000-03-07,0.0
2000-03-08,0.0
2000-03-09,0.0
2000-03-10,0.0
2000-03-11,0.0
2000-03-12,0.0
2000-03-13,0.0
2000-03-14,0.0
2000-03-15,0.0
2000-03-16,0.0
2000-03-17,0.0
2000-03-18,0.0
2000-03-19,0.0
2000-03-20,0.0
2000-03-21,0.0
2000-03-22,0.0
2000-03-23,0.0
2000-03-24,0.0
2000-03-25,0.0
2000-03-26,0.0
2000-03-27,0.0
2000-03-28,0.0
2000-03-29,0.0
2000-03-30,0.0
2000-03-31,0.0
2000-04-01,0.0
2000-04-02,0.0
2000-04-03,0.0
2000-04-04,0.0
2000-04-05,0.0
2000-04-06,0.0
2000-04-07,0.0
2000-04-08,0.0
2000-04-09,0.0
2000-04-10,0.0
2000-04-11,0.0
2000-04-12,0.0
2000-04-13,0.0
2000-04-14,0.0
2000-04-15,0.0
2000-04-16,0.0
2000-04-17,0.0
2000-04-18,0.0
2000-04-19,0.0
2000-04-20,0.0
2000-04-21,0.0
2000-04-22,0.0
2000-04-23,0.0
2000-04-24,0.0
2000-04-25,0.0
2000-04-26,0.0
2000-04-27,0.0
2000-04-28,0.0
2000-04-29,0.0
2000-04-30,0.0
2000-05-01,2.6755
2000-05-02,2.680999999999999
2000-05-03,2.6864999999999997
2000-05-04,2.6920000000000006
2000-05-05,2.6975
2000-05-06,35.17625
2000-05-07,51.004848484848466
2000-05-08,51.17242424242423
2000-05-09,83.72272727272725
2000-05-10,19.951467844259284
2000-05-11,53.500382016458175
2000-05-12,147.1513676751772
2000-05-13,46.98659669899233
2000-05-14,35.23136508957972
2000-05-15,80.77053021617601
2000-05-16,47.244168447711004
2000-05-17,27.201236930651337
2000-05-18,27.512858294527607
2000-05-19,49.677522568480335
2000-05-20,32.946631495181116
2000-05-21,28.466695343513987
2000-05-22,29.33038069775082
2000-05-23,44.25559837757302
2000-05-24,49.558508958848584
2000-05-25,229.29470202529674
2000-05-26,969.4681577942997
2000-05-27,1461.6124414351293
2000-05-28,1785.5427520712603
2000-05-29,2073.5464894927436
2000-05-30,1861.675430568102
2000-05-31,1774.1521581914487
2000-06-01,1691.170458530329
2000-06-02,1528.7268141131628
2000-06-03,1502.3877528888215
2000-06-04,1384.258914241883
2000-06-05,1323.4850285622415
2000-06-06,1556.8335228470303
2000-06-07,1769.9393151101615
2000-06-08,1984.267981767544
2000-06-09,1892.4696802162348
2000-06-10,1849.6920949018327
2000-06-11,1922.4126879727896
2000-06-12,2051.4404902670854
2000-06-13,2217.650879397572
2000-06-14,2269.1040415437096
2000-06-15,2235.095363418933
2000-06-16,2170.5397717957053
2000-06-17,1998.3827679978579
2000-06-18,1877.1432918228636
2000-06-19,1600.5274097534962
2000-06-20,1446.8835665135143
2000-06-21,1349.5020489886492
2000-06-22,1059.6458220654456
2000-06-23,963.4416317310272
2000-06-24,884.7062250019993
2000-06-25,820.8631183795598
2000-06-26,748.3467592089072
2000-06-27,712.35469714922
2000-06-28,707.4759706296013
2000-06-29,668.1162137860823
2000-06-30,535.2955275238512
2000-07-01,517.2080764370713
2000-07-02,470.0952536349566
2000-07-03,421.99283554160417
2000-07-04,276.2914858114658
2000-07-05,262.9352333693422
2000-07-06,243.988139448254
2000-07-07,221.5005022054984
2000-07-08,204.6641857816822
2000-07-09,188.313959272874
2000-07-10,176.08898684453217
2000-07-11,159.12084775042592
2000-07-12,146.62308129474184
2000-07-13,136.0439893006446
2000-07-14,128.89124972805158
2000-07-15,118.3317436631486
2000-07-16,108.75200569247798
2000-07-17,100.19324322046631
2000-07-18,94.13575142364914
2000-07-19,92.42733746392884
2000-07-20,108.33227611177738
2000-07-21,133.28274267345878
2000-07-22,147.84546872975753
2000-07-23,151.01820400778877
2000-07-24,146.2480211837133
2000-07-25,138.63054681794534
2000-07-26,128.51063374136157
2000-07-27,117.29109562913168
2000-07-28,113.8507523293863
2000-07-29,145.2126270043813
2000-07-30,279.2214099889533
2000-07-31,447.8164331738865
2000-08-01,445.9359589709139
2000-08-02,421.48714155405816
2000-08-03,367.95803757937966
2000-08-04,346.65761802395946
2000-08-05,280.8992119817517
2000-08-06,269.48691961705424
2000-08-07,255.68400555635273
2000-08-08,204.05856339034185
2000-08-09,247.329359409159
2000-08-10,203.85274658576546
2000-08-11,192.05340976429233
2000-08-12,186.37752282862456
2000-08-13,250.49033512850903
2000-08-14,389.9359176681574
2000-08-15,608.0550463583663
2000-08-16,776.7605892905215
2000-08-17,972.0479079362173
2000-08-18,1022.8504443671677
2000-08-19,1017.9839865396425
2000-08-20,959.4125605184516
2000-08-21,785.4937817953729
2000-08-22,921.9392618219156
2000-08-23,957.9701058838843
2000-08-24,964.4122607850564
2000-08-25,932.4696306316304
2000-08-26,754.8694894146292
2000-08-27,715.6365180619291
2000-08-28,684.1854138840365
2000-08-29,610.6359517417037
2000-08-30,589.2237945870297
2000-08-31,492.28796125294843
2000-09-01,407.4753250205047
2000-09-02,384.0079322925552
2000-09-03,348.36884600857985
2000-09-04,337.6158701621613
2000-09-05,324.63330665975934
2000-09-06,316.21517976379846
2000-09-07,298.3555033622613
2000-09-08,280.8812521043203
2000-09-09,265.4388641207262
2000-09-10,292.45729923201804
2000-09-11,362.96047067781996
2000-09-12,447.7715883476177
2000-09-13,485.5798214914273
2000-09-14,469.5168881416439
2000-09-15,442.8346705123929
2000-09-16,397.6762741689231
2000-09-17,363.6324252780994
2000-09-18,334.42465527977924
2000-09-19,309.38679736525535
2000-09-20,277.6908456311421
2000-09-21,243.29005487079382
2000-09-22,225.27344931337757
2000-09-23,202.39728791123105
2000-09-24,188.0310264890784
2000-09-25,176.6170357181541
2000-09-26,173.42888851151406
2000-09-27,162.24650313340456
2000-09-28,140.02660457187147
2000-09-29,141.89078666096617
2000-09-30,122.23026398266381
2000-10-01,134.375
2000-10-02,123.46875
2000-10-03,110.625
2000-10-04,97.96875
2000-10-05,86.375
2000-10-06,75.78125
2000-10-07,66.046875
2000-10-08,57.203125
2000-10-09,49.1875
2000-10-10,41.90625
2000-10-11,35.3125
2000-10-12,29.484375
2000-10-13,24.359375
2000-10-14,19.90625
2000-10-15,16.140625
2000-10-16,13.03125
2000-10-17,10.453125
2000-10-18,8.34375
2000-10-19,6.640625
2000-10-20,5.28125
2000-10-21,4.21875
2000-10-22,3.40625
2000-10-23,2.765625
2000-10-24,2.265625
2000-10-25,1.875
2000-10-26,1.5625
2000-10-27,1.296875
2000-10-28,1.0625
2000-10-29,0.875
2000-10-30,0.71875
2000-10-31,0.59375
2000-11-01,0.515625
2000-11-02,0.453125
2000-11-03,0.390625
2000-11-04,0.34375
2000-11-05,0.296875
2000-11-06,0.25
2000-11-07,0.203125
2000-11-08,0.171875
2000-11-09,0.140625
2000-11-10,0.109375
2000-11-11,0.078125
2000-11-12,0.06249999999999999
2000-11-13,0.046875
2000-11-14,0.046875
2000-11-15,0.03125
2000-11-16,0.015625
2000-11-17,0.015625
2000-11-18,0.0
2000-11-19,0.0
2000-11-20,0.0
2000-11-21,0.0
2000-11-22,0.0
2000-11-23,0.0
2000-11-24,0.0
2000-11-25,0.0
2000-11-26,0.0
2000-11-27,0.0
2000-11-28,0.0
2000-11-29,0.0
2000-11-30,0.0
2000-12-01,0.0
2000-12-02,0.0
2000-12-03,0.0
2000-12-04,0.0
2000-12-05,0.0
2000-12-06,0.0
2000-12-07,0.0
2000-12-08,0.0
2000-12-09,0.0
2000-12-10,0.0
2000-12-11,0.0
2000-12-12,0.0
2000-12-13,0.0
2000-12-14,0.0
2000-12-15,0.0
2000-12-16,0.0
2000-12-17,0.0
2000-12-18,0.0
2000-12-19,0.0
2000-12-20,0.0
2000-12-21,0.0
2000-12-22,0.0
2000-12-23,0.0
2000-12-24,0.0
2000-12-25,0.0
2000-12-26,0.0
2000-12-27,0.0
2000-12-28,0.0
2000-12-29,0.0
2000-12-30,0.0
2000-12-31,0.0
2001-01-01,0.0
2001-01-02,0.0
2001-01-03,0.0
2001-01-04,0.0
2001-01-05,0.0
2001-01-06,0.0
2001-01-07,0.0
2001-01-08,0.0
2001-01-09,0.0
2001-01-10,0.0
2001-01-11,0.0
2001-01-12,0.0
2001-01-13,0.0
2001-01-14,0.0
2001-01-15,0.0
2001-01-16,0.0
2001-01-17,0.0
2001-01-18,0.0
2001-01-19,0.0
2001-01-20,0.0
2001-01-21,0.0
2001-01-22,0.0
2001-01-23,0.0
2001-01-24,0.0
2001-01-25,0.0
2001-01-26,0.0
2001-01-27,0.0
2001-01-28,0.0
2001-01-29,0.0
2001-01-30,0.0
2001-01-31,0.0
2001-02-01,0.0
2001-02-02,0.0
2001-02-03,0.0
2001-02-04,0.0
2001-02-05,0.0
2001-02-06,0.0
2001-02-07,0.0
2001-02-08,0.0
2001-02-09,0.0
2001-02-10,0.0
2001-02-11,0.0
2001-02-12,0.0
2001-02-13,0.0
2001-02-14,0.0
2001-02-15,0.0
2001-02-16,0.0
2001-02-17,0.0
2001-02-18,0.0
2001-02-19,0.0
2001-02-20,0.0
2001-02-21,0.0
2001-02-22,0.0
2001-02-23,0.0
2001-02-24,0.0
2001-02-25,0.0
2001-02-26,0.0
2001-02-27,0.0
2001-02-28,0.0
2001-03-01,0.0
2001-03-02,0.0
2001-03-03,0.0
2001-03-04,0.0
2001-03-05,0.0
2001-03-06,0.0
2001-03-07,0.0
2001-03-08,0.0
2001-03-09,0.0
2001-03-10,0.0
2001-03-11,0.0
2001-03-12,0.0
2001-03-13,0.0
2001-03-14,0.0
2001-03-15,0.0
2001-03-16,0.0
2001-03-17,0.0
2001-03-18,0.0
2001-03-19,0.0
2001-03-20,0.0
2001-03-21,0.0
2001-03-22,0.0
2001-03-23,0.0
2001-03-24,0.0
2001-03-25,0.0
2001-03-26,0.0
2001-03-27,0.0
2001-03-28,0.0
2001-03-29,0.0
2001-03-30,0.0
2001-03-31,0.0
2001-04-01,0.0
2001-04-02,0.0
2001-04-03,0.0
2001-04-04,0.0
2001-04-05,0.0
2001-04-06,0.0
2001-04-07,0.0
2001-04-08,0.0
2001-04-09,0.0
2001-04-10,0.0
2001-04-11,0.0
2001-04-12,0.0
2001-04-13,0.0
2001-04-14,0.0
2001-04-15,0.0
2001-04-16,0.0
2001-04-17,0.0
2001-04-18,0.0
2001-04-19,0.0
2001-04-20,0.0
2001-04-21,0.0
2001-04-22,0.0
2001-04-23,0.0
2001-04-24,0.0
2001-04-25,0.0
2001-04-26,0.0
2001-04-27,0.0
2001-04-28,0.0
2001-04-29,0.0
2001-04-30,0.0
2001-05-01,2.915
2001-05-02,2.6755
2001-05-03,2.6809999999999996
2001-05-04,2.6865
2001-05-05,2.692
2001-05-06,2.6975
2001-05-07,58.88272727272726
2001-05-08,47.40928217821783
2001-05-09,80.40733037087678
2001-05-10,65.83000168488444
2001-05-11,71.55288026958412
2001-05-12,49.84554366392834
2001-05-13,130.41939151951414
2001-05-14,94.63918367126487
2001-05-15,54.86633623251042
2001-05-16,23.74992908388196
2001-05-17,133.43206207259374
2001-05-18,64.4630948923282
2001-05-19,45.17304835531303
2001-05-20,35.95106953672042
2001-05-21,76.20330210338635
2001-05-22,190.93980584167255
2001-05-23,854.4995035309413
2001-05-24,1254.6087153750398
2001-05-25,1538.4377044725238
2001-05-26,1501.1395600909007
2001-05-27,1261.6573900613757
2001-05-28,1554.1523049892555
2001-05-29,1733.7240113385865
2001-05-30,2012.587132557294
2001-05-31,1970.8922104398496
2001-06-01,2125.0247925163508
2001-06-02,2071.5655187334173
2001-06-03,2125.505336595311
2001-06-04,2148.0609901841735
2001-06-05,2384.0422891644366
2001-06-06,2732.3396224021167
2001-06-07,3180.3023437924603
2001-06-08,4448.740677014321
2001-06-09,4765.887631273509
2001-06-10,5482.722848415578
2001-06-11,4765.278526877446
2001-06-12,4563.858839083282
2001-06-13,4316.968656405406
2001-06-14,3337.3995162913757
2001-06-15,3127.5321278232086
2001-06-16,2713.748636328755
2001-06-17,2401.6277877479956
2001-06-18,2188.5466188592363
2001-06-19,1945.35335765783
2001-06-20,1614.5983280275573
2001-06-21,1454.1377475231227
2001-06-22,1390.8952863992906
2001-06-23,1378.8578189668378
2001-06-24,1331.1965129965424
2001-06-25,1282.4733896109421
2001-06-26,1223.7397702483158
2001-06-27,1109.2718587381414
2001-06-28,1006.4532501924127
2001-06-29,955.7736544701706
2001-06-30,890.0816175988276
2001-07-01,698.2315492351894
2001-07-02,662.1799908564388
2001-07-03,621.6222551443811
2001-07-04,602.3179188509669
2001-07-05,692.7185373350183
2001-07-06,581.1754334654929
2001-07-07,544.005935163331
2001-07-08,507.86384564627747
2001-07-09,401.1427979253933
2001-07-10,401.8471961960177
2001-07-11,478.0332463490655
2001-07-12,491.5184801412922
2001-07-13,534.9857083769191
2001-07-14,515.4702204348737
2001-07-15,497.08225703601227
2001-07-16,510.33572012092156
2001-07-17,522.4726967252318
2001-07-18,498.98300332721226
2001-07-19,462.2407971112931
2001-07-20,419.23957833064605
2001-07-21,388.8426253641627
2001-07-22,284.4057370912591
2001-07-23,276.481506258331
2001-07-24,364.2782879214738
2001-07-25,367.1065213120375
2001-07-26,360.30676513918854
2001-07-27,264.5661376403675
2001-07-28,256.78215459473876
2001-07-29,254.12202509488685
2001-07-30,250.16688482430618
2001-07-31,174.73811409357512
2001-08-01,171.27501957235265
2001-08-02,173.91288775900532
2001-08-03,167.82453113054385
2001-08-04,158.97543006705118
2001-08-05,155.57956060590442
2001-08-06,145.6672219150011
2001-08-07,135.8003418399017
2001-08-08,146.09481094780656
2001-08-09,190.91506194931168
2001-08-10,260.262970830166
2001-08-11,265.0670789006562
2001-08-12,269.4585408493136
2001-08-13,269.8957367533096
2001-08-14,263.281819584324
2001-08-15,250.83053154980564
2001-08-16,212.17908454961918
2001-08-17,203.90686083199577
2001-08-18,193.21206526170977
2001-08-19,185.75197282683948
2001-08-20,181.96040433750306
2001-08-21,175.2450996851972
2001-08-22,172.45976417267195
2001-08-23,194.28325774948357
2001-08-24,262.81187546002076
2001-08-25,292.1533709032308
2001-08-26,307.53168454524393
2001-08-27,297.2248271819418
2001-08-28,296.85626103028164
2001-08-29,327.72701750549487
2001-08-30,397.74109471641
2001-08-31,411.9410399893124
2001-09-01,401.48613123572215
2001-09-02,360.216657603251
2001-09-03,352.2344445775864
2001-09-04,337.94014020983076
2001-09-05,324.7139348865834
2001-09-06,314.709748010104
2001-09-07,328.20546703834185
2001-09-08,355.61694739806734
2001-09-09,375.95457320748346
2001-09-10,395.1382315582596
2001-09-11,392.8159196161757
2001-09-12,372.65729949973843
2001-09-13,364.83560709104256
2001-09-14,363.2938087338235
2001-09-15,364.08585900364403
2001-09-16,351.72535445431873
2001-09-17,354.64404888325873
2001-09-18,365.094131879573
2001-09-19,350.15792516208404
2001-09-20,326.8695031091722
2001-09-21,298.942095862919
2001-09-22,280.6538139872941
2001-09-23,268.31077057624356
2001-09-24,242.6350795028283
2001-09-25,224.50681842871205
2001-09-26,209.6306178205849
2001-09-27,185.7191435597528
2001-09-28,175.05619543682664
2001-09-29,167.01678668955614
2001-09-30,151.14972810659185
2001-10-01,165.359375
2001-10-02,148.484375
2001-10-03,132.71875
2001-10-04,118.203125
2001-10-05,104.5390625
2001-10-06,91.96875
2001-10-07,80.7890625
2001-10-08,70.703125
2001-10-09,61.5390625
2001-10-10,53.1796875
2001-10-11,45.734375
2001-10-12,39.296875
2001-10-13,33.7265625
2001-10-14,28.859375
2001-10-15,24.6484375
2001-10-16,20.984375
2001-10-17,17.8203125
2001-10-18,15.1171875
2001-10-19,12.765625
2001-10-20,10.7109375
2001-10-21,9.0
2001-10-22,7.5234375
2001-10-23,6.2421875
2001-10-24,5.1484375
2001-10-25,4.1875
2001-10-26,3.3671875
2001-10-27,2.6796875
2001-10-28,2.125
2001-10-29,1.671875
2001-10-30,1.328125
2001-10-31,1.0703125
2001-11-01,0.875
2001-11-02,0.7265625
2001-11-03,0.609375
2001-11-04,0.5078125
2001-11-05,0.4140625
2001-11-06,0.3515625
2001-11-07,0.296875
2001-11-08,0.2578125
2001-11-09,0.2265625
2001-11-10,0.203125
2001-11-11,0.1796875
2001-11-12,0.15625
2001-11-13,0.140625
2001-11-14,0.125
2001-11-15,0.109375
2001-11-16,0.1015625
2001-11-17,0.09375
2001-11-18,0.078125
2001-11-19,0.0703125
2001-11-20,0.05468749999999999
2001-11-21,0.046875
2001-11-22,0.0390625
2001-11-23,0.03125
2001-11-24,0.0234375
2001-11-25,0.015625
2001-11-26,0.015625
2001-11-27,0.046875
2001-11-28,0.109375
2001-11-29,0.1328125
2001-11-30,0.11718750000000001
2001-12-01,0.09375
2001-12-02,0.078125
2001-12-03,0.0703125
2001-12-04,0.05468749999999999
2001-12-05,0.046875
2001-12-06,0.0390625
2001-12-07,0.03125
2001-12-08,0.0234375
2001-12-09,0.015625
2001-12-10,0.007812500000000002
2001-12-11,0.007812500000000002
2001-12-12,0.0
2001-12-13,0.0
2001-12-14,0.0
2001-12-15,0.0
2001-12-16,0.0
2001-12-17,0.0
2001-12-18,0.0
2001-12-19,0.0
2001-12-20,0.0
2001-12-21,0.0
2001-12-22,0.0
2001-12-23,0.0
2001-12-24,0.0
2001-12-25,0.0
2001-12-26,0.0
2001-12-27,0.0
2001-12-28,0.0
2001-12-29,0.0
2001-12-30,0.0
2001-12-31,0.0
2002-01-01,0.0
2002-01-02,0.0
2002-01-03,0.0
2002-01-04,0.0
2002-01-05,0.0
2002-01-06,0.0
2002-01-07,0.0
2002-01-08,0.0
2002-01-09,0.0
2002-01-10,0.0
2002-01-11,0.0
2002-01-12,0.0
2002-01-13,0.0
2002-01-14,0.0
2002-01-15,0.0
2002-01-16,0.0
2002-01-17,0.0
2002-01-18,0.0
2002-01-19,0.0
2002-01-20,0.0
2002-01-21,0.0
2002-01-22,0.0
2002-01-23,0.0
2002-01-24,0.0
2002-01-25,0.0
2002-01-26,0.0
2002-01-27,0.0
2002-01-28,0.0
2002-01-29,0.0
2002-01-30,0.0
2002-01-31,0.0
2002-02-01,0.0
2002-02-02,0.0
2002-02-03,0.0
2002-02-04,0.0
2002-02-05,0.0
2002-02-06,0.0
2002-02-07,0.0
2002-02-08,0.0
2002-02-09,0.0
2002-02-10,0.0
2002-02-11,0.0
2002-02-12,0.0
2002-02-13,0.0
2002-02-14,0.0
2002-02-15,0.0
2002-02-16,0.0
2002-02-17,0.0
2002-02-18,0.0
2002-02-19,0.0
2002-02-20,0.0
2002-02-21,0.0
2002-02-22,0.0
2002-02-23,0.0
2002-02-24,0.0
2002-02-25,0.0
2002-02-26,0.0
2002-02-27,0.0
2002-02-28,0.0
2002-03-01,0.0
2002-03-02,0.0
2002-03-03,0.0
2002-03-04,0.0
2002-03-05,0.0
2002-03-06,0.0
2002-03-07,0.0
2002-03-08,0.0
2002-03-09,0.0
2002-03-10,0.0
2002-03-11,0.0
2002-03-12,0.0
2002-03-13,0.0
2002-03-14,0.0
2002-03-15,0.0
2002-03-16,0.0
2002-03-17,0.0
2002-03-18,0.0
2002-03-19,0.0
2002-03-20,0.0
2002-03-21,0.0
2002-03-22,0.0
2002-03-23,0.0
2002-03-24,0.0
2002-03-25,0.0
2002-03-26,0.0
2002-03-27,0.0
2002-03-28,0.0
2002-03-29,0.0
2002-03-30,0.0
2002-03-31,0.0
2002-04-01,0.0
2002-04-02,0.0
2002-04-03,0.0
2002-04-04,0.0
2002-04-05,0.0
2002-04-06,0.0
2002-04-07,0.0
2002-04-08,0.0
2002-04-09,0.0
2002-04-10,0.0
2002-04-11,0.0
2002-04-12,0.0
2002-04-13,0.0
2002-04-14,0.0
2002-04-15,0.0
2002-04-16,0.0
2002-04-17,0.0
2002-04-18,0.0
2002-04-19,0.0
2002-04-20,0.0
2002-04-21,0.0
2002-04-22,0.0
2002-04-23,0.0
2002-04-24,0.0
2002-04-25,0.0
2002-04-26,0.0
2002-04-27,0.0
2002-04-28,0.0
2002-04-29,0.0
2002-04-30,0.0
2002-05-01,2.9149999999999996
2002-05-02,2.6754999999999995
2002-05-03,2.6809999999999996
2002-05-04,2.6865000000000006
2002-05-05,2.6920000000000006
2002-05-06,2.6975
2002-05-07,2.703
2002-05-08,35.300000000000004
2002-05-09,26.876969696969688
2002-05-10,59.381818181818176
2002-05-11,400.15454545454537
2002-05-12,42.95971025841819
2002-05-13,46.12189349112426
2002-05-14,41.12257097161141
2002-05-15,38.04122489596528
2002-05-16,39.22601061339163
2002-05-17,30.323698053656052
2002-05-18,18.48444255425089
2002-05-19,171.80709493458576
2002-05-20,15.814806085417988
2002-05-21,90.182566672528
2002-05-22,19.9901159974788
2002-05-23,29.966782388340505
2002-05-24,37.85358490625322
2002-05-25,55.0630162903942
2002-05-26,86.41227044057115
2002-05-27,347.97494105365075
2002-05-28,676.176197917683
2002-05-29,1414.650212900997
2002-05-30,1798.5567283101386
2002-05-31,1867.7626656922012
2002-06-01,1979.7511362801297
2002-06-02,2049.5698457533526
2002-06-03,1991.2641659336255
2002-06-04,2028.3522708448472
2002-06-05,1923.097061665295
2002-06-06,1983.3116935275955
2002-06-07,2075.4150601011997
2002-06-08,2135.025033265618
2002-06-09,2191.620505812848
2002-06-10,2380.3610957580113
2002-06-11,2859.779983196719
2002-06-12,3366.2420624072483
2002-06-13,4407.634159101693
2002-06-14,4603.821270223331
2002-06-15,4719.026571657404
2002-06-16,5311.500133815101
2002-06-17,5270.709043898485
2002-06-18,5278.664433257915
2002-06-19,5407.626836998894
2002-06-20,5444.399859900341
2002-06-21,5343.976310620773
2002-06-22,4380.472912910204
2002-06-23,4012.704183085056
2002-06-24,2875.0183276876805
2002-06-25,2597.251453798518
2002-06-26,2314.0627462123243
2002-06-27,2162.7848480653392
2002-06-28,2023.0353567646332
2002-06-29,1896.9654681713776
2002-06-30,1606.6831242328562
2002-07-01,1457.6381685512254
2002-07-02,1326.952483205002
2002-07-03,1253.771454985575
2002-07-04,1290.0667481584096
2002-07-05,1808.6036097739188
2002-07-06,2046.3405208908873
2002-07-07,1995.6107281030243
2002-07-08,1915.1522739213858
2002-07-09,1823.0275864424216
2002-07-10,1577.9082517874758
2002-07-11,1640.9740271455491
2002-07-12,1648.1097725200066
2002-07-13,1740.9360957606386
2002-07-14,1737.0656842153935
2002-07-15,1655.1424688819493
2002-07-16,1576.8464652679143
2002-07-17,1197.9785377326411
2002-07-18,1125.665576562898
2002-07-19,1465.9380325187044
2002-07-20,1918.0900896157657
2002-07-21,2056.3440878490255
2002-07-22,2010.4001161037233
2002-07-23,1906.9472977719709
2002-07-24,1486.001152323388
2002-07-25,1402.5784636592268
2002-07-26,950.2795969136589
2002-07-27,793.9734383021389
2002-07-28,643.2822166469768
2002-07-29,605.9164930328369
2002-07-30,565.0309103289186
2002-07-31,614.0395701275
2002-08-01,606.8469093840409
2002-08-02,584.455929810333
2002-08-03,520.2148132536896
2002-08-04,483.3181979886422
2002-08-05,422.3606409819677
2002-08-06,346.9989435863103
2002-08-07,278.05579238303227
2002-08-08,257.9478732701169
2002-08-09,202.42889409052765
2002-08-10,201.4684336607709
2002-08-11,245.1396246134949
2002-08-12,273.6294817372085
2002-08-13,320.08336906882005
2002-08-14,328.85772379613616
2002-08-15,326.0809641630787
2002-08-16,312.6241007398129
2002-08-17,278.0328157066119
2002-08-18,269.2233621995558
2002-08-19,262.0956105981788
2002-08-20,245.07924103279424
2002-08-21,201.6685366367026
2002-08-22,186.34397938650102
2002-08-23,175.02454684524204
2002-08-24,167.30607874054994
2002-08-25,166.91504876210695
2002-08-26,176.74753189757985
2002-08-27,181.83364161808998
2002-08-28,174.49713702893473
2002-08-29,170.56879091667994
2002-08-30,178.50684947962986
2002-08-31,202.46964913373876
2002-09-01,203.65564922714867
2002-09-02,207.65671182801276
2002-09-03,212.72536293840054
2002-09-04,229.05217473266688
2002-09-05,255.06554572261916
2002-09-06,292.80834299403296
2002-09-07,301.09473868448856
2002-09-08,291.2248287993044
2002-09-09,270.5998591645129
2002-09-10,254.01800872065962
2002-09-11,235.25971787643724
2002-09-12,223.36587842880448
2002-09-13,207.92016425790626
2002-09-14,205.22189007162294
2002-09-15,195.1737446790088
2002-09-16,191.94058916048067
2002-09-17,179.81998950322892
2002-09-18,164.78720596425305
2002-09-19,155.53775480189424
2002-09-20,147.74150833951055
2002-09-21,144.80882793774268
2002-09-22,149.2686674196382
2002-09-23,144.42300795140642
2002-09-24,160.83674930261827
2002-09-25,185.3512062160536
2002-09-26,181.97300763626015
2002-09-27,166.38349795135449
2002-09-28,171.3688337888667
2002-09-29,175.7036505302836
2002-09-30,165.3501135484366
2002-10-01,183.953125
2002-10-02,166.09375
2002-10-03,149.0
2002-10-04,132.9375
2002-10-05,118.21875
2002-10-06,104.765625
2002-10-07,92.53125
2002-10-08,81.4921875
2002-10-09,71.1953125
2002-10-10,61.578125
2002-10-11,52.703125
2002-10-12,44.515625
2002-10-13,37.203125
2002-10-14,30.8203125
2002-10-15,25.2265625
2002-10-16,20.3515625
2002-10-17,16.1953125
2002-10-18,12.796875
2002-10-19,10.140625
2002-10-20,8.09375
2002-10-21,6.515625
2002-10-22,5.296875
2002-10-23,4.34375
2002-10-24,3.5859375
2002-10-25,2.9375
2002-10-26,2.3984375
2002-10-27,1.96875
2002-10-28,1.6171875
2002-10-29,1.34375
2002-10-30,1.109375
2002-10-31,0.9140625
2002-11-01,0.7421875
2002-11-02,0.609375
2002-11-03,0.5
2002-11-04,0.421875
2002-11-05,0.3515625
2002-11-06,0.2890625
2002-11-07,0.2265625
2002-11-08,0.1796875
2002-11-09,0.1484375
2002-11-10,0.125
2002-11-11,0.1015625
2002-11-12,0.0859375
2002-11-13,0.078125
2002-11-14,0.06249999999999999
2002-11-15,0.05468749999999999
2002-11-16,0.046875
2002-11-17,0.0390625
2002-11-18,0.03125
2002-11-19,0.03125
2002-11-20,0.015625
2002-11-21,0.015625
2002-11-22,0.015625
2002-11-23,0.015625
2002-11-24,0.015625
2002-11-25,0.015625
2002-11-26,0.015625
2002-11-27,0.015625
2002-11-28,0.0
2002-11-29,0.0
2002-11-30,0.0
2002-12-01,0.0
2002-12-02,0.0
2002-12-03,0.0
2002-12-04,0.0
2002-12-05,0.0
2002-12-06,0.0
2002-12-07,0.0
2002-12-08,0.0
2002-12-09,0.0
2002-12-10,0.0
2002-12-11,0.0
2002-12-12,0.0
2002-12-13,0.0
2002-12-14,0.0
2002-12-15,0.0
2002-12-16,0.0
2002-12-17,0.0
2002-12-18,0.0
2002-12-19,0.0
2002-12-20,0.0
2002-12-21,0.0
2002-12-22,0.0
2002-12-23,0.0
2002-12-24,0.0
2002-12-25,0.0
2002-12-26,0.0
2002-12-27,0.0
2002-12-28,0.0
2002-12-29,0.0
2002-12-30,0.0
2002-12-31,0.0
2003-01-01,0.0
2003-01-02,0.0
2003-01-03,0.0
2003-01-04,0.0
2003-01-05,0.0
2003-01-06,0.0
2003-01-07,0.0
2003-01-08,0.0
2003-01-09,0.0
2003-01-10,0.0
2003-01-11,0.0
2003-01-12,0.0
2003-01-13,0.0
2003-01-14,0.0
2003-01-15,0.0
2003-01-16,0.0
2003-01-17,0.0
2003-01-18,0.0
2003-01-19,0.0
2003-01-20,0.0
2003-01-21,0.0
2003-01-22,0.0
2003-01-23,0.0
2003-01-24,0.0
2003-01-25,0.0
2003-01-26,0.0
2003-01-27,0.0
2003-01-28,0.0
2003-01-29,0.0
2003-01-30,0.0
2003-01-31,0.0
2003-02-01,0.0
2003-02-02,0.0
2003-02-03,0.0
2003-02-04,0.0
2003-02-05,0.0
2003-02-06,0.0
2003-02-07,0.0
2003-02-08,0.0
2003-02-09,0.0
2003-02-10,0.0
2003-02-11,0.0
2003-02-12,0.0
2003-02-13,0.0
2003-02-14,0.0
2003-02-15,0.0
2003-02-16,0.0
2003-02-17,0.0
2003-02-18,0.0
2003-02-19,0.0
2003-02-20,0.0
2003-02-21,0.0
2003-02-22,0.0
2003-02-23,0.0
2003-02-24,0.0
2003-02-25,0.0
2003-02-26,0.0
2003-02-27,0.0
2003-02-28,0.0
2003-03-01,0.0
2003-03-02,0.0
2003-03-03,0.0
2003-03-04,0.0
2003-03-05,0.0
2003-03-06,0.0
2003-03-07,0.0
2003-03-08,0.0
2003-03-09,0.0
2003-03-10,0.0
2003-03-11,0.0
2003-03-12,0.0
2003-03-13,0.0
2003-03-14,0.0
2003-03-15,0.0
2003-03-16,0.0
2003-03-17,0.0
2003-03-18,0.0
2003-03-19,0.0
2003-03-20,0.0
2003-03-21,0.0
2003-03-22,0.0
2003-03-23,0.0
2003-03-24,0.0
2003-03-25,0.0
2003-03-26,0.0
2003-03-27,0.0
2003-03-28,0.0
2003-03-29,0.0
2003-03-30,0.0
2003-03-31,0.0
2003-04-01,0.0
2003-04-02,0.0
2003-04-03,0.0
2003-04-04,0.0
2003-04-05,0.0
2003-04-06,0.0
2003-04-07,0.0
2003-04-08,0.0
2003-04-09,0.0
2003-04-10,0.0
2003-04-11,0.0
2003-04-12,0.0
2003-04-13,0.0
2003-04-14,0.0
2003-04-15,0.0
2003-04-16,0.0
2003-04-17,0.0
2003-04-18,0.0
2003-04-19,0.0
2003-04-20,0.0
2003-04-21,0.0
2003-04-22,0.0
2003-04-23,0.0
2003-04-24,0.0
2003-04-25,0.0
2003-04-26,0.0
2003-04-27,0.0
2003-04-28,0.0
2003-04-29,0.0
2003-04-30,0.0
2003-05-01,2.9149999999999996
2003-05-02,30.07810344827586
2003-05-03,36.26995324371713
2003-05-04,152.89062367177
2003-05-05,362.6134985647274
2003-05-06,278.9505889369316
2003-05-07,268.0329292390607
2003-05-08,186.68873214131207
2003-05-09,283.6996068279409
2003-05-10,184.60032739524993
2003-05-11,122.55431796260751
2003-05-12,156.39559363238772
2003-05-13,83.42660549238647
2003-05-14,56.90551974677199
2003-05-15,154.21399438171903
2003-05-16,68.18256468140939
2003-05-17,40.58588776405798
2003-05-18,24.228288726411613
2003-05-19,53.663934364104904
2003-05-20,40.65671694799242
2003-05-21,28.501503433640845
2003-05-22,28.147975960103057
2003-05-23,33.16293310107979
2003-05-24,35.22844940000187
2003-05-25,42.435982592233444
2003-05-26,45.26826609011952
2003-05-27,40.47711665499422
2003-05-28,48.31361573151122
2003-05-29,60.608502517529914
2003-05-30,96.97818796373751
2003-05-31,465.8412750416071
2003-06-01,710.8280326921195
2003-06-02,932.0725723642386
2003-06-03,1242.9344717599258
2003-06-04,1587.344425606913
2003-06-05,1726.8713537606598
2003-06-06,1705.4052238966801
2003-06-07,1930.0843015367707
2003-06-08,2010.3913360808938
2003-06-09,2599.026273888385
2003-06-10,3155.1634967066916
2003-06-11,3392.107158030743
2003-06-12,3459.0596637506837
2003-06-13,3425.0498511529786
2003-06-14,3347.195356426447
2003-06-15,3215.1249529238953
2003-06-16,2858.8176565111903
2003-06-17,2743.4898331751974
2003-06-18,2558.125263353961
2003-06-19,2241.662603036927
2003-06-20,2020.5429163169301
2003-06-21,1847.9787667385106
2003-06-22,1489.4461184556412
2003-06-23,1392.802537144355
2003-06-24,1268.696906534301
2003-06-25,1267.7078564012747
2003-06-26,1383.7098369643566
2003-06-27,1361.8233684699696
2003-06-28,1249.7326055982587
2003-06-29,1043.1694176450283
2003-06-30,954.7338626371488
2003-07-01,870.0597331160587
2003-07-02,661.6046524889811
2003-07-03,610.5135108159876
2003-07-04,575.1332795479213
2003-07-05,540.8627619464339
2003-07-06,446.5267924902081
2003-07-07,406.14452376186165
2003-07-08,367.41285902543126
2003-07-09,347.7595170260367
2003-07-10,338.6616761085298
2003-07-11,214.2595318567704
2003-07-12,203.58062913795234
2003-07-13,203.99770978973797
2003-07-14,280.9810340007877
2003-07-15,290.1757310804782
2003-07-16,292.3778509427377
2003-07-17,267.3447858503877
2003-07-18,196.37575373020078
2003-07-19,181.41773529760204
2003-07-20,169.03641236407142
2003-07-21,157.46616666716517
2003-07-22,147.1175803818767
2003-07-23,139.71947318797513
2003-07-24,130.8070503118973
2003-07-25,122.76217721033177
2003-07-26,116.22370989649048
2003-07-27,124.02386168462975
2003-07-28,150.48489280218698
2003-07-29,157.90226673774484
2003-07-30,159.89335867054137
2003-07-31,168.45774161102008
2003-08-01,166.39250789741573
2003-08-02,155.83338650545664
2003-08-03,144.78581886166026
2003-08-04,135.49010356518843
2003-08-05,136.51690082912666
2003-08-06,151.41326446441485
2003-08-07,166.22483909495057
2003-08-08,159.86211300777566
2003-08-09,160.3884213102635
2003-08-10,170.5922190152651
2003-08-11,172.1744642673519
2003-08-12,166.35645211760016
2003-08-13,159.4577767117014
2003-08-14,149.396680691617
2003-08-15,141.27532455601755
2003-08-16,137.33077842294693
2003-08-17,135.742027921
2003-08-18,130.79173099272467
2003-08-19,123.08393987171128
2003-08-20,127.37272361259298
2003-08-21,150.73620052026868
2003-08-22,199.66483918076534
2003-08-23,364.50683708504084
2003-08-24,612.6540720663693
2003-08-25,728.5341567499707
2003-08-26,713.1865341942237
2003-08-27,598.0072000789833
2003-08-28,508.7740031537436
2003-08-29,487.67619866590536
2003-08-30,412.7117597941532
2003-08-31,395.3261558483291
2003-09-01,352.5863088104417
2003-09-02,342.4453405642078
2003-09-03,336.9345250408361
2003-09-04,338.9382363819831
2003-09-05,347.26842914611217
2003-09-06,334.2310206920637
2003-09-07,321.16768972502285
2003-09-08,292.3506863123223
2003-09-09,270.15023556656223
2003-09-10,257.6323318011068
2003-09-11,242.08737766626973
2003-09-12,231.38383414261565
2003-09-13,216.25697740564948
2003-09-14,203.48514285045505
2003-09-15,191.55905183008582
2003-09-16,184.63909160420584
2003-09-17,171.61680282043676
2003-09-18,156.86589253564333
2003-09-19,148.34405480630642
2003-09-20,137.5928056562366
2003-09-21,128.2977802414235
2003-09-22,137.31664862672332
2003-09-23,162.96258565694492
2003-09-24,210.15465886259236
2003-09-25,256.9076892400333
2003-09-26,247.69455841669253
2003-09-27,245.69785541011365
2003-09-28,242.86298581157922
2003-09-29,238.11499163250573
2003-09-30,221.25686404220428
2003-10-01,270.484375
2003-10-02,248.421875
2003-10-03,226.9453125
2003-10-04,206.5234375
2003-10-05,187.03125
2003-10-06,168.4765625
2003-10-07,151.3515625
2003-10-08,135.2890625
2003-10-09,120.5546875
2003-10-10,107.2578125
2003-10-11,95.03125
2003-10-12,83.7578125
2003-10-13,73.3359375
2003-10-14,63.6953125
2003-10-15,54.859375
2003-10-16,46.8046875
2003-10-17,39.5625
2003-10-18,33.109375
2003-10-19,27.3984375
2003-10-20,22.375
2003-10-21,18.046875
2003-10-22,14.328125
2003-10-23,11.1875
2003-10-24,8.609375
2003-10-25,6.5625
2003-10-26,4.984375
2003-10-27,3.796875
2003-10-28,2.890625
2003-10-29,2.21875
2003-10-30,1.734375
2003-10-31,1.375
2003-11-01,1.109375
2003-11-02,0.90625
2003-11-03,0.734375
2003-11-04,0.609375
2003-11-05,0.515625
2003-11-06,0.78125
2003-11-07,1.5390625
2003-11-08,1.9453125
2003-11-09,2.0625
2003-11-10,2.109375
2003-11-11,2.015625
2003-11-12,1.828125
2003-11-13,1.609375
2003-11-14,1.390625
2003-11-15,1.203125
2003-11-16,1.03125
2003-11-17,0.875
2003-11-18,0.71875
2003-11-19,0.59375
2003-11-20,0.484375
2003-11-21,0.40625
2003-11-22,0.328125
2003-11-23,0.265625
2003-11-24,0.21875
2003-11-25,0.171875
2003-11-26,0.140625
2003-11-27,0.109375
2003-11-28,0.078125
2003-11-29,0.06249999999999999
2003-11-30,0.046875
2003-12-01,0.046875
2003-12-02,0.03125
2003-12-03,0.03125
2003-12-04,0.015625
2003-12-05,0.015625
2003-12-06,0.015625
2003-12-07,0.0
2003-12-08,0.0
2003-12-09,0.0
2003-12-10,0.0
2003-12-11,0.0
2003-12-12,0.0
2003-12-13,0.0
2003-12-14,0.0
2003-12-15,0.0
2003-12-16,0.0
2003-12-17,0.0
2003-12-18,0.0
2003-12-19,0.0
2003-12-20,0.0
2003-12-21,0.0
2003-12-22,0.0
2003-12-23,0.0
2003-12-24,0.0
2003-12-25,0.0
2003-12-26,0.0
2003-12-27,0.0
2003-12-28,0.0
2003-12-29,0.0
2003-12-30,0.0
2003-12-31,0.0
2004-01-01,0.0
2004-01-02,0.0
2004-01-03,0.0
2004-01-04,0.0
2004-01-05,0.0
2004-01-06,0.0
2004-01-07,0.0
2004-01-08,0.0
2004-01-09,0.0
2004-01-10,0.0
2004-01-11,0.0
2004-01-12,0.0
2004-01-13,0.0
2004-01-14,0.0
2004-01-15,0.0
2004-01-16,0.0
2004-01-17,0.0
2004-01-18,0.0
2004-01-19,0.0
2004-01-20,0.0
2004-01-21,0.0
2004-01-22,0.0
2004-01-23,0.0
2004-01-24,0.0
2004-01-25,0.0
2004-01-26,0.0
2004-01-27,0.0
2004-01-28,0.0
2004-01-29,0.0
2004-01-30,0.0
2004-01-31,0.0
2004-02-01,0.0
2004-02-02,0.0
2004-02-03,0.0
2004-02-04,0.0
2004-02-05,0.0
2004-02-06,0.0
2004-02-07,0.0
2004-02-08,0.0
2004-02-09,0.0
2004-02-10,0.0
2004-02-11,0.0
2004-02-12,0.0
2004-02-13,0.0
2004-02-14,0.0
2004-02-15,0.0
2004-02-16,0.0
2004-02-17,0.0
2004-02-18,0.0
2004-02-19,0.0
2004-02-20,0.0
2004-02-21,0.0
2004-02-22,0.0
2004-02-23,0.0
2004-02-24,0.0
2004-02-25,0.0
2004-02-26,0.0
2004-02-27,0.0
2004-02-28,0.0
2004-02-29,0.0
2004-03-01,0.0
2004-03-02,0.0
2004-03-03,0.0
2004-03-04,0.0
2004-03-05,0.0
2004-03-06,0.0
2004-03-07,0.0
2004-03-08,0.0
2004-03-09,0.0
2004-03-10,0.0
2004-03-11,0.0
2004-03-12,0.0
2004-03-13,0.0
2004-03-14,0.0
2004-03-15,0.0
2004-03-16,0.0
2004-03-17,0.0
2004-03-18,0.0
2004-03-19,0.0
2004-03-20,0.0
2004-03-21,0.0
2004-03-22,0.0
2004-03-23,0.0
2004-03-24,0.0
2004-03-25,0.0
2004-03-26,0.0
2004-03-27,0.0
2004-03-28,0.0
2004-03-29,0.0
2004-03-30,0.0
2004-03-31,0.0
2004-04-01,0.0
2004-04-02,0.0
2004-04-03,0.0
2004-04-04,0.0
2004-04-05,0.0
2004-04-06,0.0
2004-04-07,0.0
2004-04-08,0.0
2004-04-09,0.0
2004-04-10,0.0
2004-04-11,0.0
2004-04-12,0.0
2004-04-13,0.0
2004-04-14,0.0
2004-04-15,0.0
2004-04-16,0.0
2004-04-17,0.0
2004-04-18,0.0
2004-04-19,0.0
2004-04-20,0.0
2004-04-21,0.0
2004-04-22,0.0
2004-04-23,0.0
2004-04-24,0.0
2004-04-25,0.0
2004-04-26,0.0
2004-04-27,0.0
2004-04-28,0.0
2004-04-29,0.0
2004-04-30,0.0
2004-05-01,2.6755
2004-05-02,2.6809999999999996
2004-05-03,2.6865
2004-05-04,2.692
2004-05-05,2.6975000000000002
2004-05-06,42.791818181818186
2004-05-07,414.24348484848474
2004-05-08,55.03346265595626
2004-05-09,67.35100306789379
2004-05-10,72.97721342456084
2004-05-11,47.13548122107312
2004-05-12,115.32423911820945
2004-05-13,79.4400651377832
2004-05-14,44.708268056831095
2004-05-15,171.72234275011715
2004-05-16,89.65878485007916
2004-05-17,32.34735280693752
2004-05-18,14.685961421858424
2004-05-19,71.79914918876145
2004-05-20,42.35861145302152
2004-05-21,25.849690804046496
2004-05-22,25.887075320294862
2004-05-23,29.332565606174033
2004-05-24,28.883222514660375
2004-05-25,41.290805248311194
2004-05-26,48.1364927788609
2004-05-27,70.46889795214398
2004-05-28,196.45173593393653
2004-05-29,368.93482192725855
2004-05-30,570.4246785784305
2004-05-31,871.3405793277427
2004-06-01,1440.1050278092732
2004-06-02,1799.941068968551
2004-06-03,2354.530174090022
2004-06-04,2695.738870651672
2004-06-05,3100.148430002772
2004-06-06,3272.7316991944854
2004-06-07,4483.965703913574
2004-06-08,4775.330483781429
2004-06-09,5571.834608268295
2004-06-10,5550.645641982853
2004-06-11,4838.495775058049
2004-06-12,4594.747089360921
2004-06-13,4282.62275576262
2004-06-14,3349.020713798996
2004-06-15,3186.1678914724994
2004-06-16,2833.003915634169
2004-06-17,2672.475853278353
2004-06-18,2459.870621620363
2004-06-19,2226.27289342794
2004-06-20,2070.3041283885054
2004-06-21,1820.2025291404916
2004-06-22,1649.0921417456566
2004-06-23,1327.7304843409756
2004-06-24,1229.0633451522338
2004-06-25,1152.161008077102
2004-06-26,1049.9657172980178
2004-06-27,1002.6167675488699
2004-06-28,1000.2062404468323
2004-06-29,943.1395785333824
2004-06-30,893.1296123547471
2004-07-01,827.9659058748196
2004-07-02,761.9669847631819
2004-07-03,593.4732897443904
2004-07-04,564.9991276971614
2004-07-05,542.3191653906953
2004-07-06,505.8501128147054
2004-07-07,412.9626896422378
2004-07-08,402.9901179473788
2004-07-09,384.06182499027403
2004-07-10,348.9634716003126
2004-07-11,318.83902862009654
2004-07-12,304.3466398541838
2004-07-13,287.5135129308487
2004-07-14,290.6150425564484
2004-07-15,299.71238435749325
2004-07-16,390.74362601972115
2004-07-17,388.93539370194793
2004-07-18,380.4897125309132
2004-07-19,278.49405405833346
2004-07-20,274.8726275732219
2004-07-21,269.78315058040477
2004-07-22,259.25421241267924
2004-07-23,255.10898365974748
2004-07-24,265.75769259694846
2004-07-25,368.85167774946643
2004-07-26,371.0916346370056
2004-07-27,374.0545230114008
2004-07-28,373.488410223595
2004-07-29,361.87301960291893
2004-07-30,340.19870369338156
2004-07-31,264.01944458231986
2004-08-01,240.5040693070855
2004-08-02,171.3614601971753
2004-08-03,165.92539647977094
2004-08-04,240.42050894390897
2004-08-05,416.8048507941282
2004-08-06,554.7807457601167
2004-08-07,647.3233655462412
2004-08-08,805.871010670979
2004-08-09,842.8061394698337
2004-08-10,802.0111162637754
2004-08-11,664.3812176902408
2004-08-12,614.5159476993774
2004-08-13,572.2694074216917
2004-08-14,504.1221718156399
2004-08-15,407.8182229359225
2004-08-16,490.95144412471615
2004-08-17,581.592774355362
2004-08-18,647.6316289490223
2004-08-19,740.1812696001888
2004-08-20,960.9716401458312
2004-08-21,1688.9233238444458
2004-08-22,1796.6437928461467
2004-08-23,1753.2235005749671
2004-08-24,1669.8636738109012
2004-08-25,1116.135673017903
2004-08-26,1032.1263939418582
2004-08-27,939.470982266207
2004-08-28,723.7195425310929
2004-08-29,608.2434689900339
2004-08-30,585.1016225211456
2004-08-31,570.0334749581333
2004-09-01,493.6630495844254
2004-09-02,503.3899260056761
2004-09-03,601.3251990832933
2004-09-04,617.1035544866644
2004-09-05,674.317092435388
2004-09-06,672.099680235918
2004-09-07,669.839296868064
2004-09-08,651.6288499962693
2004-09-09,651.3070508456825
2004-09-10,639.9860268463798
2004-09-11,566.2889113810168
2004-09-12,541.5555663471765
2004-09-13,523.9767898185546
2004-09-14,511.1119702618012
2004-09-15,507.5485114722537
2004-09-16,499.82420650965184
2004-09-17,506.71874644472837
2004-09-18,486.942616704317
2004-09-19,459.4577793910679
2004-09-20,459.27587468340914
2004-09-21,467.8896069412585
2004-09-22,464.62483134872895
2004-09-23,441.7234452018813
2004-09-24,416.68867049241186
2004-09-25,412.17676634820975
2004-09-26,398.87065001924543
2004-09-27,364.165463025252
2004-09-28,339.2752311461982
2004-09-29,307.48063396767424
2004-09-30,316.5933203230497
2004-10-01,322.90625
2004-10-02,308.21875
2004-10-03,290.5390625
2004-10-04,269.0859375
2004-10-05,246.8671875
2004-10-06,224.765625
2004-10-07,203.5390625
2004-10-08,183.4453125
2004-10-09,164.6796875
2004-10-10,147.3984375
2004-10-11,131.828125
2004-10-12,117.65625
2004-10-13,104.640625
2004-10-14,92.453125
2004-10-15,81.15625
2004-10-16,70.765625
2004-10-17,61.1640625
2004-10-18,52.453125
2004-10-19,44.5
2004-10-20,37.40625
2004-10-21,31.3828125
2004-10-22,26.203125
2004-10-23,21.6171875
2004-10-24,17.71875
2004-10-25,14.453125
2004-10-26,11.6953125
2004-10-27,9.4140625
2004-10-28,7.5859375
2004-10-29,6.1171875
2004-10-30,4.9296875
2004-10-31,3.96875
2004-11-01,3.1953125
2004-11-02,2.5859375
2004-11-03,2.1015625
2004-11-04,1.703125
2004-11-05,1.3828125
2004-11-06,1.140625
2004-11-07,0.9609375
2004-11-08,0.8046875
2004-11-09,0.6875
2004-11-10,0.59375
2004-11-11,0.5078125
2004-11-12,0.4375
2004-11-13,0.3671875
2004-11-14,0.3046875
2004-11-15,0.265625
2004-11-16,0.234375
2004-11-17,0.2109375
2004-11-18,0.1875
2004-11-19,0.15625
2004-11-20,0.140625
2004-11-21,0.11718750000000001
2004-11-22,0.09375
2004-11-23,0.078125
2004-11-24,0.078125
2004-11-25,0.06249999999999999
2004-11-26,0.046875
2004-11-27,0.046875
2004-11-28,0.03125
2004-11-29,0.03125
2004-11-30,0.03125
2004-12-01,0.015625
2004-12-02,0.015625
2004-12-03,0.015625
2004-12-04,0.015625
2004-12-05,0.015625
2004-12-06,0.0
2004-12-07,0.0
2004-12-08,0.0
2004-12-09,0.0
2004-12-10,0.0
2004-12-11,0.0
2004-12-12,0.0
2004-12-13,0.0
2004-12-14,0.0
2004-12-15,0.0
2004-12-16,0.0
2004-12-17,0.0
2004-12-18,0.0
2004-12-19,0.0
2004-12-20,0.0
2004-12-21,0.0
2004-12-22,0.0
2004-12-23,0.0
2004-12-24,0.0
2004-12-25,0.0
2004-12-26,0.0
2004-12-27,0.0
2004-12-28,0.0
2004-12-29,0.0
2004-12-30,0.0
2004-12-31,0.0
2005-01-01,0.0
2005-01-02,0.0
2005-01-03,0.0
2005-01-04,0.0
2005-01-05,0.0
2005-01-06,0.0
2005-01-07,0.0
2005-01-08,0.0
2005-01-09,0.0
2005-01-10,0.0
2005-01-11,0.0
2005-01-12,0.0
2005-01-13,0.0
2005-01-14,0.0
2005-01-15,0.0
2005-01-16,0.0
2005-01-17,0.0
2005-01-18,0.0
2005-01-19,0.0
2005-01-20,0.0
2005-01-21,0.0
2005-01-22,0.0
2005-01-23,0.0
2005-01-24,0.0
2005-01-25,0.0
2005-01-26,0.0
2005-01-27,0.0
2005-01-28,0.0
2005-01-29,0.0
2005-01-30,0.0
2005-01-31,0.0
2005-02-01,0.0
2005-02-02,0.0
2005-02-03,0.0
2005-02-04,0.0
2005-02-05,0.0
2005-02-06,0.0
2005-02-07,0.0
2005-02-08,0.0
2005-02-09,0.0
2005-02-10,0.0
2005-02-11,0.0
2005-02-12,0.0
2005-02-13,0.0
2005-02-14,0.0
2005-02-15,0.0
2005-02-16,0.0
2005-02-17,0.0
2005-02-18,0.0
2005-02-19,0.0
2005-02-20,0.0
2005-02-21,0.0
2005-02-22,0.0
2005-02-23,0.0
2005-02-24,0.0
2005-02-25,0.0
2005-02-26,0.0
2005-02-27,0.0
2005-02-28,0.0
2005-03-01,0.0
2005-03-02,0.0
2005-03-03,0.0
2005-03-04,0.0
2005-03-05,0.0
2005-03-06,0.0
2005-03-07,0.0
2005-03-08,0.0
2005-03-09,0.0
2005-03-10,0.0
2005-03-11,0.0
2005-03-12,0.0
2005-03-13,0.0
2005-03-14,0.0
2005-03-15,0.0
2005-03-16,0.0
2005-03-17,0.0
2005-03-18,0.0
2005-03-19,0.0
2005-03-20,0.0
2005-03-21,0.0
2005-03-22,0.0
2005-03-23,0.0
2005-03-24,0.0
2005-03-25,0.0
2005-03-26,0.0
2005-03-27,0.0
2005-03-28,0.0
2005-03-29,0.0
2005-03-30,0.0
2005-03-31,0.0
2005-04-01,0.0
2005-04-02,0.0
2005-04-03,0.0
2005-04-04,0.0
2005-04-05,0.0
2005-04-06,0.0
2005-04-07,0.0
2005-04-08,0.0
2005-04-09,0.0
2005-04-10,0.0
2005-04-11,0.0
2005-04-12,0.0
2005-04-13,0.0
2005-04-14,0.0
2005-04-15,0.0
2005-04-16,0.0
2005-04-17,0.0
2005-04-18,0.0
2005-04-19,0.0
2005-04-20,0.0
2005-04-21,0.0
2005-04-22,0.0
2005-04-23,0.0
2005-04-24,0.0
2005-04-25,0.0
2005-04-26,0.0
2005-04-27,0.0
2005-04-28,0.0
2005-04-29,0.06249999999999999
2005-04-30,0.15625
2005-05-01,176.53
2005-05-02,249.07379310344834
2005-05-03,41.749205143191126
2005-05-04,49.24477808386902
2005-05-05,57.253638613861355
2005-05-06,65.41392326732672
2005-05-07,71.06243811881187
2005-05-08,69.29727722772277
2005-05-09,60.755528554070544
2005-05-10,48.09032595068953
2005-05-11,35.84797238462505
2005-05-12,25.85555990602976
2005-05-13,18.633727810650885
2005-05-14,316.82272727273016
2005-05-15,180.03378378378565
2005-05-16,107.64396551724138
2005-05-17,29.19945295404814
2005-05-18,178.62874999999994
2005-05-19,352.2542499999999
2005-05-20,17.67330827067671
2005-05-21,62.092009260887416
2005-05-22,28.364976391361562
2005-05-23,51.922640713684494
2005-05-24,65.41750772189243
2005-05-25,79.51311936118435
2005-05-26,92.70562884292899
2005-05-27,112.91362015001484
2005-05-28,150.03477952232092
2005-05-29,261.06343656603724
2005-05-30,958.8950135650435
2005-05-31,1457.1311981783663
2005-06-01,2003.865860844724
2005-06-02,2453.136801628339
2005-06-03,3298.3519028790847
2005-06-04,4842.1773576487285
2005-06-05,5836.3747216262345
2005-06-06,5814.924339770527
2005-06-07,5639.4173424483315
2005-06-08,4760.492345716313
2005-06-09,4514.25384920622
2005-06-10,3539.2213341196098
2005-06-11,3383.362535372609
2005-06-12,3208.705279036163
2005-06-13,2792.8427805924493
2005-06-14,2467.416273336509
2005-06-15,2291.1048648485234
2005-06-16,2041.8707305002326
2005-06-17,1822.68957163371
2005-06-18,1689.6246544938565
2005-06-19,1610.1736538128346
2005-06-20,1560.0922976314173
2005-06-21,1540.8766841495603
2005-06-22,1528.4086241369234
2005-06-23,1483.8892484722464
2005-06-24,1328.4303555118113
2005-06-25,1240.5318268069234
2005-06-26,1221.6338740000272
2005-06-27,1160.9106952880306
2005-06-28,1063.036450617177
2005-06-29,985.6581204216225
2005-06-30,726.179355775567
2005-07-01,658.2949757466574
2005-07-02,606.2556449867083
2005-07-03,508.2429192141705
2005-07-04,465.1228842272852
2005-07-05,429.01718811716705
2005-07-06,397.9171830817493
2005-07-07,257.36548776265533
2005-07-08,235.77966439466795
2005-07-09,343.0954912279545
2005-07-10,337.29357063116487
2005-07-11,363.98918377602047
2005-07-12,561.4606009712949
2005-07-13,651.6471535815534
2005-07-14,667.7161832900524
2005-07-15,768.8505589018108
2005-07-16,783.424068982966
2005-07-17,899.9336302860979
2005-07-18,739.7848548681463
2005-07-19,692.3300397544926
2005-07-20,584.3950872859773
2005-07-21,570.8439213740243
2005-07-22,544.7654889793447
2005-07-23,468.9745265020909
2005-07-24,455.655086415782
2005-07-25,469.38892442352346
2005-07-26,457.2823550334538
2005-07-27,439.681538978023
2005-07-28,379.8165133527853
2005-07-29,371.73688087402195
2005-07-30,440.2498386319273
2005-07-31,509.04837185112814
2005-08-01,525.8247635681493
2005-08-02,512.427675866557
2005-08-03,484.129551338339
2005-08-04,494.03522148410315
2005-08-05,579.035972080694
2005-08-06,658.3716482758157
2005-08-07,644.7529484133975
2005-08-08,629.2076441972114
2005-08-09,671.7657296228917
2005-08-10,684.9460922006219
2005-08-11,793.677170497712
2005-08-12,853.457634617809
2005-08-13,1051.8062313358473
2005-08-14,1099.9400273049614
2005-08-15,1070.2888276450876
2005-08-16,1036.0140885626051
2005-08-17,967.7063613602718
2005-08-18,803.3618542959412
2005-08-19,769.2815269606954
2005-08-20,764.5247143511839
2005-08-21,757.2771169092213
2005-08-22,728.0728911719436
2005-08-23,644.6912931365176
2005-08-24,614.1289897067152
2005-08-25,592.1231055457905
2005-08-26,538.0107555328533
2005-08-27,517.2430835486061
2005-08-28,502.17316270531245
2005-08-29,481.6954615716693
2005-08-30,396.2149589560575
2005-08-31,339.44056943063276
2005-09-01,328.3225452597401
2005-09-02,322.00826006121184
2005-09-03,310.42123707167104
2005-09-04,296.2343712585342
2005-09-05,282.57087189335886
2005-09-06,269.19573704720455
2005-09-07,242.92509496804905
2005-09-08,245.70527710433055
2005-09-09,260.6381985610262
2005-09-10,305.46441657564736
2005-09-11,320.11207953240427
2005-09-12,302.56964870074273
2005-09-13,301.79331232837274
2005-09-14,307.41421805322227
2005-09-15,305.4404476359668
2005-09-16,283.5573862708439
2005-09-17,268.1709892002897
2005-09-18,241.9632976779056
2005-09-19,228.06454248698128
2005-09-20,212.35722083390218
2005-09-21,220.5161705232343
2005-09-22,245.06458604995453
2005-09-23,295.656132774265
2005-09-24,354.7567687523409
2005-09-25,340.17321865999617
2005-09-26,310.64513988146103
2005-09-27,284.80220210575766
2005-09-28,257.47057132485173
2005-09-29,237.61669072001385
2005-09-30,216.81029601435907
2005-10-01,262.1953125
2005-10-02,240.75
2005-10-03,235.390625
2005-10-04,265.6328125
2005-10-05,353.9609375
2005-10-06,459.8671875
2005-10-07,472.0078125
2005-10-08,440.09375
2005-10-09,403.1328125
2005-10-10,368.0390625
2005-10-11,335.5625
2005-10-12,305.7578125
2005-10-13,278.5
2005-10-14,252.8515625
2005-10-15,231.0
2005-10-16,218.0390625
2005-10-17,205.6640625
2005-10-18,187.171875
2005-10-19,168.9140625
2005-10-20,152.1171875
2005-10-21,136.6484375
2005-10-22,122.4140625
2005-10-23,109.375
2005-10-24,97.3984375
2005-10-25,86.3515625
2005-10-26,76.1640625
2005-10-27,66.7890625
2005-10-28,58.234375
2005-10-29,50.5
2005-10-30,43.53125
2005-10-31,37.1953125
2005-11-01,31.4921875
2005-11-02,26.4609375
2005-11-03,22.03125
2005-11-04,18.15625
2005-11-05,14.7890625
2005-11-06,11.8984375
2005-11-07,9.46875
2005-11-08,7.453125
2005-11-09,5.8046875
2005-11-10,4.4921875
2005-11-11,3.46875
2005-11-12,2.6875
2005-11-13,2.1171875
2005-11-14,1.6953125
2005-11-15,1.3828125
2005-11-16,1.140625
2005-11-17,0.953125
2005-11-18,0.8046875
2005-11-19,0.6875
2005-11-20,0.59375
2005-11-21,0.515625
2005-11-22,0.4453125
2005-11-23,0.390625
2005-11-24,0.3515625
2005-11-25,0.3046875
2005-11-26,0.2578125
2005-11-27,0.2265625
2005-11-28,0.1875
2005-11-29,0.1640625
2005-11-30,0.1484375
2005-12-01,0.1328125
2005-12-02,0.11718750000000001
2005-12-03,0.1015625
2005-12-04,0.09375
2005-12-05,0.078125
2005-12-06,0.078125
2005-12-07,0.06249999999999999
2005-12-08,0.06249999999999999
2005-12-09,0.046875
2005-12-10,0.046875
2005-12-11,0.046875
2005-12-12,0.046875
2005-12-13,0.03125
2005-12-14,0.03125
2005-12-15,0.03125
2005-12-16,0.015625
2005-12-17,0.015625
2005-12-18,0.015625
2005-12-19,0.015625
2005-12-20,0.015625
2005-12-21,0.015625
2005-12-22,0.015625
2005-12-23,0.015625
2005-12-24,0.0
2005-12-25,0.0
2005-12-26,0.0
2005-12-27,0.0
2005-12-28,0.0
2005-12-29,0.0
2005-12-30,0.0
2005-12-31,0.0
2006-01-01,0.0
2006-01-02,0.0
2006-01-03,0.0
2006-01-04,0.0
2006-01-05,0.0
2006-01-06,0.0
2006-01-07,0.0
2006-01-08,0.0
2006-01-09,0.0
2006-01-10,0.0
2006-01-11,0.0
2006-01-12,0.0
2006-01-13,0.0
2006-01-14,0.0
2006-01-15,0.0
2006-01-16,0.0
2006-01-17,0.0
2006-01-18,0.0
2006-01-19,0.0
2006-01-20,0.0
2006-01-21,0.0
2006-01-22,0.0
2006-01-23,0.0
2006-01-24,0.0
2006-01-25,0.0
2006-01-26,0.0
2006-01-27,0.0
2006-01-28,0.0
2006-01-29,0.0
2006-01-30,0.0
2006-01-31,0.0
2006-02-01,0.0
2006-02-02,0.0
2006-02-03,0.0
2006-02-04,0.0
2006-02-05,0.0
2006-02-06,0.0
2006-02-07,0.0
2006-02-08,0.0
2006-02-09,0.0
2006-02-10,0.0
2006-02-11,0.0
2006-02-12,0.0
2006-02-13,0.0
2006-02-14,0.0
2006-02-15,0.0
2006-02-16,0.0
2006-02-17,0.0
2006-02-18,0.0
2006-02-19,0.0
2006-02-20,0.0
2006-02-21,0.0
2006-02-22,0.0
2006-02-23,0.0
2006-02-24,0.0
2006-02-25,0.0
2006-02-26,0.0
2006-02-27,0.0
2006-02-28,0.0
2006-03-01,0.0
2006-03-02,0.0
2006-03-03,0.0
2006-03-04,0.0
2006-03-05,0.0
2006-03-06,0.0
2006-03-07,0.0
2006-03-08,0.0
2006-03-09,0.0
2006-03-10,0.0
2006-03-11,0.0
2006-03-12,0.0
2006-03-13,0.0
2006-03-14,0.0
2006-03-15,0.0
2006-03-16,0.0
2006-03-17,0.0
2006-03-18,0.0
2006-03-19,0.0
2006-03-20,0.0
2006-03-21,0.0
2006-03-22,0.0
2006-03-23,0.0
2006-03-24,0.0
2006-03-25,0.0
2006-03-26,0.0
2006-03-27,0.0
2006-03-28,0.0
2006-03-29,0.0
2006-03-30,0.0
2006-03-31,0.0
2006-04-01,0.0
2006-04-02,0.0
2006-04-03,0.0
2006-04-04,0.0
2006-04-05,0.0
2006-04-06,0.0
2006-04-07,0.0
2006-04-08,0.0
2006-04-09,0.0
2006-04-10,0.0
2006-04-11,0.0
2006-04-12,0.0
2006-04-13,0.0
2006-04-14,0.0
2006-04-15,0.0
2006-04-16,0.0
2006-04-17,0.0
2006-04-18,0.0
2006-04-19,0.0
2006-04-20,0.0
2006-04-21,0.0
2006-04-22,0.0
2006-04-23,0.0
2006-04-24,0.0
2006-04-25,0.0
2006-04-26,0.0
2006-04-27,0.0
2006-04-28,0.0
2006-04-29,0.0
2006-04-30,0.0
2006-05-01,2.9149999999999996
2006-05-02,2.6754999999999995
2006-05-03,2.6809999999999996
2006-05-04,2.6864999999999997
2006-05-05,2.6920000000000006
2006-05-06,2.6974999999999993
2006-05-07,2.7029999999999994
2006-05-08,2.7085000000000004
2006-05-09,2.7140000000000004
2006-05-10,2.7195
2006-05-11,2.7249999999999996
2006-05-12,35.4546875
2006-05-13,45.041499999999985
2006-05-14,41.91363636363675
2006-05-15,93.1959459459469
2006-05-16,24.266747307632283
2006-05-17,39.87919516044199
2006-05-18,26.17505705157466
2006-05-19,16.576385099287556
2006-05-20,105.38027305104877
2006-05-21,73.4682474649786
2006-05-22,45.310264894613056
2006-05-23,32.215401695090705
2006-05-24,57.206033131082044
2006-05-25,135.80019102954114
2006-05-26,302.03157833475586
2006-05-27,1069.7773791059103
2006-05-28,1602.1033903568975
2006-05-29,1824.0065498268627
2006-05-30,2064.1713608054297
2006-05-31,2111.1735256868405
2006-06-01,2495.837458434377
2006-06-02,2647.943524437832
2006-06-03,2687.583602399699
2006-06-04,2452.8033821522463
2006-06-05,2311.194691347679
2006-06-06,2313.7567895615007
2006-06-07,2528.4210841994936
2006-06-08,2733.1414310384484
2006-06-09,3191.3192450311526
2006-06-10,3440.6057960092785
2006-06-11,3409.0919058859645
2006-06-12,3266.3703233617116
2006-06-13,2888.777731884992
2006-06-14,2835.426748639404
2006-06-15,2808.9132083398363
2006-06-16,2679.392647681549
2006-06-17,2394.8176122475156
2006-06-18,2203.8430266427977
2006-06-19,1973.1509131290356
2006-06-20,1647.0966410519898
2006-06-21,1463.8818124436195
2006-06-22,1343.7084117113905
2006-06-23,1071.942082725991
2006-06-24,1017.2177414665789
2006-06-25,930.6022000334109
2006-06-26,855.6063870626263
2006-06-27,1090.1600492259383
2006-06-28,1284.5648256986294
2006-06-29,1272.7824935131293
2006-06-30,1223.9605595262417
2006-07-01,1121.1722440110395
2006-07-02,855.5335787526002
2006-07-03,775.4911669769702
2006-07-04,598.287454954299
2006-07-05,554.7865070111371
2006-07-06,517.3223673626975
2006-07-07,418.14319136393107
2006-07-08,380.5130394211544
2006-07-09,358.7397921402145
2006-07-10,347.4495968775494
2006-07-11,218.38484217426634
2006-07-12,196.79150587202187
2006-07-13,182.2513723567288
2006-07-14,171.03815854776198
2006-07-15,166.69145141089794
2006-07-16,166.96280859676992
2006-07-17,170.03506469165126
2006-07-18,169.74718593345966
2006-07-19,172.64704760214613
2006-07-20,171.54952874517787
2006-07-21,169.6817748162947
2006-07-22,172.60013071980825
2006-07-23,241.48320980757634
2006-07-24,369.29477041094
2006-07-25,385.8620163906073
2006-07-26,378.915512838326
2006-07-27,372.19808806515994
2006-07-28,365.94235376846694
2006-07-29,352.1672235150075
2006-07-30,279.33383517833147
2006-07-31,273.0905393724407
2006-08-01,339.46345582896345
2006-08-02,343.5575124183402
2006-08-03,344.19681571026695
2006-08-04,404.98371917409077
2006-08-05,479.19800078569705
2006-08-06,505.9295243128925
2006-08-07,504.87708187975386
2006-08-08,497.0873324505891
2006-08-09,497.7541421263641
2006-08-10,497.693383921669
2006-08-11,481.90692242029877
2006-08-12,398.31297935071353
2006-08-13,324.86677388087855
2006-08-14,283.0892163948453
2006-08-15,265.54960545016604
2006-08-16,255.01671439146642
2006-08-17,260.43283127967953
2006-08-18,261.73203370663543
2006-08-19,289.38637038350834
2006-08-20,560.5933745489634
2006-08-21,947.3779506328252
2006-08-22,1090.226770113119
2006-08-23,1087.4985931771848
2006-08-24,1057.3426580506082
2006-08-25,1059.7334429685195
2006-08-26,1051.807076540445
2006-08-27,1016.1352319270502
2006-08-28,977.2191575687918
2006-08-29,946.6689081487716
2006-08-30,758.8093209351476
2006-08-31,707.7897386672388
2006-09-01,585.1214795077424
2006-09-02,506.32563213937624
2006-09-03,487.232700189966
2006-09-04,476.7844640700429
2006-09-05,600.842985951685
2006-09-06,938.3465353220588
2006-09-07,990.548185201607
2006-09-08,904.023452197115
2006-09-09,680.8265540038776
2006-09-10,645.1404592943937
2006-09-11,589.0273962927185
2006-09-12,562.2868308591993
2006-09-13,549.0447575634299
2006-09-14,526.4307532645712
2006-09-15,500.7808962282778
2006-09-16,475.69538734455955
2006-09-17,447.419519783869
2006-09-18,423.1107563386068
2006-09-19,410.4679583639132
2006-09-20,387.7840235676947
2006-09-21,365.1793384526657
2006-09-22,341.0634594118463
2006-09-23,301.70788065310984
2006-09-24,279.2098315176364
2006-09-25,263.35402929791087
2006-09-26,236.86619804968825
2006-09-27,225.35622624019078
2006-09-28,217.24917265714575
2006-09-29,208.93581926248595
2006-09-30,203.21764285192387
2006-10-01,244.265625
2006-10-02,222.3125
2006-10-03,201.2578125
2006-10-04,181.640625
2006-10-05,163.3984375
2006-10-06,146.515625
2006-10-07,131.015625
2006-10-08,116.6171875
2006-10-09,103.171875
2006-10-10,90.59375
2006-10-11,79.171875
2006-10-12,68.859375
2006-10-13,59.28125
2006-10-14,50.390625
2006-10-15,42.4375
2006-10-16,35.265625
2006-10-17,28.875
2006-10-18,23.3203125
2006-10-19,18.5859375
2006-10-20,14.6328125
2006-10-21,11.4609375
2006-10-22,9.0078125
2006-10-23,7.109375
2006-10-24,5.6328125
2006-10-25,4.4921875
2006-10-26,3.59375
2006-10-27,2.8828125
2006-10-28,2.328125
2006-10-29,1.8984375
2006-10-30,1.5625
2006-10-31,1.28125
2006-11-01,1.0625
2006-11-02,0.890625
2006-11-03,0.7578125
2006-11-04,0.65625
2006-11-05,0.5625
2006-11-06,0.4921875
2006-11-07,0.4296875
2006-11-08,0.375
2006-11-09,0.3359375
2006-11-10,0.3671875
2006-11-11,0.515625
2006-11-12,0.640625
2006-11-13,0.6484375
2006-11-14,0.59375
2006-11-15,0.5234375
2006-11-16,0.453125
2006-11-17,0.3828125
2006-11-18,0.3203125
2006-11-19,0.2734375
2006-11-20,0.234375
2006-11-21,0.203125
2006-11-22,0.1796875
2006-11-23,0.15625
2006-11-24,0.1328125
2006-11-25,0.109375
2006-11-26,0.09375
2006-11-27,0.06249999999999999
2006-11-28,0.06249999999999999
2006-11-29,0.046875
2006-11-30,0.046875
2006-12-01,0.03125
2006-12-02,0.03125
2006-12-03,0.015625
2006-12-04,0.015625
2006-12-05,0.015625
2006-12-06,0.0
2006-12-07,0.0
2006-12-08,0.0
2006-12-09,0.0
2006-12-10,0.0
2006-12-11,0.0
2006-12-12,0.0
2006-12-13,0.0
2006-12-14,0.0
2006-12-15,0.0
2006-12-16,0.0
2006-12-17,0.0
2006-12-18,0.0
2006-12-19,0.0
2006-12-20,0.0
2006-12-21,0.0
2006-12-22,0.0
2006-12-23,0.0
2006-12-24,0.0
2006-12-25,0.0
2006-12-26,0.0
2006-12-27,0.0
2006-12-28,0.0
2006-12-29,0.0
2006-12-30,0.0
2006-12-31,0.0
2007-01-01,0.0
2007-01-02,0.0
2007-01-03,0.0
2007-01-04,0.0
2007-01-05,0.0
2007-01-06,0.0
2007-01-07,0.0
2007-01-08,0.0
2007-01-09,0.0
2007-01-10,0.0
2007-01-11,0.0
2007-01-12,0.0
2007-01-13,0.0
2007-01-14,0.0
2007-01-15,0.0
2007-01-16,0.0
2007-01-17,0.0
2007-01-18,0.0
2007-01-19,0.0
2007-01-20,0.0
2007-01-21,0.0
2007-01-22,0.0
2007-01-23,0.0
2007-01-24,0.0
2007-01-25,0.0
2007-01-26,0.0
2007-01-27,0.0
2007-01-28,0.0
2007-01-29,0.0
2007-01-30,0.0
2007-01-31,0.0
2007-02-01,0.0
2007-02-02,0.0
2007-02-03,0.0
2007-02-04,0.0
2007-02-05,0.0
2007-02-06,0.0
2007-02-07,0.0
2007-02-08,0.0
2007-02-09,0.0
2007-02-10,0.0
2007-02-11,0.0
2007-02-12,0.0
2007-02-13,0.0
2007-02-14,0.0
2007-02-15,0.0
2007-02-16,0.0
2007-02-17,0.0
2007-02-18,0.0
2007-02-19,0.0
2007-02-20,0.0
2007-02-21,0.0
2007-02-22,0.0
2007-02-23,0.0
2007-02-24,0.0
2007-02-25,0.0
2007-02-26,0.0
2007-02-27,0.0
2007-02-28,0.0
2007-03-01,0.0
2007-03-02,0.0
2007-03-03,0.0
2007-03-04,0.0
2007-03-05,0.0
2007-03-06,0.0
2007-03-07,0.0
2007-03-08,0.0
2007-03-09,0.0
2007-03-10,0.0
2007-03-11,0.0
2007-03-12,0.0
2007-03-13,0.0
2007-03-14,0.0
2007-03-15,0.0
2007-03-16,0.0
2007-03-17,0.0
2007-03-18,0.0
2007-03-19,0.0
2007-03-20,0.0
2007-03-21,0.0
2007-03-22,0.0
2007-03-23,0.0
2007-03-24,0.0
2007-03-25,0.0
2007-03-26,0.0
2007-03-27,0.0
2007-03-28,0.0
2007-03-29,0.0
2007-03-30,0.0
2007-03-31,0.0
2007-04-01,0.0
2007-04-02,0.0
2007-04-03,0.0
2007-04-04,0.0
2007-04-05,0.0
2007-04-06,0.0
2007-04-07,0.0
2007-04-08,0.0
2007-04-09,0.0
2007-04-10,0.0
2007-04-11,0.0
2007-04-12,0.0
2007-04-13,0.0
2007-04-14,0.0
2007-04-15,0.0
2007-04-16,0.0
2007-04-17,0.0
2007-04-18,0.0
2007-04-19,0.0
2007-04-20,0.0
2007-04-21,0.0
2007-04-22,0.0
2007-04-23,0.0
2007-04-24,0.0
2007-04-25,0.0
2007-04-26,0.0
2007-04-27,0.0
2007-04-28,0.0
2007-04-29,0.0
2007-04-30,0.0
2007-05-01,2.915
2007-05-02,2.6755
2007-05-03,2.6809999999999996
2007-05-04,2.6865
2007-05-05,2.6920000000000006
2007-05-06,2.6975
2007-05-07,35.17625
2007-05-08,51.00484848484847
2007-05-09,124.05878787878783
2007-05-10,416.3818181818181
2007-05-11,30.738381639507477
2007-05-12,38.619851213782326
2007-05-13,54.80236686390533
2007-05-14,88.7973010795683
2007-05-15,27.019218302630883
2007-05-16,169.05104573123157
2007-05-17,142.53253550762795
2007-05-18,94.40037965229673
2007-05-19,36.68875171045794
2007-05-20,55.115972813765566
2007-05-21,68.430119893332
2007-05-22,84.01151014367335
2007-05-23,113.50547351878095
2007-05-24,147.7141667121483
2007-05-25,703.0199289714525
2007-05-26,1588.545735155313
2007-05-27,2507.6648876079257
2007-05-28,2978.412454692766
2007-05-29,3619.423795608071
2007-05-30,4225.855903909308
2007-05-31,5419.556745000494
2007-06-01,5540.480307752718
2007-06-02,4757.432238966167
2007-06-03,4502.274498958979
2007-06-04,4446.796823437185
2007-06-05,4393.370027472074
2007-06-06,3346.2923412182363
2007-06-07,3117.323203436876
2007-06-08,2861.469967744319
2007-06-09,2701.3125188224026
2007-06-10,2410.2732839926152
2007-06-11,2278.602166355062
2007-06-12,2073.918459986903
2007-06-13,1978.0457525029171
2007-06-14,1841.4488912807876
2007-06-15,1685.6003108325233
2007-06-16,1441.9014143178995
2007-06-17,1293.6907632640662
2007-06-18,892.5199033864595
2007-06-19,833.2937010983153
2007-06-20,741.5380282423915
2007-06-21,527.970737021321
2007-06-22,465.77098808214436
2007-06-23,409.4840698315046
2007-06-24,374.59247939535834
2007-06-25,339.1358375668913
2007-06-26,308.38858653193813
2007-06-27,299.42110094121085
2007-06-28,285.4758302256093
2007-06-29,257.1782012483739
2007-06-30,233.08823895547317
2007-07-01,224.24921300903102
2007-07-02,248.62297475755653
2007-07-03,298.34398429690475
2007-07-04,424.31036524404124
2007-07-05,279.7389192234858
2007-07-06,257.95660154051455
2007-07-07,235.55667234950852
2007-07-08,219.45112026684907
2007-07-09,208.4644642226053
2007-07-10,197.02980652278453
2007-07-11,185.7811811755674
2007-07-12,167.34613170722625
2007-07-13,154.58206804202248
2007-07-14,144.308125451008
2007-07-15,140.0250483627234
2007-07-16,145.27367728947357
2007-07-17,158.63622236812802
2007-07-18,159.7951395375296
2007-07-19,167.1636905829575
2007-07-20,186.19571606043067
2007-07-21,253.95673765370893
2007-07-22,275.8704879257867
2007-07-23,393.561577490008
2007-07-24,459.8702556737989
2007-07-25,475.58745911493156
2007-07-26,476.28590469507037
2007-07-27,481.62268010154895
2007-07-28,525.7619743607225
2007-07-29,544.9982692473711
2007-07-30,535.0190023028989
2007-07-31,510.87212303019385
2007-08-01,454.95923959717703
2007-08-02,433.5720184508877
2007-08-03,365.82796191481816
2007-08-04,339.8868063017488
2007-08-05,327.6710614664088
2007-08-06,327.04498937148827
2007-08-07,330.5851794905807
2007-08-08,284.7607915411106
2007-08-09,269.0552138659197
2007-08-10,250.10516957963242
2007-08-11,202.35873204604442
2007-08-12,205.53056033434652
2007-08-13,261.58889546611965
2007-08-14,323.64442877866554
2007-08-15,334.060489682043
2007-08-16,332.68436599175214
2007-08-17,332.3316971550823
2007-08-18,405.2011538048393
2007-08-19,561.6490209217769
2007-08-20,577.0976751102969
2007-08-21,555.8881719252254
2007-08-22,469.0526484845678
2007-08-23,379.0902158908876
2007-08-24,373.57116925120386
2007-08-25,443.93167284179805
2007-08-26,513.3628245094146
2007-08-27,500.91155532683973
2007-08-28,419.6369149858883
2007-08-29,400.0321097197946
2007-08-30,334.65258931867834
2007-08-31,316.20322265461556
2007-09-01,302.7044323572486
2007-09-02,301.28565183714323
2007-09-03,298.36091356156027
2007-09-04,327.1902703881293
2007-09-05,361.57524181836413
2007-09-06,364.074972044784
2007-09-07,370.92838444675874
2007-09-08,373.69227842897516
2007-09-09,408.01749059742514
2007-09-10,465.63827249180883
2007-09-11,535.2128101397293
2007-09-12,472.74766887797415
2007-09-13,448.4327602097552
2007-09-14,436.43605422633584
2007-09-15,416.20440839781526
2007-09-16,397.7192316919384
2007-09-17,387.57597344532854
2007-09-18,366.06663828781154
2007-09-19,343.5924934324969
2007-09-20,322.5575439935524
2007-09-21,299.451320582878
2007-09-22,298.6320525512287
2007-09-23,341.62892831361944
2007-09-24,358.59748822853425
2007-09-25,356.01630219929575
2007-09-26,364.68569365333
2007-09-27,355.7779125269092
2007-09-28,335.27428170753916
2007-09-29,329.37202911192657
2007-09-30,307.60120290209073
2007-10-01,348.109375
2007-10-02,315.921875
2007-10-03,286.171875
2007-10-04,259.1171875
2007-10-05,234.671875
2007-10-06,212.484375
2007-10-07,194.2734375
2007-10-08,183.03125
2007-10-09,172.1796875
2007-10-10,155.9140625
2007-10-11,139.75
2007-10-12,124.734375
2007-10-13,110.8125
2007-10-14,98.078125
2007-10-15,86.6484375
2007-10-16,76.40625
2007-10-17,67.2578125
2007-10-18,58.953125
2007-10-19,51.453125
2007-10-20,44.71875
2007-10-21,38.59375
2007-10-22,33.1015625
2007-10-23,28.1484375
2007-10-24,23.71875
2007-10-25,19.8203125
2007-10-26,16.4140625
2007-10-27,13.46875
2007-10-28,10.953125
2007-10-29,8.8125
2007-10-30,7.015625
2007-10-31,5.53125
2007-11-01,4.3671875
2007-11-02,3.4609375
2007-11-03,2.7578125
2007-11-04,2.203125
2007-11-05,1.7734375
2007-11-06,1.4296875
2007-11-07,1.1796875
2007-11-08,0.9921875
2007-11-09,0.8515625
2007-11-10,0.734375
2007-11-11,0.640625
2007-11-12,0.5546875
2007-11-13,0.484375
2007-11-14,0.4296875
2007-11-15,0.3828125
2007-11-16,0.328125
2007-11-17,0.28125
2007-11-18,0.25
2007-11-19,0.21875
2007-11-20,0.1953125
2007-11-21,0.171875
2007-11-22,0.15625
2007-11-23,0.140625
2007-11-24,0.125
2007-11-25,0.109375
2007-11-26,0.09375
2007-11-27,0.09375
2007-11-28,0.078125
2007-11-29,0.06249999999999999
2007-11-30,0.046875
2007-12-01,0.046875
2007-12-02,0.03125
2007-12-03,0.03125
2007-12-04,0.03125
2007-12-05,0.015625
2007-12-06,0.015625
2007-12-07,0.015625
2007-12-08,0.0
2007-12-09,0.0
2007-12-10,0.0
2007-12-11,0.0
2007-12-12,0.0
2007-12-13,0.0
2007-12-14,0.0
2007-12-15,0.0
2007-12-16,0.0
2007-12-17,0.0
2007-12-18,0.0
2007-12-19,0.0
2007-12-20,0.0
2007-12-21,0.0
2007-12-22,0.0
2007-12-23,0.0
2007-12-24,0.0
2007-12-25,0.0
2007-12-26,0.0
2007-12-27,0.0
2007-12-28,0.0
2007-12-29,0.0
2007-12-30,0.0
2007-12-31,0.0
2008-01-01,0.0
2008-01-02,0.0
2008-01-03,0.0
2008-01-04,0.0
2008-01-05,0.0
2008-01-06,0.0
2008-01-07,0.0
2008-01-08,0.0
2008-01-09,0.0
2008-01-10,0.0
2008-01-11,0.0
2008-01-12,0.0
2008-01-13,0.0
2008-01-14,0.0
2008-01-15,0.0
2008-01-16,0.0
2008-01-17,0.0
2008-01-18,0.0
2008-01-19,0.0
2008-01-20,0.0
2008-01-21,0.0
2008-01-22,0.0
2008-01-23,0.0
2008-01-24,0.0
2008-01-25,0.0
2008-01-26,0.0
2008-01-27,0.0
2008-01-28,0.0
2008-01-29,0.0
2008-01-30,0.0
2008-01-31,0.0
2008-02-01,0.0
2008-02-02,0.0
2008-02-03,0.0
2008-02-04,0.0
2008-02-05,0.0
2008-02-06,0.0
2008-02-07,0.0
2008-02-08,0.0
2008-02-09,0.0
2008-02-10,0.0
2008-02-11,0.0
2008-02-12,0.0
2008-02-13,0.0
2008-02-14,0.0
2008-02-15,0.0
2008-02-16,0.0
2008-02-17,0.0
2008-02-18,0.0
2008-02-19,0.0
2008-02-20,0.0
2008-02-21,0.0
2008-02-22,0.0
2008-02-23,0.0
2008-02-24,0.0
2008-02-25,0.0
2008-02-26,0.0
2008-02-27,0.0
2008-02-28,0.0
2008-02-29,0.0
2008-03-01,0.0
2008-03-02,0.0
2008-03-03,0.0
2008-03-04,0.0
2008-03-05,0.0
2008-03-06,0.0
2008-03-07,0.0
2008-03-08,0.0
2008-03-09,0.0
2008-03-10,0.0
2008-03-11,0.0
2008-03-12,0.0
2008-03-13,0.0
2008-03-14,0.0
2008-03-15,0.0
2008-03-16,0.0
2008-03-17,0.0
2008-03-18,0.0
2008-03-19,0.0
2008-03-20,0.0
2008-03-21,0.0
2008-03-22,0.0
2008-03-23,0.0
2008-03-24,0.0
2008-03-25,0.0
2008-03-26,0.0
2008-03-27,0.0
2008-03-28,0.0
2008-03-29,0.0
2008-03-30,0.0
2008-03-31,0.0
2008-04-01,0.0
2008-04-02,0.0
2008-04-03,0.0
2008-04-04,0.0
2008-04-05,0.0
2008-04-06,0.0
2008-04-07,0.0
2008-04-08,0.0
2008-04-09,0.0
2008-04-10,0.0
2008-04-11,0.0
2008-04-12,0.0
2008-04-13,0.0
2008-04-14,0.0
2008-04-15,0.0
2008-04-16,0.0
2008-04-17,0.0
2008-04-18,0.0
2008-04-19,0.0
2008-04-20,0.0
2008-04-21,0.0
2008-04-22,0.0
2008-04-23,0.0
2008-04-24,0.0
2008-04-25,0.0
2008-04-26,0.0
2008-04-27,0.0
2008-04-28,0.0
2008-04-29,0.0
2008-04-30,0.0
2008-05-01,2.6754999999999995
2008-05-02,2.6809999999999996
2008-05-03,2.6864999999999997
2008-05-04,2.6920000000000006
2008-05-05,2.6975000000000002
2008-05-06,2.703
2008-05-07,2.7085000000000004
2008-05-08,2.7140000000000004
2008-05-09,2.7194999999999996
2008-05-10,2.7249999999999996
2008-05-11,2.7304999999999993
2008-05-12,2.7359999999999998
2008-05-13,2.7415000000000003
2008-05-14,2.747
2008-05-15,29.16551724137931
2008-05-16,154.85700218818383
2008-05-17,142.87673267326733
2008-05-18,19.15569198120358
2008-05-19,20.938161072438692
2008-05-20,93.0266262235508
2008-05-21,50.25977506793635
2008-05-22,32.0386234477047
2008-05-23,58.32203276658987
2008-05-24,144.88719695768253
2008-05-25,285.1702720251599
2008-05-26,471.51289496038436
2008-05-27,691.6927560231057
2008-05-28,968.3887548093736
2008-05-29,1315.1910498249542
2008-05-30,1874.9888028717774
2008-05-31,2505.397502962412
2008-06-01,3071.277747370043
2008-06-02,4339.165669055879
2008-06-03,4480.803152973372
2008-06-04,3369.4580961237693
2008-06-05,3088.995645472342
2008-06-06,2751.118851715488
2008-06-07,2616.101052653927
2008-06-08,2352.4425887679336
2008-06-09,2285.2487462208705
2008-06-10,2093.5652233940255
2008-06-11,1970.0404397980296
2008-06-12,1843.1293103940002
2008-06-13,1693.5225483165993
2008-06-14,1484.3111354416617
2008-06-15,1351.892838579811
2008-06-16,920.9553807125945
2008-06-17,820.7158022964742
2008-06-18,783.5270334982239
2008-06-19,738.3826000088567
2008-06-20,543.4860720056608
2008-06-21,662.0868737711854
2008-06-22,686.2365609683723
2008-06-23,644.6103354136584
2008-06-24,594.1437894287142
2008-06-25,448.4288213646924
2008-06-26,418.4010614032482
2008-06-27,381.90602033513267
2008-06-28,337.2622800459886
2008-06-29,309.204213519904
2008-06-30,293.2722199574138
2008-07-01,276.67712898898304
2008-07-02,269.4567295567884
2008-07-03,415.70961468622323
2008-07-04,544.8901753346596
2008-07-05,653.3072052801504
2008-07-06,556.5270413185206
2008-07-07,536.9749800333625
2008-07-08,528.4613509475727
2008-07-09,587.7766081701317
2008-07-10,585.1626827995602
2008-07-11,569.2693947600452
2008-07-12,555.0169989406797
2008-07-13,543.8817546813569
2008-07-14,529.4384619125849
2008-07-15,515.2158730771116
2008-07-16,512.6961063772172
2008-07-17,501.89227743743413
2008-07-18,467.71655306548786
2008-07-19,402.8295362751419
2008-07-20,373.73318800446077
2008-07-21,369.59379123886424
2008-07-22,273.3610907693073
2008-07-23,257.61864336345553
2008-07-24,250.50316042732908
2008-07-25,350.4999784697814
2008-07-26,375.8889005719318
2008-07-27,384.03062724521845
2008-07-28,369.2896506145719
2008-07-29,349.9746490683748
2008-07-30,278.5580469951393
2008-07-31,271.25223358316373
2008-08-01,269.1933225436386
2008-08-02,356.09394612277015
2008-08-03,419.19825318962313
2008-08-04,427.9617894073301
2008-08-05,424.7278506570189
2008-08-06,408.26446708546365
2008-08-07,335.2809687360785
2008-08-08,283.83020594012925
2008-08-09,279.94323803335925
2008-08-10,334.3805209455989
2008-08-11,403.6964004614966
2008-08-12,389.30590807255913
2008-08-13,316.7396728385986
2008-08-14,274.8808563496157
2008-08-15,260.13998860968115
2008-08-16,213.10277952606586
2008-08-17,194.81524444364317
2008-08-18,178.28422869177936
2008-08-19,165.6456388838501
2008-08-20,153.21383765583866
2008-08-21,141.4680850153525
2008-08-22,132.36349531059903
2008-08-23,125.9514279597371
2008-08-24,120.80970855988714
2008-08-25,111.59304061273167
2008-08-26,107.17565692942276
2008-08-27,108.37271908377299
2008-08-28,127.57341488557228
2008-08-29,168.75802174215633
2008-08-30,195.04410955554485
2008-08-31,204.07227681679043
2008-09-01,205.38704460572532
2008-09-02,199.08737437578606
2008-09-03,199.638421087898
2008-09-04,205.20876727939043
2008-09-05,203.21905837125044
2008-09-06,189.14597501181004
2008-09-07,285.16213590840715
2008-09-08,388.13453155889863
2008-09-09,441.2511613751845
2008-09-10,444.25153409401923
2008-09-11,421.4642676433399
2008-09-12,402.82042612063475
2008-09-13,374.5381198811618
2008-09-14,352.72123312264927
2008-09-15,332.21002254543436
2008-09-16,334.16108675240514
2008-09-17,383.33010052860317
2008-09-18,415.01866652283155
2008-09-19,392.72651570754965
2008-09-20,374.8319023572845
2008-09-21,367.50205879758204
2008-09-22,354.1001069569766
2008-09-23,339.6752174334038
2008-09-24,308.7575139331679
2008-09-25,270.3900791024888
2008-09-26,262.4433026338283
2008-09-27,248.01876610456443
2008-09-28,227.8144970241602
2008-09-29,213.1464419682054
2008-09-30,194.15732327916066
2008-10-01,228.640625
2008-10-02,206.9609375
2008-10-03,186.9921875
2008-10-04,168.5703125
2008-10-05,151.3203125
2008-10-06,135.265625
2008-10-07,120.4453125
2008-10-08,106.8515625
2008-10-09,94.3515625
2008-10-10,82.796875
2008-10-11,72.1875
2008-10-12,62.46875
2008-10-13,53.40625
2008-10-14,45.09375
2008-10-15,37.71875
2008-10-16,31.109375
2008-10-17,25.2578125
2008-10-18,20.125
2008-10-19,15.8515625
2008-10-20,12.4140625
2008-10-21,9.65625
2008-10-22,7.5
2008-10-23,5.859375
2008-10-24,4.6015625
2008-10-25,3.6484375
2008-10-26,2.921875
2008-10-27,2.359375
2008-10-28,1.921875
2008-10-29,1.578125
2008-10-30,1.3046875
2008-10-31,1.09375
2008-11-01,0.8984375
2008-11-02,0.7421875
2008-11-03,0.625
2008-11-04,0.5390625
2008-11-05,0.4609375
2008-11-06,0.3984375
2008-11-07,0.3515625
2008-11-08,0.3046875
2008-11-09,0.2734375
2008-11-10,0.2421875
2008-11-11,0.21875
2008-11-12,0.1953125
2008-11-13,0.171875
2008-11-14,0.15625
2008-11-15,0.140625
2008-11-16,0.125
2008-11-17,0.109375
2008-11-18,0.09375
2008-11-19,0.078125
2008-11-20,0.0703125
2008-11-21,0.06249999999999999
2008-11-22,0.05468749999999999
2008-11-23,0.046875
2008-11-24,0.0390625
2008-11-25,0.0390625
2008-11-26,0.03125
2008-11-27,0.03125
2008-11-28,0.03125
2008-11-29,0.03125
2008-11-30,0.03125
2008-12-01,0.015625
2008-12-02,0.015625
2008-12-03,0.015625
2008-12-04,0.015625
2008-12-05,0.015625
2008-12-06,0.015625
2008-12-07,0.015625
2008-12-08,0.0
2008-12-09,0.0
2008-12-10,0.0
2008-12-11,0.0
2008-12-12,0.0
2008-12-13,0.0
2008-12-14,0.0
2008-12-15,0.0
2008-12-16,0.0
2008-12-17,0.0
2008-12-18,0.0
2008-12-19,0.0
2008-12-20,0.0
2008-12-21,0.0
2008-12-22,0.0
2008-12-23,0.0
2008-12-24,0.0
2008-12-25,0.0
2008-12-26,0.0
2008-12-27,0.0
2008-12-28,0.0
2008-12-29,0.0
2008-12-30,0.0
2008-12-31,0.0
2009-01-01,0.0
2009-01-02,0.0
2009-01-03,0.0
2009-01-04,0.0
2009-01-05,0.0
2009-01-06,0.0
2009-01-07,0.0
2009-01-08,0.0
2009-01-09,0.0
2009-01-10,0.0
2009-01-11,0.0
2009-01-12,0.0
2009-01-13,0.0
2009-01-14,0.0
2009-01-15,0.0
2009-01-16,0.0
2009-01-17,0.0
2009-01-18,0.0
2009-01-19,0.0
2009-01-20,0.0
2009-01-21,0.0
2009-01-22,0.0
2009-01-23,0.0
2009-01-24,0.0
2009-01-25,0.0
2009-01-26,0.0
2009-01-27,0.0
2009-01-28,0.0
2009-01-29,0.0
2009-01-30,0.0
2009-01-31,0.0
2009-02-01,0.0
2009-02-02,0.0
2009-02-03,0.0
2009-02-04,0.0
2009-02-05,0.0
2009-02-06,0.0
2009-02-07,0.0
2009-02-08,0.0
2009-02-09,0.0
2009-02-10,0.0
2009-02-11,0.0
2009-02-12,0.0
2009-02-13,0.0
2009-02-14,0.0
2009-02-15,0.0
2009-02-16,0.0
2009-02-17,0.0
2009-02-18,0.0
2009-02-19,0.0
2009-02-20,0.0
2009-02-21,0.0
2009-02-22,0.0
2009-02-23,0.0
2009-02-24,0.0
2009-02-25,0.0
2009-02-26,0.0
2009-02-27,0.0
2009-02-28,0.0
2009-03-01,0.0
2009-03-02,0.0
2009-03-03,0.0
2009-03-04,0.0
2009-03-05,0.0
2009-03-06,0.0
2009-03-07,0.0
2009-03-08,0.0
2009-03-09,0.0
2009-03-10,0.0
2009-03-11,0.0
2009-03-12,0.0
2009-03-13,0.0
2009-03-14,0.0
2009-03-15,0.0
2009-03-16,0.0
2009-03-17,0.0
2009-03-18,0.0
2009-03-19,0.0
2009-03-20,0.0
2009-03-21,0.0
2009-03-22,0.0
2009-03-23,0.0
2009-03-24,0.0
2009-03-25,0.0
2009-03-26,0.0
2009-03-27,0.0
2009-03-28,0.0
2009-03-29,0.0
2009-03-30,0.0
2009-03-31,0.0
2009-04-01,0.0
2009-04-02,0.0
2009-04-03,0.0
2009-04-04,0.0
2009-04-05,0.0
2009-04-06,0.0
2009-04-07,0.0
2009-04-08,0.0
2009-04-09,0.0
2009-04-10,0.0
2009-04-11,0.0
2009-04-12,0.0
2009-04-13,0.0
2009-04-14,0.0
2009-04-15,0.0
2009-04-16,0.0
2009-04-17,0.0
2009-04-18,0.0
2009-04-19,0.0
2009-04-20,0.0
2009-04-21,0.0
2009-04-22,0.0
2009-04-23,0.0
2009-04-24,0.0
2009-04-25,0.0
2009-04-26,0.0
2009-04-27,0.0
2009-04-28,0.0
2009-04-29,0.0
2009-04-30,0.0
2009-05-01,2.914999999999999
2009-05-02,2.675499999999999
2009-05-03,2.6809999999999996
2009-05-04,2.6865
2009-05-05,2.692000000000001
2009-05-06,2.6975000000000007
2009-05-07,61.832499999999996
2009-05-08,59.07681818181817
2009-05-09,423.70272727272715
2009-05-10,61.936444073455775
2009-05-11,96.42392843725453
2009-05-12,125.28133242137912
2009-05-13,118.51955548906179
2009-05-14,117.49720184299126
2009-05-15,81.45540682270948
2009-05-16,72.44025916798158
2009-05-17,69.22712765324692
2009-05-18,81.48390243079102
2009-05-19,86.33797603811321
2009-05-20,121.58183155437573
2009-05-21,149.19892483346297
2009-05-22,217.19871557666508
2009-05-23,406.3876880243509
2009-05-24,1211.5984467662736
2009-05-25,1583.6698418512267
2009-05-26,1810.4745516619755
2009-05-27,2318.2762022387005
2009-05-28,2579.0905508484416
2009-05-29,3063.857215066647
2009-05-30,3030.538764155451
2009-05-31,3687.7659681015903
2009-06-01,4242.562919816392
2009-06-02,4419.1694313572525
2009-06-03,4374.363701263338
2009-06-04,4385.494304906664
2009-06-05,3477.220873090887
2009-06-06,3394.751516107767
2009-06-07,3243.6989899229666
2009-06-08,3026.508470847045
2009-06-09,2895.9204298200975
2009-06-10,2763.3010466933565
2009-06-11,2510.5874719055996
2009-06-12,2315.0449832966524
2009-06-13,2085.0506201797243
2009-06-14,1921.9650346758515
2009-06-15,1782.5375614760922
2009-06-16,1642.4538555175645
2009-06-17,1386.1098594829268
2009-06-18,1278.9331431330766
2009-06-19,891.598459805865
2009-06-20,785.0354367949928
2009-06-21,695.8760141300608
2009-06-22,500.5969488497276
2009-06-23,448.03056103943817
2009-06-24,420.8846675953472
2009-06-25,415.0086893133089
2009-06-26,424.19031886679966
2009-06-27,400.4202024835291
2009-06-28,364.5155823645253
2009-06-29,320.5806077506741
2009-06-30,285.2147900194796
2009-07-01,260.03481693251047
2009-07-02,241.85585782470562
2009-07-03,233.6634570061558
2009-07-04,240.44324082902193
2009-07-05,271.0467488224159
2009-07-06,447.50187848196566
2009-07-07,626.6185375170115
2009-07-08,647.201618316263
2009-07-09,732.4639052623215
2009-07-10,613.0274807381805
2009-07-11,597.5091599817819
2009-07-12,674.4572309135249
2009-07-13,834.6551285340596
2009-07-14,981.1962362932413
2009-07-15,1190.5038777380937
2009-07-16,1548.5855053626242
2009-07-17,1539.0535883486586
2009-07-18,1461.1912073669064
2009-07-19,1089.486330942969
2009-07-20,874.4933024722261
2009-07-21,825.2970938432449
2009-07-22,813.8195809956994
2009-07-23,830.5487816766089
2009-07-24,825.9921591925078
2009-07-25,774.844768678548
2009-07-26,643.4653802091315
2009-07-27,758.7281654641741
2009-07-28,910.5904274035645
2009-07-29,791.6509512093315
2009-07-30,756.7394455915576
2009-07-31,736.5606489459071
2009-08-01,689.6314836593626
2009-08-02,611.3365984231232
2009-08-03,599.882229165573
2009-08-04,630.1588534394366
2009-08-05,580.4422105130222
2009-08-06,544.824100331167
2009-08-07,495.2144871439245
2009-08-08,479.0776827925396
2009-08-09,475.32585846271775
2009-08-10,467.16934833597844
2009-08-11,407.4218788133468
2009-08-12,334.58180871822844
2009-08-13,312.16544642769935
2009-08-14,268.2888372951665
2009-08-15,246.86417674487987
2009-08-16,198.25538560691209
2009-08-17,186.9050245569579
2009-08-18,196.11437240141677
2009-08-19,269.4278061456536
2009-08-20,486.0420315779239
2009-08-21,636.4122895507851
2009-08-22,733.5569816514449
2009-08-23,745.0397879017331
2009-08-24,728.7244292710833
2009-08-25,691.2725097508272
2009-08-26,581.9217733542447
2009-08-27,515.5897683459087
2009-08-28,506.8044429176388
2009-08-29,611.1434808293509
2009-08-30,934.9826229386822
2009-08-31,1157.4342487086456
2009-09-01,1618.6711898605945
2009-09-02,1516.1172580382774
2009-09-03,1426.7306398729295
2009-09-04,1145.0515884267686
2009-09-05,1018.7485334865335
2009-09-06,960.6277403588267
2009-09-07,909.0354295309129
2009-09-08,697.3031019036121
2009-09-09,583.9438476134242
2009-09-10,555.2832814524769
2009-09-11,488.39522924886523
2009-09-12,455.7852904056471
2009-09-13,423.3582340431467
2009-09-14,395.2363909675741
2009-09-15,382.87892523914314
2009-09-16,353.8177689629776
2009-09-17,315.1555548785632
2009-09-18,281.25521951536683
2009-09-19,256.86062484501593
2009-09-20,234.31017292786626
2009-09-21,219.69425305060912
2009-09-22,213.04132619385294
2009-09-23,197.88928960691493
2009-09-24,190.20734305579944
2009-09-25,181.2434475570476
2009-09-26,159.55048178686792
2009-09-27,150.2400711557086
2009-09-28,139.98467237143706
2009-09-29,133.95775218722173
2009-09-30,119.99189824711412
2009-10-01,116.5546875
2009-10-02,103.40625
2009-10-03,91.1015625
2009-10-04,79.6328125
2009-10-05,69.0703125
2009-10-06,59.5
2009-10-07,50.8203125
2009-10-08,42.890625
2009-10-09,35.625
2009-10-10,29.125
2009-10-11,23.3984375
2009-10-12,18.5546875
2009-10-13,14.71875
2009-10-14,11.796875
2009-10-15,9.59375
2009-10-16,7.859375
2009-10-17,6.421875
2009-10-18,5.2421875
2009-10-19,4.2734375
2009-10-20,3.484375
2009-10-21,2.859375
2009-10-22,2.3671875
2009-10-23,1.9453125
2009-10-24,1.5703125
2009-10-25,1.2734375
2009-10-26,1.046875
2009-10-27,0.8671875
2009-10-28,0.7265625
2009-10-29,0.6015625
2009-10-30,0.5
2009-10-31,0.4140625
2009-11-01,0.4140625
2009-11-02,0.4140625
2009-11-03,0.3671875
2009-11-04,0.3125
2009-11-05,0.2734375
2009-11-06,0.2421875
2009-11-07,0.2109375
2009-11-08,0.1875
2009-11-09,0.1640625
2009-11-10,0.1484375
2009-11-11,0.125
2009-11-12,0.109375
2009-11-13,0.09375
2009-11-14,0.0859375
2009-11-15,0.0703125
2009-11-16,0.06249999999999999
2009-11-17,0.05468749999999999
2009-11-18,0.046875
2009-11-19,0.046875
2009-11-20,0.0390625
2009-11-21,0.03125
2009-11-22,0.03125
2009-11-23,0.03125
2009-11-24,0.0234375
2009-11-25,0.015625
2009-11-26,0.015625
2009-11-27,0.015625
2009-11-28,0.015625
2009-11-29,0.015625
2009-11-30,0.007812500000000002
2009-12-01,0.007812500000000002
2009-12-02,0.007812500000000002
2009-12-03,0.007812500000000002
2009-12-04,0.007812500000000002
2009-12-05,0.007812500000000002
2009-12-06,0.0
2009-12-07,0.0
2009-12-08,0.0
2009-12-09,0.0
2009-12-10,0.0
2009-12-11,0.0
2009-12-12,0.0
2009-12-13,0.0
2009-12-14,0.0
2009-12-15,0.0
2009-12-16,0.0
2009-12-17,0.0
2009-12-18,0.0
2009-12-19,0.0
2009-12-20,0.0
2009-12-21,0.0
2009-12-22,0.0
2009-12-23,0.0
2009-12-24,0.0
2009-12-25,0.0
2009-12-26,0.0
2009-12-27,0.0
2009-12-28,0.0
2009-12-29,0.0
2009-12-30,0.0
2009-12-31,0.0
2010-01-01,0.0
2010-01-02,0.0
2010-01-03,0.0
2010-01-04,0.0
2010-01-05,0.0
2010-01-06,0.0
2010-01-07,0.0
2010-01-08,0.0
2010-01-09,0.0
2010-01-10,0.0
2010-01-11,0.0
2010-01-12,0.0
2010-01-13,0.0
2010-01-14,0.0
2010-01-15,0.0
2010-01-16,0.0
2010-01-17,0.0
2010-01-18,0.0
2010-01-19,0.0
2010-01-20,0.0
2010-01-21,0.0
2010-01-22,0.0
2010-01-23,0.0
2010-01-24,0.0
2010-01-25,0.0
2010-01-26,0.0
2010-01-27,0.0
2010-01-28,0.0
2010-01-29,0.0
2010-01-30,0.0
2010-01-31,0.0
2010-02-01,0.0
2010-02-02,0.0
2010-02-03,0.0
2010-02-04,0.0
2010-02-05,0.0
2010-02-06,0.0
2010-02-07,0.0
2010-02-08,0.0
2010-02-09,0.0
2010-02-10,0.0
2010-02-11,0.0
2010-02-12,0.0
2010-02-13,0.0
2010-02-14,0.0
2010-02-15,0.0
2010-02-16,0.0
2010-02-17,0.0
2010-02-18,0.0
2010-02-19,0.0
2010-02-20,0.0
2010-02-21,0.0
2010-02-22,0.0
2010-02-23,0.0
2010-02-24,0.0
2010-02-25,0.0
2010-02-26,0.0
2010-02-27,0.0
2010-02-28,0.0
2010-03-01,0.0
2010-03-02,0.0
2010-03-03,0.0
2010-03-04,0.0
2010-03-05,0.0
2010-03-06,0.0
2010-03-07,0.0
2010-03-08,0.0
2010-03-09,0.0
2010-03-10,0.0
2010-03-11,0.0
2010-03-12,0.0
2010-03-13,0.0
2010-03-14,0.0
2010-03-15,0.0
2010-03-16,0.0
2010-03-17,0.0
2010-03-18,0.0
2010-03-19,0.0
2010-03-20,0.0
2010-03-21,0.0
2010-03-22,0.0
2010-03-23,0.0
2010-03-24,0.0
2010-03-25,0.0
2010-03-26,0.0
2010-03-27,0.0
2010-03-28,0.0
2010-03-29,0.0
2010-03-30,0.0
2010-03-31,0.0
2010-04-01,0.0
2010-04-02,0.0
2010-04-03,0.0
2010-04-04,0.0
2010-04-05,0.0
2010-04-06,0.0
2010-04-07,0.0
2010-04-08,0.0
2010-04-09,0.0
2010-04-10,0.0
2010-04-11,0.0
2010-04-12,0.0
2010-04-13,0.0
2010-04-14,0.0
2010-04-15,0.0
2010-04-16,0.0
2010-04-17,0.0
2010-04-18,0.0
2010-04-19,0.0
2010-04-20,0.0
2010-04-21,0.0
2010-04-22,0.0
2010-04-23,0.0
2010-04-24,0.0
2010-04-25,0.0
2010-04-26,0.0
2010-04-27,0.0
2010-04-28,0.0
2010-04-29,0.0
2010-04-30,0.0
2010-05-01,2.9149999999999996
2010-05-02,2.6755
2010-05-03,2.681
2010-05-04,2.6864999999999997
2010-05-05,2.6920000000000006
2010-05-06,42.82663551401869
2010-05-07,25.16825495049504
2010-05-08,99.04187284829013
2010-05-09,123.44661606969308
2010-05-10,159.8724241068196
2010-05-11,185.16578901218813
2010-05-12,169.418731320484
2010-05-13,134.79707317326353
2010-05-14,153.19916399322926
2010-05-15,80.02251459906482
2010-05-16,56.35824603807042
2010-05-17,46.20232898874265
2010-05-18,52.17687425998888
2010-05-19,58.17480816352511
2010-05-20,79.82490831632889
2010-05-21,149.5349750631981
2010-05-22,264.29360044675616
2010-05-23,1231.5619818243342
2010-05-24,2584.6208974164047
2010-05-25,3741.1287593964366
2010-05-26,4637.359189216581
2010-05-27,4997.938554502232
2010-05-28,5091.683783703906
2010-05-29,5222.40481012498
2010-05-30,4280.49720054916
2010-05-31,4326.147775804075
2010-06-01,4336.330586817322
2010-06-02,3382.734570170173
2010-06-03,3148.433069200106
2010-06-04,2889.6729759819914
2010-06-05,2745.943091268382
2010-06-06,2457.8149705219384
2010-06-07,2263.816420015905
2010-06-08,2100.920990710558
2010-06-09,2026.7050908034537
2010-06-10,1798.6512170343124
2010-06-11,1671.1326547001781
2010-06-12,1599.4157804368383
2010-06-13,1400.5283778935764
2010-06-14,1386.1913019062563
2010-06-15,1347.1160917004722
2010-06-16,952.7248287770349
2010-06-17,874.2794729317324
2010-06-18,792.5050932024163
2010-06-19,598.595039156663
2010-06-20,544.2028882384157
2010-06-21,478.7521408367161
2010-06-22,433.4148212453811
2010-06-23,396.3614801891558
2010-06-24,365.4419047466856
2010-06-25,331.6359919073723
2010-06-26,296.9724805205485
2010-06-27,266.5167901791149
2010-06-28,238.72051646035106
2010-06-29,210.19634513911356
2010-06-30,190.65591043156113
2010-07-01,185.8190678883529
2010-07-02,205.91621159309426
2010-07-03,239.15415607980387
2010-07-04,253.66684312101881
2010-07-05,238.40093695179894
2010-07-06,218.89177136476698
2010-07-07,194.52498117463432
2010-07-08,168.7112501995993
2010-07-09,153.72892620133499
2010-07-10,143.70981154050023
2010-07-11,143.29006946625393
2010-07-12,142.76819988393004
2010-07-13,149.45294324933047
2010-07-14,169.65175470646807
2010-07-15,189.42802303770824
2010-07-16,189.58790967614962
2010-07-17,177.95361282850126
2010-07-18,165.9632889674827
2010-07-19,155.9912388423921
2010-07-20,145.5670012325426
2010-07-21,133.5456594101691
2010-07-22,123.70655654574036
2010-07-23,125.76622123904718
2010-07-24,133.10312138599366
2010-07-25,133.82679030717273
2010-07-26,127.88092535932925
2010-07-27,119.77815523182316
2010-07-28,111.94251952470194
2010-07-29,113.75024693488858
2010-07-30,125.69731749707447
2010-07-31,150.61472736962912
2010-08-01,156.4804841960385
2010-08-02,155.78552900213845
2010-08-03,253.71091058666133
2010-08-04,477.79036523773067
2010-08-05,573.9797177173964
2010-08-06,633.1532129371788
2010-08-07,670.7415489673991
2010-08-08,679.1621273155049
2010-08-09,665.7547963194313
2010-08-10,638.6955548280079
2010-08-11,621.1776140226809
2010-08-12,568.7729942365897
2010-08-13,502.92661221395434
2010-08-14,472.0410628024227
2010-08-15,480.98706783728454
2010-08-16,487.6869719827718
2010-08-17,408.084831651522
2010-08-18,388.3304132418901
2010-08-19,319.4058106435188
2010-08-20,285.0156449553689
2010-08-21,279.20303748021325
2010-08-22,371.9691300443149
2010-08-23,542.2353599517849
2010-08-24,606.5577458196068
2010-08-25,734.4560005038259
2010-08-26,902.0288472575912
2010-08-27,740.2143094915799
2010-08-28,700.9805649131207
2010-08-29,681.8667167194425
2010-08-30,578.6025808784962
2010-08-31,484.48272546568603
2010-09-01,482.84223454816566
2010-09-02,511.7945578807818
2010-09-03,519.3449815964348
2010-09-04,488.6470961245756
2010-09-05,427.21062204314626
2010-09-06,492.1829629073131
2010-09-07,591.5956879679396
2010-09-08,604.0220981536836
2010-09-09,571.2381401092547
2010-09-10,547.9249223322522
2010-09-11,574.468860908335
2010-09-12,660.5163210971389
2010-09-13,823.4042885673528
2010-09-14,912.9757338787052
2010-09-15,1485.0605153992515
2010-09-16,1539.537469081756
2010-09-17,1460.8644142902044
2010-09-18,1448.7597572407599
2010-09-19,1438.5076761811556
2010-09-20,1434.843998562526
2010-09-21,1432.022197132501
2010-09-22,1443.9605639777787
2010-09-23,1311.566214203844
2010-09-24,1168.1199060675149
2010-09-25,1022.3691531279694
2010-09-26,938.0012765919602
2010-09-27,870.625051823099
2010-09-28,749.7502992145274
2010-09-29,703.5698437935168
2010-09-30,634.1196557324786
2010-10-01,735.1875
2010-10-02,675.84375
2010-10-03,619.2578125
2010-10-04,561.6953125
2010-10-05,508.765625
2010-10-06,464.265625
2010-10-07,424.046875
2010-10-08,388.1328125
2010-10-09,355.5078125
2010-10-10,324.5703125
2010-10-11,295.296875
2010-10-12,268.546875
2010-10-13,244.1875
2010-10-14,221.171875
2010-10-15,199.953125
2010-10-16,180.2421875
2010-10-17,162.03125
2010-10-18,145.28125
2010-10-19,129.78125
2010-10-20,115.359375
2010-10-21,102.1796875
2010-10-22,90.1171875
2010-10-23,78.78125
2010-10-24,68.21875
2010-10-25,58.625
2010-10-26,49.96875
2010-10-27,42.0078125
2010-10-28,34.65625
2010-10-29,28.1015625
2010-10-30,22.3515625
2010-10-31,17.5390625
2010-11-01,13.6640625
2010-11-02,10.59375
2010-11-03,8.1953125
2010-11-04,6.3515625
2010-11-05,4.9296875
2010-11-06,3.8671875
2010-11-07,3.0625
2010-11-08,2.4609375
2010-11-09,2.0078125
2010-11-10,1.6484375
2010-11-11,1.3671875
2010-11-12,1.1484375
2010-11-13,0.96875
2010-11-14,0.8359375
2010-11-15,0.7265625
2010-11-16,0.625
2010-11-17,0.515625
2010-11-18,0.4453125
2010-11-19,0.3828125
2010-11-20,0.3203125
2010-11-21,0.265625
2010-11-22,0.21875
2010-11-23,0.1875
2010-11-24,0.1640625
2010-11-25,0.1484375
2010-11-26,0.1328125
2010-11-27,0.11718750000000001
2010-11-28,0.109375
2010-11-29,0.09375
2010-11-30,0.0859375
2010-12-01,0.0703125
2010-12-02,0.06249999999999999
2010-12-03,0.05468749999999999
2010-12-04,0.046875
2010-12-05,0.0390625
2010-12-06,0.03125
2010-12-07,0.0234375
2010-12-08,0.015625
2010-12-09,0.015625
2010-12-10,0.015625
2010-12-11,0.007812500000000002
2010-12-12,0.015625
2010-12-13,0.0
2010-12-14,0.0
2010-12-15,0.0
2010-12-16,0.0
2010-12-17,0.0
2010-12-18,0.0
2010-12-19,0.0
2010-12-20,0.0
2010-12-21,0.0
2010-12-22,0.0
2010-12-23,0.0
2010-12-24,0.0
2010-12-25,0.0
2010-12-26,0.0
2010-12-27,0.0
2010-12-28,0.0
2010-12-29,0.0
2010-12-30,0.0
2010-12-31,0.0
2011-01-01,0.0
2011-01-02,0.0
2011-01-03,0.0
2011-01-04,0.0
2011-01-05,0.0
2011-01-06,0.0
2011-01-07,0.0
2011-01-08,0.0
2011-01-09,0.0
2011-01-10,0.0
2011-01-11,0.0
2011-01-12,0.0
2011-01-13,0.0
2011-01-14,0.0
2011-01-15,0.0
2011-01-16,0.0
2011-01-17,0.0
2011-01-18,0.0
2011-01-19,0.0
2011-01-20,0.0
2011-01-21,0.0
2011-01-22,0.0
2011-01-23,0.0
2011-01-24,0.0
2011-01-25,0.0
2011-01-26,0.0
2011-01-27,0.0
2011-01-28,0.0
2011-01-29,0.0
2011-01-30,0.0
2011-01-31,0.0
2011-02-01,0.0
2011-02-02,0.0
2011-02-03,0.0
2011-02-04,0.0
2011-02-05,0.0
2011-02-06,0.0
2011-02-07,0.0
2011-02-08,0.0
2011-02-09,0.0
2011-02-10,0.0
2011-02-11,0.0
2011-02-12,0.0
2011-02-13,0.0
2011-02-14,0.0
2011-02-15,0.0
2011-02-16,0.0
2011-02-17,0.0
2011-02-18,0.0
2011-02-19,0.0
2011-02-20,0.0
2011-02-21,0.0
2011-02-22,0.0
2011-02-23,0.0
2011-02-24,0.0
2011-02-25,0.0
2011-02-26,0.0
2011-02-27,0.0
2011-02-28,0.0
2011-03-01,0.0
2011-03-02,0.0
2011-03-03,0.0
2011-03-04,0.0
2011-03-05,0.0
2011-03-06,0.0
2011-03-07,0.0
2011-03-08,0.0
2011-03-09,0.0
2011-03-10,0.0
2011-03-11,0.0
2011-03-12,0.0
2011-03-13,0.0
2011-03-14,0.0
2011-03-15,0.0
2011-03-16,0.0
2011-03-17,0.0
2011-03-18,0.0
2011-03-19,0.0
2011-03-20,0.0
2011-03-21,0.0
2011-03-22,0.0
2011-03-23,0.0
2011-03-24,0.0
2011-03-25,0.0
2011-03-26,0.0
2011-03-27,0.0
2011-03-28,0.0
2011-03-29,0.0
2011-03-30,0.0
2011-03-31,0.0
2011-04-01,0.0
2011-04-02,0.0
2011-04-03,0.0
2011-04-04,0.0
2011-04-05,0.0
2011-04-06,0.0
2011-04-07,0.0
2011-04-08,0.0
2011-04-09,0.0
2011-04-10,0.0
2011-04-11,0.0
2011-04-12,0.0
2011-04-13,0.0
2011-04-14,0.0
2011-04-15,0.0
2011-04-16,0.0
2011-04-17,0.0
2011-04-18,0.0
2011-04-19,0.0
2011-04-20,0.0
2011-04-21,0.0
2011-04-22,0.0
2011-04-23,0.0
2011-04-24,0.0
2011-04-25,0.0
2011-04-26,0.0
2011-04-27,0.0
2011-04-28,0.0
2011-04-29,0.0
2011-04-30,0.0
2011-05-01,2.915
2011-05-02,2.6755
2011-05-03,2.6809999999999996
2011-05-04,2.6865
2011-05-05,2.6920000000000006
2011-05-06,2.6975
2011-05-07,2.703
2011-05-08,2.7085000000000004
2011-05-09,2.714000000000001
2011-05-10,2.7194999999999996
2011-05-11,2.725
2011-05-12,35.4546875
2011-05-13,25.622749999999993
2011-05-14,35.465
2011-05-15,62.33999999999999
2011-05-16,43.014655172413796
2011-05-17,36.3121444201313
2011-05-18,319.95687499999997
2011-05-19,122.31674999999997
2011-05-20,15.316379310344832
2011-05-21,55.38449999999999
2011-05-22,178.99999999999997
2011-05-23,549.445625
2011-05-24,11.570367610531546
2011-05-25,23.212871235176827
2011-05-26,42.11616995569875
2011-05-27,43.97854574019043
2011-05-28,125.49075362099366
2011-05-29,290.9267434837392
2011-05-30,1097.316347464546
2011-05-31,1577.7544470490352
2011-06-01,1843.1483916881543
2011-06-02,1964.7326528616454
2011-06-03,1924.6456604723733
2011-06-04,1912.4943931096802
2011-06-05,1905.7457393353543
2011-06-06,1873.8089823109358
2011-06-07,2232.809205674014
2011-06-08,2155.747975790394
2011-06-09,2282.9417362697423
2011-06-10,2531.8741375688337
2011-06-11,3071.647462544331
2011-06-12,4494.5044252337875
2011-06-13,4865.26736131361
2011-06-14,5486.327108089223
2011-06-15,5461.187658249446
2011-06-16,4756.6527875590255
2011-06-17,4513.734583830104
2011-06-18,4251.995198816159
2011-06-19,3138.84079619608
2011-06-20,2750.4508374482325
2011-06-21,2544.97236294176
2011-06-22,2272.9913787004975
2011-06-23,2125.036130784731
2011-06-24,1932.171824858304
2011-06-25,1595.2975148514574
2011-06-26,1435.3758485312308
2011-06-27,1372.7790795801773
2011-06-28,1275.502875317317
2011-06-29,1177.7815893556733
2011-06-30,923.9484011740753
2011-07-01,841.0593855016484
2011-07-02,794.4896422832469
2011-07-03,775.4322930494226
2011-07-04,721.0945584045717
2011-07-05,579.4359638217956
2011-07-06,543.0299074443772
2011-07-07,502.6234651623988
2011-07-08,397.1737187060617
2011-07-09,361.0504663591337
2011-07-10,333.8178432021838
2011-07-11,208.60956002213348
2011-07-12,199.08038697309576
2011-07-13,200.40691111770903
2011-07-14,195.4422068866825
2011-07-15,192.17239149992068
2011-07-16,188.90124026392022
2011-07-17,247.38202988386536
2011-07-18,256.3920823981299
2011-07-19,255.63718837991357
2011-07-20,258.0778606740971
2011-07-21,261.25832649312116
2011-07-22,265.38870646963977
2011-07-23,266.7774868776929
2011-07-24,352.7512162751541
2011-07-25,378.2346271682965
2011-07-26,453.26534453587635
2011-07-27,471.3312404309023
2011-07-28,517.3257431615126
2011-07-29,476.98207689733675
2011-07-30,468.5983736735502
2011-07-31,525.6876500816363
2011-08-01,609.0892598230563
2011-08-02,607.7434830913088
2011-08-03,579.3940080802006
2011-08-04,581.99135886981
2011-08-05,556.2052775323073
2011-08-06,504.37460909778827
2011-08-07,463.9922279037762
2011-08-08,418.0664793398546
2011-08-09,420.80311786236166
2011-08-10,463.48346580141316
2011-08-11,549.1545499799092
2011-08-12,663.3541746355198
2011-08-13,810.9516330272722
2011-08-14,801.5937122593405
2011-08-15,770.1036204575332
2011-08-16,802.065469995537
2011-08-17,1004.5337918262495
2011-08-18,1032.876619521691
2011-08-19,991.9059027818524
2011-08-20,799.1548380280367
2011-08-21,746.8501010178525
2011-08-22,714.388594479004
2011-08-23,642.8287078746986
2011-08-24,610.9947897209803
2011-08-25,543.5952034439508
2011-08-26,506.9281102090944
2011-08-27,351.8311393927999
2011-08-28,326.8672952751207
2011-08-29,292.7563696945434
2011-08-30,286.80353715892227
2011-08-31,289.04027066616857
2011-09-01,327.97961027563514
2011-09-02,400.62312803449674
2011-09-03,503.46642284754955
2011-09-04,710.7355700527705
2011-09-05,742.1777880806808
2011-09-06,708.3385461170759
2011-09-07,600.644146302851
2011-09-08,504.8997578595515
2011-09-09,492.5701054930898
2011-09-10,559.7735261552338
2011-09-11,668.1287868664366
2011-09-12,953.918807602109
2011-09-13,1567.1027546369378
2011-09-14,1713.7087611271938
2011-09-15,1738.4694670289757
2011-09-16,1670.0965029005545
2011-09-17,1574.2001650192794
2011-09-18,1516.6596236379712
2011-09-19,1428.534601843276
2011-09-20,1355.5472316513606
2011-09-21,1242.9585531890234
2011-09-22,1124.7726121713274
2011-09-23,938.2332320093604
2011-09-24,718.0137190326948
2011-09-25,703.7351351790318
2011-09-26,699.996321585656
2011-09-27,663.2334361967228
2011-09-28,614.0733271304849
2011-09-29,551.0576630157601
2011-09-30,488.8216397255361
2011-10-01,492.4296875
2011-10-02,450.359375
2011-10-03,411.84375
2011-10-04,376.4921875
2011-10-05,343.6015625
2011-10-06,312.9375
2011-10-07,284.796875
2011-10-08,258.8828125
2011-10-09,238.59375
2011-10-10,222.3046875
2011-10-11,206.1171875
2011-10-12,187.1171875
2011-10-13,168.5234375
2011-10-14,151.359375
2011-10-15,135.609375
2011-10-16,120.984375
2011-10-17,107.53125
2011-10-18,95.1484375
2011-10-19,83.6171875
2011-10-20,73.015625
2011-10-21,63.359375
2011-10-22,54.4921875
2011-10-23,46.453125
2011-10-24,39.28125
2011-10-25,32.8984375
2011-10-26,27.234375
2011-10-27,22.2734375
2011-10-28,17.96875
2011-10-29,14.28125
2011-10-30,11.2421875
2011-10-31,8.8125
2011-11-01,6.875
2011-11-02,5.3671875
2011-11-03,4.2109375
2011-11-04,3.328125
2011-11-05,2.640625
2011-11-06,2.109375
2011-11-07,1.6875
2011-11-08,1.359375
2011-11-09,1.09375
2011-11-10,0.8828125
2011-11-11,0.7265625
2011-11-12,0.59375
2011-11-13,0.4921875
2011-11-14,0.4140625
2011-11-15,0.3515625
2011-11-16,0.3046875
2011-11-17,0.2578125
2011-11-18,0.21875
2011-11-19,0.1875
2011-11-20,0.15625
2011-11-21,0.140625
2011-11-22,0.11718750000000001
2011-11-23,0.1015625
2011-11-24,0.09375
2011-11-25,0.078125
2011-11-26,0.06249999999999999
2011-11-27,0.06249999999999999
2011-11-28,0.046875
2011-11-29,0.046875
2011-11-30,0.046875
2011-12-01,0.03125
2011-12-02,0.03125
2011-12-03,0.03125
2011-12-04,0.03125
2011-12-05,0.03125
2011-12-06,0.015625
2011-12-07,0.015625
2011-12-08,0.015625
2011-12-09,0.015625
2011-12-10,0.015625
2011-12-11,0.0
2011-12-12,0.0
2011-12-13,0.0
2011-12-14,0.0
2011-12-15,0.0
2011-12-16,0.0
2011-12-17,0.0
2011-12-18,0.0
2011-12-19,0.0
2011-12-20,0.0
2011-12-21,0.0
2011-12-22,0.0
2011-12-23,0.0
2011-12-24,0.0
2011-12-25,0.0
2011-12-26,0.0
2011-12-27,0.0
2011-12-28,0.0
2011-12-29,0.0
2011-12-30,0.0
2011-12-31,0.0
2012-01-01,0.0
2012-01-02,0.0
2012-01-03,0.0
2012-01-04,0.0
2012-01-05,0.0
2012-01-06,0.0
2012-01-07,0.0
2012-01-08,0.0
2012-01-09,0.0
2012-01-10,0.0
2012-01-11,0.0
2012-01-12,0.0
2012-01-13,0.0
2012-01-14,0.0
2012-01-15,0.0
2012-01-16,0.0
2012-01-17,0.0
2012-01-18,0.0
2012-01-19,0.0
2012-01-20,0.0
2012-01-21,0.0
2012-01-22,0.0
2012-01-23,0.0
2012-01-24,0.0
2012-01-25,0.0
2012-01-26,0.0
2012-01-27,0.0
2012-01-28,0.0
2012-01-29,0.0
2012-01-30,0.0
2012-01-31,0.0
2012-02-01,0.0
2012-02-02,0.0
2012-02-03,0.0
2012-02-04,0.0
2012-02-05,0.0
2012-02-06,0.0
2012-02-07,0.0
2012-02-08,0.0
2012-02-09,0.0
2012-02-10,0.0
2012-02-11,0.0
2012-02-12,0.0
2012-02-13,0.0
2012-02-14,0.0
2012-02-15,0.0
2012-02-16,0.0
2012-02-17,0.0
2012-02-18,0.0
2012-02-19,0.0
2012-02-20,0.0
2012-02-21,0.0
2012-02-22,0.0
2012-02-23,0.0
2012-02-24,0.0
2012-02-25,0.0
2012-02-26,0.0
2012-02-27,0.0
2012-02-28,0.0
2012-02-29,0.0
2012-03-01,0.0
2012-03-02,0.0
2012-03-03,0.0
2012-03-04,0.0
2012-03-05,0.0
2012-03-06,0.0
2012-03-07,0.0
2012-03-08,0.0
2012-03-09,0.0
2012-03-10,0.0
2012-03-11,0.0
2012-03-12,0.0
2012-03-13,0.0
2012-03-14,0.0
2012-03-15,0.0
2012-03-16,0.0
2012-03-17,0.0
2012-03-18,0.0
2012-03-19,0.0
2012-03-20,0.0
2012-03-21,0.0
2012-03-22,0.0
2012-03-23,0.0
2012-03-24,0.0
2012-03-25,0.0
2012-03-26,0.0
2012-03-27,0.0
2012-03-28,0.0
2012-03-29,0.0
2012-03-30,0.0
2012-03-31,0.0
2012-04-01,0.0
2012-04-02,0.0
2012-04-03,0.0
2012-04-04,0.0
2012-04-05,0.0
2012-04-06,0.0
2012-04-07,0.0
2012-04-08,0.0
2012-04-09,0.0
2012-04-10,0.0
2012-04-11,0.0
2012-04-12,0.0
2012-04-13,0.0
2012-04-14,0.0
2012-04-15,0.0
2012-04-16,0.0
2012-04-17,0.0
2012-04-18,0.0
2012-04-19,0.0
2012-04-20,0.0
2012-04-21,0.0
2012-04-22,0.0
2012-04-23,0.0
2012-04-24,0.0
2012-04-25,0.0
2012-04-26,0.0
2012-04-27,0.0
2012-04-28,0.0
2012-04-29,0.0
2012-04-30,0.0
2012-05-01,89.34468749999998
2012-05-02,93.55151515151513
2012-05-03,117.26212121212123
2012-05-04,301.0945454545454
2012-05-05,33.641027227722766
2012-05-06,37.877413366336626
2012-05-07,33.28799504950496
2012-05-08,25.74914945321995
2012-05-09,424.49545454545444
2012-05-10,21.37079860679194
2012-05-11,62.34115273968024
2012-05-12,68.58823525500368
2012-05-13,87.74043269965226
2012-05-14,52.53221193803012
2012-05-15,104.94711135012477
2012-05-16,57.31335783246347
2012-05-17,31.639116134081636
2012-05-18,68.45089245111414
2012-05-19,54.985919722075145
2012-05-20,42.861527307023486
2012-05-21,49.386893169528825
2012-05-22,79.27138498300731
2012-05-23,127.18578956154934
2012-05-24,197.62622439122853
2012-05-25,344.76465978026187
2012-05-26,1091.8062011428756
2012-05-27,1832.8417206638205
2012-05-28,2723.3410494982777
2012-05-29,2708.696984066015
2012-05-30,2875.5801806177765
2012-05-31,3112.6177679231455
2012-06-01,3004.2970406764543
2012-06-02,2820.350365184528
2012-06-03,2670.3980452328306
2012-06-04,2587.6857688253062
2012-06-05,2455.341213333514
2012-06-06,2413.841392077305
2012-06-07,2368.542991316238
2012-06-08,2351.0861868948255
2012-06-09,2374.8351493371606
2012-06-10,2373.6512803093974
2012-06-11,2229.152887801403
2012-06-12,2178.2502871818433
2012-06-13,2119.9582913730815
2012-06-14,2000.0021751633824
2012-06-15,1820.4244626434813
2012-06-16,1669.369908318484
2012-06-17,1363.056097789643
2012-06-18,1232.468187063013
2012-06-19,814.4521709721421
2012-06-20,716.4081903183499
2012-06-21,512.1869390087141
2012-06-22,468.96124030118
2012-06-23,466.9990596557894
2012-06-24,454.649892310219
2012-06-25,417.987777543636
2012-06-26,373.8841125888336
2012-06-27,342.9044724047012
2012-06-28,313.896891367452
2012-06-29,290.46887342733356
2012-06-30,292.98801607647624
2012-07-01,301.6131018886058
2012-07-02,288.7548540927167
2012-07-03,277.7558985191095
2012-07-04,268.419920517526
2012-07-05,256.615856882841
2012-07-06,234.60052659604256
2012-07-07,209.07118781085015
2012-07-08,191.13058314320497
2012-07-09,175.6091565318238
2012-07-10,165.37481231399644
2012-07-11,153.52308505760348
2012-07-12,147.54443169856143
2012-07-13,142.38302855089813
2012-07-14,147.18559202441364
2012-07-15,152.75268808509298
2012-07-16,154.24191152636885
2012-07-17,170.14014606178162
2012-07-18,190.13922484688246
2012-07-19,257.31918903974116
2012-07-20,266.93286837068
2012-07-21,263.54245008484855
2012-07-22,250.66125006222373
2012-07-23,249.6812526496052
2012-07-24,347.4855068890919
2012-07-25,427.9015282530955
2012-07-26,522.3684098976462
2012-07-27,558.8940514881539
2012-07-28,605.7845462345609
2012-07-29,611.9629538287331
2012-07-30,601.4202609565166
2012-07-31,565.5959280358871
2012-08-01,511.5647964960311
2012-08-02,519.7406570609885
2012-08-03,617.6160833774686
2012-08-04,624.0680724358007
2012-08-05,573.259059580139
2012-08-06,549.5611024080858
2012-08-07,503.91998549186485
2012-08-08,479.79503895400455
2012-08-09,468.9352864862438
2012-08-10,546.9935865305896
2012-08-11,655.8827185671106
2012-08-12,667.3899112124332
2012-08-13,660.9968923940588
2012-08-14,747.9949052148716
2012-08-15,772.7142505922675
2012-08-16,964.2659319267533
2012-08-17,1019.1470765649135
2012-08-18,999.6166737998325
2012-08-19,943.8377883796983
2012-08-20,769.2331714833664
2012-08-21,925.3957755030337
2012-08-22,1071.2940650549156
2012-08-23,1586.3080858502933
2012-08-24,1617.9274447620394
2012-08-25,1618.7408878341776
2012-08-26,1568.286635683434
2012-08-27,1088.1367411633728
2012-08-28,1072.0965322660443
2012-08-29,1127.8050097916253
2012-08-30,1141.8763979954538
2012-08-31,1061.5161745274988
2012-09-01,990.2472906532083
2012-09-02,766.4464336249142
2012-09-03,622.8483325599069
2012-09-04,516.3788947576596
2012-09-05,488.49329052644333
2012-09-06,415.26590197578867
2012-09-07,391.98119539951716
2012-09-08,374.58211220405997
2012-09-09,361.37322744019497
2012-09-10,345.22086418608825
2012-09-11,337.5262873001396
2012-09-12,359.17708484254206
2012-09-13,365.88820529351256
2012-09-14,363.00266809936176
2012-09-15,340.2765182506905
2012-09-16,304.9115208737576
2012-09-17,266.31300517629654
2012-09-18,248.29870362164783
2012-09-19,225.70552685420094
2012-09-20,209.9186814081095
2012-09-21,196.7611062922958
2012-09-22,188.42360570588448
2012-09-23,178.3163828282679
2012-09-24,167.64758590562295
2012-09-25,151.7347985542681
2012-09-26,144.0337565981428
2012-09-27,139.27660403464736
2012-09-28,132.9626978023646
2012-09-29,129.57795980970403
2012-09-30,96.4738552997457
2012-10-01,98.1796875
2012-10-02,91.1953125
2012-10-03,82.40625
2012-10-04,73.109375
2012-10-05,63.7734375
2012-10-06,54.7578125
2012-10-07,46.625
2012-10-08,39.5703125
2012-10-09,33.5
2012-10-10,28.3203125
2012-10-11,23.8984375
2012-10-12,20.09375
2012-10-13,16.9453125
2012-10-14,14.296875
2012-10-15,12.046875
2012-10-16,10.15625
2012-10-17,8.5078125
2012-10-18,7.09375
2012-10-19,5.875
2012-10-20,4.84375
2012-10-21,3.9921875
2012-10-22,3.265625
2012-10-23,2.625
2012-10-24,2.5234375
2012-10-25,2.9765625
2012-10-26,4.7265625
2012-10-27,9.75
2012-10-28,20.4921875
2012-10-29,33.796875
2012-10-30,44.59375
2012-10-31,46.2734375
2012-11-01,43.015625
2012-11-02,38.640625
2012-11-03,34.2265625
2012-11-04,30.109375
2012-11-05,26.359375
2012-11-06,23.0
2012-11-07,19.9921875
2012-11-08,17.2890625
2012-11-09,14.859375
2012-11-10,12.671875
2012-11-11,10.7890625
2012-11-12,9.1953125
2012-11-13,7.78125
2012-11-14,6.5234375
2012-11-15,5.4765625
2012-11-16,4.609375
2012-11-17,3.8515625
2012-11-18,3.203125
2012-11-19,2.6640625
2012-11-20,2.2109375
2012-11-21,1.8359375
2012-11-22,1.5234375
2012-11-23,1.265625
2012-11-24,1.0625
2012-11-25,0.890625
2012-11-26,0.75
2012-11-27,0.625
2012-11-28,0.5234375
2012-11-29,0.4375
2012-11-30,0.3671875
2012-12-01,0.3203125
2012-12-02,0.2734375
2012-12-03,0.2421875
2012-12-04,0.203125
2012-12-05,0.171875
2012-12-06,0.15625
2012-12-07,0.1328125
2012-12-08,0.11718750000000001
2012-12-09,0.109375
2012-12-10,0.1015625
2012-12-11,0.09375
2012-12-12,0.078125
2012-12-13,0.078125
2012-12-14,0.06249999999999999
2012-12-15,0.06249999999999999
2012-12-16,0.06249999999999999
2012-12-17,0.06249999999999999
2012-12-18,0.046875
2012-12-19,0.046875
2012-12-20,0.03125
2012-12-21,0.03125
2012-12-22,0.015625
2012-12-23,0.015625
2012-12-24,0.015625
2012-12-25,0.015625
2012-12-26,0.015625
2012-12-27,0.0
2012-12-28,0.0
2012-12-29,0.0
2012-12-30,0.0
2012-12-31,0.0
2013-01-01,0.0
2013-01-02,0.0
2013-01-03,0.0
2013-01-04,0.0
2013-01-05,0.0
2013-01-06,0.0
2013-01-07,0.0
2013-01-08,0.0
2013-01-09,0.0
2013-01-10,0.0
2013-01-11,0.0
2013-01-12,0.0
2013-01-13,0.0
2013-01-14,0.0
2013-01-15,0.0
2013-01-16,0.0
2013-01-17,0.0
2013-01-18,0.0
2013-01-19,0.0
2013-01-20,0.0
2013-01-21,0.0
2013-01-22,0.0
2013-01-23,0.0
2013-01-24,0.0
2013-01-25,0.0
2013-01-26,0.0
2013-01-27,0.0
2013-01-28,0.0
2013-01-29,0.0
2013-01-30,0.0
2013-01-31,0.0
2013-02-01,0.0
2013-02-02,0.0
2013-02-03,0.0
2013-02-04,0.0
2013-02-05,0.0
2013-02-06,0.0
2013-02-07,0.0
2013-02-08,0.0
2013-02-09,0.0
2013-02-10,0.0
2013-02-11,0.0
2013-02-12,0.0
2013-02-13,0.0
2013-02-14,0.0
2013-02-15,0.0
2013-02-16,0.0
2013-02-17,0.0
2013-02-18,0.0
2013-02-19,0.0
2013-02-20,0.0
2013-02-21,0.0
2013-02-22,0.0
2013-02-23,0.0
2013-02-24,0.0
2013-02-25,0.0
2013-02-26,0.0
2013-02-27,0.0
2013-02-28,0.0
2013-03-01,0.0
2013-03-02,0.0
2013-03-03,0.0
2013-03-04,0.0
2013-03-05,0.0
2013-03-06,0.0
2013-03-07,0.0
2013-03-08,0.0
2013-03-09,0.0
2013-03-10,0.0
2013-03-11,0.0
2013-03-12,0.0
2013-03-13,0.0
2013-03-14,0.0
2013-03-15,0.0
2013-03-16,0.03125
2013-03-17,0.8125
2013-03-18,1.28125
2013-03-19,1.1875
2013-03-20,1.0
2013-03-21,0.8125
2013-03-22,0.65625
2013-03-23,0.53125
2013-03-24,0.40625
2013-03-25,0.3125
2013-03-26,0.25
2013-03-27,0.1875
2013-03-28,0.125
2013-03-29,0.09375
2013-03-30,0.06249999999999999
2013-03-31,0.03125
2013-04-01,0.0
2013-04-02,0.0
2013-04-03,0.0
2013-04-04,0.0
2013-04-05,0.0
2013-04-06,0.0
2013-04-07,0.0
2013-04-08,0.0
2013-04-09,0.0
2013-04-10,0.0
2013-04-11,0.0
2013-04-12,0.0
2013-04-13,0.0
2013-04-14,0.0
2013-04-15,0.0
2013-04-16,0.0
2013-04-17,0.0
2013-04-18,0.0
2013-04-19,0.0
2013-04-20,0.0
2013-04-21,0.0
2013-04-22,0.0
2013-04-23,0.0
2013-04-24,0.0
2013-04-25,0.09375
2013-04-26,1.8125
2013-04-27,18.09375
2013-04-28,45.46875
2013-04-29,57.9375
2013-04-30,65.90625
2013-05-01,382.5804451621963
2013-05-02,300.59331887009654
2013-05-03,288.3758045078803
2013-05-04,347.2626581949083
2013-05-05,257.3763212435233
2013-05-06,198.24313845954865
2013-05-07,211.53164074567806
2013-05-08,263.12604773927023
2013-05-09,161.54937092470539
2013-05-10,181.75727969096516
2013-05-11,203.34565865492348
2013-05-12,190.3338217127372
2013-05-13,189.1203165062855
2013-05-14,163.81821049870086
2013-05-15,111.52282041852459
2013-05-16,110.97938503675634
2013-05-17,97.49495243684349
2013-05-18,104.57378891613294
2013-05-19,94.93721786143564
2013-05-20,86.60720154653137
2013-05-21,76.40017746067159
2013-05-22,70.75211384712209
2013-05-23,67.57812230219062
2013-05-24,56.806555988826396
2013-05-25,63.187177522381624
2013-05-26,93.05678997916559
2013-05-27,151.89675059994207
2013-05-28,705.7896611397499
2013-05-29,1598.690699014858
2013-05-30,2357.5750518761224
2013-05-31,2570.380104943839
2013-06-01,3250.61994209819
2013-06-02,4672.388294835331
2013-06-03,6110.964524191496
2013-06-04,6696.746595657609
2013-06-05,7175.558400956134
2013-06-06,7250.993974643795
2013-06-07,6808.162601170118
2013-06-08,6324.898029906957
2013-06-09,6034.727065571241
2013-06-10,5878.648628650312
2013-06-11,5745.0765186404315
2013-06-12,4992.375880786613
2013-06-13,4778.866540788475
2013-06-14,4483.682041191985
2013-06-15,3497.8201262766897
2013-06-16,3304.102678730558
2013-06-17,2922.9227574225206
2013-06-18,2771.1409131162886
2013-06-19,2562.057219671783
2013-06-20,2316.889256082216
2013-06-21,2161.3276988610455
2013-06-22,2073.3882834893784
2013-06-23,2056.5050418689793
2013-06-24,1765.148983451396
2013-06-25,1555.9511233561068
2013-06-26,1382.8908401299634
2013-06-27,1145.5863496372683
2013-06-28,1060.124658662078
2013-06-29,1201.5263138370017
2013-06-30,1188.1197206364402
2013-07-01,1115.6584918251217
2013-07-02,1045.1179063463196
2013-07-03,975.3248513099608
2013-07-04,738.9861231134081
2013-07-05,690.9343954246818
2013-07-06,661.1512648948432
2013-07-07,621.3315579948646
2013-07-08,533.0088854302173
2013-07-09,508.32784123052
2013-07-10,472.70369132058045
2013-07-11,466.3221440197568
2013-07-12,555.9466683461392
2013-07-13,796.294105449407
2013-07-14,996.2242443057609
2013-07-15,1206.3308905708564
2013-07-16,1628.9626231884972
2013-07-17,1999.3664594059521
2013-07-18,1977.6649894681746
2013-07-19,1621.4526487167382
2013-07-20,1519.1586249011693
2013-07-21,1440.9394817292161
2013-07-22,1409.361923821945
2013-07-23,1068.214509290038
2013-07-24,1021.5393788487556
2013-07-25,978.5724413525869
2013-07-26,908.0888698560435
2013-07-27,794.7143641541661
2013-07-28,796.8643658545805
2013-07-29,772.7646922196775
2013-07-30,874.2568101182969
2013-07-31,910.0859107658189
2013-08-01,889.9574917602835
2013-08-02,876.2028209124686
2013-08-03,1184.0805718263514
2013-08-04,1152.6626905891897
2013-08-05,899.4206183824521
2013-08-06,872.4017930960271
2013-08-07,864.4808044501806
2013-08-08,841.1810990245862
2013-08-09,791.6631992402134
2013-08-10,677.4511219016168
2013-08-11,793.0089418659397
2013-08-12,814.3018345063235
2013-08-13,780.5688391630155
2013-08-14,646.0570524790345
2013-08-15,597.7795640883754
2013-08-16,552.8975016098517
2013-08-17,405.78284851047687
2013-08-18,332.4896508430329
2013-08-19,325.84068719983844
2013-08-20,543.111344936994
2013-08-21,936.0412144851683
2013-08-22,1669.4051776345266
2013-08-23,1690.7289502776985
2013-08-24,1769.5677537983322
2013-08-25,2014.3618559573977
2013-08-26,2377.1365514960657
2013-08-27,2619.3165784798093
2013-08-28,2658.1964493621763
2013-08-29,2506.95470556075
2013-08-30,2308.9750411597847
2013-08-31,2125.936725376437
2013-09-01,1886.7986044153215
2013-09-02,1630.9727542893659
2013-09-03,1511.3693206890923
2013-09-04,1407.270324226054
2013-09-05,1088.222737190087
2013-09-06,1006.8594522724346
2013-09-07,965.5933808061258
2013-09-08,985.7242532110242
2013-09-09,964.6306983198872
2013-09-10,956.638118274899
2013-09-11,948.8845424982283
2013-09-12,896.6388592800475
2013-09-13,877.9258269095532
2013-09-14,876.4802273760359
2013-09-15,891.6751624023648
2013-09-16,1294.2346159362814
2013-09-17,1345.4589890518646
2013-09-18,1355.1403842047023
2013-09-19,1361.3037152690542
2013-09-20,1371.0382180957433
2013-09-21,1260.6162940410577
2013-09-22,1129.9279399643638
2013-09-23,947.8801191062978
2013-09-24,735.652882843711
2013-09-25,713.2876261964319
2013-09-26,690.6190940147284
2013-09-27,649.0699705612725
2013-09-28,601.4782902111658
2013-09-29,539.9150714036414
2013-09-30,480.40745153193825
2013-10-01,482.8359375
2013-10-02,440.6328125
2013-10-03,402.9296875
2013-10-04,368.21875
2013-10-05,335.5546875
2013-10-06,305.2734375
2013-10-07,277.9375
2013-10-08,252.6953125
2013-10-09,229.2421875
2013-10-10,207.5234375
2013-10-11,187.390625
2013-10-12,168.8515625
2013-10-13,151.78125
2013-10-14,136.0234375
2013-10-15,121.40625
2013-10-16,107.8828125
2013-10-17,95.421875
2013-10-18,83.859375
2013-10-19,73.234375
2013-10-20,63.5078125
2013-10-21,54.515625
2013-10-22,46.3515625
2013-10-23,39.015625
2013-10-24,32.4296875
2013-10-25,26.6171875
2013-10-26,21.515625
2013-10-27,17.1328125
2013-10-28,13.453125
2013-10-29,10.421875
2013-10-30,8.0
2013-10-31,6.109375
2013-11-01,4.6796875
2013-11-02,3.625
2013-11-03,2.859375
2013-11-04,2.3046875
2013-11-05,1.890625
2013-11-06,1.5546875
2013-11-07,1.2890625
2013-11-08,1.078125
2013-11-09,0.90625
2013-11-10,0.7734375
2013-11-11,0.6640625
2013-11-12,0.5703125
2013-11-13,0.4921875
2013-11-14,0.4296875
2013-11-15,0.375
2013-11-16,0.328125
2013-11-17,0.296875
2013-11-18,0.265625
2013-11-19,0.234375
2013-11-20,0.203125
2013-11-21,0.1875
2013-11-22,0.15625
2013-11-23,0.140625
2013-11-24,0.125
2013-11-25,0.125
2013-11-26,0.109375
2013-11-27,0.09375
2013-11-28,0.078125
2013-11-29,0.078125
2013-11-30,0.06249999999999999
2013-12-01,0.046875
2013-12-02,0.046875
2013-12-03,0.03125
2013-12-04,0.03125
2013-12-05,0.015625
2013-12-06,0.015625
2013-12-07,0.015625
2013-12-08,0.015625
2013-12-09,0.015625
2013-12-10,0.0
2013-12-11,0.0
2013-12-12,0.0
2013-12-13,0.0
2013-12-14,0.0
2013-12-15,0.0
2013-12-16,0.0
2013-12-17,0.0
2013-12-18,0.0
2013-12-19,0.0
2013-12-20,0.0
2013-12-21,0.0
2013-12-22,0.0
2013-12-23,0.0
2013-12-24,0.0
2013-12-25,0.0
2013-12-26,0.0
2013-12-27,0.0
2013-12-28,0.0
2013-12-29,0.0
2013-12-30,0.0
2013-12-31,0.0
2014-01-01,0.0
2014-01-02,0.0
2014-01-03,0.0
2014-01-04,0.0
2014-01-05,0.0
2014-01-06,0.0
2014-01-07,0.0
2014-01-08,0.0
2014-01-09,0.0
2014-01-10,0.0
2014-01-11,0.0
2014-01-12,0.0
2014-01-13,0.0
2014-01-14,0.0
2014-01-15,0.0
2014-01-16,0.0
2014-01-17,0.0
2014-01-18,0.0
2014-01-19,0.0
2014-01-20,0.0
2014-01-21,0.0
2014-01-22,0.0
2014-01-23,0.0
2014-01-24,0.0
2014-01-25,0.0
2014-01-26,0.0
2014-01-27,0.0
2014-01-28,0.0
2014-01-29,0.0
2014-01-30,0.0
2014-01-31,0.0
2014-02-01,0.0
2014-02-02,0.0
2014-02-03,0.0
2014-02-04,0.0
2014-02-05,0.0
2014-02-06,0.0
2014-02-07,0.0
2014-02-08,0.0
2014-02-09,0.0
2014-02-10,0.0
2014-02-11,0.0
2014-02-12,0.0
2014-02-13,0.0
2014-02-14,0.0
2014-02-15,0.0
2014-02-16,0.0
2014-02-17,0.0
2014-02-18,0.0
2014-02-19,0.0
2014-02-20,0.0
2014-02-21,0.0
2014-02-22,0.0
2014-02-23,0.0
2014-02-24,0.0
2014-02-25,0.0
2014-02-26,0.0
2014-02-27,0.0
2014-02-28,0.0
2014-03-01,0.0
2014-03-02,0.0
2014-03-03,0.0
2014-03-04,0.0
2014-03-05,0.0
2014-03-06,0.0
2014-03-07,0.0
2014-03-08,0.0
2014-03-09,0.0
2014-03-10,0.0
2014-03-11,0.0
2014-03-12,0.0
2014-03-13,0.0
2014-03-14,0.0
2014-03-15,0.0
2014-03-16,0.0
2014-03-17,0.0
2014-03-18,0.0
2014-03-19,0.0
2014-03-20,0.0
2014-03-21,0.0
2014-03-22,0.0
2014-03-23,0.0
2014-03-24,0.0
2014-03-25,0.0
2014-03-26,0.0
2014-03-27,0.0
2014-03-28,0.0
2014-03-29,0.0
2014-03-30,0.0
2014-03-31,0.0
2014-04-01,0.0
2014-04-02,0.0
2014-04-03,0.0
2014-04-04,0.0
2014-04-05,0.0
2014-04-06,0.0
2014-04-07,0.0
2014-04-08,0.0
2014-04-09,0.0
2014-04-10,0.0
2014-04-11,0.0
2014-04-12,0.0
2014-04-13,0.0
2014-04-14,0.0
2014-04-15,0.0
2014-04-16,0.0
2014-04-17,0.0
2014-04-18,0.0
2014-04-19,0.0
2014-04-20,0.0
2014-04-21,0.0
2014-04-22,0.0
2014-04-23,0.0
2014-04-24,0.0
2014-04-25,0.0
2014-04-26,0.0
2014-04-27,0.0
2014-04-28,0.0
2014-04-29,0.0
2014-04-30,0.0
2014-05-01,2.915
2014-05-02,2.6754999999999995
2014-05-03,2.680999999999999
2014-05-04,2.6864999999999997
2014-05-05,2.6920000000000006
2014-05-06,2.6975000000000002
2014-05-07,2.703
2014-05-08,2.7085000000000004
2014-05-09,2.7140000000000004
2014-05-10,2.7194999999999996
2014-05-11,2.7249999999999996
2014-05-12,2.7304999999999993
2014-05-13,2.7359999999999998
2014-05-14,2.7415
2014-05-15,35.46499999999999
2014-05-16,24.549137931034487
2014-05-17,211.75853391684902
2014-05-18,79.53793316831684
2014-05-19,62.17224085877222
2014-05-20,52.98711911357347
2014-05-21,66.81752359181759
2014-05-22,44.37285766481699
2014-05-23,39.78511138916847
2014-05-24,46.11277027495644
2014-05-25,49.356683751212074
2014-05-26,78.1565409827735
2014-05-27,126.95092959619252
2014-05-28,169.97053933605204
2014-05-29,229.99171344073136
2014-05-30,119.07001734233776
2014-05-31,141.56825852261977
2014-06-01,89.37883448925837
2014-06-02,98.62656188820502
2014-06-03,153.36333837024443
2014-06-04,274.6170273249786
2014-06-05,876.0113326308222
2014-06-06,1120.7928360017056
2014-06-07,1511.575639623413
2014-06-08,1555.8509392221165
2014-06-09,1636.8530636814485
2014-06-10,1820.8984766231465
2014-06-11,2384.5625306357883
2014-06-12,2924.1310466435816
2014-06-13,4474.761896737975
2014-06-14,4705.896896921486
2014-06-15,4739.763657551864
2014-06-16,5951.627270827019
2014-06-17,6941.205590295869
2014-06-18,7936.643403343904
2014-06-19,8193.65108163778
2014-06-20,7912.8508313526345
2014-06-21,7648.703647165389
2014-06-22,7367.444793723703
2014-06-23,7148.773633987986
2014-06-24,6833.405651495685
2014-06-25,6374.963358671337
2014-06-26,5852.78060579736
2014-06-27,5148.1531630422805
2014-06-28,4726.1063041497355
2014-06-29,4486.890273550062
2014-06-30,3055.4968698464595
2014-07-01,2921.783679328077
2014-07-02,3570.7262160835485
2014-07-03,3261.9742889547406
2014-07-04,3135.2068399369023
2014-07-05,2925.726034112428
2014-07-06,2813.4797943401095
2014-07-07,2682.2375314036876
2014-07-08,2573.6585123921595
2014-07-09,2468.1609338736057
2014-07-10,2366.186013225325
2014-07-11,2194.6144382426583
2014-07-12,2015.9483254159918
2014-07-13,1850.1020097422402
2014-07-14,1725.3372806888924
2014-07-15,1619.5133930353688
2014-07-16,1538.0597396836133
2014-07-17,1463.9111597822723
2014-07-18,1089.9610434708743
2014-07-19,875.1813561614536
2014-07-20,714.0491715197447
2014-07-21,678.4775588904271
2014-07-22,657.7560978461302
2014-07-23,667.8257636415783
2014-07-24,981.0857761303832
2014-07-25,1010.0091581242576
2014-07-26,964.8821509903439
2014-07-27,947.3634824530066
2014-07-28,915.4479267979556
2014-07-29,781.8973781268085
2014-07-30,879.5533752044227
2014-07-31,1246.8552159487133
2014-08-01,1215.9371736070068
2014-08-02,858.5146449481356
2014-08-03,691.4646723141276
2014-08-04,630.9708215184056
2014-08-05,576.3785950431326
2014-08-06,571.9656207496727
2014-08-07,621.8295576972727
2014-08-08,619.9862842325427
2014-08-09,609.5056956815457
2014-08-10,559.8218354211439
2014-08-11,529.443943972479
2014-08-12,499.2188152004771
2014-08-13,494.8394259045541
2014-08-14,497.8795658428339
2014-08-15,503.82324107664874
2014-08-16,552.3746262119829
2014-08-17,504.76902448078783
2014-08-18,481.9373742351631
2014-08-19,401.04109919563865
2014-08-20,474.13171404379307
2014-08-21,475.9728752938547
2014-08-22,459.17049506259053
2014-08-23,381.1669919527157
2014-08-24,356.9460530069347
2014-08-25,302.12533802373156
2014-08-26,302.1125421257581
2014-08-27,306.01355654864614
2014-08-28,305.48141518058645
2014-08-29,320.32971587850744
2014-08-30,334.49229428292114
2014-08-31,331.7810247964627
2014-09-01,326.5143426162775
2014-09-02,342.3109130525661
2014-09-03,363.70708418211285
2014-09-04,389.2664660727215
2014-09-05,399.86217788023646
2014-09-06,376.3118153140235
2014-09-07,364.83800023330963
2014-09-08,361.44623744866436
2014-09-09,417.26514296735616
2014-09-10,477.9821007418608
2014-09-11,480.75929638524906
2014-09-12,458.03079670568275
2014-09-13,438.7152006561549
2014-09-14,449.06903779746256
2014-09-15,497.6786306922853
2014-09-16,525.1933789517634
2014-09-17,514.0865437832786
2014-09-18,486.1345953498215
2014-09-19,454.0659038125474
2014-09-20,434.550305829403
2014-09-21,478.5718643247129
2014-09-22,468.66725150336254
2014-09-23,406.9005507667545
2014-09-24,380.58377249113704
2014-09-25,352.0435107655032
2014-09-26,358.1027361246192
2014-09-27,420.7132970951589
2014-09-28,507.8649460387385
2014-09-29,493.93195764413707
2014-09-30,453.7070881556179
2014-10-01,501.9375
2014-10-02,564.7734375
2014-10-03,620.359375
2014-10-04,633.1484375
2014-10-05,607.265625
2014-10-06,565.390625
2014-10-07,521.40625
2014-10-08,479.9375
2014-10-09,442.9765625
2014-10-10,406.8125
2014-10-11,372.109375
2014-10-12,339.4765625
2014-10-13,309.4296875
2014-10-14,281.6875
2014-10-15,256.3671875
2014-10-16,233.3671875
2014-10-17,211.625
2014-10-18,191.2109375
2014-10-19,172.4453125
2014-10-20,155.0234375
2014-10-21,138.8828125
2014-10-22,123.8671875
2014-10-23,109.96875
2014-10-24,97.296875
2014-10-25,85.6796875
2014-10-26,74.796875
2014-10-27,64.71875
2014-10-28,55.71875
2014-10-29,47.6875
2014-10-30,40.328125
2014-10-31,33.5703125
2014-11-01,27.515625
2014-11-02,22.1484375
2014-11-03,17.4609375
2014-11-04,13.4765625
2014-11-05,10.2265625
2014-11-06,7.7265625
2014-11-07,5.8671875
2014-11-08,4.5078125
2014-11-09,3.484375
2014-11-10,2.7265625
2014-11-11,2.15625
2014-11-12,1.71875
2014-11-13,1.3984375
2014-11-14,1.171875
2014-11-15,0.984375
2014-11-16,0.8125
2014-11-17,0.671875
2014-11-18,0.5625
2014-11-19,0.484375
2014-11-20,0.40625
2014-11-21,0.34375
2014-11-22,0.296875
2014-11-23,0.265625
2014-11-24,0.234375
2014-11-25,0.203125
2014-11-26,0.171875
2014-11-27,0.140625
2014-11-28,0.125
2014-11-29,0.109375
2014-11-30,0.09375
2014-12-01,0.06249999999999999
2014-12-02,0.046875
2014-12-03,0.03125
2014-12-04,0.03125
2014-12-05,0.015625
2014-12-06,0.015625
2014-12-07,0.015625
2014-12-08,0.015625
2014-12-09,0.0
2014-12-10,0.0
2014-12-11,0.0
2014-12-12,0.0
2014-12-13,0.0
2014-12-14,0.0
2014-12-15,0.0
2014-12-16,0.0
2014-12-17,0.0
2014-12-18,0.0
2014-12-19,0.0
2014-12-20,0.0
2014-12-21,0.0
2014-12-22,0.0
2014-12-23,0.0
2014-12-24,0.0
2014-12-25,0.0
2014-12-26,0.0
2014-12-27,0.0
2014-12-28,0.0
2014-12-29,0.0
2014-12-30,0.0
2014-12-31,0.0
2015-01-01,0.0
2015-01-02,0.0
2015-01-03,0.0
2015-01-04,0.0
2015-01-05,0.0
2015-01-06,0.0
2015-01-07,0.0
2015-01-08,0.0
2015-01-09,0.0
2015-01-10,0.0
2015-01-11,0.0
2015-01-12,0.0
2015-01-13,0.0
2015-01-14,0.0
2015-01-15,0.0
2015-01-16,0.0
2015-01-17,0.0
2015-01-18,0.0
2015-01-19,0.0
2015-01-20,0.0
2015-01-21,0.0
2015-01-22,0.0
2015-01-23,0.0
2015-01-24,0.0
2015-01-25,0.0
2015-01-26,0.0
2015-01-27,0.0
2015-01-28,0.0
2015-01-29,0.0
2015-01-30,0.0
2015-01-31,0.0
2015-02-01,0.0
2015-02-02,0.0
2015-02-03,0.0
2015-02-04,0.0
2015-02-05,0.0
2015-02-06,0.0
2015-02-07,0.0
2015-02-08,0.0
2015-02-09,0.0
2015-02-10,0.0
2015-02-11,0.0
2015-02-12,0.0
2015-02-13,0.0
2015-02-14,0.0
2015-02-15,0.0
2015-02-16,0.0
2015-02-17,0.0
2015-02-18,0.0
2015-02-19,0.0
2015-02-20,0.0
2015-02-21,0.0
2015-02-22,0.0
2015-02-23,0.0
2015-02-24,0.0
2015-02-25,0.0
2015-02-26,0.0
2015-02-27,0.0
2015-02-28,0.0
2015-03-01,0.0
2015-03-02,0.0
2015-03-03,0.0
2015-03-04,0.0
2015-03-05,0.0
2015-03-06,0.0
2015-03-07,0.0
2015-03-08,0.0
2015-03-09,0.0
2015-03-10,0.0
2015-03-11,0.0
2015-03-12,0.0
2015-03-13,0.0
2015-03-14,0.0
2015-03-15,0.0
2015-03-16,0.0
2015-03-17,0.0
2015-03-18,0.0
2015-03-19,0.0
2015-03-20,0.0
2015-03-21,0.0
2015-03-22,0.0
2015-03-23,0.0
2015-03-24,0.0
2015-03-25,0.0
2015-03-26,0.0
2015-03-27,0.0
2015-03-28,0.0
2015-03-29,0.0
2015-03-30,0.0
2015-03-31,0.0
2015-04-01,0.0
2015-04-02,0.0
2015-04-03,0.0
2015-04-04,0.0
2015-04-05,0.0
2015-04-06,0.0
2015-04-07,0.0
2015-04-08,0.0
2015-04-09,0.0
2015-04-10,0.0
2015-04-11,0.0
2015-04-12,0.0
2015-04-13,0.0
2015-04-14,0.0
2015-04-15,0.0
2015-04-16,0.0
2015-04-17,0.0
2015-04-18,0.0
2015-04-19,0.0
2015-04-20,0.0
2015-04-21,0.0
2015-04-22,0.0
2015-04-23,0.0
2015-04-24,0.0
2015-04-25,0.0
2015-04-26,0.0
2015-04-27,0.0
2015-04-28,0.0
2015-04-29,0.0
2015-04-30,0.0
2015-05-01,2.9149999999999996
2015-05-02,2.6755
2015-05-03,2.6809999999999996
2015-05-04,2.6864999999999997
2015-05-05,2.6920000000000006
2015-05-06,2.6975
2015-05-07,2.703
2015-05-08,2.7085000000000004
2015-05-09,2.7140000000000004
2015-05-10,2.7195
2015-05-11,2.725
2015-05-12,2.7304999999999993
2015-05-13,2.7359999999999998
2015-05-14,2.7415
2015-05-15,2.7470000000000003
2015-05-16,25.791874999999997
2015-05-17,47.4959375
2015-05-18,178.62874999999997
2015-05-19,122.31674999999997
2015-05-20,61.48017241379311
2015-05-21,19.265765765765767
2015-05-22,233.84374999999994
2015-05-23,348.91437499999995
2015-05-24,353.035
2015-05-25,197.65650632911402
2015-05-26,196.3485768742059
2015-05-27,17.543084786060074
2015-05-28,20.531161839129968
2015-05-29,32.85841613365424
2015-05-30,40.66163292882827
2015-05-31,54.4048959589401
2015-06-01,65.20870810275248
2015-06-02,73.51116462278189
2015-06-03,107.54551714910829
2015-06-04,176.59609387797556
2015-06-05,293.22496585573174
2015-06-06,530.5303905803579
2015-06-07,813.3003747540499
2015-06-08,1366.9868629961004
2015-06-09,1774.2171179722657
2015-06-10,2182.6350656849604
2015-06-11,2546.927997298217
2015-06-12,2517.660931758285
2015-06-13,2603.149449791773
2015-06-14,3004.8578445604353
2015-06-15,3623.078543609381
2015-06-16,5558.184813498682
2015-06-17,6430.663407438948
2015-06-18,7058.710973072243
2015-06-19,7283.135971511186
2015-06-20,7016.722556262927
2015-06-21,6605.139057721284
2015-06-22,6103.070709401555
2015-06-23,5618.276570062496
2015-06-24,5154.940534665025
2015-06-25,3813.9184365491183
2015-06-26,3541.6454111584967
2015-06-27,3055.849444898342
2015-06-28,2786.0032718449156
2015-06-29,2491.6905126342363
2015-06-30,2337.3955270716256
2015-07-01,2169.3858942578704
2015-07-02,1994.9514678479345
2015-07-03,1758.8968259337348
2015-07-04,1632.951634928259
2015-07-05,1492.8953446474293
2015-07-06,1349.1312350399548
2015-07-07,1221.092128739321
2015-07-08,1187.0544149930863
2015-07-09,1441.7713845122803
2015-07-10,1464.3415673277216
2015-07-11,1391.0062997999921
2015-07-12,1293.3177771499077
2015-07-13,1219.036365140116
2015-07-14,1182.974391557263
2015-07-15,1180.7921422180718
2015-07-16,1167.3859472879965
2015-07-17,1152.0736600903115
2015-07-18,1445.2848711676677
2015-07-19,1094.502652620372
2015-07-20,1036.6073397880255
2015-07-21,836.694162594713
2015-07-22,690.5511442710969
2015-07-23,636.622762255312
2015-07-24,546.9654229825779
2015-07-25,536.0359588692891
2015-07-26,537.6607379510622
2015-07-27,532.8630841907834
2015-07-28,535.3951736642474
2015-07-29,536.5748807166152
2015-07-30,533.9301348915241
2015-07-31,626.0367276548855
2015-08-01,707.7539615404226
2015-08-02,834.7481007149631
2015-08-03,868.3556911602657
2015-08-04,895.034206886774
2015-08-05,899.484248361069
2015-08-06,845.346698347045
2015-08-07,776.7141505216633
2015-08-08,624.967562605892
2015-08-09,571.1653275403942
2015-08-10,566.6276561692541
2015-08-11,575.5990673420374
2015-08-12,578.4352493839655
2015-08-13,651.281639236957
2015-08-14,825.1575240620031
2015-08-15,812.6852325128358
2015-08-16,790.6013168698324
2015-08-17,770.8086715505722
2015-08-18,757.3193007891165
2015-08-19,754.7449067762923
2015-08-20,742.4064473653619
2015-08-21,752.0282740359936
2015-08-22,915.6754183280971
2015-08-23,925.89832266997
2015-08-24,933.0941754400983
2015-08-25,946.4696353500931
2015-08-26,909.2979307841308
2015-08-27,720.8189462569976
2015-08-28,603.6457716523292
2015-08-29,597.3198470979568
2015-08-30,601.1030178909781
2015-08-31,510.2642760259732
2015-09-01,406.58429523687846
2015-09-02,355.28764884305247
2015-09-03,359.9810063634816
2015-09-04,410.87552111240365
2015-09-05,505.3010534189701
2015-09-06,594.5753375074117
2015-09-07,583.5298403649336
2015-09-08,486.49957000912616
2015-09-09,425.30239614976614
2015-09-10,413.6361217409478
2015-09-11,390.80454100428324
2015-09-12,366.0468202577083
2015-09-13,357.8079042583165
2015-09-14,368.2341407127414
2015-09-15,390.9589358971151
2015-09-16,424.4833577484327
2015-09-17,457.5267349384316
2015-09-18,447.63662731357607
2015-09-19,429.1991054032603
2015-09-20,395.0455049106097
2015-09-21,371.5473082634381
2015-09-22,337.2161183922882
2015-09-23,334.07232831785683
2015-09-24,394.0140590671249
2015-09-25,445.64103156786706
2015-09-26,444.78450909783464
2015-09-27,423.92192836835954
2015-09-28,383.71133353211434
2015-09-29,357.1188384151562
2015-09-30,324.89332639076775
2015-10-01,365.2890625
2015-10-02,332.90625
2015-10-03,303.3046875
2015-10-04,278.2578125
2015-10-05,258.1015625
2015-10-06,239.4140625
2015-10-07,218.8359375
2015-10-08,198.5234375
2015-10-09,179.2578125
2015-10-10,161.234375
2015-10-11,144.5546875
2015-10-12,129.28125
2015-10-13,115.203125
2015-10-14,101.9453125
2015-10-15,89.828125
2015-10-16,78.75
2015-10-17,68.46875
2015-10-18,59.0078125
2015-10-19,50.359375
2015-10-20,42.46875
2015-10-21,35.25
2015-10-22,28.8359375
2015-10-23,23.34375
2015-10-24,18.734375
2015-10-25,14.921875
2015-10-26,11.8125
2015-10-27,9.359375
2015-10-28,7.4140625
2015-10-29,5.90625
2015-10-30,4.7109375
2015-10-31,3.7734375
2015-11-01,3.0546875
2015-11-02,2.484375
2015-11-03,2.0390625
2015-11-04,1.6875
2015-11-05,1.421875
2015-11-06,1.2109375
2015-11-07,1.03125
2015-11-08,0.875
2015-11-09,0.7421875
2015-11-10,0.640625
2015-11-11,0.5625
2015-11-12,0.484375
2015-11-13,0.4296875
2015-11-14,0.375
2015-11-15,0.3359375
2015-11-16,0.296875
2015-11-17,0.265625
2015-11-18,0.234375
2015-11-19,0.2109375
2015-11-20,0.1875
2015-11-21,0.171875
2015-11-22,0.15625
2015-11-23,0.140625
2015-11-24,0.125
2015-11-25,0.11718750000000001
2015-11-26,0.1015625
2015-11-27,0.09375
2015-11-28,0.078125
2015-11-29,0.0703125
2015-11-30,0.05468749999999999
2015-12-01,0.046875
2015-12-02,0.0390625
2015-12-03,0.03125
2015-12-04,0.03125
2015-12-05,0.03125
2015-12-06,0.0234375
2015-12-07,0.0234375
2015-12-08,0.0234375
2015-12-09,0.015625
2015-12-10,0.015625
2015-12-11,0.015625
2015-12-12,0.007812500000000002
2015-12-13,0.007812500000000002
2015-12-14,0.007812500000000002
2015-12-15,0.0
2015-12-16,0.0
2015-12-17,0.0
2015-12-18,0.0
2015-12-19,0.0
2015-12-20,0.0
2015-12-21,0.0
2015-12-22,0.0
2015-12-23,0.0
2015-12-24,0.0
2015-12-25,0.0
2015-12-26,0.0
2015-12-27,0.0
2015-12-28,0.0
2015-12-29,0.0
2015-12-30,0.0
2015-12-31,0.0
2016-01-01,0.0
2016-01-02,0.0
2016-01-03,0.0
2016-01-04,0.0
2016-01-05,0.0
2016-01-06,0.0
2016-01-07,0.0
2016-01-08,0.0
2016-01-09,0.0
2016-01-10,0.0
2016-01-11,0.0
2016-01-12,0.0
2016-01-13,0.0
2016-01-14,0.0
2016-01-15,0.0
2016-01-16,0.0
2016-01-17,0.0
2016-01-18,0.0
2016-01-19,0.0
2016-01-20,0.0
2016-01-21,0.0
2016-01-22,0.0
2016-01-23,0.0
2016-01-24,0.0
2016-01-25,0.0
2016-01-26,0.0
2016-01-27,0.0
2016-01-28,0.0
2016-01-29,0.0
2016-01-30,0.0
2016-01-31,0.0
2016-02-01,0.0
2016-02-02,0.0
2016-02-03,0.0
2016-02-04,0.0
2016-02-05,0.0
2016-02-06,0.0
2016-02-07,0.0
2016-02-08,0.0
2016-02-09,0.0
2016-02-10,0.0
2016-02-11,0.0
2016-02-12,0.0
2016-02-13,0.0
2016-02-14,0.0
2016-02-15,0.0
2016-02-16,0.0
2016-02-17,0.0
2016-02-18,0.0
2016-02-19,0.0
2016-02-20,0.0
2016-02-21,0.0
2016-02-22,0.0
2016-02-23,0.0
2016-02-24,0.0
2016-02-25,0.0
2016-02-26,0.0
2016-02-27,0.0
2016-02-28,0.0
2016-02-29,0.0
2016-03-01,0.0
2016-03-02,0.0
2016-03-03,0.0
2016-03-04,0.0
2016-03-05,0.0
2016-03-06,0.0
2016-03-07,0.0
2016-03-08,0.0
2016-03-09,0.0
2016-03-10,0.0
2016-03-11,0.0
2016-03-12,0.0
2016-03-13,0.0
2016-03-14,0.0
2016-03-15,0.0
2016-03-16,0.0
2016-03-17,0.0
2016-03-18,0.0
2016-03-19,0.0
2016-03-20,0.0
2016-03-21,0.0
2016-03-22,0.0
2016-03-23,0.0
2016-03-24,0.0
2016-03-25,0.0
2016-03-26,0.0
2016-03-27,0.0
2016-03-28,0.0
2016-03-29,0.0
2016-03-30,0.0
2016-03-31,0.0
2016-04-01,0.0
2016-04-02,0.0
2016-04-03,0.0
2016-04-04,0.0
2016-04-05,0.0
2016-04-06,0.0
2016-04-07,0.0
2016-04-08,0.0
2016-04-09,0.0
2016-04-10,0.0
2016-04-11,0.0
2016-04-12,0.0
2016-04-13,0.0
2016-04-14,0.0
2016-04-15,0.0
2016-04-16,0.0
2016-04-17,0.0
2016-04-18,0.0
2016-04-19,0.0
2016-04-20,0.0
2016-04-21,0.0
2016-04-22,0.0
2016-04-23,0.0
2016-04-24,0.0
2016-04-25,0.0
2016-04-26,0.0
2016-04-27,0.0
2016-04-28,0.0
2016-04-29,0.0
2016-04-30,0.0
2016-05-01,2.6755
2016-05-02,2.6809999999999996
2016-05-03,2.6865
2016-05-04,2.692
2016-05-05,2.6975
2016-05-06,2.7029999999999994
2016-05-07,2.7085000000000004
2016-05-08,2.7140000000000004
2016-05-09,2.7195
2016-05-10,2.725
2016-05-11,2.7305
2016-05-12,2.7359999999999998
2016-05-13,2.7415
2016-05-14,2.7470000000000003
2016-05-15,98.41120689655172
2016-05-16,387.2049234135667
2016-05-17,39.14678021658859
2016-05-18,48.3130741246021
2016-05-19,51.94996456315238
2016-05-20,134.494678195784
2016-05-21,265.88420390573026
2016-05-22,1189.9962686899448
2016-05-23,1687.4314184498169
2016-05-24,2074.517989035368
2016-05-25,2140.881731713591
2016-05-26,2419.9269704648827
2016-05-27,2429.268375230161
2016-05-28,2701.509351130747
2016-05-29,2460.666778174132
2016-05-30,2629.4525058980803
2016-05-31,2572.2397734788365
2016-06-01,2304.09792333433
2016-06-02,2464.8134436705072
2016-06-03,2345.86490345609
2016-06-04,1965.6548277462562
2016-06-05,1819.6610870979184
2016-06-06,1763.0475821195662
2016-06-07,1611.585652625878
2016-06-08,1433.0276482499241
2016-06-09,1224.252106631666
2016-06-10,1130.8410107348348
2016-06-11,819.8811564078372
2016-06-12,738.6537024345121
2016-06-13,668.072354456261
2016-06-14,577.0816174007455
2016-06-15,501.6480999899352
2016-06-16,419.8158512491669
2016-06-17,347.59731837629255
2016-06-18,302.90444005641905
2016-06-19,279.50127837041674
2016-06-20,289.2127510112613
2016-06-21,317.86952482946083
2016-06-22,305.1996533676141
2016-06-23,288.5747070826406
2016-06-24,273.32733269533685
2016-06-25,254.40075219465058
2016-06-26,244.36022934115238
2016-06-27,248.35189953348853
2016-06-28,235.29417720774148
2016-06-29,218.2179156926136
2016-06-30,211.29625985918105
2016-07-01,209.17655924701683
2016-07-02,195.3576479356759
2016-07-03,185.48713551564524
2016-07-04,195.488641621324
2016-07-05,201.70342485339242
2016-07-06,188.61426197139008
2016-07-07,169.09784760384758
2016-07-08,159.58374304098044
2016-07-09,170.63628601717588
2016-07-10,198.70133735624447
2016-07-11,302.46673438361455
2016-07-12,290.6799161471881
2016-07-13,192.05971558714012
2016-07-14,185.2984432789045
2016-07-15,172.80605913650533
2016-07-16,160.8553493432164
2016-07-17,154.32901999974715
2016-07-18,168.02689442039912
2016-07-19,263.45650285796415
2016-07-20,465.9110352261617
2016-07-21,545.4694510621213
2016-07-22,535.2264081850099
2016-07-23,618.0945570072555
2016-07-24,647.8243782923424
2016-07-25,808.1953609058414
2016-07-26,1304.3317209140362
2016-07-27,1279.935224218395
2016-07-28,923.9292798257092
2016-07-29,918.783016847051
2016-07-30,1256.9147580822225
2016-07-31,1213.5596531525855
2016-08-01,847.2280224775704
2016-08-02,690.2442381436946
2016-08-03,650.3405337180205
2016-08-04,616.1556954580481
2016-08-05,547.8766159710674
2016-08-06,496.7343327742477
2016-08-07,480.66856917229944
2016-08-08,479.18747755081114
2016-08-09,477.73417599076333
2016-08-10,474.229638264212
2016-08-11,396.8711587401735
2016-08-12,321.6506279833511
2016-08-13,277.60280337126255
2016-08-14,254.45298275892858
2016-08-15,244.06031470793488
2016-08-16,243.73302242308395
2016-08-17,207.03257545079094
2016-08-18,206.37320872068227
2016-08-19,247.23267457763896
2016-08-20,277.6211223217329
2016-08-21,385.7259607903245
2016-08-22,582.509129247703
2016-08-23,597.1367093918983
2016-08-24,534.9955416410966
2016-08-25,529.610040580486
2016-08-26,585.2946765861668
2016-08-27,582.3807479545212
2016-08-28,505.87576626885203
2016-08-29,415.6525991799752
2016-08-30,500.71207910391473
2016-08-31,611.1104158584546
2016-09-01,726.5918272016047
2016-09-02,617.2568163811135
2016-09-03,505.0313833126154
2016-09-04,422.8268560649243
2016-09-05,393.55126009510286
2016-09-06,366.2315202426421
2016-09-07,326.78012520963256
2016-09-08,298.2517104384846
2016-09-09,276.56063808776827
2016-09-10,258.7237881400868
2016-09-11,272.4667576801141
2016-09-12,302.31479842867896
2016-09-13,301.53821727291194
2016-09-14,297.33098838916874
2016-09-15,285.2928424351934
2016-09-16,279.4862657656527
2016-09-17,252.88002753715216
2016-09-18,237.93667121625413
2016-09-19,225.97317633498338
2016-09-20,227.2955323719088
2016-09-21,222.44393473374777
2016-09-22,199.3880706991777
2016-09-23,189.87897616911792
2016-09-24,182.02800394688882
2016-09-25,183.29215623742854
2016-09-26,165.66691419280642
2016-09-27,191.76136035862072
2016-09-28,259.4802378040899
2016-09-29,458.90138095132926
2016-09-30,459.56472730929477
2016-10-01,598.015625
2016-10-02,597.6171875
2016-10-03,605.890625
2016-10-04,629.6796875
2016-10-05,632.671875
2016-10-06,648.375
2016-10-07,710.09375
2016-10-08,851.2421875
2016-10-09,1089.2890625
2016-10-10,1307.9609375
2016-10-11,1387.1875
2016-10-12,1355.234375
2016-10-13,1277.5390625
2016-10-14,1190.0859375
2016-10-15,1104.9453125
2016-10-16,1018.9453125
2016-10-17,937.4609375
2016-10-18,862.203125
2016-10-19,792.59375
2016-10-20,728.3046875
2016-10-21,669.34375
2016-10-22,614.9296875
2016-10-23,564.5078125
2016-10-24,522.9453125
2016-10-25,497.71875
2016-10-26,477.9765625
2016-10-27,449.25
2016-10-28,410.9609375
2016-10-29,373.265625
2016-10-30,339.078125
2016-10-31,308.40625
2016-11-01,280.9296875
2016-11-02,255.828125
2016-11-03,232.6875
2016-11-04,211.421875
2016-11-05,191.984375
2016-11-06,174.0859375
2016-11-07,157.5078125
2016-11-08,142.2265625
2016-11-09,128.1875
2016-11-10,115.2890625
2016-11-11,103.4140625
2016-11-12,92.484375
2016-11-13,82.4609375
2016-11-14,73.265625
2016-11-15,64.890625
2016-11-16,57.2890625
2016-11-17,50.2734375
2016-11-18,43.8984375
2016-11-19,38.265625
2016-11-20,33.21875
2016-11-21,28.671875
2016-11-22,24.625
2016-11-23,21.015625
2016-11-24,17.78125
2016-11-25,14.9375
2016-11-26,12.46875
2016-11-27,10.375
2016-11-28,8.609375
2016-11-29,7.09375
2016-11-30,5.828125
2016-12-01,4.765625
2016-12-02,3.890625
2016-12-03,3.15625
2016-12-04,2.546875
2016-12-05,2.0625
2016-12-06,1.671875
2016-12-07,1.375
2016-12-08,1.296875
2016-12-09,1.375
2016-12-10,1.5
2016-12-11,1.828125
2016-12-12,2.1875
2016-12-13,2.1875
2016-12-14,1.953125
2016-12-15,1.671875
2016-12-16,1.390625
2016-12-17,1.15625
2016-12-18,0.953125
2016-12-19,0.78125
2016-12-20,0.65625
2016-12-21,0.546875
2016-12-22,0.46875
2016-12-23,0.390625
2016-12-24,0.34375
2016-12-25,0.28125
2016-12-26,0.234375
2016-12-27,0.203125
2016-12-28,0.171875
2016-12-29,0.140625
2016-12-30,0.109375
2016-12-31,0.09375
2017-01-01,0.078125
2017-01-02,0.06249999999999999
2017-01-03,0.046875
2017-01-04,0.046875
2017-01-05,0.03125
2017-01-06,0.03125
2017-01-07,0.015625
2017-01-08,0.015625
2017-01-09,0.0
2017-01-10,0.0
2017-01-11,0.0
2017-01-12,0.0
2017-01-13,0.0
2017-01-14,0.0
2017-01-15,0.0
2017-01-16,0.0
2017-01-17,0.0
2017-01-18,0.0
2017-01-19,0.0
2017-01-20,0.0
2017-01-21,0.0
2017-01-22,0.0
2017-01-23,0.0
2017-01-24,0.0
2017-01-25,0.0
2017-01-26,0.0
2017-01-27,0.0
2017-01-28,0.0
2017-01-29,0.0
2017-01-30,0.0
2017-01-31,0.0
2017-02-01,0.0
2017-02-02,0.0
2017-02-03,0.0
2017-02-04,0.0
2017-02-05,0.0
2017-02-06,0.0
2017-02-07,0.0
2017-02-08,0.0
2017-02-09,0.0
2017-02-10,0.0
2017-02-11,0.0
2017-02-12,0.0
2017-02-13,0.0
2017-02-14,0.0
2017-02-15,0.0
2017-02-16,0.0
2017-02-17,0.0
2017-02-18,0.0
2017-02-19,0.0
2017-02-20,0.0
2017-02-21,0.0
2017-02-22,0.0
2017-02-23,0.0
2017-02-24,0.0
2017-02-25,0.0
2017-02-26,0.0
2017-02-27,0.0
2017-02-28,0.0
2017-03-01,0.0
2017-03-02,0.0
2017-03-03,0.0
2017-03-04,0.0
2017-03-05,0.0
2017-03-06,0.0
2017-03-07,0.0
2017-03-08,0.0
2017-03-09,0.0
2017-03-10,0.0
2017-03-11,0.0
2017-03-12,0.0
2017-03-13,0.0
2017-03-14,0.0
2017-03-15,0.0
2017-03-16,0.0
2017-03-17,0.0
2017-03-18,0.0
2017-03-19,0.0
2017-03-20,0.0
2017-03-21,0.0
2017-03-22,0.0
2017-03-23,0.0
2017-03-24,0.0
2017-03-25,0.0
2017-03-26,0.0
2017-03-27,0.0
2017-03-28,0.0
2017-03-29,0.0
2017-03-30,0.0
2017-03-31,0.0
2017-04-01,0.0
2017-04-02,0.0
2017-04-03,0.0
2017-04-04,0.0
2017-04-05,0.0
2017-04-06,0.0
2017-04-07,0.0
2017-04-08,0.0
2017-04-09,0.0
2017-04-10,0.0
2017-04-11,0.0
2017-04-12,0.0
2017-04-13,0.0
2017-04-14,0.0
2017-04-15,0.0
2017-04-16,0.0
2017-04-17,0.0
2017-04-18,0.0
2017-04-19,0.0
2017-04-20,0.0
2017-04-21,0.0
2017-04-22,0.0
2017-04-23,0.0
2017-04-24,0.0
2017-04-25,0.0
2017-04-26,0.0
2017-04-27,0.0
2017-04-28,0.0
2017-04-29,0.0
2017-04-30,0.0
2017-05-01,2.915
2017-05-02,2.6754999999999995
2017-05-03,2.680999999999999
2017-05-04,2.6864999999999997
2017-05-05,2.692
2017-05-06,2.6975000000000002
2017-05-07,2.703
2017-05-08,2.7085
2017-05-09,2.7140000000000004
2017-05-10,2.7195
2017-05-11,2.725
2017-05-12,62.321875000000006
2017-05-13,65.65921052631626
2017-05-14,305.3681818181846
2017-05-15,75.20062420843136
2017-05-16,173.68129389729992
2017-05-17,168.83290373487688
2017-05-18,91.85884610597084
2017-05-19,59.927965363043825
2017-05-20,55.80704433624778
2017-05-21,44.2854751097881
2017-05-22,41.812221865911795
2017-05-23,41.89577852194931
2017-05-24,52.08761117714446
2017-05-25,34.21974765664681
2017-05-26,31.729864152624156
2017-05-27,42.91160682397045
2017-05-28,28.031206704712684
2017-05-29,28.153369450193384
2017-05-30,25.364997333472925
2017-05-31,35.895782498025106
2017-06-01,34.450964957830244
2017-06-02,41.11313425932045
2017-06-03,59.53165706333242
2017-06-04,189.07633578887078
2017-06-05,339.29967681573237
2017-06-06,607.9960920902259
2017-06-07,1317.1307207461691
2017-06-08,1838.750835219408
2017-06-09,2454.3496512345223
2017-06-10,3704.137242475159
2017-06-11,6214.630032377714
2017-06-12,6994.3757394905615
2017-06-13,7499.038650043647
2017-06-14,7958.649233184047
2017-06-15,8248.864265059261
2017-06-16,8489.509159053532
2017-06-17,8687.875553222622
2017-06-18,8675.570616706342
2017-06-19,8538.376922917434
2017-06-20,8117.783671935745
2017-06-21,7640.0120431332025
2017-06-22,7147.373042223033
2017-06-23,6673.996460010929
2017-06-24,6124.040550299777
2017-06-25,5576.927712616086
2017-06-26,5235.406422287893
2017-06-27,4744.534804544629
2017-06-28,3253.3507892531143
2017-06-29,2982.4703521789224
2017-06-30,2848.164535032245
2017-07-01,2729.9149602072484
2017-07-02,2643.2162442233525
2017-07-03,2496.9772682216317
2017-07-04,2367.5590275703494
2017-07-05,2338.833274609197
2017-07-06,2320.159347925835
2017-07-07,2258.440130431138
2017-07-08,2212.8925658431913
2017-07-09,2242.9608598559453
2017-07-10,2204.7770494811302
2017-07-11,2102.6347644047655
2017-07-12,2163.0303264559884
2017-07-13,2511.453876213672
2017-07-14,2867.9950915652157
2017-07-15,2817.105718485688
2017-07-16,2741.5223771551177
2017-07-17,2707.3250655977777
2017-07-18,2641.465317886656
2017-07-19,2574.498008140923
2017-07-20,2404.1301289856806
2017-07-21,2275.5896793882
2017-07-22,2145.558985788603
2017-07-23,2125.6207262488792
2017-07-24,2253.7871387528285
2017-07-25,2295.67540291355
2017-07-26,2252.9634178449596
2017-07-27,2183.326412387907
2017-07-28,2098.817703866614
2017-07-29,2050.3260976065803
2017-07-30,2037.3565847006723
2017-07-31,2075.723590630044
2017-08-01,2053.8170722133164
2017-08-02,1938.7499024677493
2017-08-03,1824.1557735198467
2017-08-04,1244.360178914322
2017-08-05,1190.6194558870225
2017-08-06,1126.973971126327
2017-08-07,858.4257792502757
2017-08-08,825.1139619771307
2017-08-09,797.739809212355
2017-08-10,660.1670299193636
2017-08-11,618.2362583764609
2017-08-12,570.7296283847501
2017-08-13,557.9432291172329
2017-08-14,543.2440689475274
2017-08-15,476.8981223717976
2017-08-16,333.7436001439667
2017-08-17,311.4008846506755
2017-08-18,308.25813434116225
2017-08-19,320.1999366307491
2017-08-20,323.1494120435053
2017-08-21,321.7106393554338
2017-08-22,312.98416332558105
2017-08-23,297.62854924605205
2017-08-24,273.6860909515406
2017-08-25,253.1526531050172
2017-08-26,234.45968187570384
2017-08-27,204.00351242725236
2017-08-28,188.9747621737037
2017-08-29,183.6827763585874
2017-08-30,185.95749099913382
2017-08-31,203.37202728078648
2017-09-01,237.10437393443303
2017-09-02,269.8226390316569
2017-09-03,274.47117901543123
2017-09-04,283.692430339382
2017-09-05,339.7900851808235
2017-09-06,491.43960244234376
2017-09-07,607.2632050981426
2017-09-08,595.5757029680806
2017-09-09,518.1925758869953
2017-09-10,499.51403071542944
2017-09-11,508.66635611868026
2017-09-12,488.6973680385205
2017-09-13,462.0062296148127
2017-09-14,430.80509504635165
2017-09-15,411.13067489017857
2017-09-16,375.7346220693
2017-09-17,335.84710824014275
2017-09-18,303.0270885727426
2017-09-19,283.4103237560476
2017-09-20,263.42132496530957
2017-09-21,246.84084645497458
2017-09-22,250.17682040800292
2017-09-23,266.1022728380124
2017-09-24,301.25807144517427
2017-09-25,337.4625848678018
2017-09-26,333.8615514464311
2017-09-27,334.4000671119957
2017-09-28,327.22700087773376
2017-09-29,314.0150141505329
2017-09-30,336.0935458247182
2017-10-01,458.921875
2017-10-02,529.140625
2017-10-03,588.0234375
2017-10-04,578.7421875
2017-10-05,542.671875
2017-10-06,502.1484375
2017-10-07,458.9609375
2017-10-08,417.5703125
2017-10-09,380.3359375
2017-10-10,346.9765625
2017-10-11,316.4375
2017-10-12,287.984375
2017-10-13,261.703125
2017-10-14,237.6171875
2017-10-15,215.34375
2017-10-16,194.640625
2017-10-17,175.6015625
2017-10-18,158.1484375
2017-10-19,141.96875
2017-10-20,126.9375
2017-10-21,112.8828125
2017-10-22,99.9296875
2017-10-23,88.0859375
2017-10-24,77.203125
2017-10-25,67.1875
2017-10-26,57.9453125
2017-10-27,49.5
2017-10-28,41.8203125
2017-10-29,34.90625
2017-10-30,28.703125
2017-10-31,23.25
2017-11-01,19.625
2017-11-02,17.0078125
2017-11-03,14.78125
2017-11-04,12.4375
2017-11-05,10.2265625
2017-11-06,9.4453125
2017-11-07,9.7265625
2017-11-08,10.40625
2017-11-09,10.5078125
2017-11-10,9.515625
2017-11-11,8.328125
2017-11-12,7.296875
2017-11-13,6.390625
2017-11-14,5.609375
2017-11-15,4.953125
2017-11-16,4.4140625
2017-11-17,3.96875
2017-11-18,3.5703125
2017-11-19,3.171875
2017-11-20,2.765625
2017-11-21,2.3828125
2017-11-22,2.046875
2017-11-23,1.7734375
2017-11-24,1.515625
2017-11-25,1.296875
2017-11-26,1.125
2017-11-27,0.953125
2017-11-28,0.8125
2017-11-29,0.703125
2017-11-30,0.59375
2017-12-01,0.484375
2017-12-02,0.40625
2017-12-03,0.328125
2017-12-04,0.265625
2017-12-05,0.21875
2017-12-06,0.1875
2017-12-07,0.15625
2017-12-08,0.125
2017-12-09,0.09375
2017-12-10,0.078125
2017-12-11,0.06249999999999999
2017-12-12,0.06249999999999999
2017-12-13,0.046875
2017-12-14,0.046875
2017-12-15,0.03125
2017-12-16,0.03125
2017-12-17,0.015625
2017-12-18,0.015625
2017-12-19,0.015625
2017-12-20,0.015625
2017-12-21,0.0
2017-12-22,0.0
2017-12-23,0.0
2017-12-24,0.0
2017-12-25,0.0
2017-12-26,0.0
2017-12-27,0.0
2017-12-28,0.0
2017-12-29,0.0
2017-12-30,0.0
2017-12-31,0.0
2018-01-01,0.0
2018-01-02,0.0
2018-01-03,0.0
2018-01-04,0.0
2018-01-05,0.0
2018-01-06,0.0
2018-01-07,0.0
2018-01-08,0.0
2018-01-09,0.0
2018-01-10,0.0
2018-01-11,0.0
2018-01-12,0.0
2018-01-13,0.0
2018-01-14,0.0
2018-01-15,0.0
2018-01-16,0.0
2018-01-17,0.0
2018-01-18,0.0
2018-01-19,0.0
2018-01-20,0.0
2018-01-21,0.0
2018-01-22,0.0
2018-01-23,0.0
2018-01-24,0.0
2018-01-25,0.0
2018-01-26,0.0
2018-01-27,0.0
2018-01-28,0.0
2018-01-29,0.0
2018-01-30,0.0
2018-01-31,0.0
2018-02-01,0.0
2018-02-02,0.0
2018-02-03,0.0
2018-02-04,0.0
2018-02-05,0.0
2018-02-06,0.0
2018-02-07,0.0
2018-02-08,0.0
2018-02-09,0.0
2018-02-10,0.0
2018-02-11,0.0
2018-02-12,0.0
2018-02-13,0.0
2018-02-14,0.0
2018-02-15,0.0
2018-02-16,0.0
2018-02-17,0.0
2018-02-18,0.0
2018-02-19,0.0
2018-02-20,0.0
2018-02-21,0.0
2018-02-22,0.0
2018-02-23,0.0
2018-02-24,0.0
2018-02-25,0.0
2018-02-26,0.0
2018-02-27,0.0
2018-02-28,0.0
2018-03-01,0.0
2018-03-02,0.0
2018-03-03,0.0
2018-03-04,0.0
2018-03-05,0.0
2018-03-06,0.0
2018-03-07,0.0
2018-03-08,0.0
2018-03-09,0.0
2018-03-10,0.0
2018-03-11,0.0
2018-03-12,0.0
2018-03-13,0.0
2018-03-14,0.0
2018-03-15,0.0
2018-03-16,0.0
2018-03-17,0.0
2018-03-18,0.0
2018-03-19,0.0
2018-03-20,0.0
2018-03-21,0.0
2018-03-22,0.0
2018-03-23,0.0
2018-03-24,0.0
2018-03-25,0.0
2018-03-26,0.0
2018-03-27,0.0
2018-03-28,0.0
2018-03-29,0.0
2018-03-30,0.0
2018-03-31,0.0
2018-04-01,0.0
2018-04-02,0.0
2018-04-03,0.0
2018-04-04,0.0
2018-04-05,0.0
2018-04-06,0.0
2018-04-07,0.0
2018-04-08,0.0
2018-04-09,0.0
2018-04-10,0.0
2018-04-11,0.0
2018-04-12,0.0
2018-04-13,0.0
2018-04-14,0.0
2018-04-15,0.0
2018-04-16,0.0
2018-04-17,0.0
2018-04-18,0.0
2018-04-19,0.0
2018-04-20,0.0
2018-04-21,0.0
2018-04-22,0.0
2018-04-23,0.0
2018-04-24,0.0
2018-04-25,0.0
2018-04-26,0.0
2018-04-27,0.0
2018-04-28,0.0
2018-04-29,0.0
2018-04-30,0.0
2018-05-01,2.915
2018-05-02,2.6754999999999995
2018-05-03,2.6809999999999996
2018-05-04,2.6864999999999997
2018-05-05,2.6920000000000006
2018-05-06,2.6975
2018-05-07,2.703
2018-05-08,2.7085000000000004
2018-05-09,2.7140000000000004
2018-05-10,2.7195
2018-05-11,2.725
2018-05-12,2.7304999999999993
2018-05-13,2.7359999999999998
2018-05-14,2.7415000000000003
2018-05-15,2.7470000000000003
2018-05-16,2.7524999999999995
2018-05-17,2.8475000000000006
2018-05-18,3.0709999999999997
2018-05-19,3.147
2018-05-20,11.980193905817185
2018-05-21,41.70229001817011
2018-05-22,38.61717727386908
2018-05-23,35.28089519353699
2018-05-24,31.41484924869483
2018-05-25,24.815380708316006
2018-05-26,29.18756959394254
2018-05-27,46.84555174939844
2018-05-28,34.44033595348336
2018-05-29,35.52732410589702
2018-05-30,31.097896388246337
2018-05-31,41.854660756604936
2018-06-01,38.24132412503894
2018-06-02,41.81796595609712
2018-06-03,50.03670462540798
2018-06-04,75.90769690681145
2018-06-05,99.11756608850308
2018-06-06,132.3583125958097
2018-06-07,197.9731268248274
2018-06-08,348.5077333970623
2018-06-09,519.8430797321491
2018-06-10,678.0239478959662
2018-06-11,1186.470128226785
2018-06-12,1817.132536080143
2018-06-13,3469.865218217303
2018-06-14,7289.092094250201
2018-06-15,9621.202734331322
2018-06-16,10805.406386684097
2018-06-17,11097.344386009974
2018-06-18,10830.55713604705
2018-06-19,10242.66982462614
2018-06-20,9556.290260556645
2018-06-21,9008.598615259358
2018-06-22,8376.110631915131
2018-06-23,7756.50233147421
2018-06-24,7114.2638441955605
2018-06-25,6559.91995385591
2018-06-26,6113.114686753111
2018-06-27,5564.663223915206
2018-06-28,5225.007439350827
2018-06-29,4899.2267564128215
2018-06-30,4496.960744205755
2018-07-01,4196.438110324894
2018-07-02,3601.008197110331
2018-07-03,3190.4485806022262
2018-07-04,2981.207038347608
2018-07-05,2520.2228445966443
2018-07-06,2395.6600741645166
2018-07-07,2268.0177996305915
2018-07-08,2142.2233307248307
2018-07-09,1995.3105647641596
2018-07-10,1894.3753907148105
2018-07-11,1734.9947775945727
2018-07-12,1637.0259204679394
2018-07-13,1538.6917156603479
2018-07-14,1207.3520452843125
2018-07-15,1139.2446105816146
2018-07-16,1113.3817648480729
2018-07-17,1092.6128043561646
2018-07-18,1098.3804530209588
2018-07-19,1500.8843978175432
2018-07-20,2036.7323391631207
2018-07-21,2297.1048869819474
2018-07-22,2264.7903064006014
2018-07-23,2140.5734317416927
2018-07-24,2022.6230670681173
2018-07-25,1893.0563481060594
2018-07-26,1832.2861004571594
2018-07-27,2070.046941004706
2018-07-28,2408.1809097399673
2018-07-29,2537.8941610866104
2018-07-30,2499.5455852819523
2018-07-31,2409.8654287861254
2018-08-01,2305.603928746618
2018-08-02,2180.9819239047833
2018-08-03,2036.8060150788524
2018-08-04,1921.8424785703467
2018-08-05,1842.3277445464475
2018-08-06,1241.932733077563
2018-08-07,1178.9893849717935
2018-08-08,1098.5767802952823
2018-08-09,819.9916576144389
2018-08-10,768.9424588946372
2018-08-11,631.2574135641495
2018-08-12,561.4960739777015
2018-08-13,532.6068144730849
2018-08-14,484.92311368065316
2018-08-15,390.2387872858403
2018-08-16,316.5025273279214
2018-08-17,273.2836135596619
2018-08-18,248.5326555408349
2018-08-19,205.71449405695827
2018-08-20,260.15327584670723
2018-08-21,547.7837439026736
2018-08-22,939.7499054306187
2018-08-23,1546.2524589047373
2018-08-24,1080.6831324899542
2018-08-25,1025.5967710479172
2018-08-26,985.2762110692161
2018-08-27,976.7086075130874
2018-08-28,970.6746323129925
2018-08-29,951.3303727056607
2018-08-30,933.7636548295446
2018-08-31,725.8237635864443
2018-09-01,594.6226807662915
2018-09-02,500.3545695035503
2018-09-03,410.05428360108965
2018-09-04,369.40348963664707
2018-09-05,354.94269138780777
2018-09-06,332.6911251006041
2018-09-07,313.4678380909021
2018-09-08,292.270979585737
2018-09-09,268.64149860454967
2018-09-10,250.04884326204797
2018-09-11,237.46137244172792
2018-09-12,261.98933824864224
2018-09-13,295.4910973289273
2018-09-14,336.60165638613114
2018-09-15,539.8976979107637
2018-09-16,1339.2273263260627
2018-09-17,1548.3245511319521
2018-09-18,1475.1893398965262
2018-09-19,1348.2930199064301
2018-09-20,1318.0254109529335
2018-09-21,1306.5871594140692
2018-09-22,1252.2010857883008
2018-09-23,1085.6308536397746
2018-09-24,951.3710844880617
2018-09-25,853.3476749915178
2018-09-26,805.9532487448912
2018-09-27,813.0859372582876
2018-09-28,868.5444553543001
2018-09-29,1017.5402039212164
2018-09-30,1097.4824816172168
2018-10-01,1636.1328125
2018-10-02,1872.4453125
2018-10-03,1871.421875
2018-10-04,1813.40625
2018-10-05,1786.65625
2018-10-06,1727.0234375
2018-10-07,1640.6640625
2018-10-08,1546.3203125
2018-10-09,1443.0234375
2018-10-10,1342.453125
2018-10-11,1243.0078125
2018-10-12,1145.4609375
2018-10-13,1053.359375
2018-10-14,968.125
2018-10-15,886.21875
2018-10-16,807.375
2018-10-17,742.21875
2018-10-18,694.0078125
2018-10-19,646.4140625
2018-10-20,587.9140625
2018-10-21,529.578125
2018-10-22,480.4609375
2018-10-23,439.046875
2018-10-24,401.2890625
2018-10-25,366.625
2018-10-26,334.640625
2018-10-27,304.8671875
2018-10-28,277.375
2018-10-29,252.0703125
2018-10-30,228.6484375
2018-10-31,206.875
2018-11-01,186.75
2018-11-02,168.15625
2018-11-03,150.96875
2018-11-04,135.1328125
2018-11-05,120.4765625
2018-11-06,107.0234375
2018-11-07,94.6953125
2018-11-08,83.296875
2018-11-09,72.7890625
2018-11-10,63.203125
2018-11-11,54.4765625
2018-11-12,46.46875
2018-11-13,39.15625
2018-11-14,32.5625
2018-11-15,26.65625
2018-11-16,21.4453125
2018-11-17,16.96875
2018-11-18,13.2265625
2018-11-19,10.1953125
2018-11-20,7.8125
2018-11-21,5.9765625
2018-11-22,4.609375
2018-11-23,3.609375
2018-11-24,2.859375
2018-11-25,2.3125
2018-11-26,1.90625
2018-11-27,1.578125
2018-11-28,1.328125
2018-11-29,1.125
2018-11-30,0.96875
2018-12-01,0.8125
2018-12-02,0.6875
2018-12-03,0.609375
2018-12-04,0.53125
2018-12-05,0.46875
2018-12-06,0.421875
2018-12-07,0.375
2018-12-08,0.328125
2018-12-09,0.296875
2018-12-10,0.265625
2018-12-11,0.234375
2018-12-12,0.203125
2018-12-13,0.1875
2018-12-14,0.171875
2018-12-15,0.15625
2018-12-16,0.140625
2018-12-17,0.125
2018-12-18,0.109375
2018-12-19,0.109375
2018-12-20,0.09375
2018-12-21,0.078125
2018-12-22,0.078125
2018-12-23,0.06249999999999999
2018-12-24,0.06249999999999999
2018-12-25,0.046875
2018-12-26,0.046875
2018-12-27,0.046875
2018-12-28,0.03125
2018-12-29,0.03125
2018-12-30,0.03125
2018-12-31,0.03125
2019-01-01,0.03125
2019-01-02,0.03125
2019-01-03,0.03125
2019-01-04,0.03125
2019-01-05,0.0
2019-01-06,0.0
2019-01-07,0.0
2019-01-08,0.0
2019-01-09,0.0
2019-01-10,0.0
2019-01-11,0.0
2019-01-12,0.0
2019-01-13,0.0
2019-01-14,0.0
2019-01-15,0.0
2019-01-16,0.0
2019-01-17,0.0
2019-01-18,0.0
2019-01-19,0.0
2019-01-20,0.0
2019-01-21,0.0
2019-01-22,0.0
2019-01-23,0.0
2019-01-24,0.0
2019-01-25,0.0
2019-01-26,0.0
2019-01-27,0.0
2019-01-28,0.0
2019-01-29,0.0
2019-01-30,0.0
2019-01-31,0.0
2019-02-01,0.0
2019-02-02,0.0
2019-02-03,0.0
2019-02-04,0.0
2019-02-05,0.0
2019-02-06,0.0
2019-02-07,0.0
2019-02-08,0.0
2019-02-09,0.0
2019-02-10,0.0
2019-02-11,0.0
2019-02-12,0.0
2019-02-13,0.0
2019-02-14,0.0
2019-02-15,0.0
2019-02-16,0.0
2019-02-17,0.0
2019-02-18,0.0
2019-02-19,0.0
2019-02-20,0.0
2019-02-21,0.0
2019-02-22,0.0
2019-02-23,0.0
2019-02-24,0.0
2019-02-25,0.0
2019-02-26,0.0
2019-02-27,0.0
2019-02-28,0.0
2019-03-01,0.0
2019-03-02,0.0
2019-03-03,0.0
2019-03-04,0.0
2019-03-05,0.0
2019-03-06,0.0
2019-03-07,0.0
2019-03-08,0.0
2019-03-09,0.0
2019-03-10,0.0
2019-03-11,0.0
2019-03-12,0.0
2019-03-13,0.0
2019-03-14,0.0
2019-03-15,0.0
2019-03-16,0.0
2019-03-17,0.0
2019-03-18,0.0
2019-03-19,0.0
2019-03-20,0.0
2019-03-21,0.0
2019-03-22,0.0
2019-03-23,0.0
2019-03-24,0.0
2019-03-25,0.0
2019-03-26,0.0
2019-03-27,0.0
2019-03-28,0.0
2019-03-29,0.0
2019-03-30,0.0
2019-03-31,0.0
2019-04-01,0.0
2019-04-02,0.0
2019-04-03,0.0
2019-04-04,0.0
2019-04-05,0.0
2019-04-06,0.0
2019-04-07,0.0
2019-04-08,0.0
2019-04-09,0.0
2019-04-10,0.0
2019-04-11,0.0
2019-04-12,0.0
2019-04-13,0.0
2019-04-14,0.0
2019-04-15,0.0
2019-04-16,0.0
2019-04-17,0.0
2019-04-18,0.0
2019-04-19,0.0
2019-04-20,0.0
2019-04-21,0.0
2019-04-22,0.0
2019-04-23,0.0
2019-04-24,0.0
2019-04-25,0.0
2019-04-26,0.0
2019-04-27,0.0
2019-04-28,0.0
2019-04-29,0.0
2019-04-30,0.0
2019-05-01,112.87375
2019-05-02,58.64275862068966
2019-05-03,192.73333333333332
2019-05-04,45.94450260177536
2019-05-05,95.95506188118807
2019-05-06,108.83688118811878
2019-05-07,109.18991336633663
2019-05-08,104.95352722772277
2019-05-09,96.45510328068055
2019-05-10,81.46684078562477
2019-05-11,81.5504229381766
2019-05-12,58.67546731785646
2019-05-13,163.6105398717805
2019-05-14,63.1895579509554
2019-05-15,217.22028793690245
2019-05-16,92.93569385511844
2019-05-17,53.084765538634706
2019-05-18,32.881435069669735
2019-05-19,77.82290814006367
2019-05-20,53.51714752489314
2019-05-21,33.39867841669369
2019-05-22,34.596957526566634
2019-05-23,54.8288751007107
2019-05-24,109.16011239778757
2019-05-25,220.92299058548755
2019-05-26,1014.6701003892007
2019-05-27,1504.173788323531
2019-05-28,2309.3618592035928
2019-05-29,2927.784072188109
2019-05-30,2988.8239307614726
2019-05-31,3407.777056924713
2019-06-01,4760.4739733893375
2019-06-02,6206.140519200869
2019-06-03,6549.77877163385
2019-06-04,6482.877849548083
2019-06-05,6220.166875940439
2019-06-06,5341.335441215789
2019-06-07,5188.52609757828
2019-06-08,5043.738212303305
2019-06-09,4796.566770108256
2019-06-10,3731.592609901643
2019-06-11,3506.6617148522955
2019-06-12,3044.936336354531
2019-06-13,2803.6033065222546
2019-06-14,2457.2876344231286
2019-06-15,2183.3363814614386
2019-06-16,2020.2185715732194
2019-06-17,1787.535827430299
2019-06-18,1601.2127482851163
2019-06-19,1324.789903350758
2019-06-20,1178.667093331128
2019-06-21,774.1276753858216
2019-06-22,694.1517371838859
2019-06-23,490.85602818970665
2019-06-24,452.15308200363563
2019-06-25,415.71290017335764
2019-06-26,377.5769345819371
2019-06-27,343.5799750528736
2019-06-28,327.0901751017463
2019-06-29,324.5777814854936
2019-06-30,311.7873899634686
2019-07-01,298.41679190387714
2019-07-02,291.21600486432374
2019-07-03,275.8740705395911
2019-07-04,260.00015807744387
2019-07-05,250.9999012324673
2019-07-06,240.49563694874635
2019-07-07,220.98414184327476
2019-07-08,199.24828817387564
2019-07-09,186.9185735602533
2019-07-10,178.35181965985302
2019-07-11,168.93512544802866
2019-07-12,152.53572458263045
2019-07-13,141.2183740151931
2019-07-14,132.9705157247641
2019-07-15,134.83593394445788
2019-07-16,148.9432036389032
2019-07-17,168.7519259258576
2019-07-18,174.14922242713413
2019-07-19,179.6466020352866
2019-07-20,238.99217351429104
2019-07-21,376.11215273075163
2019-07-22,662.1979090265999
2019-07-23,1344.602131830663
2019-07-24,1364.2739007940925
2019-07-25,1008.1136710998788
2019-07-26,920.1093414092976
2019-07-27,783.0533311291861
2019-07-28,748.5394530158909
2019-07-29,730.8604523095787
2019-07-30,741.4210980966246
2019-07-31,703.249245511254
2019-08-01,596.379162864582
2019-08-02,560.8871761990413
2019-08-03,506.57294445952067
2019-08-04,486.70461805226364
2019-08-05,466.4003924921002
2019-08-06,430.42518189095836
2019-08-07,426.18774395008677
2019-08-08,408.24049143073336
2019-08-09,399.03424335684593
2019-08-10,331.16733669348594
2019-08-11,312.0313469756642
2019-08-12,275.6812551721874
2019-08-13,315.2428246088359
2019-08-14,399.64926122629333
2019-08-15,494.65247304831126
2019-08-16,477.40251681815596
2019-08-17,383.8354269167363
2019-08-18,320.56491595264566
2019-08-19,329.6803272824261
2019-08-20,393.9448790453197
2019-08-21,375.3140694888788
2019-08-22,306.26615688833766
2019-08-23,277.35309858582576
2019-08-24,261.1640198491528
2019-08-25,239.94243877777646
2019-08-26,212.45919384845695
2019-08-27,195.33553381898258
2019-08-28,192.259534737414
2019-08-29,245.33120140728843
2019-08-30,296.40787607532496
2019-08-31,350.7529259953026
2019-09-01,496.0531556066746
2019-09-02,595.0822826660716
2019-09-03,602.2296036160084
2019-09-04,500.54731913627546
2019-09-05,421.9716062921386
2019-09-06,400.9199908441365
2019-09-07,382.5778107118251
2019-09-08,351.38829433344074
2019-09-09,342.5094363607988
2019-09-10,331.2236164220028
2019-09-11,343.344289808562
2019-09-12,365.3573166281588
2019-09-13,387.39583987095733
2019-09-14,374.2781024085872
2019-09-15,353.83401940683
2019-09-16,300.8954720646779
2019-09-17,293.17090808858046
2019-09-18,296.1493642470863
2019-09-19,293.6349523083048
2019-09-20,276.17081888418494
2019-09-21,256.9994246365291
2019-09-22,242.63790026156553
2019-09-23,214.9964706678199
2019-09-24,202.95892382193213
2019-09-25,193.07557847701054
2019-09-26,172.52475615708656
2019-09-27,168.9943994303508
2019-09-28,162.4610103855524
2019-09-29,156.8121632449384
2019-09-30,143.21560495938434
2019-10-01,144.9921875
2019-10-02,135.1328125
2019-10-03,121.953125
2019-10-04,108.6796875
2019-10-05,96.0625
2019-10-06,84.453125
2019-10-07,73.640625
2019-10-08,63.703125
2019-10-09,54.9375
2019-10-10,47.171875
2019-10-11,40.1953125
2019-10-12,33.890625
2019-10-13,28.28125
2019-10-14,23.5
2019-10-15,19.34375
2019-10-16,15.6484375
2019-10-17,12.609375
2019-10-18,10.1796875
2019-10-19,8.2265625
2019-10-20,6.6875
2019-10-21,5.4375
2019-10-22,4.4140625
2019-10-23,3.578125
2019-10-24,2.890625
2019-10-25,2.3203125
2019-10-26,1.859375
2019-10-27,1.4921875
2019-10-28,1.2109375
2019-10-29,0.9921875
2019-10-30,0.8125
2019-10-31,0.671875
2019-11-01,0.5546875
2019-11-02,0.46875
2019-11-03,0.390625
2019-11-04,0.328125
2019-11-05,0.28125
2019-11-06,0.234375
2019-11-07,0.203125
2019-11-08,0.171875
2019-11-09,0.1484375
2019-11-10,0.125
2019-11-11,0.1015625
2019-11-12,0.078125
2019-11-13,0.06249999999999999
2019-11-14,0.05468749999999999
2019-11-15,0.0390625
2019-11-16,0.03125
2019-11-17,0.03125
2019-11-18,0.0234375
2019-11-19,0.015625
2019-11-20,0.015625
2019-11-21,0.015625
2019-11-22,0.015625
2019-11-23,0.015625
2019-11-24,0.015625
2019-11-25,0.0
2019-11-26,0.0
2019-11-27,0.0
2019-11-28,0.0
2019-11-29,0.0
2019-11-30,0.0
2019-12-01,0.0
2019-12-02,0.0
2019-12-03,0.0
2019-12-04,0.0
2019-12-05,0.0
2019-12-06,0.0
2019-12-07,0.0
2019-12-08,0.0
2019-12-09,0.0
2019-12-10,0.0
2019-12-11,0.0
2019-12-12,0.0
2019-12-13,0.0
2019-12-14,0.0
2019-12-15,0.0
2019-12-16,0.0
2019-12-17,0.0
2019-12-18,0.0
2019-12-19,0.0
2019-12-20,0.0
2019-12-21,0.0
2019-12-22,0.0
2019-12-23,0.0
2019-12-24,0.0
2019-12-25,0.0
2019-12-26,0.0
2019-12-27,0.0
2019-12-28,0.0
2019-12-29,0.0
2019-12-30,0.0
2019-12-31,0.0
2020-01-01,0.0
2020-01-02,0.0
2020-01-03,0.0
2020-01-04,0.0
2020-01-05,0.0
2020-01-06,0.0
2020-01-07,0.0
2020-01-08,0.0
2020-01-09,0.0
2020-01-10,0.0
2020-01-11,0.0
2020-01-12,0.0
2020-01-13,0.0
2020-01-14,0.0
2020-01-15,0.0
2020-01-16,0.0
2020-01-17,0.0
2020-01-18,0.0
2020-01-19,0.0
2020-01-20,0.0
2020-01-21,0.0
2020-01-22,0.0
2020-01-23,0.0
2020-01-24,0.0
2020-01-25,0.0
2020-01-26,0.0
2020-01-27,0.0
2020-01-28,0.0
2020-01-29,0.0
2020-01-30,0.0
2020-01-31,0.0
2020-02-01,0.0
2020-02-02,0.0
2020-02-03,0.0
2020-02-04,0.0
2020-02-05,0.0
2020-02-06,0.0
2020-02-07,0.0
2020-02-08,0.0
2020-02-09,0.0
2020-02-10,0.0
2020-02-11,0.0
2020-02-12,0.0
2020-02-13,0.0
2020-02-14,0.0
2020-02-15,0.0
2020-02-16,0.0
2020-02-17,0.0
2020-02-18,0.0
2020-02-19,0.0
2020-02-20,0.0
2020-02-21,0.0
2020-02-22,0.0
2020-02-23,0.0
2020-02-24,0.0
2020-02-25,0.0
2020-02-26,0.0
2020-02-27,0.0
2020-02-28,0.0
2020-02-29,0.0
2020-03-01,0.0
2020-03-02,0.0
2020-03-03,0.0
2020-03-04,0.0
2020-03-05,0.0
2020-03-06,0.0
2020-03-07,0.0
2020-03-08,0.0
2020-03-09,0.0
2020-03-10,0.0
2020-03-11,0.0
2020-03-12,0.0
2020-03-13,0.0
2020-03-14,0.0
2020-03-15,0.0
2020-03-16,0.0
2020-03-17,0.0
2020-03-18,0.0
2020-03-19,0.0
2020-03-20,0.0
2020-03-21,0.0
2020-03-22,0.0
2020-03-23,0.0
2020-03-24,0.0
2020-03-25,0.0
2020-03-26,0.0
2020-03-27,0.0
2020-03-28,0.0
2020-03-29,0.0
2020-03-30,0.0
2020-03-31,0.0
2020-04-01,0.0
2020-04-02,0.0
2020-04-03,0.0
2020-04-04,0.0
2020-04-05,0.0
2020-04-06,0.0
2020-04-07,0.0
2020-04-08,0.0
2020-04-09,0.0
2020-04-10,0.0
2020-04-11,0.0
2020-04-12,0.0
2020-04-13,0.0
2020-04-14,0.0
2020-04-15,0.0
2020-04-16,0.0
2020-04-17,0.0
2020-04-18,0.0
2020-04-19,0.0
2020-04-20,0.0
2020-04-21,0.0
2020-04-22,0.0
2020-04-23,0.0
2020-04-24,0.0
2020-04-25,0.0
2020-04-26,0.0
2020-04-27,0.0
2020-04-28,0.0
2020-04-29,0.0
2020-04-30,0.0
2020-05-01,2.6755
2020-05-02,2.6809999999999996
2020-05-03,2.6865
2020-05-04,2.6920000000000006
2020-05-05,2.6975
2020-05-06,2.703
2020-05-07,2.7085000000000004
2020-05-08,2.714000000000001
2020-05-09,416.3818181818181
2020-05-10,79.69675737956769
2020-05-11,138.72873087200247
2020-05-12,161.2156373429085
2020-05-13,143.6960964148441
2020-05-14,82.95905915616375
2020-05-15,68.75121984685289
2020-05-16,72.29998612163003
2020-05-17,94.7303188476068
2020-05-18,100.6747563663969
2020-05-19,126.33510703332716
2020-05-20,103.14128202434328
2020-05-21,101.73385843109872
2020-05-22,108.46655772181157
2020-05-23,84.51631966592402
2020-05-24,81.91285169961378
2020-05-25,83.54101173840132
2020-05-26,67.48073668868656
2020-05-27,75.43223615528603
2020-05-28,90.42617745510422
2020-05-29,126.66995341372017
2020-05-30,198.7986561818159
2020-05-31,778.9188299427619
2020-06-01,1069.030897788623
2020-06-02,1469.4484694741072
2020-06-03,2047.6084278091412
2020-06-04,2513.828051845023
2020-06-05,3087.328742768143
2020-06-06,3611.328882656457
2020-06-07,5099.120913555307
2020-06-08,6221.019761297483
2020-06-09,6564.449453965475
2020-06-10,6657.573398155566
2020-06-11,6507.530020286535
2020-06-12,6205.959940801049
2020-06-13,5860.164682491255
2020-06-14,4969.77520207263
2020-06-15,4735.714409098894
2020-06-16,4531.91654172703
2020-06-17,3452.2476545713216
2020-06-18,3131.8438545983763
2020-06-19,2714.839419484849
2020-06-20,2484.582777389459
2020-06-21,2202.746711510896
2020-06-22,2047.9736205957938
2020-06-23,1765.199842458535
2020-06-24,1594.0325512546992
2020-06-25,1424.6366083506637
2020-06-26,1321.0994580866018
2020-06-27,1072.8932598705871
2020-06-28,1019.2209739112208
2020-06-29,911.2067178453551
2020-06-30,833.2354543312688
2020-07-01,771.9852434915917
2020-07-02,612.5959561699348
2020-07-03,706.3900560197239
2020-07-04,861.8265191467134
2020-07-05,1024.4545207296253
2020-07-06,1179.3359118382605
2020-07-07,1207.2297049704619
2020-07-08,1136.9389663894635
2020-07-09,1075.8887393287748
2020-07-10,879.9788979474724
2020-07-11,807.4134415276532
2020-07-12,794.0535323357668
2020-07-13,965.085025882247
2020-07-14,1200.5791541599344
2020-07-15,1539.4215206314307
2020-07-16,1617.4367489682234
2020-07-17,1887.1562243715184
2020-07-18,1895.0980073337687
2020-07-19,1933.4166221747303
2020-07-20,1984.697864545409
2020-07-21,1891.0316579228318
2020-07-22,1456.4375917478674
2020-07-23,1364.489347256976
2020-07-24,975.1425124513296
2020-07-25,779.0874100079259
2020-07-26,631.345966010535
2020-07-27,554.7573297196423
2020-07-28,527.9855621684515
2020-07-29,535.5731580390451
2020-07-30,733.671855152116
2020-07-31,1262.1502274398226
2020-08-01,1224.1198138355044
2020-08-02,1131.2351274250987
2020-08-03,878.9739199451972
2020-08-04,857.2593945509137
2020-08-05,809.7950666096988
2020-08-06,769.7227812186803
2020-08-07,650.4734518698692
2020-08-08,653.8542513021217
2020-08-09,647.2039609326736
2020-08-10,629.922490617019
2020-08-11,579.8862365050732
2020-08-12,562.3031389243032
2020-08-13,563.1841021783132
2020-08-14,542.3718828839988
2020-08-15,476.18630531528646
2020-08-16,388.6520261797265
2020-08-17,328.72608420755284
2020-08-18,327.5353684303196
2020-08-19,315.9410551984091
2020-08-20,313.3491480844511
2020-08-21,370.826597848664
2020-08-22,450.0315054955177
2020-08-23,621.233176341047
2020-08-24,911.1987500569558
2020-08-25,982.5872087108803
2020-08-26,980.8532720513996
2020-08-27,944.3591770560324
2020-08-28,915.8885731288938
2020-08-29,746.2049710460666
2020-08-30,726.1592484843337
2020-08-31,705.9570954949554
2020-09-01,604.0401272441112
2020-09-02,586.8131793507146
2020-09-03,596.8506368268659
2020-09-04,614.048575684347
2020-09-05,592.6537865286518
2020-09-06,504.5446043019509
2020-09-07,482.99912515505633
2020-09-08,470.03467972495605
2020-09-09,436.0169356105176
2020-09-10,421.4510301768802
2020-09-11,397.71473695773193
2020-09-12,391.0716068335876
2020-09-13,384.25699518939575
2020-09-14,409.6331486673184
2020-09-15,430.33675745520287
2020-09-16,472.3024924738967
2020-09-17,469.3298319040092
2020-09-18,459.27700497605804
2020-09-19,431.78625809242243
2020-09-20,407.0623517898741
2020-09-21,381.3442574288573
2020-09-22,335.5088251928161
2020-09-23,307.0205487734942
2020-09-24,286.8217351996693
2020-09-25,260.93361215007377
2020-09-26,250.49501895345506
2020-09-27,239.0860743501641
2020-09-28,230.40204336355808
2020-09-29,210.46478309613536
2020-09-30,180.6154864174456
2020-10-01,210.859375
2020-10-02,194.6171875
2020-10-03,183.7578125
2020-10-04,170.171875
2020-10-05,154.0390625
2020-10-06,137.9609375
2020-10-07,122.9765625
2020-10-08,108.7109375
2020-10-09,95.6328125
2020-10-10,84.40625
2020-10-11,74.3984375
2020-10-12,65.03125
2020-10-13,56.203125
2020-10-14,47.8828125
2020-10-15,42.6875
2020-10-16,42.5390625
2020-10-17,47.1015625
2020-10-18,49.9453125
2020-10-19,49.2578125
2020-10-20,47.671875
2020-10-21,45.21875
2020-10-22,42.234375
2020-10-23,39.3671875
2020-10-24,36.84375
2020-10-25,34.234375
2020-10-26,31.2734375
2020-10-27,28.1328125
2020-10-28,25.109375
2020-10-29,22.3359375
2020-10-30,19.7890625
2020-10-31,17.5
2020-11-01,15.4453125
2020-11-02,13.5859375
2020-11-03,11.9140625
2020-11-04,10.390625
2020-11-05,9.0078125
2020-11-06,7.765625
2020-11-07,6.6953125
2020-11-08,5.7734375
2020-11-09,4.9609375
2020-11-10,4.2265625
2020-11-11,3.5859375
2020-11-12,3.015625
2020-11-13,2.5234375
2020-11-14,2.1171875
2020-11-15,1.7734375
2020-11-16,1.453125
2020-11-17,1.1953125
2020-11-18,0.984375
2020-11-19,0.8125
2020-11-20,0.6875
2020-11-21,0.5859375
2020-11-22,0.5
2020-11-23,0.4296875
2020-11-24,0.375
2020-11-25,0.3125
2020-11-26,0.265625
2020-11-27,0.234375
2020-11-28,0.203125
2020-11-29,0.1796875
2020-11-30,0.15625
2020-12-01,0.140625
2020-12-02,0.125
2020-12-03,0.109375
2020-12-04,0.1015625
2020-12-05,0.0859375
2020-12-06,0.0703125
2020-12-07,0.06249999999999999
2020-12-08,0.046875
2020-12-09,0.046875
2020-12-10,0.0390625
2020-12-11,0.03125
2020-12-12,0.0234375
2020-12-13,0.015625
2020-12-14,0.007812500000000002
2020-12-15,0.007812500000000002
2020-12-16,0.0
2020-12-17,0.0
2020-12-18,0.0
2020-12-19,0.0
2020-12-20,0.0
2020-12-21,0.0
2020-12-22,0.0
2020-12-23,0.0
2020-12-24,0.0
2020-12-25,0.0
2020-12-26,0.0
2020-12-27,0.0
2020-12-28,0.0
2020-12-29,0.0
2020-12-30,0.0
2020-12-31,0.0
2021-01-01,0.0
2021-01-02,0.0
2021-01-03,0.0
2021-01-04,0.0
2021-01-05,0.0
2021-01-06,0.0
2021-01-07,0.0
2021-01-08,0.0
2021-01-09,0.0
2021-01-10,0.0
2021-01-11,0.0
2021-01-12,0.0
2021-01-13,0.0
2021-01-14,0.0
2021-01-15,0.0
2021-01-16,0.0
2021-01-17,0.0
2021-01-18,0.0
2021-01-19,0.0
2021-01-20,0.0
2021-01-21,0.0
2021-01-22,0.0
2021-01-23,0.0
2021-01-24,0.0
2021-01-25,0.0
2021-01-26,0.0
2021-01-27,0.0
2021-01-28,0.0
2021-01-29,0.0
2021-01-30,0.0
2021-01-31,0.0
2021-02-01,0.0
2021-02-02,0.0
2021-02-03,0.0
2021-02-04,0.0
2021-02-05,0.0
2021-02-06,0.0
2021-02-07,0.0
2021-02-08,0.0
2021-02-09,0.0
2021-02-10,0.0
2021-02-11,0.0
2021-02-12,0.0
2021-02-13,0.0
2021-02-14,0.0
2021-02-15,0.0
2021-02-16,0.0
2021-02-17,0.0
2021-02-18,0.0
2021-02-19,0.0
2021-02-20,0.0
2021-02-21,0.0
2021-02-22,0.0
2021-02-23,0.0
2021-02-24,0.0
2021-02-25,0.0
2021-02-26,0.0
2021-02-27,0.0
2021-02-28,0.0
2021-03-01,0.0
2021-03-02,0.0
2021-03-03,0.0
2021-03-04,0.0
2021-03-05,0.0
2021-03-06,0.0
2021-03-07,0.0
2021-03-08,0.0
2021-03-09,0.0
2021-03-10,0.0
2021-03-11,0.0
2021-03-12,0.0
2021-03-13,0.0
2021-03-14,0.0
2021-03-15,0.0
2021-03-16,0.0
2021-03-17,0.0
2021-03-18,0.0
2021-03-19,0.0
2021-03-20,0.0
2021-03-21,0.0
2021-03-22,0.0
2021-03-23,0.0
2021-03-24,0.0
2021-03-25,0.0
2021-03-26,0.0
2021-03-27,0.0
2021-03-28,0.0
2021-03-29,0.0
2021-03-30,0.0
2021-03-31,0.0
2021-04-01,0.0
2021-04-02,0.0
2021-04-03,0.0
2021-04-04,0.0
2021-04-05,0.0
2021-04-06,0.0
2021-04-07,0.0
2021-04-08,0.0
2021-04-09,0.0
2021-04-10,0.0
2021-04-11,0.0
2021-04-12,0.0
2021-04-13,0.0
2021-04-14,0.0
2021-04-15,0.0
2021-04-16,0.0
2021-04-17,0.0
2021-04-18,0.0
2021-04-19,0.0
2021-04-20,0.0
2021-04-21,0.0
2021-04-22,0.0
2021-04-23,0.0
2021-04-24,0.0
2021-04-25,0.0
2021-04-26,0.0
2021-04-27,0.0
2021-04-28,0.0
2021-04-29,0.0
2021-04-30,0.0
2021-05-01,2.915
2021-05-02,2.6755
2021-05-03,2.680999999999999
2021-05-04,2.6864999999999997
2021-05-05,2.692000000000001
2021-05-06,2.6975
2021-05-07,2.7029999999999994
2021-05-08,2.7085000000000004
2021-05-09,2.7140000000000004
2021-05-10,2.7194999999999996
2021-05-11,2.725
2021-05-12,2.7304999999999997
2021-05-13,2.7359999999999993
2021-05-14,2.7414999999999994
2021-05-15,2.747
2021-05-16,64.88562499999999
2021-05-17,230.7257111597374
2021-05-18,42.84355628397168
2021-05-19,68.19456381688646
2021-05-20,49.12869943316152
2021-05-21,61.47159433411305
2021-05-22,71.6583315796202
2021-05-23,89.76149150578897
2021-05-24,84.71288778354189
2021-05-25,106.67990055095122
2021-05-26,299.85893570355887
2021-05-27,575.2219222860857
2021-05-28,1538.7926744571503
2021-05-29,1843.6875184246528
2021-05-30,2133.2446183536667
2021-05-31,2128.257056518991
2021-06-01,2390.8720715755444
2021-06-02,2663.92430272642
2021-06-03,3340.058646083011
2021-06-04,4738.853619490361
2021-06-05,5197.849774531669
2021-06-06,5475.5928875312175
2021-06-07,6421.268577734562
2021-06-08,6472.481929772812
2021-06-09,6470.33935285456
2021-06-10,6333.542078281709
2021-06-11,6106.648137251029
2021-06-12,5938.38268405192
2021-06-13,5804.648745598817
2021-06-14,5049.593546720611
2021-06-15,4837.292764649241
2021-06-16,4617.562130645294
2021-06-17,4379.430521498157
2021-06-18,3364.910820928845
2021-06-19,3169.2664110168676
2021-06-20,3003.517898689614
2021-06-21,2702.6950666337525
2021-06-22,2512.6748616772434
2021-06-23,2346.2519304573266
2021-06-24,2133.93982771974
2021-06-25,1965.10043320802
2021-06-26,1810.6959275897589
2021-06-27,1495.5729015819647
2021-06-28,1341.5447646276202
2021-06-29,1221.992109729157
2021-06-30,949.6168322226373
2021-07-01,860.485242003448
2021-07-02,784.6994956260875
2021-07-03,598.7722148271799
2021-07-04,541.7070190715639
2021-07-05,445.6174776193442
2021-07-06,410.53668307830264
2021-07-07,386.05518331261123
2021-07-08,366.91561693918317
2021-07-09,349.3202890578132
2021-07-10,340.4673288331601
2021-07-11,322.92214431156043
2021-07-12,297.45663341507367
2021-07-13,189.12448184236496
2021-07-14,175.0553889553666
2021-07-15,168.53260999947088
2021-07-16,170.72855613772217
2021-07-17,245.32412725666595
2021-07-18,263.41594906896853
2021-07-19,385.3765006376337
2021-07-20,447.6968631389899
2021-07-21,442.12079677151473
2021-07-22,399.568068032936
2021-07-23,383.44164504821345
2021-07-24,378.81679735853794
2021-07-25,431.50617907140713
2021-07-26,506.1290520200452
2021-07-27,750.4753913585187
2021-07-28,1334.3902529919853
2021-07-29,1387.024834446669
2021-07-30,1346.3373659079894
2021-07-31,1330.2057079120743
2021-08-01,1260.9449566539008
2021-08-02,885.8237964545583
2021-08-03,844.0116514224724
2021-08-04,866.7615415010132
2021-08-05,1134.9947175600335
2021-08-06,1234.4775403448482
2021-08-07,1752.4292411236142
2021-08-08,1785.7649907757757
2021-08-09,1243.5460729518463
2021-08-10,1146.014837227515
2021-08-11,852.1660879088595
2021-08-12,787.2471226922033
2021-08-13,642.657448774964
2021-08-14,604.3941579486542
2021-08-15,606.3440700269339
2021-08-16,644.8658923486367
2021-08-17,724.2890801772448
2021-08-18,728.5230995905436
2021-08-19,663.9142624662665
2021-08-20,629.6649095289038
2021-08-21,571.6959354626632
2021-08-22,529.5171409440243
2021-08-23,444.27431904109244
2021-08-24,449.57984881075606
2021-08-25,440.9076341846965
2021-08-26,432.19022422797383
2021-08-27,502.71464821340516
2021-08-28,499.34262328028166
2021-08-29,602.067857252568
2021-08-30,736.300576800254
2021-08-31,947.5587585366306
2021-09-01,749.5287638295855
2021-09-02,766.6409661267048
2021-09-03,1025.0845369539488
2021-09-04,1047.6766473040623
2021-09-05,969.5714146901952
2021-09-06,763.6600981528094
2021-09-07,703.0625877775169
2021-09-08,597.088667973118
2021-09-09,514.6397666334755
2021-09-10,477.6815553583812
2021-09-11,451.8216872057593
2021-09-12,416.09602816135714
2021-09-13,399.025352966018
2021-09-14,380.77276105689566
2021-09-15,386.6316194102633
2021-09-16,391.5737347395269
2021-09-17,435.86435755743224
2021-09-18,432.56250069839945
2021-09-19,431.642559520252
2021-09-20,427.7514511204318
2021-09-21,420.38419197951043
2021-09-22,402.685316709945
2021-09-23,370.35514777153014
2021-09-24,325.2117858938648
2021-09-25,298.3459510754956
2021-09-26,263.4741555104241
2021-09-27,250.15569446168888
2021-09-28,238.31939519563784
2021-09-29,228.35694405345322
2021-09-30,207.5527076750599
2021-10-01,229.125
2021-10-02,207.578125
2021-10-03,187.4765625
2021-10-04,171.390625
2021-10-05,156.6640625
2021-10-06,141.2578125
2021-10-07,125.859375
2021-10-08,111.9453125
2021-10-09,99.2578125
2021-10-10,87.59375
2021-10-11,76.734375
2021-10-12,66.703125
2021-10-13,57.484375
2021-10-14,49.0390625
2021-10-15,41.3984375
2021-10-16,34.53125
2021-10-17,28.5
2021-10-18,23.3203125
2021-10-19,18.8984375
2021-10-20,15.265625
2021-10-21,12.28125
2021-10-22,9.90625
2021-10-23,8.03125
2021-10-24,6.515625
2021-10-25,5.2734375
2021-10-26,4.28125
2021-10-27,3.5
2021-10-28,2.8671875
2021-10-29,2.3515625
2021-10-30,1.9453125
2021-10-31,1.625
2021-11-01,1.375
2021-11-02,1.1640625
2021-11-03,1.0
2021-11-04,0.8671875
2021-11-05,0.75
2021-11-06,0.65625
2021-11-07,0.5625
2021-11-08,0.4921875
2021-11-09,0.4296875
2021-11-10,0.375
2021-11-11,0.328125
2021-11-12,0.2890625
2021-11-13,0.2578125
2021-11-14,0.2265625
2021-11-15,0.1953125
2021-11-16,0.1640625
2021-11-17,0.1328125
2021-11-18,0.1015625
2021-11-19,0.0859375
2021-11-20,0.0703125
2021-11-21,0.06249999999999999
2021-11-22,0.05468749999999999
2021-11-23,0.046875
2021-11-24,0.0390625
2021-11-25,0.03125
2021-11-26,0.03125
2021-11-27,0.015625
2021-11-28,0.015625
2021-11-29,0.015625
2021-11-30,0.015625
2021-12-01,0.015625
2021-12-02,0.015625
2021-12-03,0.015625
2021-12-04,0.0
2021-12-05,0.0
2021-12-06,0.0
2021-12-07,0.0
2021-12-08,0.0
2021-12-09,0.0
2021-12-10,0.0
2021-12-11,0.0
2021-12-12,0.0
2021-12-13,0.0
2021-12-14,0.0
2021-12-15,0.0
2021-12-16,0.0
2021-12-17,0.0
2021-12-18,0.0
2021-12-19,0.0
2021-12-20,0.0
2021-12-21,0.0
2021-12-22,0.0
2021-12-23,0.0
2021-12-24,0.0
2021-12-25,0.0
2021-12-26,0.0
2021-12-27,0.0
2021-12-28,0.0
2021-12-29,0.0
2021-12-30,0.0
2021-12-31,0.0
2022-01-01,0.0
2022-01-02,0.0
2022-01-03,0.0
2022-01-04,0.0
2022-01-05,0.0
2022-01-06,0.0
2022-01-07,0.0
2022-01-08,0.0
2022-01-09,0.0
2022-01-10,0.0
2022-01-11,0.0
2022-01-12,0.0
2022-01-13,0.0
2022-01-14,0.0
2022-01-15,0.0
2022-01-16,0.0
2022-01-17,0.0
2022-01-18,0.0
2022-01-19,0.0
2022-01-20,0.0
2022-01-21,0.0
2022-01-22,0.0
2022-01-23,0.0
2022-01-24,0.0
2022-01-25,0.0
2022-01-26,0.0
2022-01-27,0.0
2022-01-28,0.0
2022-01-29,0.0
2022-01-30,0.0
2022-01-31,0.0
2022-02-01,0.0
2022-02-02,0.0
2022-02-03,0.0
2022-02-04,0.0
2022-02-05,0.0
2022-02-06,0.0
2022-02-07,0.0
2022-02-08,0.0
2022-02-09,0.0
2022-02-10,0.0
2022-02-11,0.0
2022-02-12,0.0
2022-02-13,0.0
2022-02-14,0.0
2022-02-15,0.0
2022-02-16,0.0
2022-02-17,0.0
2022-02-18,0.0
2022-02-19,0.0
2022-02-20,0.0
2022-02-21,0.0
2022-02-22,0.0
2022-02-23,0.0
2022-02-24,0.0
2022-02-25,0.0
2022-02-26,0.0
2022-02-27,0.0
2022-02-28,0.0
2022-03-01,0.0
2022-03-02,0.0
2022-03-03,0.0
2022-03-04,0.0
2022-03-05,0.0
2022-03-06,0.0
2022-03-07,0.0
2022-03-08,0.0
2022-03-09,0.0
2022-03-10,0.0
2022-03-11,0.0
2022-03-12,0.0
2022-03-13,0.0
2022-03-14,0.0
2022-03-15,0.0
2022-03-16,0.0
2022-03-17,0.0
2022-03-18,0.0
2022-03-19,0.0
2022-03-20,0.0
2022-03-21,0.0
2022-03-22,0.0
2022-03-23,0.0
2022-03-24,0.0
2022-03-25,0.0
2022-03-26,0.0
2022-03-27,0.0
2022-03-28,0.0
2022-03-29,0.0
2022-03-30,0.0
2022-03-31,0.0
2022-04-01,0.0
2022-04-02,0.0
2022-04-03,0.0
2022-04-04,0.0
2022-04-05,0.0
2022-04-06,0.0
2022-04-07,0.0
2022-04-08,0.0
2022-04-09,0.0
2022-04-10,0.0
2022-04-11,0.0
2022-04-12,0.0
2022-04-13,0.0
2022-04-14,0.0
2022-04-15,0.0
2022-04-16,0.0
2022-04-17,0.0
2022-04-18,0.0
2022-04-19,0.0
2022-04-20,0.0
2022-04-21,0.0
2022-04-22,0.0
2022-04-23,0.0
2022-04-24,0.0
2022-04-25,0.0
2022-04-26,0.0
2022-04-27,0.09375
2022-04-28,0.78125
2022-04-29,2.59375
2022-04-30,10.375
2022-05-01,208.0771154419807
2022-05-02,207.3569169021039
2022-05-03,156.09017954029758
2022-05-04,113.30644794038514
2022-05-05,88.46277864992157
2022-05-06,72.64904466821586
2022-05-07,70.263295422765
2022-05-08,89.89776581780015
2022-05-09,86.34899905315847
2022-05-10,91.68702519604327
2022-05-11,131.15574460091761
2022-05-12,161.98724145751936
2022-05-13,152.65189474034182
2022-05-14,146.39145593869725
2022-05-15,111.23656803883041
2022-05-16,127.76897926550602
2022-05-17,155.2237111535522
2022-05-18,268.87597998545056
2022-05-19,332.06407082838945
2022-05-20,516.4634958548515
2022-05-21,777.0747246326281
2022-05-22,1184.0526439341384
2022-05-23,2336.2214837518836
2022-05-24,2866.3193461623355
2022-05-25,3855.0107786502303
2022-05-26,4273.553590564386
2022-05-27,4139.2569968074695
2022-05-28,4262.669597263894
2022-05-29,4170.829316897215
2022-05-30,4198.535255589381
2022-05-31,4140.287255754185
2022-06-01,3554.389311749766
2022-06-02,3259.2323984693767
2022-06-03,2961.4046077505404
2022-06-04,2691.175201211568
2022-06-05,2461.8764760996582
2022-06-06,2203.5982441461315
2022-06-07,2268.588510950057
2022-06-08,2020.306459966513
2022-06-09,1906.2746378036902
2022-06-10,1727.4080472225987
2022-06-11,1628.427451841711
2022-06-12,1506.6138163807143
2022-06-13,1388.4714204148754
2022-06-14,1293.7439807984442
2022-06-15,915.726771278754
2022-06-16,817.0198931396914
2022-06-17,766.3360681250809
2022-06-18,595.6110917696078
2022-06-19,526.9605231193746
2022-06-20,474.4680682865267
2022-06-21,429.4685181014642
2022-06-22,413.06546117557696
2022-06-23,394.45706808686475
2022-06-24,393.78853592842256
2022-06-25,407.2858435481078
2022-06-26,406.8517863016796
2022-06-27,392.69129774567205
2022-06-28,371.6875513086079
2022-06-29,339.7228518174226
2022-06-30,305.97767992435723
2022-07-01,288.97062562390096
2022-07-02,312.26609829270154
2022-07-03,500.840262614092
2022-07-04,689.2565393828339
2022-07-05,669.3955238555554
2022-07-06,630.9917885272856
2022-07-07,524.9387318905192
2022-07-08,514.14469728144
2022-07-09,510.22641170581034
2022-07-10,861.4784171046206
2022-07-11,1289.2624895232254
2022-07-12,1267.0643168425242
2022-07-13,1171.7752068066948
2022-07-14,1134.1932054898657
2022-07-15,1192.0099757599148
2022-07-16,1472.7102751407122
2022-07-17,1140.2546233146904
2022-07-18,1082.5550813666337
2022-07-19,879.7682283144029
2022-07-20,805.6019785737536
2022-07-21,662.5293827045766
2022-07-22,548.3204974973663
2022-07-23,513.840097350975
2022-07-24,509.3223813786794
2022-07-25,453.98113819059455
2022-07-26,433.30904238444975
2022-07-27,434.6856089324264
2022-07-28,439.6068628919159
2022-07-29,447.2442564171278
2022-07-30,463.1477946723677
2022-07-31,492.94837488324686
2022-08-01,446.10513580163985
2022-08-02,422.1120674890661
2022-08-03,354.7548751672503
2022-08-04,323.88509561295035
2022-08-05,264.3216835156817
2022-08-06,265.3645761607482
2022-08-07,316.8190991457694
2022-08-08,316.8935034169737
2022-08-09,278.7567288456639
2022-08-10,258.59899743097213
2022-08-11,234.83385907543305
2022-08-12,195.10508720143775
2022-08-13,188.10765179600133
2022-08-14,179.10705095960827
2022-08-15,178.49147208226967
2022-08-16,204.86678379800392
2022-08-17,251.22155195218
2022-08-18,246.82724915835092
2022-08-19,243.0350255807283
2022-08-20,207.88360859669365
2022-08-21,194.23562522999254
2022-08-22,188.39059970821083
2022-08-23,203.3479061415789
2022-08-24,247.43460899226775
2022-08-25,276.62833908879367
2022-08-26,414.6509849865089
2022-08-27,592.4688283982574
2022-08-28,680.3438397969018
2022-08-29,596.163756083748
2022-08-30,731.0715487822783
2022-08-31,1199.5186131175872
2022-09-01,1694.7044710269365
2022-09-02,1576.1575018496121
2022-09-03,1470.221319167306
2022-09-04,1205.1482680311397
2022-09-05,1416.6724537846567
2022-09-06,1438.7816271915174
2022-09-07,1160.7473208037134
2022-09-08,1075.8478959408267
2022-09-09,1004.3051958766564
2022-09-10,977.6405283360016
2022-09-11,928.7511412288777
2022-09-12,904.5251778152062
2022-09-13,903.278766200872
2022-09-14,849.3655598523663
2022-09-15,823.0049644471002
2022-09-16,782.9370477708308
2022-09-17,779.4766037501254
2022-09-18,764.9683533823383
2022-09-19,700.3918996880966
2022-09-20,621.4359343438898
2022-09-21,611.4451641285572
2022-09-22,624.0989109003183
2022-09-23,658.1137779951638
2022-09-24,690.6726919456304
2022-09-25,696.9973995219189
2022-09-26,682.9214765651177
2022-09-27,637.384205819594
2022-09-28,591.4974557221939
2022-09-29,534.4959176156929
2022-09-30,424.47692048537664
2022-10-01,475.5625
2022-10-02,434.6640625
2022-10-03,397.25
2022-10-04,362.5859375
2022-10-05,330.7578125
2022-10-06,301.078125
2022-10-07,273.7109375
2022-10-08,248.7265625
2022-10-09,225.6328125
2022-10-10,204.1875
2022-10-11,184.3359375
2022-10-12,165.9765625
2022-10-13,149.015625
2022-10-14,133.3359375
2022-10-15,118.890625
2022-10-16,105.625
2022-10-17,93.3515625
2022-10-18,81.984375
2022-10-19,77.8515625
2022-10-20,86.3515625
2022-10-21,102.796875
2022-10-22,102.1171875
2022-10-23,93.8125
2022-10-24,83.71875
2022-10-25,74.078125
2022-10-26,65.375
2022-10-27,57.640625
2022-10-28,50.84375
2022-10-29,44.8828125
2022-10-30,39.6484375
2022-10-31,35.0625
2022-11-01,31.015625
2022-11-02,27.4140625
2022-11-03,24.21875
2022-11-04,21.3515625
2022-11-05,18.6640625
2022-11-06,16.2109375
2022-11-07,14.0703125
2022-11-08,12.2109375
2022-11-09,10.578125
2022-11-10,9.109375
2022-11-11,7.7890625
2022-11-12,6.6171875
2022-11-13,5.5859375
2022-11-14,4.6875
2022-11-15,3.890625
2022-11-16,3.1796875
2022-11-17,2.59375
2022-11-18,2.109375
2022-11-19,1.71875
2022-11-20,1.3984375
2022-11-21,1.1484375
2022-11-22,0.9453125
2022-11-23,0.78125
2022-11-24,0.640625
2022-11-25,0.53125
2022-11-26,0.4453125
2022-11-27,0.375
2022-11-28,0.3125
2022-11-29,0.2578125
2022-11-30,0.2109375
2022-12-01,0.1796875
2022-12-02,0.1484375
2022-12-03,0.125
2022-12-04,0.1015625
2022-12-05,0.0859375
2022-12-06,0.0703125
2022-12-07,0.05468749999999999
2022-12-08,0.046875
2022-12-09,0.0390625
2022-12-10,0.03125
2022-12-11,0.0234375
2022-12-12,0.015625
2022-12-13,0.015625
2022-12-14,0.015625
2022-12-15,0.007812500000000002
2022-12-16,0.007812500000000002
2022-12-17,0.0
2022-12-18,0.0
2022-12-19,0.0
2022-12-20,0.0
2022-12-21,0.0
2022-12-22,0.0
2022-12-23,0.0
2022-12-24,0.0
2022-12-25,0.0
2022-12-26,0.0
2022-12-27,0.0
2022-12-28,0.0
2022-12-29,0.0
2022-12-30,0.0
2022-12-31,0.0
2023-01-01,0.0
2023-01-02,0.0
2023-01-03,0.0
2023-01-04,0.0
2023-01-05,0.0
2023-01-06,0.0
2023-01-07,0.0
2023-01-08,0.0
2023-01-09,0.0
2023-01-10,0.0
2023-01-11,0.0
2023-01-12,0.0
2023-01-13,0.0
2023-01-14,0.0
2023-01-15,0.0
2023-01-16,0.0
2023-01-17,0.0
2023-01-18,0.0
2023-01-19,0.0
2023-01-20,0.0
2023-01-21,0.0
2023-01-22,0.0
2023-01-23,0.0
2023-01-24,0.0
2023-01-25,0.0
2023-01-26,0.0
2023-01-27,0.0
2023-01-28,0.0
2023-01-29,0.0
2023-01-30,0.0
2023-01-31,0.0
2023-02-01,0.0
2023-02-02,0.0
2023-02-03,0.0
2023-02-04,0.0
2023-02-05,0.0
2023-02-06,0.0
2023-02-07,0.0
2023-02-08,0.0
2023-02-09,0.0
2023-02-10,0.0
2023-02-11,0.0
2023-02-12,0.0
2023-02-13,0.0
2023-02-14,0.0
2023-02-15,0.0
2023-02-16,0.0
2023-02-17,0.0
2023-02-18,0.0
2023-02-19,0.0
2023-02-20,0.0
2023-02-21,0.0
2023-02-22,0.0
2023-02-23,0.0
2023-02-24,0.0
2023-02-25,0.0
2023-02-26,0.0
2023-02-27,0.0
2023-02-28,0.0
2023-03-01,0.0
2023-03-02,0.0
2023-03-03,0.0
2023-03-04,0.0
2023-03-05,0.0
2023-03-06,0.0
2023-03-07,0.0
2023-03-08,0.0
2023-03-09,0.0
2023-03-10,0.0
2023-03-11,0.0
2023-03-12,0.0
2023-03-13,0.0
2023-03-14,0.0
2023-03-15,0.0
2023-03-16,0.0
2023-03-17,0.0
2023-03-18,0.0
2023-03-19,0.0
2023-03-20,0.0
2023-03-21,0.0
2023-03-22,0.0
2023-03-23,0.0
2023-03-24,0.0
2023-03-25,0.0
2023-03-26,0.0
2023-03-27,0.0
2023-03-28,0.0
2023-03-29,0.0
2023-03-30,0.0
2023-03-31,0.0
2023-04-01,0.0
2023-04-02,0.0
2023-04-03,0.0
2023-04-04,0.0
2023-04-05,0.0
2023-04-06,0.0
2023-04-07,0.0
2023-04-08,0.0
2023-04-09,0.0
2023-04-10,0.0
2023-04-11,0.0
2023-04-12,0.0
2023-04-13,0.0
2023-04-14,0.0
2023-04-15,0.0
2023-04-16,0.0
2023-04-17,0.0
2023-04-18,0.0
2023-04-19,0.0
2023-04-20,0.0
2023-04-21,0.0
2023-04-22,0.0
2023-04-23,0.0
2023-04-24,0.0
2023-04-25,0.0
2023-04-26,0.0
2023-04-27,0.0
2023-04-28,0.0
2023-04-29,0.0
2023-04-30,0.0
2023-05-01,2.9149999999999996
2023-05-02,2.6754999999999995
2023-05-03,2.6809999999999996
2023-05-04,2.6865
2023-05-05,2.692
2023-05-06,2.6975
2023-05-07,2.703
2023-05-08,2.7085
2023-05-09,2.7140000000000004
2023-05-10,2.7195000000000005
2023-05-11,2.725
2023-05-12,2.7304999999999993
2023-05-13,44.52105263157928
2023-05-14,368.3681818181851
2023-05-15,90.0643839334178
2023-05-16,149.81770719525528
2023-05-17,93.93600736454522
2023-05-18,34.52581013235971
2023-05-19,19.892636804608152
2023-05-20,31.601215921271848
2023-05-21,63.569335210014174
2023-05-22,200.3159946524669
2023-05-23,426.67047609398793
2023-05-24,703.8884420136176
2023-05-25,1611.1889657063073
2023-05-26,1789.915356533958
2023-05-27,1603.718812188912
2023-05-28,1999.4669663118573
2023-05-29,2533.730249363486
2023-05-30,2578.5612767443627
2023-05-31,2779.434472272198
2023-06-01,3019.197058363632
2023-06-02,3336.53381384688
2023-06-03,3587.703108186586
2023-06-04,3624.138297781891
2023-06-05,3789.334049084973
2023-06-06,4938.972798474311
2023-06-07,4903.832747728193
2023-06-08,3766.305299141177
2023-06-09,3667.865233459558
2023-06-10,3606.740829560773
2023-06-11,3479.65428410429
2023-06-12,3110.602347602317
2023-06-13,2947.6155347460667
2023-06-14,2853.07125474761
2023-06-15,2785.087367782555
2023-06-16,2493.96958934374
2023-06-17,2358.107664050786
2023-06-18,2145.9266955915396
2023-06-19,1974.6859187022449
2023-06-20,1642.5523854172177
2023-06-21,1466.1083432485484
2023-06-22,1206.264491530372
2023-06-23,1081.3764528636164
2023-06-24,1012.4823763668708
2023-06-25,942.5933702151318
2023-06-26,838.9982467736344
2023-06-27,751.7787457724394
2023-06-28,701.7701721918088
2023-06-29,562.6731293932497
2023-06-30,515.3944577119689
2023-07-01,482.28560607068414
2023-07-02,462.1548560717618
2023-07-03,298.10886620055203
2023-07-04,269.66183217054345
2023-07-05,267.96947967067746
2023-07-06,413.0152887605769
2023-07-07,487.6680960659779
2023-07-08,478.6661782860329
2023-07-09,380.0845690279084
2023-07-10,353.35956603427434
2023-07-11,320.1758354140998
2023-07-12,297.65942321618127
2023-07-13,284.08828668022466
2023-07-14,271.71297310348996
2023-07-15,270.0180929715415
2023-07-16,257.1585706746486
2023-07-17,185.5381933413776
2023-07-18,173.16461446515885
2023-07-19,168.29972050373559
2023-07-20,171.1261232679263
2023-07-21,177.480439905852
2023-07-22,176.2206781548655
2023-07-23,170.36459840055267
2023-07-24,162.23124133222169
2023-07-25,159.28983253394628
2023-07-26,164.09197431275183
2023-07-27,168.07983072852613
2023-07-28,231.3718808173386
2023-07-29,350.0555666356158
2023-07-30,515.2930025021884
2023-07-31,702.876861936273
2023-08-01,819.6771074685928
2023-08-02,799.993258834236
2023-08-03,790.9990564651334
2023-08-04,844.0147250393771
2023-08-05,1109.8076136701613
2023-08-06,1180.369270428202
2023-08-07,1725.2619772016074
2023-08-08,1832.6543293075495
2023-08-09,1805.2964656140366
2023-08-10,1761.9955271334372
2023-08-11,1228.5427551571036
2023-08-12,1147.6508482158945
2023-08-13,1064.3420623930465
2023-08-14,852.9282376432352
2023-08-15,756.7087841594038
2023-08-16,636.0483017930025
2023-08-17,578.0172444649955
2023-08-18,557.1077185033788
2023-08-19,555.2977925354106
2023-08-20,552.9998740778569
2023-08-21,534.0994112881752
2023-08-22,524.8012727429536
2023-08-23,525.3297053641232
2023-08-24,448.5012243547463
2023-08-25,365.44072729234057
2023-08-26,311.33261082557766
2023-08-27,282.0617627327323
2023-08-28,276.27217588302193
2023-08-29,293.4413802476801
2023-08-30,320.000756590807
2023-08-31,327.2543344136903
2023-09-01,344.0352027132781
2023-09-02,356.4571681943359
2023-09-03,354.8564993388455
2023-09-04,357.4123435684074
2023-09-05,436.27626963467543
2023-09-06,638.225459267821
2023-09-07,706.0989418248851
2023-09-08,613.1713668455641
2023-09-09,622.9232688346647
2023-09-10,883.9502021655516
2023-09-11,958.634097519988
2023-09-12,954.1447361545935
2023-09-13,900.2262383932216
2023-09-14,829.7267837283239
2023-09-15,698.2518467942391
2023-09-16,653.8686170830325
2023-09-17,623.8037292859408
2023-09-18,591.1722351663659
2023-09-19,565.0962515245109
2023-09-20,533.9298743541913
2023-09-21,522.705223315943
2023-09-22,526.971313217469
2023-09-23,556.9449055434061
2023-09-24,604.3189988290396
2023-09-25,644.8836318006576
2023-09-26,677.1035929959598
2023-09-27,679.8673579864898
2023-09-28,651.7339520584256
2023-09-29,597.0878683522989
2023-09-30,535.2129018812393
2023-10-01,543.3984375
2023-10-02,498.59375
2023-10-03,455.2109375
2023-10-04,415.6484375
2023-10-05,379.421875
2023-10-06,346.0625
2023-10-07,315.5859375
2023-10-08,287.3828125
2023-10-09,262.21875
2023-10-10,239.96875
2023-10-11,218.4375
2023-10-12,197.17578125
2023-10-13,177.5390625
2023-10-14,160.375
2023-10-15,145.7265625
2023-10-16,131.95703125
2023-10-17,117.8046875
2023-10-18,104.515625
2023-10-19,92.28125
2023-10-20,80.9921875
2023-10-21,70.59375
2023-10-22,61.01953125
2023-10-23,53.65234375
2023-10-24,48.703125
2023-10-25,45.828125
2023-10-26,41.79296875
2023-10-27,37.546875
2023-10-28,33.109375
2023-10-29,28.4375
2023-10-30,23.9375
2023-10-31,19.96875
2023-11-01,16.62109375
2023-11-02,13.8359375
2023-11-03,11.51953125
2023-11-04,9.5703125
2023-11-05,7.93359375
2023-11-06,6.57421875
2023-11-07,5.453125
2023-11-08,4.53125
2023-11-09,3.7578125
2023-11-10,3.1015625
2023-11-11,2.55078125
2023-11-12,2.1015625
2023-11-13,1.7109375
2023-11-14,1.36328125
2023-11-15,1.1015625
2023-11-16,0.91015625
2023-11-17,0.7578125
2023-11-18,0.640625
2023-11-19,0.54296875
2023-11-20,0.45703125
2023-11-21,0.3828125
2023-11-22,0.30859375
2023-11-23,0.25
2023-11-24,0.20703125
2023-11-25,0.1796875
2023-11-26,0.15234375
2023-11-27,0.11718750000000001
2023-11-28,0.08203125
2023-11-29,0.05468749999999999
2023-11-30,0.0390625
2023-12-01,0.03125
2023-12-02,0.0234375
2023-12-03,0.01953125
2023-12-04,0.015625
2023-12-05,0.015625
2023-12-06,0.011718750000000002
2023-12-07,0.007812500000000002
2023-12-08,0.007812500000000002
2023-12-09,0.00390625
2023-12-10,0.007812500000000002
2023-12-11,0.0
2023-12-12,0.0
2023-12-13,0.0
2023-12-14,0.0
2023-12-15,0.0
2023-12-16,0.0
2023-12-17,0.0
2023-12-18,0.0
2023-12-19,0.0
2023-12-20,0.0
2023-12-21,0.0
2023-12-22,0.0
2023-12-23,0.0
2023-12-24,0.0
2023-12-25,0.0
2023-12-26,0.0
2023-12-27,0.0
2023-12-28,0.0
2023-12-29,0.0
2023-12-30,0.0
2023-12-31,0.0
2024-01-01,0.0
2024-01-02,0.0
2024-01-03,0.0
2024-01-04,0.0
2024-01-05,0.0
2024-01-06,0.0
2024-01-07,0.0
2024-01-08,0.0
2024-01-09,0.0
2024-01-10,0.0
2024-01-11,0.0
2024-01-12,0.0
2024-01-13,0.0
2024-01-14,0.0
2024-01-15,0.0
2024-01-16,0.0
2024-01-17,0.0
2024-01-18,0.0
2024-01-19,0.0
2024-01-20,0.0
2024-01-21,0.0
2024-01-22,0.0
2024-01-23,0.0
2024-01-24,0.0
2024-01-25,0.0
2024-01-26,0.0
2024-01-27,0.0
2024-01-28,0.0
2024-01-29,0.0
2024-01-30,0.0
2024-01-31,0.0
2024-02-01,0.0
2024-02-02,0.0
2024-02-03,0.0
2024-02-04,0.0
2024-02-05,0.0
2024-02-06,0.0
2024-02-07,0.0
2024-02-08,0.0
2024-02-09,0.0
2024-02-10,0.0
2024-02-11,0.0
2024-02-12,0.0
2024-02-13,0.0
2024-02-14,0.0
2024-02-15,0.0
2024-02-16,0.0
2024-02-17,0.0
2024-02-18,0.0
2024-02-19,0.0
2024-02-20,0.0
2024-02-21,0.0
2024-02-22,0.0
2024-02-23,0.0
2024-02-24,0.0
2024-02-25,0.0
2024-02-26,0.0
2024-02-27,0.0
2024-02-28,0.0
2024-02-29,0.0
2024-03-01,0.0
2024-03-02,0.0
2024-03-03,0.0
2024-03-04,0.0
2024-03-05,0.0
2024-03-06,0.0
2024-03-07,0.0
2024-03-08,0.0
2024-03-09,0.0
2024-03-10,0.0
2024-03-11,0.0
2024-03-12,0.0
2024-03-13,0.0
2024-03-14,0.0
2024-03-15,0.0
2024-03-16,0.0
2024-03-17,0.0
2024-03-18,0.0
2024-03-19,0.0
2024-03-20,0.0
2024-03-21,0.0
2024-03-22,0.0
2024-03-23,0.0
2024-03-24,0.0
2024-03-25,0.0
2024-03-26,0.0
2024-03-27,0.0
2024-03-28,0.0
2024-03-29,0.0
2024-03-30,0.0
2024-03-31,0.0
2024-04-01,0.0
2024-04-02,0.0
2024-04-03,0.0
2024-04-04,0.0
2024-04-05,0.0
2024-04-06,0.0
2024-04-07,0.0
2024-04-08,0.0
2024-04-09,0.0
2024-04-10,0.0
2024-04-11,0.0
2024-04-12,0.0
2024-04-13,0.0
2024-04-14,0.0
2024-04-15,0.0
2024-04-16,0.0
2024-04-17,0.0
2024-04-18,0.0
2024-04-19,0.0
2024-04-20,0.0
2024-04-21,0.0
2024-04-22,0.0
2024-04-23,0.0
2024-04-24,0.0
2024-04-25,0.0
2024-04-26,0.0
2024-04-27,0.0
2024-04-28,0.0
2024-04-29,0.0
2024-04-30,0.0
2024-05-01,2.6754999999999995
2024-05-02,2.6809999999999996
2024-05-03,2.6865000000000006
2024-05-04,2.6920000000000006
2024-05-05,2.6975000000000002
2024-05-06,2.7029999999999994
2024-05-07,2.7085
2024-05-08,6.970250000000001
2024-05-09,87.77954545454543
2024-05-10,562.4272727272726
2024-05-11,90.69815974941274
2024-05-12,54.53442357440111
2024-05-13,46.31018925604662
2024-05-14,33.87153584355249
2024-05-15,168.9620024972687
2024-05-16,107.3592056812207
2024-05-17,41.58929297539527
2024-05-18,19.628297900560863
2024-05-19,96.18053027305113
2024-05-20,47.32477697673056
2024-05-21,18.125455230526825
2024-05-22,129.63360796851944
2024-05-23,46.778958200269685
2024-05-24,30.344141567845522
2024-05-25,34.79286033919542
2024-05-26,51.91334045032573
2024-05-27,61.841392663836096
2024-05-28,246.9738178050379
2024-05-29,1250.2240312550325
2024-05-30,2307.8894014069356
2024-05-31,2792.940230011758
2024-06-01,2442.989179993685
2024-06-02,2492.5802701120747
2024-06-03,2670.081531454901
2024-06-04,2826.3886898189576
2024-06-05,3117.031849815442
2024-06-06,3434.3706657470893
2024-06-07,3594.27584988371
2024-06-08,3639.7473825272014
2024-06-09,3545.200057683284
2024-06-10,3198.279246333508
2024-06-11,3009.5898368995795
2024-06-12,2876.448616169502
2024-06-13,2633.43076313264
2024-06-14,2540.5962836912076
2024-06-15,2424.3585895607484
2024-06-16,2219.275339323577
2024-06-17,2062.714918541676
2024-06-18,1754.665421246857
2024-06-19,1563.096764166804
2024-06-20,1253.8751331623555
2024-06-21,1124.8778742999787
2024-06-22,986.3222131506363
2024-06-23,685.9214552498906
2024-06-24,639.3239880796352
2024-06-25,595.8357439620892
2024-06-26,559.3203246247905
2024-06-27,533.9451504453399
2024-06-28,503.86412500916674
2024-06-29,346.8552286643126
2024-06-30,323.83136268060036
2024-07-01,311.70217188163065
2024-07-02,464.49464478866247
2024-07-03,567.6881170721323
2024-07-04,654.0728933314919
2024-07-05,654.3617324258691
2024-07-06,791.737905107102
2024-07-07,743.6901172773212
2024-07-08,721.379119733924
2024-07-09,851.1729323744162
2024-07-10,825.1854313670663
2024-07-11,645.7692732935234
2024-07-12,534.5509206747599
2024-07-13,489.406298644536
2024-07-14,412.9794168075835
2024-07-15,407.9120863345215
2024-07-16,487.8708547560101
2024-07-17,575.6898271368867
2024-07-18,545.3769823102364
2024-07-19,463.82062470487676
2024-07-20,432.58884123068617
2024-07-21,387.7932758521984
2024-07-22,361.7439545308596
2024-07-23,257.37596400531396
2024-07-24,236.74175009627743
2024-07-25,226.57419813507303
2024-07-26,345.13739850801386
2024-07-27,608.801118458981
2024-07-28,1290.5539105469945
2024-07-29,1275.5988339557966
2024-07-30,1199.4812145712026
2024-07-31,856.7639686128987
2024-08-01,875.8734205870611
2024-08-02,1231.0804898174747
2024-08-03,1767.8129017925476
2024-08-04,1843.2327457870344
2024-08-05,1801.7738418303334
2024-08-06,1710.4329151151971
2024-08-07,1202.5786314353
2024-08-08,1109.8291721370292
2024-08-09,825.3180866380568
2024-08-10,756.0672458075949
2024-08-11,654.0148545500083
2024-08-12,767.8379756002055
2024-08-13,786.6243685073748
2024-08-14,810.6782091313876
2024-08-15,812.7827727547461
2024-08-16,765.0373036165421
2024-08-17,659.5179770453674
2024-08-18,616.5801938740433
2024-08-19,601.1415745756474
2024-08-20,562.1640899863575
2024-08-21,542.5897176575718
2024-08-22,539.6685328154384
2024-08-23,577.5448867359722
2024-08-24,565.3517465225505
2024-08-25,510.82510853422025
2024-08-26,416.65256319977925
2024-08-27,341.3250509556885
2024-08-28,323.61022085411213
2024-08-29,346.4537697890277
2024-08-30,484.5103170223644
2024-08-31,419.87593709703583
2024-09-01,398.0863369443393
2024-09-02,364.1670937893513
2024-09-03,361.7405363149365
2024-09-04,378.9402910003828
2024-09-05,397.99604708486623
2024-09-06,389.2477446723148
2024-09-07,388.84694591325643
2024-09-08,440.2070187810405
2024-09-09,580.3498961871081
2024-09-10,684.5010276618885
2024-09-11,676.6179195444166
2024-09-12,591.030493648372
2024-09-13,559.8209383523139
2024-09-14,547.1088464526817
2024-09-15,555.0013297924038
2024-09-16,548.5036113355841
2024-09-17,540.194300232758
2024-09-18,540.925750549941
2024-09-19,519.6306932227965
2024-09-20,510.32161066445224
2024-09-21,451.5422595311155
2024-09-22,423.19750144712816
2024-09-23,412.31251873714103
2024-09-24,387.48609939647815
2024-09-25,396.1960263332004
2024-09-26,586.2725689612294
2024-09-27,658.1998925234017
2024-09-28,641.0025751512959
2024-09-29,587.8033472645216
2024-09-30,480.88979322486824
2024-10-01,573.078125
2024-10-02,579.0234375
2024-10-03,610.1484375
2024-10-04,637.96875
2024-10-05,618.9296875
2024-10-06,578.03125
2024-10-07,530.3828125
2024-10-08,483.7109375
2024-10-09,440.7578125
2024-10-10,401.2890625
2024-10-11,365.5390625
2024-10-12,333.4453125
2024-10-13,303.96875
2024-10-14,276.59375
2024-10-15,251.2734375
2024-10-16,228.78125
2024-10-17,209.9296875
2024-10-18,202.27734375
2024-10-19,224.46875
2024-10-20,254.6015625
2024-10-21,247.1171875
2024-10-22,225.57421875
2024-10-23,203.68359375
2024-10-24,184.046875
2024-10-25,166.37109375
2024-10-26,150.12890625
2024-10-27,135.125
2024-10-28,121.40625
2024-10-29,109.0078125
2024-10-30,97.7578125
2024-10-31,87.29296875
2024-11-01,77.67578125
2024-11-02,69.0
2024-11-03,61.19921875
2024-11-04,54.109375
2024-11-05,47.68359375
2024-11-06,41.89453125
2024-11-07,36.66796875
2024-11-08,31.953125
2024-11-09,27.671875
2024-11-10,23.8125
2024-11-11,20.3671875
2024-11-12,17.3046875
2024-11-13,14.59375
2024-11-14,12.19921875
2024-11-15,10.1015625
2024-11-16,8.3046875
2024-11-17,6.79296875
2024-11-18,5.5
2024-11-19,4.3984375
2024-11-20,3.484375
2024-11-21,2.7578125
2024-11-22,2.18359375
2024-11-23,1.73046875
2024-11-24,1.3671875
2024-11-25,1.08984375
2024-11-26,0.88671875
2024-11-27,0.73046875
2024-11-28,0.61328125
2024-11-29,0.51171875
2024-11-30,0.43359375
2024-12-01,0.36328125
2024-12-02,0.3125
2024-12-03,0.265625
2024-12-04,0.2265625
2024-12-05,0.1953125
2024-12-06,0.171875
2024-12-07,0.1484375
2024-12-08,0.1328125
2024-12-09,0.11718750000000001
2024-12-10,0.109375
2024-12-11,0.09375
2024-12-12,0.078125
2024-12-13,0.06249999999999999
2024-12-14,0.05468749999999999
2024-12-15,0.0390625
2024-12-16,0.03125
2024-12-17,0.0234375
2024-12-18,0.015625
2024-12-19,0.007812500000000002
2024-12-20,0.007812500000000002
2024-12-21,0.0
2024-12-22,0.0
2024-12-23,0.0
2024-12-24,0.0
2024-12-25,0.0
2024-12-26,0.0
2024-12-27,0.0
2024-12-28,0.0
2024-12-29,0.0
2024-12-30,0.0
2024-12-31,0.0
2025-01-01,0.0
2025-01-02,0.0
2025-01-03,0.0
2025-01-04,0.0
2025-01-05,0.0
2025-01-06,0.0
2025-01-07,0.0
2025-01-08,0.0
2025-01-09,0.0
2025-01-10,0.0
2025-01-11,0.0
2025-01-12,0.0
2025-01-13,0.0
2025-01-14,0.0
2025-01-15,0.0
2025-01-16,0.0
2025-01-17,0.0
2025-01-18,0.0
2025-01-19,0.0
2025-01-20,0.0
2025-01-21,0.0
2025-01-22,0.0
2025-01-23,0.0
2025-01-24,0.0
2025-01-25,0.0
2025-01-26,0.0
2025-01-27,0.0
2025-01-28,0.0
2025-01-29,0.0
2025-01-30,0.0
2025-01-31,0.0
2025-02-01,0.0
2025-02-02,0.0
2025-02-03,0.0
2025-02-04,0.0
2025-02-05,0.0
2025-02-06,0.0
2025-02-07,0.0
2025-02-08,0.0
2025-02-09,0.0
2025-02-10,0.0
2025-02-11,0.0
2025-02-12,0.0
2025-02-13,0.0
2025-02-14,0.0
2025-02-15,0.0
2025-02-16,0.0
2025-02-17,0.0
2025-02-18,0.0
2025-02-19,0.0
2025-02-20,0.0
2025-02-21,0.0
2025-02-22,0.0
2025-02-23,0.03125
2025-02-24,0.125
2025-02-25,0.15625
2025-02-26,0.125
2025-02-27,0.125
2025-02-28,0.09375
2025-03-01,0.06249999999999999
2025-03-02,0.03125
2025-03-03,0.03125
2025-03-04,0.03125
2025-03-05,0.0
2025-03-06,0.0
2025-03-07,0.0
2025-03-08,0.0
2025-03-09,0.0
2025-03-10,0.0
2025-03-11,0.0
2025-03-12,0.0
2025-03-13,0.0
2025-03-14,0.0
2025-03-15,0.0
2025-03-16,0.0
2025-03-17,0.0
2025-03-18,0.0
2025-03-19,0.0
2025-03-20,0.0
2025-03-21,0.0
2025-03-22,0.0
2025-03-23,0.0
2025-03-24,0.0
2025-03-25,0.0
2025-03-26,0.0
2025-03-27,0.0
2025-03-28,0.0
2025-03-29,0.0
2025-03-30,0.0
2025-03-31,0.0
2025-04-01,0.0
2025-04-02,0.0
2025-04-03,0.0
2025-04-04,0.0
2025-04-05,0.0
2025-04-06,0.0
2025-04-07,0.0
2025-04-08,0.0
2025-04-09,0.0
2025-04-10,0.0
2025-04-11,0.0
2025-04-12,0.0
2025-04-13,0.0
2025-04-14,0.0
2025-04-15,0.0
2025-04-16,0.0
2025-04-17,0.0
2025-04-18,0.0
2025-04-19,0.0
2025-04-20,0.0
2025-04-21,0.0
2025-04-22,0.0
2025-04-23,0.0
2025-04-24,0.0
2025-04-25,0.0
2025-04-26,0.0
2025-04-27,0.0
2025-04-28,0.0
2025-04-29,0.0
2025-04-30,0.0
2025-05-01,2.915
2025-05-02,2.6754999999999995
2025-05-03,2.6809999999999996
2025-05-04,2.6865
2025-05-05,2.6920000000000006
2025-05-06,2.6975000000000002
2025-05-07,2.703
2025-05-08,2.708500000000001
2025-05-09,2.7140000000000004
2025-05-10,2.7195
2025-05-11,2.725
2025-05-12,2.7304999999999997
2025-05-13,2.7359999999999998
2025-05-14,2.7415
2025-05-15,35.46499999999999
2025-05-16,29.165517241379305
2025-05-17,26.828555798687088
2025-05-18,76.38849009900989
2025-05-19,167.71769540422684
2025-05-20,138.13630787495066
2025-05-21,85.06325948068695
2025-05-22,35.56122970473387
2025-05-23,21.563509506841115
2025-05-24,18.105117317447075
2025-05-25,65.11566796096126
2025-05-26,46.00635160715612
2025-05-27,68.03935284208136
2025-05-28,159.0145233214707
2025-05-29,346.17964625269434
2025-05-30,1196.5393228355017
2025-05-31,1487.779153251426
2025-06-01,1598.2255070444705
2025-06-02,1372.3998832533268
2025-06-03,1438.5082294077854
2025-06-04,1561.1837585452627
2025-06-05,1702.36657668662
2025-06-06,2083.0772822530485
2025-06-07,2864.0395366278603
2025-06-08,3711.5671882924053
2025-06-09,6388.619200754824
2025-06-10,7433.163891609902
2025-06-11,7478.589394225841
2025-06-12,7089.474805762721
2025-06-13,6691.084721580873
2025-06-14,6313.113674981504
2025-06-15,5907.635995955615
2025-06-16,4979.496958313285
2025-06-17,4654.786172759357
2025-06-18,3479.3735242298535
2025-06-19,3128.6461573071165
2025-06-20,2696.4735971411496
2025-06-21,2466.1401004915015
2025-06-22,2188.7982073032704
2025-06-23,1877.5504631858648
2025-06-24,1716.0954710661429
2025-06-25,1525.0016806887597
2025-06-26,1399.859070318593
2025-06-27,1389.0456033316104
2025-06-28,1383.6889643714612
2025-06-29,1460.9146854016922
2025-06-30,1263.567204334825
2025-07-01,1157.2920831867375
2025-07-02,1311.9962297258526
2025-07-03,1677.2579049786038
2025-07-04,1872.4660824482012
2025-07-05,1820.3462202996925
2025-07-06,1742.1694299934813
2025-07-07,1667.7379737214565
2025-07-08,1565.2919762594584
2025-07-09,1448.4970423446523
2025-07-10,1399.9902973808717
2025-07-11,1341.8488769832813
2025-07-12,1234.5179416775416
2025-07-13,1130.8242279583421
2025-07-14,934.800967247003
2025-07-15,890.2138759185236
2025-07-16,741.5649742326996
2025-07-17,841.2257731636006
2025-07-18,861.8563196019061
2025-07-19,856.2731252326699
2025-07-20,837.6531997421231
2025-07-21,835.4143368685076
2025-07-22,827.5845864760493
2025-07-23,829.3439414035392
2025-07-24,951.5859240357855
2025-07-25,794.026534375074
2025-07-26,933.8344888032633
2025-07-27,1363.5435726883368
2025-07-28,1354.5008230801839
2025-07-29,1289.4352618967214
2025-07-30,901.879085721118
2025-07-31,827.0854126680658
2025-08-01,681.7008111017017
2025-08-02,593.204384531272
2025-08-03,554.0541267981413
2025-08-04,505.58888993645894
2025-08-05,477.47891907461684
2025-08-06,462.1697675449564
2025-08-07,464.44516203201823
2025-08-08,522.6349370909909
2025-08-09,530.7303376657937
2025-08-10,549.282039653337
2025-08-11,675.5926934777473
2025-08-12,816.5965406161436
2025-08-13,789.4906692502057
2025-08-14,650.0797553699603
2025-08-15,624.9669519738706
2025-08-16,618.612454510784
2025-08-17,639.1382179602055
2025-08-18,727.6071419925064
2025-08-19,762.2679694074242
2025-08-20,923.8934929303139
2025-08-21,1005.1158661667663
2025-08-22,1087.8796962921522
2025-08-23,1546.7063796586021
2025-08-24,1049.1098361574568
2025-08-25,988.8608601485889
2025-08-26,925.2404432825136
2025-08-27,729.7492343009317
2025-08-28,694.503096297677
2025-08-29,679.8489713992211
2025-08-30,587.3709068395128
2025-08-31,500.2871691310675
2025-09-01,405.28100519147006
2025-09-02,352.6439077807642
2025-09-03,337.4911366655945
2025-09-04,340.75253269491384
2025-09-05,366.1864890557466
2025-09-06,356.91300481280706
2025-09-07,342.62689533636075
2025-09-08,311.6197874643277
2025-09-09,293.66554973938685
2025-09-10,282.4256756811447
2025-09-11,264.0128203716472
2025-09-12,268.572173484495
2025-09-13,287.1278189139853
2025-09-14,297.14222043445875
2025-09-15,272.37560259029397
2025-09-16,265.72724124206667
2025-09-17,257.52863512931856
2025-09-18,242.0390744303928
2025-09-19,225.82854136769888
2025-09-20,216.64256004670526
2025-09-21,199.53452473077277
2025-09-22,185.99875680665093
2025-09-23,177.2301375937542
2025-09-24,174.8290533522886
2025-09-25,180.27388044811298
2025-09-26,187.31220180216235
2025-09-27,191.00324180234216
2025-09-28,160.1952775347409
2025-09-29,161.92508687017855
2025-09-30,180.64975924856813
