date,q_cor
1979-01-01,0.546875
1979-01-02,0.515625
1979-01-03,0.484375
1979-01-04,0.4375
1979-01-05,0.421875
1979-01-06,0.390625
1979-01-07,0.359375
1979-01-08,0.328125
1979-01-09,0.296875
1979-01-10,0.28125
1979-01-11,0.25
1979-01-12,0.203125
1979-01-13,0.171875
1979-01-14,0.15625
1979-01-15,0.140625
1979-01-16,0.109375
1979-01-17,0.09375
1979-01-18,0.078125
1979-01-19,0.06249999999999999
1979-01-20,0.06249999999999999
1979-01-21,0.046875
1979-01-22,0.03125
1979-01-23,0.03125
1979-01-24,0.03125
1979-01-25,0.015625
1979-01-26,0.015625
1979-01-27,0.015625
1979-01-28,0.015625
1979-01-29,0.015625
1979-01-30,0.015625
1979-01-31,0.015625
1979-02-01,0.015625
1979-02-02,0.015625
1979-02-03,0.0
1979-02-04,0.0
1979-02-05,0.0
1979-02-06,0.0
1979-02-07,0.0
1979-02-08,0.0
1979-02-09,0.0
1979-02-10,0.0
1979-02-11,0.0
1979-02-12,0.0
1979-02-13,0.0
1979-02-14,0.0
1979-02-15,0.0
1979-02-16,0.0
1979-02-17,0.0
1979-02-18,0.0
1979-02-19,0.0
1979-02-20,0.0
1979-02-21,0.0
1979-02-22,0.0
1979-02-23,0.0
1979-02-24,0.0
1979-02-25,0.0
1979-02-26,0.0
1979-02-27,0.0
1979-02-28,0.0
1979-03-01,0.0
1979-03-02,0.0
1979-03-03,0.0
1979-03-04,0.0
1979-03-05,0.0
1979-03-06,0.0
1979-03-07,0.0
1979-03-08,0.0
1979-03-09,0.0
1979-03-10,0.0
1979-03-11,0.0
1979-03-12,0.0
1979-03-13,0.0
1979-03-14,0.0
1979-03-15,0.0
1979-03-16,0.0
1979-03-17,0.0
1979-03-18,0.0
1979-03-19,0.0
1979-03-20,0.0
1979-03-21,0.0
1979-03-22,0.0
1979-03-23,0.0
1979-03-24,0.0
1979-03-25,0.0
1979-03-26,0.0
1979-03-27,0.0
1979-03-28,0.0
1979-03-29,0.0
1979-03-30,0.0
1979-03-31,0.0
1979-04-01,0.0
1979-04-02,0.0
1979-04-03,0.0
1979-04-04,0.0
1979-04-05,0.0
1979-04-06,0.0
1979-04-07,0.0
1979-04-08,0.0
1979-04-09,0.0
1979-04-10,0.0
1979-04-11,0.0
1979-04-12,0.0
1979-04-13,0.0
1979-04-14,0.0
1979-04-15,0.0
1979-04-16,0.0
1979-04-17,0.0
1979-04-18,0.0
1979-04-19,0.0
1979-04-20,0.0
1979-04-21,0.0
1979-04-22,0.0
1979-04-23,0.0
1979-04-24,0.0
1979-04-25,0.0
1979-04-26,0.0
1979-04-27,0.0
1979-04-28,0.0
1979-04-29,0.0
1979-04-30,0.0
1979-05-01,0.0
1979-05-02,0.0
1979-05-03,0.0
1979-05-04,0.0
1979-05-05,0.0
1979-05-06,0.0
1979-05-07,0.0
1979-05-08,0.0
1979-05-09,0.0
1979-05-10,0.0
1979-05-11,0.0
1979-05-12,0.0
1979-05-13,0.0
1979-05-14,0.0
1979-05-15,0.0
1979-05-16,0.0
1979-05-17,0.0
1979-05-18,0.006151133924181184
1979-05-19,0.029678891077260613
1979-05-20,0.06859937051603303
1979-05-21,0.181370409826597
1979-05-22,0.3166694265370098
1979-05-23,0.4885488805134194
1979-05-24,13.752201698913174
1979-05-25,43.46642385576666
1979-05-26,92.9544609528975
1979-05-27,185.796606990555
1979-05-28,423.2416516506936
1979-05-29,698.8377969958084
1979-05-30,1088.1809460676645
1979-05-31,1632.456542231438
1979-06-01,2390.894231396225
1979-06-02,3112.740321719708
1979-06-03,4179.872515506026
1979-06-04,5337.826003597136
1979-06-05,6341.747168227513
1979-06-06,6814.537592300874
1979-06-07,7298.64390508966
1979-06-08,7344.645034205918
1979-06-09,7426.690805015611
1979-06-10,7379.006105967842
1979-06-11,7262.001621090732
1979-06-12,7110.678432304225
1979-06-13,6998.366674264877
1979-06-14,6952.361320969019
1979-06-15,7063.980334088273
1979-06-16,7161.925309487736
1979-06-17,7251.579732467541
1979-06-18,7169.665744366032
1979-06-19,6936.897193424849
1979-06-20,6632.273964158263
1979-06-21,6364.305912771771
1979-06-22,6163.277872942759
1979-06-23,6091.34644637678
1979-06-24,6030.738773690699
1979-06-25,5873.311413445158
1979-06-26,5718.614952461122
1979-06-27,5532.98963567953
1979-06-28,5363.348073984873
1979-06-29,5273.792856480374
1979-06-30,5155.057883341765
1979-07-01,4987.921887353683
1979-07-02,4609.074838193508
1979-07-03,4262.951175223397
1979-07-04,4086.1241300796787
1979-07-05,3930.5107244134388
1979-07-06,3771.2939711036565
1979-07-07,3585.2568954536223
1979-07-08,3417.1146800477377
1979-07-09,3163.3538360965167
1979-07-10,2955.7167958276254
1979-07-11,2795.7225833734165
1979-07-12,2522.0698302016535
1979-07-13,2356.9866786875205
1979-07-14,2191.9317921061197
1979-07-15,2038.3694348928523
1979-07-16,1893.050632422915
1979-07-17,1749.9984256171429
1979-07-18,1665.7433605758968
1979-07-19,1628.814833253955
1979-07-20,1627.7658949609952
1979-07-21,1649.9193343057232
1979-07-22,1631.6472852678814
1979-07-23,1612.512299594545
1979-07-24,1661.0269522703204
1979-07-25,1731.7453246392029
1979-07-26,1703.052868680267
1979-07-27,1643.984168085975
1979-07-28,1584.4260158347138
1979-07-29,1571.2713298372921
1979-07-30,1584.0053266819975
1979-07-31,1626.1760412522935
1979-08-01,1662.0806174781385
1979-08-02,1639.9496931173048
1979-08-03,1634.7399530086773
1979-08-04,1629.097611849445
1979-08-05,1700.2055194395448
1979-08-06,1898.0072863142832
1979-08-07,2087.653816971974
1979-08-08,2307.9643545986087
1979-08-09,2427.4290387896754
1979-08-10,2380.685991084758
1979-08-11,2333.033232471069
1979-08-12,2335.2958516288318
1979-08-13,2309.360913719243
1979-08-14,2195.018028486446
1979-08-15,2039.0986065454204
1979-08-16,1890.9986931208255
1979-08-17,1725.9901239513326
1979-08-18,1629.5592710440283
1979-08-19,1581.3901504705932
1979-08-20,1511.8209532166386
1979-08-21,1439.4092107693637
1979-08-22,1414.9044971512612
1979-08-23,1429.3067947313325
1979-08-24,1449.3390557648672
1979-08-25,1483.3543822435784
1979-08-26,1531.9585312931702
1979-08-27,1591.5075711148654
1979-08-28,1619.1864685991302
1979-08-29,1632.816239250254
1979-08-30,1667.7351608896063
1979-08-31,1664.7734402148901
1979-09-01,1626.3328191906032
1979-09-02,1556.0758377292318
1979-09-03,1502.795378105992
1979-09-04,1444.9284962790296
1979-09-05,1419.4189070440161
1979-09-06,1452.112909316424
1979-09-07,1523.1691712204924
1979-09-08,1643.77310906224
1979-09-09,1741.4865496147338
1979-09-10,1760.9981665015289
1979-09-11,1818.6626054637154
1979-09-12,1884.5766431416957
1979-09-13,1945.4270652080265
1979-09-14,2062.634187002497
1979-09-15,2007.0730351681086
1979-09-16,1881.2343862898267
1979-09-17,1746.467355048007
1979-09-18,1629.9353852691515
1979-09-19,1575.8906666999715
1979-09-20,1534.377053094223
1979-09-21,1472.2618279613187
1979-09-22,1357.4808864936194
1979-09-23,1197.9745412015711
1979-09-24,1084.4548566502483
1979-09-25,990.1725235912421
1979-09-26,890.5454323564454
1979-09-27,812.0072561997958
1979-09-28,749.6884007516791
1979-09-29,679.8268768604065
1979-09-30,640.7928454356183
1979-10-01,610.640625
1979-10-02,560.8359375
1979-10-03,514.2109375
1979-10-04,470.453125
1979-10-05,430.21875
1979-10-06,393.9921875
1979-10-07,361.46875
1979-10-08,331.1328125
1979-10-09,302.09375
1979-10-10,274.6171875
1979-10-11,249.09375
1979-10-12,225.5625
1979-10-13,204.09375
1979-10-14,184.5234375
1979-10-15,166.3515625
1979-10-16,149.3203125
1979-10-17,133.484375
1979-10-18,118.6953125
1979-10-19,105.1796875
1979-10-20,92.9921875
1979-10-21,81.9609375
1979-10-22,72.0234375
1979-10-23,63.03125
1979-10-24,55.09375
1979-10-25,48.171875
1979-10-26,42.1171875
1979-10-27,36.828125
1979-10-28,32.25
1979-10-29,28.3203125
1979-10-30,24.96875
1979-10-31,22.125
1979-11-01,19.6796875
1979-11-02,17.5546875
1979-11-03,15.7109375
1979-11-04,14.109375
1979-11-05,12.6484375
1979-11-06,11.3515625
1979-11-07,10.2109375
1979-11-08,9.1875
1979-11-09,8.2890625
1979-11-10,7.5234375
1979-11-11,6.84375
1979-11-12,6.25
1979-11-13,5.6875
1979-11-14,5.171875
1979-11-15,4.6953125
1979-11-16,4.2578125
1979-11-17,3.890625
1979-11-18,3.5859375
1979-11-19,3.3359375
1979-11-20,3.1171875
1979-11-21,2.921875
1979-11-22,2.7421875
1979-11-23,2.5703125
1979-11-24,2.390625
1979-11-25,2.234375
1979-11-26,2.078125
1979-11-27,1.9375
1979-11-28,1.828125
1979-11-29,1.71875
1979-11-30,1.609375
1979-12-01,1.484375
1979-12-02,1.375
1979-12-03,1.28125
1979-12-04,1.21875
1979-12-05,1.140625
1979-12-06,1.09375
1979-12-07,1.03125
1979-12-08,0.984375
1979-12-09,0.9375
1979-12-10,0.890625
1979-12-11,0.859375
1979-12-12,0.8125
1979-12-13,0.75
1979-12-14,0.703125
1979-12-15,0.65625
1979-12-16,0.59375
1979-12-17,0.5625
1979-12-18,0.515625
1979-12-19,0.484375
1979-12-20,0.4375
1979-12-21,0.40625
1979-12-22,0.375
1979-12-23,0.34375
1979-12-24,0.3125
1979-12-25,0.28125
1979-12-26,0.265625
1979-12-27,0.25
1979-12-28,0.25
1979-12-29,0.234375
1979-12-30,0.21875
1979-12-31,0.203125
1980-01-01,0.1875
1980-01-02,0.15625
1980-01-03,0.15625
1980-01-04,0.140625
1980-01-05,0.125
1980-01-06,0.109375
1980-01-07,0.109375
1980-01-08,0.09375
1980-01-09,0.09375
1980-01-10,0.078125
1980-01-11,0.078125
1980-01-12,0.078125
1980-01-13,0.06249999999999999
1980-01-14,0.06249999999999999
1980-01-15,0.046875
1980-01-16,0.046875
1980-01-17,0.03125
1980-01-18,0.03125
1980-01-19,0.03125
1980-01-20,0.015625
1980-01-21,0.015625
1980-01-22,0.015625
1980-01-23,0.015625
1980-01-24,0.015625
1980-01-25,0.015625
1980-01-26,0.015625
1980-01-27,0.0
1980-01-28,0.0
1980-01-29,0.0
1980-01-30,0.0
1980-01-31,0.0
1980-02-01,0.0
1980-02-02,0.0
1980-02-03,0.0
1980-02-04,0.0
1980-02-05,0.0
1980-02-06,0.0
1980-02-07,0.0
1980-02-08,0.0
1980-02-09,0.0
1980-02-10,0.0
1980-02-11,0.0
1980-02-12,0.0
1980-02-13,0.0
1980-02-14,0.0
1980-02-15,0.0
1980-02-16,0.0
1980-02-17,0.0
1980-02-18,0.0
1980-02-19,0.0
1980-02-20,0.0
1980-02-21,0.0
1980-02-22,0.0
1980-02-23,0.0
1980-02-24,0.0
1980-02-25,0.0
1980-02-26,0.0
1980-02-27,0.0
1980-02-28,0.0
1980-02-29,0.0
1980-03-01,0.0
1980-03-02,0.0
1980-03-03,0.0
1980-03-04,0.0
1980-03-05,0.0
1980-03-06,0.0
1980-03-07,0.0
1980-03-08,0.0
1980-03-09,0.0
1980-03-10,0.0
1980-03-11,0.0
1980-03-12,0.0
1980-03-13,0.0
1980-03-14,0.0
1980-03-15,0.0
1980-03-16,0.0
1980-03-17,0.0
1980-03-18,0.0
1980-03-19,0.0
1980-03-20,0.0
1980-03-21,0.0
1980-03-22,0.0
1980-03-23,0.0
1980-03-24,0.0
1980-03-25,0.0
1980-03-26,0.0
1980-03-27,0.0
1980-03-28,0.0
1980-03-29,0.0
1980-03-30,0.0
1980-03-31,0.0
1980-04-01,0.0
1980-04-02,0.0
1980-04-03,0.0
1980-04-04,0.0
1980-04-05,0.0
1980-04-06,0.0
1980-04-07,0.0
1980-04-08,0.0
1980-04-09,0.0
1980-04-10,0.0
1980-04-11,0.0
1980-04-12,0.0
1980-04-13,0.0
1980-04-14,0.0
1980-04-15,0.0
1980-04-16,0.0
1980-04-17,0.0
1980-04-18,0.0
1980-04-19,0.0
1980-04-20,0.0
1980-04-21,0.0
1980-04-22,0.0
1980-04-23,0.0
1980-04-24,0.0
1980-04-25,0.0
1980-04-26,0.0
1980-04-27,0.0
1980-04-28,0.0
1980-04-29,0.0
1980-04-30,0.0
1980-05-01,0.0
1980-05-02,0.0
1980-05-03,0.0
1980-05-04,0.0
1980-05-05,0.0
1980-05-06,0.0
1980-05-07,0.0
1980-05-08,0.0
1980-05-09,0.0
1980-05-10,0.0
1980-05-11,0.0
1980-05-12,0.0
1980-05-13,0.0
1980-05-14,0.0
1980-05-15,0.03268551236749115
1980-05-16,0.07856555933795045
1980-05-17,0.1162725015890529
1980-05-18,0.40626095917163213
1980-05-19,1.5024129757775897
1980-05-20,4.9940332558945455
1980-05-21,18.664733567827145
1980-05-22,58.10903519745907
1980-05-23,103.78631117548963
1980-05-24,169.13688433044993
1980-05-25,327.46383829018754
1980-05-26,570.5970719171689
1980-05-27,1070.355423389452
1980-05-28,1509.1021220658838
1980-05-29,2135.658909929736
1980-05-30,3059.66436014621
1980-05-31,4323.6297302356725
1980-06-01,5165.032692706207
1980-06-02,5952.143948382801
1980-06-03,6267.5477666315455
1980-06-04,6111.603519098548
1980-06-05,5676.91925907878
1980-06-06,5575.451050534325
1980-06-07,5319.019122769572
1980-06-08,5184.405136209255
1980-06-09,5038.330930590872
1980-06-10,4916.042188408821
1980-06-11,4825.966588250418
1980-06-12,4743.8703259410995
1980-06-13,4627.044457219807
1980-06-14,4548.040678767652
1980-06-15,4445.4353594384875
1980-06-16,4415.852468743832
1980-06-17,4414.183395712468
1980-06-18,4369.962512926885
1980-06-19,4227.277441859295
1980-06-20,4071.4771757949907
1980-06-21,3963.0578911435246
1980-06-22,3927.500191016425
1980-06-23,3909.114311639083
1980-06-24,3806.4675302039636
1980-06-25,3660.84113825761
1980-06-26,3497.991559015725
1980-06-27,3387.8180068665915
1980-06-28,3363.9551194119667
1980-06-29,3327.9723362173336
1980-06-30,3296.4543916315356
1980-07-01,3166.3049912875226
1980-07-02,3087.377209100871
1980-07-03,3118.6407387656
1980-07-04,3093.5303722774443
1980-07-05,3000.1476864056644
1980-07-06,2875.9829917629622
1980-07-07,2757.7833976994593
1980-07-08,2543.2971230528005
1980-07-09,2342.2346668286577
1980-07-10,2204.8229483469736
1980-07-11,2066.8989161323207
1980-07-12,2144.884642243394
1980-07-13,2268.335221816868
1980-07-14,2342.681647444505
1980-07-15,2375.512585283233
1980-07-16,2376.004256499494
1980-07-17,2377.4976895864
1980-07-18,2351.458781314894
1980-07-19,2335.2492205216417
1980-07-20,2460.5524802446967
1980-07-21,2674.5799321936893
1980-07-22,2798.7849250777977
1980-07-23,2808.0634286208365
1980-07-24,2790.5107890747636
1980-07-25,2759.6803804595747
1980-07-26,2799.843444532312
1980-07-27,2864.8000067129155
1980-07-28,2956.961582196764
1980-07-29,3073.8750098990718
1980-07-30,3148.1599379502313
1980-07-31,3149.5579014531395
1980-08-01,3065.494525130556
1980-08-02,2966.310250346288
1980-08-03,2800.6264626227708
1980-08-04,2649.7205522760632
1980-08-05,2569.624685871744
1980-08-06,2507.685117363679
1980-08-07,2572.3709514660372
1980-08-08,2716.347390185618
1980-08-09,2709.34333902958
1980-08-10,2575.1730944305723
1980-08-11,2418.4108748598214
1980-08-12,2240.264269377078
1980-08-13,2040.3605456814812
1980-08-14,1862.133053028795
1980-08-15,1746.4238442659146
1980-08-16,1627.264416393048
1980-08-17,1499.2307115279602
1980-08-18,1421.52005776411
1980-08-19,1406.1136017702652
1980-08-20,1345.2972524200975
1980-08-21,1256.7729629383377
1980-08-22,1173.586529341923
1980-08-23,1076.1753544646313
1980-08-24,979.6529878021955
1980-08-25,900.9949789766191
1980-08-26,847.0244946601952
1980-08-27,806.8653212199299
1980-08-28,778.7392965757667
1980-08-29,743.1455241684158
1980-08-30,692.4172155824383
1980-08-31,651.2925275792635
1980-09-01,611.3322414872489
1980-09-02,594.4749024492264
1980-09-03,585.0748464191922
1980-09-04,567.2371225784412
1980-09-05,546.0405203314003
1980-09-06,510.2360252116359
1980-09-07,472.6147553913028
1980-09-08,444.78112807384827
1980-09-09,404.3268083615373
1980-09-10,373.4657567691967
1980-09-11,345.9900739573321
1980-09-12,317.16134892856223
1980-09-13,309.0750090234854
1980-09-14,299.3965328559437
1980-09-15,294.18826475956143
1980-09-16,284.50416934775023
1980-09-17,272.3469377153297
1980-09-18,266.1297534177192
1980-09-19,251.8637685701767
1980-09-20,232.87376325247027
1980-09-21,215.53444707071588
1980-09-22,196.11783273869807
1980-09-23,184.4760567624006
1980-09-24,179.23334837143167
1980-09-25,180.48844552460142
1980-09-26,185.96578846360282
1980-09-27,186.2717450567576
1980-09-28,177.07269016658273
1980-09-29,172.2246864818961
1980-09-30,163.19166737770126
1980-10-01,156.390625
1980-10-02,144.0703125
1980-10-03,131.125
1980-10-04,118.078125
1980-10-05,105.4921875
1980-10-06,93.671875
1980-10-07,82.7578125
1980-10-08,72.8984375
1980-10-09,64.0625
1980-10-10,58.34375
1980-10-11,56.0703125
1980-10-12,57.03125
1980-10-13,61.1171875
1980-10-14,74.046875
1980-10-15,130.5703125
1980-10-16,194.171875
1980-10-17,215.9140625
1980-10-18,224.1328125
1980-10-19,220.703125
1980-10-20,207.6640625
1980-10-21,191.5859375
1980-10-22,175.546875
1980-10-23,160.1953125
1980-10-24,145.609375
1980-10-25,131.96875
1980-10-26,119.34375
1980-10-27,107.671875
1980-10-28,97.015625
1980-10-29,87.453125
1980-10-30,78.859375
1980-10-31,71.078125
1980-11-01,64.015625
1980-11-02,57.59375
1980-11-03,51.765625
1980-11-04,46.53125
1980-11-05,41.796875
1980-11-06,37.515625
1980-11-07,33.640625
1980-11-08,30.140625
1980-11-09,27.0
1980-11-10,24.140625
1980-11-11,21.59375
1980-11-12,19.359375
1980-11-13,17.390625
1980-11-14,15.65625
1980-11-15,14.078125
1980-11-16,12.65625
1980-11-17,11.390625
1980-11-18,10.3125
1980-11-19,9.375
1980-11-20,8.546875
1980-11-21,7.796875
1980-11-22,7.125
1980-11-23,6.515625
1980-11-24,5.96875
1980-11-25,5.46875
1980-11-26,5.03125
1980-11-27,4.625
1980-11-28,4.25
1980-11-29,3.921875
1980-11-30,3.625
1980-12-01,3.328125
1980-12-02,3.0625
1980-12-03,2.84375
1980-12-04,2.640625
1980-12-05,2.453125
1980-12-06,2.28125
1980-12-07,2.125
1980-12-08,1.96875
1980-12-09,1.84375
1980-12-10,1.703125
1980-12-11,1.59375
1980-12-12,1.484375
1980-12-13,1.390625
1980-12-14,1.3125
1980-12-15,1.234375
1980-12-16,1.15625
1980-12-17,1.09375
1980-12-18,1.015625
1980-12-19,0.9375
1980-12-20,0.859375
1980-12-21,0.8125
1980-12-22,0.75
1980-12-23,0.703125
1980-12-24,0.65625
1980-12-25,0.609375
1980-12-26,0.5625
1980-12-27,0.53125
1980-12-28,0.5
1980-12-29,0.453125
1980-12-30,0.421875
1980-12-31,0.390625
1981-01-01,0.375
1981-01-02,0.34375
1981-01-03,0.3125
1981-01-04,0.28125
1981-01-05,0.265625
1981-01-06,0.234375
1981-01-07,0.203125
1981-01-08,0.15625
1981-01-09,0.140625
1981-01-10,0.109375
1981-01-11,0.09375
1981-01-12,0.078125
1981-01-13,0.06249999999999999
1981-01-14,0.06249999999999999
1981-01-15,0.046875
1981-01-16,0.046875
1981-01-17,0.03125
1981-01-18,0.03125
1981-01-19,0.03125
1981-01-20,0.015625
1981-01-21,0.015625
1981-01-22,0.015625
1981-01-23,0.015625
1981-01-24,0.015625
1981-01-25,0.015625
1981-01-26,0.015625
1981-01-27,0.0
1981-01-28,0.0
1981-01-29,0.0
1981-01-30,0.0
1981-01-31,0.0
1981-02-01,0.0
1981-02-02,0.0
1981-02-03,0.0
1981-02-04,0.0
1981-02-05,0.0
1981-02-06,0.0
1981-02-07,0.0
1981-02-08,0.0
1981-02-09,0.0
1981-02-10,0.0
1981-02-11,0.0
1981-02-12,0.0
1981-02-13,0.0
1981-02-14,0.0
1981-02-15,0.0
1981-02-16,0.0
1981-02-17,0.0
1981-02-18,0.0
1981-02-19,0.0
1981-02-20,0.0
1981-02-21,0.0
1981-02-22,0.0
1981-02-23,0.0
1981-02-24,0.0
1981-02-25,0.0
1981-02-26,0.0
1981-02-27,0.0
1981-02-28,0.0
1981-03-01,0.0
1981-03-02,0.0
1981-03-03,0.0
1981-03-04,0.0
1981-03-05,0.0
1981-03-06,0.0
1981-03-07,0.0
1981-03-08,0.0
1981-03-09,0.0
1981-03-10,0.0
1981-03-11,0.0
1981-03-12,0.0
1981-03-13,0.0
1981-03-14,0.0
1981-03-15,0.0
1981-03-16,0.0
1981-03-17,0.0
1981-03-18,0.0
1981-03-19,0.0
1981-03-20,0.0
1981-03-21,0.0
1981-03-22,0.0
1981-03-23,0.0
1981-03-24,0.0
1981-03-25,0.0
1981-03-26,0.0
1981-03-27,0.0
1981-03-28,0.0
1981-03-29,0.0
1981-03-30,0.0
1981-03-31,0.0
1981-04-01,0.0
1981-04-02,0.0
1981-04-03,0.0
1981-04-04,0.0
1981-04-05,0.0
1981-04-06,0.0
1981-04-07,0.0
1981-04-08,0.0
1981-04-09,0.0
1981-04-10,0.0
1981-04-11,0.0
1981-04-12,0.0
1981-04-13,0.0
1981-04-14,0.0
1981-04-15,0.0
1981-04-16,0.0
1981-04-17,0.0
1981-04-18,0.0
1981-04-19,0.0
1981-04-20,0.0
1981-04-21,0.0
1981-04-22,0.0
1981-04-23,0.0
1981-04-24,0.0
1981-04-25,0.0
1981-04-26,0.0
1981-04-27,0.0
1981-04-28,0.0
1981-04-29,0.0
1981-04-30,0.0
1981-05-01,0.02040949083772519
1981-05-02,0.04272778419066648
1981-05-03,0.03708487084870848
1981-05-04,0.017702157932179274
1981-05-05,0.017993782120423824
1981-05-06,0.0
1981-05-07,0.1553426955962122
1981-05-08,5.4798125312351065
1981-05-09,13.860746949427503
1981-05-10,18.08936146720749
1981-05-11,27.686996644295302
1981-05-12,54.492563080265654
1981-05-13,77.49117759025442
1981-05-14,95.57007093051214
1981-05-15,122.19268911031187
1981-05-16,138.30062751309853
1981-05-17,130.37981235222108
1981-05-18,91.90855030401877
1981-05-19,63.819007254867756
1981-05-20,45.908974295149434
1981-05-21,45.63184274364339
1981-05-22,54.22796124571031
1981-05-23,86.48317449239963
1981-05-24,132.69927894073268
1981-05-25,195.92160697191053
1981-05-26,318.5062589713073
1981-05-27,467.2657156825864
1981-05-28,805.3306356576855
1981-05-29,1074.80937884174
1981-05-30,1455.4120992334367
1981-05-31,2011.621561665303
1981-06-01,2789.7741378305686
1981-06-02,3394.775685620055
1981-06-03,4188.0637379441505
1981-06-04,4961.854110333751
1981-06-05,5520.579156293404
1981-06-06,5668.340583415123
1981-06-07,5943.868954899476
1981-06-08,5909.962972804701
1981-06-09,5870.1043461995805
1981-06-10,5686.257546753262
1981-06-11,5489.573698321442
1981-06-12,5330.672359879643
1981-06-13,5126.170619046639
1981-06-14,4904.065836889499
1981-06-15,4831.366569529335
1981-06-16,4789.232523612021
1981-06-17,4748.830521169608
1981-06-18,4651.456779769519
1981-06-19,4546.550013593663
1981-06-20,4461.219958402333
1981-06-21,4462.820232538567
1981-06-22,4473.430929931219
1981-06-23,4457.047863609967
1981-06-24,4368.992033943261
1981-06-25,4181.301122952846
1981-06-26,3994.966933688713
1981-06-27,3815.3411244540844
1981-06-28,3661.865891733659
1981-06-29,3556.8509750835346
1981-06-30,3441.363497238722
1981-07-01,3327.783493063028
1981-07-02,3101.2455098733044
1981-07-03,2913.2528302396154
1981-07-04,2872.403189583995
1981-07-05,2833.2119645268044
1981-07-06,2710.6368479391613
1981-07-07,2529.9081399838096
1981-07-08,2388.2766267602456
1981-07-09,2253.09853108927
1981-07-10,2199.8491728420254
1981-07-11,2221.2759463809016
1981-07-12,2157.9592798234394
1981-07-13,2126.2212183216375
1981-07-14,2081.8943302270104
1981-07-15,2121.1304895504463
1981-07-16,2261.785223369622
1981-07-17,2429.4268497560915
1981-07-18,2605.681212209151
1981-07-19,2694.195762489402
1981-07-20,2628.9567294256904
1981-07-21,2520.3535156816097
1981-07-22,2384.6098599396446
1981-07-23,2255.840041107897
1981-07-24,2187.1315438272613
1981-07-25,2179.7666761235
1981-07-26,2182.334253278263
1981-07-27,2276.0827475557066
1981-07-28,2374.4371889555346
1981-07-29,2417.521445781939
1981-07-30,2417.9982081803264
1981-07-31,2395.1418235025035
1981-08-01,2334.449132160504
1981-08-02,2252.723072936565
1981-08-03,2223.1847884501117
1981-08-04,2134.997805420702
1981-08-05,2014.8947903728258
1981-08-06,1931.7304572040962
1981-08-07,1858.5587499992137
1981-08-08,1835.586668118683
1981-08-09,1832.710677415876
1981-08-10,1759.3924737401308
1981-08-11,1663.3277522729009
1981-08-12,1607.6648456778805
1981-08-13,1578.1153164734628
1981-08-14,1519.3987349797187
1981-08-15,1458.47049842356
1981-08-16,1418.4226558735788
1981-08-17,1341.9808792385752
1981-08-18,1254.9577542635593
1981-08-19,1204.092974611997
1981-08-20,1170.120769597515
1981-08-21,1125.6828322828446
1981-08-22,1087.3064004528646
1981-08-23,1047.2425247028868
1981-08-24,992.1860870070195
1981-08-25,927.2318705154181
1981-08-26,853.205938906155
1981-08-27,787.0610972401452
1981-08-28,737.0255988971888
1981-08-29,737.3179620434718
1981-08-30,828.8674848328945
1981-08-31,983.3183598274818
1981-09-01,1179.0910669595241
1981-09-02,1320.355045465353
1981-09-03,1427.8750037929478
1981-09-04,1563.9829753761944
1981-09-05,1644.882777036734
1981-09-06,1643.2937042424016
1981-09-07,1560.7169945071823
1981-09-08,1484.139002624286
1981-09-09,1454.4771694241595
1981-09-10,1340.0840160242828
1981-09-11,1225.691333335678
1981-09-12,1132.521080185786
1981-09-13,1042.0771750596384
1981-09-14,1018.9913076148649
1981-09-15,997.5352351035552
1981-09-16,1000.580930221467
1981-09-17,975.5032114518015
1981-09-18,923.7875951386338
1981-09-19,900.0679380516563
1981-09-20,878.4837275999447
1981-09-21,866.902481377167
1981-09-22,865.670926686645
1981-09-23,841.4860630587941
1981-09-24,825.8399142537903
1981-09-25,813.9088597479155
1981-09-26,803.4495682623731
1981-09-27,832.0096649897556
1981-09-28,912.752775178439
1981-09-29,1008.6951077228374
1981-09-30,1125.4268012547714
1981-10-01,1208.265625
1981-10-02,1232.9140625
1981-10-03,1264.515625
1981-10-04,1304.9140625
1981-10-05,1296.2734375
1981-10-06,1243.921875
1981-10-07,1173.21875
1981-10-08,1090.0859375
1981-10-09,1015.109375
1981-10-10,963.8203125
1981-10-11,934.6796875
1981-10-12,916.4140625
1981-10-13,890.515625
1981-10-14,851.1328125
1981-10-15,801.1640625
1981-10-16,745.78125
1981-10-17,688.953125
1981-10-18,633.3984375
1981-10-19,580.796875
1981-10-20,531.765625
1981-10-21,486.1875
1981-10-22,443.984375
1981-10-23,405.0625
1981-10-24,369.2421875
1981-10-25,336.09375
1981-10-26,305.375
1981-10-27,276.9765625
1981-10-28,250.8515625
1981-10-29,226.8359375
1981-10-30,204.625
1981-10-31,184.109375
1981-11-01,165.2578125
1981-11-02,147.90625
1981-11-03,131.984375
1981-11-04,117.4375
1981-11-05,104.171875
1981-11-06,92.109375
1981-11-07,81.2109375
1981-11-08,71.4453125
1981-11-09,62.765625
1981-11-10,55.0703125
1981-11-11,48.28125
1981-11-12,42.3671875
1981-11-13,37.2734375
1981-11-14,32.84375
1981-11-15,28.9453125
1981-11-16,25.5234375
1981-11-17,22.5703125
1981-11-18,20.0390625
1981-11-19,17.953125
1981-11-20,16.2734375
1981-11-21,14.875
1981-11-22,13.6796875
1981-11-23,12.640625
1981-11-24,11.984375
1981-11-25,15.703125
1981-11-26,32.109375
1981-11-27,44.1484375
1981-11-28,45.2265625
1981-11-29,42.6875
1981-11-30,39.578125
1981-12-01,36.796875
1981-12-02,34.734375
1981-12-03,33.234375
1981-12-04,31.765625
1981-12-05,30.0
1981-12-06,27.9375
1981-12-07,25.6875
1981-12-08,23.4375
1981-12-09,21.296875
1981-12-10,19.3125
1981-12-11,17.46875
1981-12-12,15.765625
1981-12-13,14.21875
1981-12-14,12.8125
1981-12-15,11.5625
1981-12-16,10.453125
1981-12-17,9.46875
1981-12-18,8.5625
1981-12-19,7.734375
1981-12-20,7.015625
1981-12-21,6.390625
1981-12-22,5.8125
1981-12-23,5.265625
1981-12-24,4.796875
1981-12-25,4.375
1981-12-26,3.984375
1981-12-27,3.640625
1981-12-28,3.34375
1981-12-29,3.078125
1981-12-30,2.8125
1981-12-31,2.578125
1982-01-01,2.375
1982-01-02,2.1875
1982-01-03,2.03125
1982-01-04,1.890625
1982-01-05,1.765625
1982-01-06,1.625
1982-01-07,1.453125
1982-01-08,1.3125
1982-01-09,1.203125
1982-01-10,1.109375
1982-01-11,1.015625
1982-01-12,0.921875
1982-01-13,0.828125
1982-01-14,0.765625
1982-01-15,0.703125
1982-01-16,0.671875
1982-01-17,0.625
1982-01-18,0.59375
1982-01-19,0.546875
1982-01-20,0.5
1982-01-21,0.453125
1982-01-22,0.40625
1982-01-23,0.375
1982-01-24,0.328125
1982-01-25,0.296875
1982-01-26,0.265625
1982-01-27,0.25
1982-01-28,0.21875
1982-01-29,0.1875
1982-01-30,0.15625
1982-01-31,0.15625
1982-02-01,0.125
1982-02-02,0.125
1982-02-03,0.125
1982-02-04,0.09375
1982-02-05,0.09375
1982-02-06,0.06249999999999999
1982-02-07,0.06249999999999999
1982-02-08,0.03125
1982-02-09,0.03125
1982-02-10,0.03125
1982-02-11,0.03125
1982-02-12,0.0
1982-02-13,0.0
1982-02-14,0.0
1982-02-15,0.0
1982-02-16,0.0
1982-02-17,0.0
1982-02-18,0.0
1982-02-19,0.0
1982-02-20,0.0
1982-02-21,0.0
1982-02-22,0.0
1982-02-23,0.0
1982-02-24,0.0
1982-02-25,0.0
1982-02-26,0.0
1982-02-27,0.0
1982-02-28,0.0
1982-03-01,0.0
1982-03-02,0.0
1982-03-03,0.0
1982-03-04,0.0
1982-03-05,0.0
1982-03-06,0.0
1982-03-07,0.0
1982-03-08,0.0
1982-03-09,0.0
1982-03-10,0.0
1982-03-11,0.0
1982-03-12,0.0
1982-03-13,0.0
1982-03-14,0.0
1982-03-15,0.0
1982-03-16,0.0
1982-03-17,0.0
1982-03-18,0.0
1982-03-19,0.0
1982-03-20,0.0
1982-03-21,0.0
1982-03-22,0.0
1982-03-23,0.0
1982-03-24,0.0
1982-03-25,0.0
1982-03-26,0.0
1982-03-27,0.0
1982-03-28,0.0
1982-03-29,0.0
1982-03-30,0.0
1982-03-31,0.0
1982-04-01,0.0
1982-04-02,0.0
1982-04-03,0.0
1982-04-04,0.0
1982-04-05,0.0
1982-04-06,0.0
1982-04-07,0.0
1982-04-08,0.0
1982-04-09,0.0
1982-04-10,0.0
1982-04-11,0.0
1982-04-12,0.0
1982-04-13,0.0
1982-04-14,0.0
1982-04-15,0.0
1982-04-16,0.0
1982-04-17,0.0
1982-04-18,0.0
1982-04-19,0.0
1982-04-20,0.0
1982-04-21,0.0
1982-04-22,0.0
1982-04-23,0.0
1982-04-24,0.0
1982-04-25,0.0
1982-04-26,0.0
1982-04-27,0.0
1982-04-28,0.0
1982-04-29,0.0
1982-04-30,0.0
1982-05-01,0.0
1982-05-02,0.0
1982-05-03,0.0
1982-05-04,0.0
1982-05-05,0.0
1982-05-06,0.0
1982-05-07,0.0
1982-05-08,0.0
1982-05-09,0.0
1982-05-10,0.0
1982-05-11,0.0
1982-05-12,0.0
1982-05-13,0.0
1982-05-14,0.0
1982-05-15,0.0
1982-05-16,0.0
1982-05-17,0.0
1982-05-18,0.0
1982-05-19,0.0
1982-05-20,0.0
1982-05-21,0.0
1982-05-22,0.0
1982-05-23,0.0
1982-05-24,0.0
1982-05-25,0.07533327655647644
1982-05-26,0.4740391308778797
1982-05-27,8.138422638106752
1982-05-28,63.875464728922005
1982-05-29,109.79228482585235
1982-05-30,209.40240221400805
1982-05-31,359.50134990273835
1982-06-01,522.9258271477162
1982-06-02,689.876900167316
1982-06-03,933.8919800537981
1982-06-04,1173.234268654402
1982-06-05,1374.6090065436438
1982-06-06,1559.2930587367619
1982-06-07,1880.6017931534147
1982-06-08,2166.279680130451
1982-06-09,2457.322073606067
1982-06-10,2690.930306342424
1982-06-11,2894.2283614270355
1982-06-12,3085.8048885135586
1982-06-13,3320.281898782955
1982-06-14,3628.1990593831556
1982-06-15,4108.074016427875
1982-06-16,4688.099673060251
1982-06-17,5385.159889687079
1982-06-18,6187.215986606215
1982-06-19,6990.910670674525
1982-06-20,7534.561129258791
1982-06-21,7777.739573565878
1982-06-22,7920.729892566868
1982-06-23,8314.232089364927
1982-06-24,9020.504256818043
1982-06-25,9753.354815316165
1982-06-26,10202.59883143446
1982-06-27,10250.567154895696
1982-06-28,10103.819332736855
1982-06-29,9965.503383281344
1982-06-30,9713.290143067437
1982-07-01,9371.773222470109
1982-07-02,8616.675219666071
1982-07-03,7911.786274350816
1982-07-04,7568.475944306003
1982-07-05,7351.864740107608
1982-07-06,7141.226426779542
1982-07-07,6812.870886680333
1982-07-08,6512.871039673774
1982-07-09,6058.3399728895065
1982-07-10,5673.164992033519
1982-07-11,5425.832212717698
1982-07-12,4957.6932039769035
1982-07-13,4654.321316167386
1982-07-14,4290.984553585489
1982-07-15,3898.963414051838
1982-07-16,3548.5308074632967
1982-07-17,3285.6641848372797
1982-07-18,3177.744082590051
1982-07-19,3107.032134645651
1982-07-20,2980.4168259391554
1982-07-21,2854.188944653438
1982-07-22,2709.306803676584
1982-07-23,2553.208390680679
1982-07-24,2429.80635411021
1982-07-25,2324.767294801421
1982-07-26,2178.094664237504
1982-07-27,2042.2160170190195
1982-07-28,1904.3417903123755
1982-07-29,1772.387274204518
1982-07-30,1632.1005535841507
1982-07-31,1512.561031712451
1982-08-01,1431.2502702171214
1982-08-02,1365.7823627476844
1982-08-03,1342.7123849993427
1982-08-04,1320.6796276978978
1982-08-05,1319.3914898136143
1982-08-06,1333.9379126649608
1982-08-07,1304.275410484812
1982-08-08,1285.4682187526237
1982-08-09,1328.4935625183307
1982-08-10,1400.415864268782
1982-08-11,1492.1019078232055
1982-08-12,1550.1763600817162
1982-08-13,1569.6646477409674
1982-08-14,1529.8721536798291
1982-08-15,1450.395867052589
1982-08-16,1389.4422959481803
1982-08-17,1304.0949493679464
1982-08-18,1207.5384695440507
1982-08-19,1175.0763079052308
1982-08-20,1218.140389969928
1982-08-21,1263.9029474454562
1982-08-22,1363.4892296968908
1982-08-23,1501.1489492653009
1982-08-24,1525.1175198942617
1982-08-25,1465.5093113700407
1982-08-26,1403.1537086954138
1982-08-27,1369.6501678601983
1982-08-28,1346.0786655654479
1982-08-29,1322.1595255113866
1982-08-30,1289.0391586569085
1982-08-31,1254.3445584655788
1982-09-01,1245.9952956818277
1982-09-02,1215.037529397016
1982-09-03,1219.6157217777807
1982-09-04,1284.6776449725928
1982-09-05,1336.356100556402
1982-09-06,1387.6571299970685
1982-09-07,1477.027113073324
1982-09-08,1522.2569870696943
1982-09-09,1530.914398804024
1982-09-10,1463.2683811534844
1982-09-11,1424.1331439287367
1982-09-12,1423.8521384292146
1982-09-13,1392.4249794063842
1982-09-14,1382.8831446673414
1982-09-15,1321.963090144927
1982-09-16,1272.3142033936722
1982-09-17,1197.8210921498926
1982-09-18,1092.6247552555717
1982-09-19,1015.2209794188939
1982-09-20,942.2472009885262
1982-09-21,879.253399061952
1982-09-22,825.4364583340118
1982-09-23,754.2610319875868
1982-09-24,708.5289613158632
1982-09-25,689.5046997663507
1982-09-26,717.6486724109909
1982-09-27,822.8271432554266
1982-09-28,930.2311240209738
1982-09-29,977.5708655970003
1982-09-30,1015.0686422049448
1982-10-01,1015.8671875
1982-10-02,955.515625
1982-10-03,889.25
1982-10-04,825.8671875
1982-10-05,766.359375
1982-10-06,709.3046875
1982-10-07,654.203125
1982-10-08,601.6328125
1982-10-09,552.0625
1982-10-10,505.46875
1982-10-11,461.796875
1982-10-12,421.28125
1982-10-13,383.9609375
1982-10-14,349.8828125
1982-10-15,318.78125
1982-10-16,290.1640625
1982-10-17,263.390625
1982-10-18,238.375
1982-10-19,215.1328125
1982-10-20,197.8984375
1982-10-21,187.7890625
1982-10-22,190.09375
1982-10-23,225.3515625
1982-10-24,325.7578125
1982-10-25,389.3671875
1982-10-26,395.8125
1982-10-27,386.6484375
1982-10-28,371.2421875
1982-10-29,350.4296875
1982-10-30,326.109375
1982-10-31,300.625
1982-11-01,275.7890625
1982-11-02,252.3515625
1982-11-03,230.421875
1982-11-04,210.0
1982-11-05,191.015625
1982-11-06,173.3828125
1982-11-07,156.984375
1982-11-08,141.7578125
1982-11-09,127.71875
1982-11-10,114.8671875
1982-11-11,103.234375
1982-11-12,92.7265625
1982-11-13,83.1484375
1982-11-14,74.484375
1982-11-15,66.6484375
1982-11-16,59.5546875
1982-11-17,53.140625
1982-11-18,47.3203125
1982-11-19,42.0625
1982-11-20,37.34375
1982-11-21,33.1640625
1982-11-22,29.46875
1982-11-23,26.1875
1982-11-24,23.28125
1982-11-25,20.6875
1982-11-26,18.390625
1982-11-27,16.359375
1982-11-28,14.578125
1982-11-29,13.03125
1982-11-30,11.671875
1982-12-01,10.484375
1982-12-02,9.421875
1982-12-03,8.4375
1982-12-04,7.53125
1982-12-05,6.765625
1982-12-06,6.09375
1982-12-07,5.515625
1982-12-08,4.984375
1982-12-09,4.546875
1982-12-10,4.15625
1982-12-11,3.78125
1982-12-12,3.40625
1982-12-13,3.046875
1982-12-14,2.75
1982-12-15,2.5
1982-12-16,2.28125
1982-12-17,2.09375
1982-12-18,1.953125
1982-12-19,1.796875
1982-12-20,1.640625
1982-12-21,1.515625
1982-12-22,1.375
1982-12-23,1.265625
1982-12-24,1.171875
1982-12-25,1.09375
1982-12-26,1.03125
1982-12-27,0.96875
1982-12-28,0.921875
1982-12-29,0.875
1982-12-30,0.828125
1982-12-31,0.796875
1983-01-01,0.75
1983-01-02,0.703125
1983-01-03,0.671875
1983-01-04,0.640625
1983-01-05,0.59375
1983-01-06,0.5625
1983-01-07,0.53125
1983-01-08,0.5
1983-01-09,0.46875
1983-01-10,0.4375
1983-01-11,0.40625
1983-01-12,0.375
1983-01-13,0.34375
1983-01-14,0.328125
1983-01-15,0.3125
1983-01-16,0.28125
1983-01-17,0.265625
1983-01-18,0.25
1983-01-19,0.234375
1983-01-20,0.21875
1983-01-21,0.203125
1983-01-22,0.203125
1983-01-23,0.1875
1983-01-24,0.171875
1983-01-25,0.15625
1983-01-26,0.140625
1983-01-27,0.109375
1983-01-28,0.09375
1983-01-29,0.09375
1983-01-30,0.078125
1983-01-31,0.06249999999999999
1983-02-01,0.046875
1983-02-02,0.046875
1983-02-03,0.03125
1983-02-04,0.03125
1983-02-05,0.015625
1983-02-06,0.015625
1983-02-07,0.015625
1983-02-08,0.0
1983-02-09,0.0
1983-02-10,0.0
1983-02-11,0.0
1983-02-12,0.0
1983-02-13,0.0
1983-02-14,0.0
1983-02-15,0.0
1983-02-16,0.0
1983-02-17,0.0
1983-02-18,0.0
1983-02-19,0.0
1983-02-20,0.0
1983-02-21,0.0
1983-02-22,0.0
1983-02-23,0.0
1983-02-24,0.0
1983-02-25,0.0
1983-02-26,0.0
1983-02-27,0.0
1983-02-28,0.0
1983-03-01,0.0
1983-03-02,0.0
1983-03-03,0.0
1983-03-04,0.0
1983-03-05,0.0
1983-03-06,0.0
1983-03-07,0.0
1983-03-08,0.0
1983-03-09,0.0
1983-03-10,0.0
1983-03-11,0.0
1983-03-12,0.0
1983-03-13,0.0
1983-03-14,0.0
1983-03-15,0.0
1983-03-16,0.0
1983-03-17,0.0
1983-03-18,0.0
1983-03-19,0.0
1983-03-20,0.0
1983-03-21,0.0
1983-03-22,0.0
1983-03-23,0.0
1983-03-24,0.0
1983-03-25,0.0
1983-03-26,0.0
1983-03-27,0.0
1983-03-28,0.0
1983-03-29,0.0
1983-03-30,0.0
1983-03-31,0.0
1983-04-01,0.0
1983-04-02,0.0
1983-04-03,0.0
1983-04-04,0.0
1983-04-05,0.0
1983-04-06,0.0
1983-04-07,0.0
1983-04-08,0.0
1983-04-09,0.0
1983-04-10,0.0
1983-04-11,0.0
1983-04-12,0.0
1983-04-13,0.0
1983-04-14,0.0
1983-04-15,0.0
1983-04-16,0.0
1983-04-17,0.0
1983-04-18,0.0
1983-04-19,0.0
1983-04-20,0.0
1983-04-21,0.0
1983-04-22,0.0
1983-04-23,0.0
1983-04-24,0.0
1983-04-25,0.0
1983-04-26,0.0
1983-04-27,0.0
1983-04-28,0.0
1983-04-29,0.0
1983-04-30,0.0
1983-05-01,0.0
1983-05-02,0.0
1983-05-03,0.0
1983-05-04,0.0
1983-05-05,0.0
1983-05-06,0.0
1983-05-07,0.0
1983-05-08,0.0
1983-05-09,0.0
1983-05-10,0.0
1983-05-11,0.0
1983-05-12,0.06289491662093605
1983-05-13,0.3076073853181904
1983-05-14,1.3908060831930753
1983-05-15,4.619712870703378
1983-05-16,10.299287193858898
1983-05-17,44.09498264383814
1983-05-18,120.46669165177549
1983-05-19,146.19863088263406
1983-05-20,168.2587541417058
1983-05-21,251.04576054729108
1983-05-22,248.5204149512645
1983-05-23,232.67698752733543
1983-05-24,220.75823788615455
1983-05-25,219.59638796776224
1983-05-26,270.76204120021623
1983-05-27,373.46966813314305
1983-05-28,707.6556524641599
1983-05-29,1070.2408779657246
1983-05-30,1560.197912810313
1983-05-31,2188.1553362177006
1983-06-01,2946.9628089497037
1983-06-02,3383.509772075307
1983-06-03,3815.084924549292
1983-06-04,3965.325409067069
1983-06-05,3824.7524621549424
1983-06-06,3499.040586212825
1983-06-07,3412.1974280021736
1983-06-08,3299.873535537267
1983-06-09,3333.7443246056746
1983-06-10,3441.4434786630036
1983-06-11,3707.44258929657
1983-06-12,4188.565659886752
1983-06-13,4826.1596696276165
1983-06-14,5580.78567625961
1983-06-15,6348.731280617517
1983-06-16,6680.750410168868
1983-06-17,6684.508507929301
1983-06-18,6570.836763920594
1983-06-19,6410.824048168953
1983-06-20,6182.597792042374
1983-06-21,6014.050284285866
1983-06-22,5931.411399464479
1983-06-23,5887.711584884706
1983-06-24,5759.270675709398
1983-06-25,5490.100606805114
1983-06-26,5244.482016224568
1983-06-27,5015.793664424148
1983-06-28,4841.908423166335
1983-06-29,4760.13403008764
1983-06-30,4628.468222598424
1983-07-01,4443.604873398392
1983-07-02,4073.092581983107
1983-07-03,3737.9857529866417
1983-07-04,3584.3975457989154
1983-07-05,3477.3994184534886
1983-07-06,3371.97938142616
1983-07-07,3257.298689546844
1983-07-08,3236.6380772138173
1983-07-09,3227.060720446106
1983-07-10,3231.620082435952
1983-07-11,3182.0588994206114
1983-07-12,2904.539720752633
1983-07-13,2730.400965122034
1983-07-14,2587.151529574318
1983-07-15,2485.4120174729205
1983-07-16,2417.450113665334
1983-07-17,2372.8333859478857
1983-07-18,2448.700703675375
1983-07-19,2661.2375097335844
1983-07-20,2846.2918096075036
1983-07-21,2870.9248316199746
1983-07-22,2805.740975427641
1983-07-23,2696.9534419100933
1983-07-24,2566.911392389863
1983-07-25,2418.7225604696387
1983-07-26,2236.1604082565314
1983-07-27,2106.998813514332
1983-07-28,2012.4393386141605
1983-07-29,1956.6714469612732
1983-07-30,1938.572331241668
1983-07-31,1978.1331720243768
1983-08-01,2104.553094889609
1983-08-02,2284.0097484890257
1983-08-03,2455.803683983081
1983-08-04,2543.8729736361456
1983-08-05,2674.605081953923
1983-08-06,2853.697350580968
1983-08-07,2904.303998657586
1983-08-08,2903.361794946368
1983-08-09,2886.323509721356
1983-08-10,2774.3193405198735
1983-08-11,2636.3995214904576
1983-08-12,2520.2392634071093
1983-08-13,2410.1014066933394
1983-08-14,2316.090748659723
1983-08-15,2251.5028199679755
1983-08-16,2194.548137601069
1983-08-17,2050.70595546095
1983-08-18,1857.9558401491993
1983-08-19,1683.4684357754377
1983-08-20,1574.342739641372
1983-08-21,1548.8524921514113
1983-08-22,1520.4438671228154
1983-08-23,1455.0940983275286
1983-08-24,1382.516050158135
1983-08-25,1314.0184066780002
1983-08-26,1226.2217926897342
1983-08-27,1124.8903043282871
1983-08-28,1026.2934723598332
1983-08-29,959.6684766736329
1983-08-30,936.132727716999
1983-08-31,926.0901686794319
1983-09-01,933.110780204671
1983-09-02,953.6308392038453
1983-09-03,974.0038002455144
1983-09-04,949.1549555394341
1983-09-05,888.87614920501
1983-09-06,830.7162756479498
1983-09-07,770.959100245729
1983-09-08,724.2202021937659
1983-09-09,700.1124127580684
1983-09-10,656.8183117979596
1983-09-11,643.290699641186
1983-09-12,673.7350335195257
1983-09-13,692.8827144003965
1983-09-14,710.9921114764621
1983-09-15,687.4688604550156
1983-09-16,655.07623583299
1983-09-17,608.0032596193072
1983-09-18,559.4216326551957
1983-09-19,533.4898139089377
1983-09-20,506.321463214838
1983-09-21,481.56580452312176
1983-09-22,467.8470547422365
1983-09-23,451.0104149819408
1983-09-24,442.85856661756515
1983-09-25,432.4704413916265
1983-09-26,416.86084881746064
1983-09-27,413.05803280093846
1983-09-28,425.98967743876665
1983-09-29,444.71326491690803
1983-09-30,490.7750762062605
1983-10-01,540.7421875
1983-10-02,552.703125
1983-10-03,538.1640625
1983-10-04,511.125
1983-10-05,482.8359375
1983-10-06,466.1015625
1983-10-07,461.28125
1983-10-08,449.578125
1983-10-09,422.8125
1983-10-10,390.6875
1983-10-11,358.7421875
1983-10-12,328.09375
1983-10-13,298.7421875
1983-10-14,271.09375
1983-10-15,245.515625
1983-10-16,221.9453125
1983-10-17,200.28125
1983-10-18,180.4453125
1983-10-19,162.3203125
1983-10-20,145.8046875
1983-10-21,130.8203125
1983-10-22,117.140625
1983-10-23,104.609375
1983-10-24,93.2109375
1983-10-25,82.875
1983-10-26,73.421875
1983-10-27,64.875
1983-10-28,57.21875
1983-10-29,50.40625
1983-10-30,44.3828125
1983-10-31,39.046875
1983-11-01,34.3515625
1983-11-02,30.2578125
1983-11-03,26.6953125
1983-11-04,23.578125
1983-11-05,20.8671875
1983-11-06,18.5
1983-11-07,16.453125
1983-11-08,14.671875
1983-11-09,13.125
1983-11-10,11.734375
1983-11-11,10.484375
1983-11-12,9.390625
1983-11-13,8.453125
1983-11-14,7.671875
1983-11-15,6.984375
1983-11-16,6.375
1983-11-17,5.828125
1983-11-18,5.328125
1983-11-19,4.890625
1983-11-20,4.5
1983-11-21,4.140625
1983-11-22,3.828125
1983-11-23,3.546875
1983-11-24,3.296875
1983-11-25,3.0625
1983-11-26,2.859375
1983-11-27,2.671875
1983-11-28,2.5
1983-11-29,2.328125
1983-11-30,2.15625
1983-12-01,1.984375
1983-12-02,1.84375
1983-12-03,1.703125
1983-12-04,1.5625
1983-12-05,1.40625
1983-12-06,1.296875
1983-12-07,1.1875
1983-12-08,1.109375
1983-12-09,1.03125
1983-12-10,0.953125
1983-12-11,0.875
1983-12-12,0.8125
1983-12-13,0.75
1983-12-14,0.703125
1983-12-15,0.65625
1983-12-16,0.59375
1983-12-17,0.53125
1983-12-18,0.5
1983-12-19,0.46875
1983-12-20,0.4375
1983-12-21,0.390625
1983-12-22,0.359375
1983-12-23,0.3125
1983-12-24,0.28125
1983-12-25,0.234375
1983-12-26,0.203125
1983-12-27,0.1875
1983-12-28,0.15625
1983-12-29,0.140625
1983-12-30,0.125
1983-12-31,0.109375
1984-01-01,0.09375
1984-01-02,0.09375
1984-01-03,0.078125
1984-01-04,0.078125
1984-01-05,0.06249999999999999
1984-01-06,0.06249999999999999
1984-01-07,0.046875
1984-01-08,0.046875
1984-01-09,0.03125
1984-01-10,0.03125
1984-01-11,0.015625
1984-01-12,0.015625
1984-01-13,0.015625
1984-01-14,0.015625
1984-01-15,0.0
1984-01-16,0.0
1984-01-17,0.0
1984-01-18,0.0
1984-01-19,0.0
1984-01-20,0.0
1984-01-21,0.0
1984-01-22,0.0
1984-01-23,0.0
1984-01-24,0.0
1984-01-25,0.0
1984-01-26,0.0
1984-01-27,0.0
1984-01-28,0.0
1984-01-29,0.0
1984-01-30,0.0
1984-01-31,0.0
1984-02-01,0.0
1984-02-02,0.0
1984-02-03,0.0
1984-02-04,0.0
1984-02-05,0.0
1984-02-06,0.0
1984-02-07,0.0
1984-02-08,0.0
1984-02-09,0.0
1984-02-10,0.0
1984-02-11,0.0
1984-02-12,0.0
1984-02-13,0.0
1984-02-14,0.0
1984-02-15,0.0
1984-02-16,0.0
1984-02-17,0.0
1984-02-18,0.0
1984-02-19,0.0
1984-02-20,0.0
1984-02-21,0.0
1984-02-22,0.0
1984-02-23,0.0
1984-02-24,0.0
1984-02-25,0.0
1984-02-26,0.0
1984-02-27,0.0
1984-02-28,0.0
1984-02-29,0.0
1984-03-01,0.0
1984-03-02,0.0
1984-03-03,0.0
1984-03-04,0.0
1984-03-05,0.0
1984-03-06,0.0
1984-03-07,0.0
1984-03-08,0.0
1984-03-09,0.0
1984-03-10,0.0
1984-03-11,0.0
1984-03-12,0.0
1984-03-13,0.0
1984-03-14,0.0
1984-03-15,0.0
1984-03-16,0.0
1984-03-17,0.0
1984-03-18,0.0
1984-03-19,0.0
1984-03-20,0.0
1984-03-21,0.0
1984-03-22,0.0
1984-03-23,0.0
1984-03-24,0.0
1984-03-25,0.0
1984-03-26,0.0
1984-03-27,0.0
1984-03-28,0.0
1984-03-29,0.0
1984-03-30,0.0
1984-03-31,0.0
1984-04-01,0.0
1984-04-02,0.0
1984-04-03,0.0
1984-04-04,0.0
1984-04-05,0.0
1984-04-06,0.0
1984-04-07,0.0
1984-04-08,0.0
1984-04-09,0.0
1984-04-10,0.0
1984-04-11,0.0
1984-04-12,0.0
1984-04-13,0.0
1984-04-14,0.0
1984-04-15,0.0
1984-04-16,0.0
1984-04-17,0.0
1984-04-18,0.0
1984-04-19,0.0
1984-04-20,0.0
1984-04-21,0.0
1984-04-22,0.0
1984-04-23,0.0
1984-04-24,0.0
1984-04-25,0.0
1984-04-26,0.0
1984-04-27,0.0
1984-04-28,0.0
1984-04-29,0.0
1984-04-30,0.0
1984-05-01,0.0
1984-05-02,0.0
1984-05-03,0.0
1984-05-04,0.0
1984-05-05,0.0
1984-05-06,0.0
1984-05-07,0.0
1984-05-08,0.020499376954364844
1984-05-09,0.22544775165328157
1984-05-10,1.7771065091477434
1984-05-11,10.074967801906128
1984-05-12,113.46042129306514
1984-05-13,311.0922968261601
1984-05-14,431.18055833972056
1984-05-15,539.2868587790907
1984-05-16,634.5875371019401
1984-05-17,559.2146918436611
1984-05-18,479.63908985897484
1984-05-19,409.8198937400088
1984-05-20,414.63842717973074
1984-05-21,356.7764562122778
1984-05-22,338.48379059167354
1984-05-23,354.8356390769186
1984-05-24,397.58751406844266
1984-05-25,512.7176063472377
1984-05-26,648.2061388835443
1984-05-27,998.7076645732654
1984-05-28,1214.062513476077
1984-05-29,1515.1065429357645
1984-05-30,1940.6148550978794
1984-05-31,2459.0622811266653
1984-06-01,2662.0760995525143
1984-06-02,2875.27351843617
1984-06-03,2953.9723944992093
1984-06-04,2975.1710571245885
1984-06-05,3115.3328444983536
1984-06-06,3735.10360441949
1984-06-07,4286.209738078931
1984-06-08,4687.802864894634
1984-06-09,4833.439348692371
1984-06-10,4828.511037917051
1984-06-11,4735.8728229549615
1984-06-12,4649.653175541794
1984-06-13,4602.575047328974
1984-06-14,4618.022317419711
1984-06-15,4580.455573329282
1984-06-16,4544.509314490899
1984-06-17,4490.603872257768
1984-06-18,4486.193431765834
1984-06-19,4480.320615769098
1984-06-20,4422.288039797891
1984-06-21,4286.080052575658
1984-06-22,4158.454780475682
1984-06-23,4080.732269885063
1984-06-24,3972.0237065561264
1984-06-25,3823.07326044915
1984-06-26,3623.687820104593
1984-06-27,3433.608727146159
1984-06-28,3306.08995347475
1984-06-29,3223.6746472778545
1984-06-30,3194.050597383053
1984-07-01,3067.760664516764
1984-07-02,2960.152977053581
1984-07-03,2895.2173538566826
1984-07-04,2772.1288833151416
1984-07-05,2688.833142809288
1984-07-06,2665.7649395586177
1984-07-07,2723.369795050436
1984-07-08,2756.196847274212
1984-07-09,2783.662605672753
1984-07-10,2782.189219646135
1984-07-11,2605.145026330999
1984-07-12,2486.934007920512
1984-07-13,2303.113160605977
1984-07-14,2091.1226538250826
1984-07-15,1901.6034831933148
1984-07-16,1768.234584365565
1984-07-17,1718.655692146603
1984-07-18,1643.209728768312
1984-07-19,1521.0055464863487
1984-07-20,1430.966316033896
1984-07-21,1377.6557538733668
1984-07-22,1364.1626818595707
1984-07-23,1398.7360435178375
1984-07-24,1466.8062671645605
1984-07-25,1533.1367902623836
1984-07-26,1638.5972015531675
1984-07-27,1820.400663829674
1984-07-28,2010.0976672969944
1984-07-29,2220.1084127817094
1984-07-30,2456.4246512091772
1984-07-31,2597.143633562247
1984-08-01,2598.2198473688372
1984-08-02,2543.8720286523067
1984-08-03,2383.9063602174265
1984-08-04,2204.985922580571
1984-08-05,2048.2026810067396
1984-08-06,1877.1409370015924
1984-08-07,1804.2888075811763
1984-08-08,1821.7923350907129
1984-08-09,1841.8763766045768
1984-08-10,1865.9616346345597
1984-08-11,1895.4497218230858
1984-08-12,1920.0620398407746
1984-08-13,1924.9155424897297
1984-08-14,2005.820083066083
1984-08-15,2284.2578643408524
1984-08-16,2608.729528571839
1984-08-17,2740.798117153651
1984-08-18,2688.0220826357504
1984-08-19,2578.375367386312
1984-08-20,2450.4031020851467
1984-08-21,2322.666685943475
1984-08-22,2199.1191741657517
1984-08-23,2090.1409788368187
1984-08-24,1985.394406450294
1984-08-25,1859.5777224713827
1984-08-26,1741.3541661237011
1984-08-27,1641.5584335220058
1984-08-28,1544.9318325695615
1984-08-29,1433.877425011829
1984-08-30,1359.0024998894994
1984-08-31,1353.810352670555
1984-09-01,1296.7762980411642
1984-09-02,1234.0136620055341
1984-09-03,1192.027982329954
1984-09-04,1211.5233011631703
1984-09-05,1338.8918215098251
1984-09-06,1520.6418494245481
1984-09-07,1803.099596678355
1984-09-08,2192.402426109121
1984-09-09,2476.845770853741
1984-09-10,2495.4604251695596
1984-09-11,2344.976968863511
1984-09-12,2153.6318131590356
1984-09-13,2094.5241460457996
1984-09-14,2013.9518302716833
1984-09-15,1961.317077820415
1984-09-16,1884.336243754653
1984-09-17,1822.8021793469554
1984-09-18,1853.051769399899
1984-09-19,1845.8164585300356
1984-09-20,1797.495188507795
1984-09-21,1755.6443853515277
1984-09-22,1695.000526634869
1984-09-23,1691.7785935780312
1984-09-24,1711.8670342706362
1984-09-25,1703.9852838661384
1984-09-26,1724.3958916577399
1984-09-27,1760.6013194567013
1984-09-28,1734.173431025972
1984-09-29,1744.2689382058745
1984-09-30,1725.8356271928076
1984-10-01,1775.84375
1984-10-02,1816.96875
1984-10-03,1885.453125
1984-10-04,1911.9375
1984-10-05,1857.859375
1984-10-06,1752.75
1984-10-07,1637.53125
1984-10-08,1525.546875
1984-10-09,1405.578125
1984-10-10,1281.796875
1984-10-11,1168.421875
1984-10-12,1066.109375
1984-10-13,970.875
1984-10-14,881.390625
1984-10-15,801.359375
1984-10-16,736.34375
1984-10-17,684.984375
1984-10-18,654.140625
1984-10-19,638.078125
1984-10-20,614.515625
1984-10-21,577.46875
1984-10-22,534.671875
1984-10-23,491.59375
1984-10-24,450.078125
1984-10-25,411.046875
1984-10-26,374.75
1984-10-27,340.984375
1984-10-28,309.5
1984-10-29,282.53125
1984-10-30,260.65625
1984-10-31,245.40625
1984-11-01,238.078125
1984-11-02,243.71875
1984-11-03,259.828125
1984-11-04,280.84375
1984-11-05,299.4375
1984-11-06,305.015625
1984-11-07,297.625
1984-11-08,285.5
1984-11-09,268.25
1984-11-10,246.53125
1984-11-11,224.0625
1984-11-12,203.015625
1984-11-13,183.796875
1984-11-14,166.25
1984-11-15,150.328125
1984-11-16,135.859375
1984-11-17,122.75
1984-11-18,110.984375
1984-11-19,100.375
1984-11-20,90.84375
1984-11-21,82.234375
1984-11-22,74.4375
1984-11-23,67.34375
1984-11-24,60.90625
1984-11-25,55.046875
1984-11-26,49.703125
1984-11-27,44.796875
1984-11-28,40.296875
1984-11-29,36.21875
1984-11-30,32.5
1984-12-01,29.109375
1984-12-02,26.0625
1984-12-03,23.34375
1984-12-04,20.90625
1984-12-05,18.703125
1984-12-06,16.703125
1984-12-07,14.890625
1984-12-08,13.296875
1984-12-09,11.890625
1984-12-10,10.65625
1984-12-11,9.5625
1984-12-12,8.578125
1984-12-13,7.703125
1984-12-14,6.890625
1984-12-15,6.1875
1984-12-16,5.578125
1984-12-17,5.046875
1984-12-18,4.59375
1984-12-19,4.1875
1984-12-20,3.8125
1984-12-21,3.453125
1984-12-22,3.140625
1984-12-23,2.859375
1984-12-24,2.609375
1984-12-25,2.375
1984-12-26,2.171875
1984-12-27,1.96875
1984-12-28,1.78125
1984-12-29,1.59375
1984-12-30,1.421875
1984-12-31,1.28125
1985-01-01,1.15625
1985-01-02,1.03125
1985-01-03,0.921875
1985-01-04,0.84375
1985-01-05,0.78125
1985-01-06,0.734375
1985-01-07,0.6875
1985-01-08,0.640625
1985-01-09,0.59375
1985-01-10,0.546875
1985-01-11,0.5
1985-01-12,0.46875
1985-01-13,0.4375
1985-01-14,0.40625
1985-01-15,0.359375
1985-01-16,0.328125
1985-01-17,0.296875
1985-01-18,0.25
1985-01-19,0.21875
1985-01-20,0.21875
1985-01-21,0.1875
1985-01-22,0.15625
1985-01-23,0.125
1985-01-24,0.125
1985-01-25,0.09375
1985-01-26,0.09375
1985-01-27,0.09375
1985-01-28,0.06249999999999999
1985-01-29,0.06249999999999999
1985-01-30,0.03125
1985-01-31,0.03125
1985-02-01,0.03125
1985-02-02,0.03125
1985-02-03,0.0
1985-02-04,0.0
1985-02-05,0.0
1985-02-06,0.0
1985-02-07,0.0
1985-02-08,0.0
1985-02-09,0.0
1985-02-10,0.0
1985-02-11,0.0
1985-02-12,0.0
1985-02-13,0.0
1985-02-14,0.0
1985-02-15,0.0
1985-02-16,0.0
1985-02-17,0.0
1985-02-18,0.0
1985-02-19,0.0
1985-02-20,0.0
1985-02-21,0.0
1985-02-22,0.0
1985-02-23,0.0
1985-02-24,0.0
1985-02-25,0.0
1985-02-26,0.0
1985-02-27,0.0
1985-02-28,0.0
1985-03-01,0.0
1985-03-02,0.0
1985-03-03,0.0
1985-03-04,0.0
1985-03-05,0.0
1985-03-06,0.0
1985-03-07,0.0
1985-03-08,0.0
1985-03-09,0.0
1985-03-10,0.0
1985-03-11,0.0
1985-03-12,0.0
1985-03-13,0.0
1985-03-14,0.0
1985-03-15,0.0
1985-03-16,0.0
1985-03-17,0.0
1985-03-18,0.0
1985-03-19,0.0
1985-03-20,0.0
1985-03-21,0.0
1985-03-22,0.0
1985-03-23,0.0
1985-03-24,0.0
1985-03-25,0.0
1985-03-26,0.0
1985-03-27,0.0
1985-03-28,0.0
1985-03-29,0.0
1985-03-30,0.0
1985-03-31,0.0
1985-04-01,0.0
1985-04-02,0.0
1985-04-03,0.0
1985-04-04,0.0
1985-04-05,0.0
1985-04-06,0.0
1985-04-07,0.0
1985-04-08,0.0
1985-04-09,0.0
1985-04-10,0.0
1985-04-11,0.0
1985-04-12,0.0
1985-04-13,0.0
1985-04-14,0.0
1985-04-15,0.0
1985-04-16,0.0
1985-04-17,0.0
1985-04-18,0.0
1985-04-19,0.0
1985-04-20,0.0
1985-04-21,0.0
1985-04-22,0.0
1985-04-23,0.0
1985-04-24,0.0
1985-04-25,0.0
1985-04-26,0.0
1985-04-27,0.0
1985-04-28,0.0
1985-04-29,0.0
1985-04-30,0.0
1985-05-01,0.0
1985-05-02,0.0
1985-05-03,0.0
1985-05-04,0.0
1985-05-05,0.0
1985-05-06,0.0
1985-05-07,0.0
1985-05-08,0.0
1985-05-09,0.0
1985-05-10,0.0
1985-05-11,0.0
1985-05-12,0.0
1985-05-13,0.0
1985-05-14,0.0
1985-05-15,0.0
1985-05-16,0.0
1985-05-17,0.0
1985-05-18,0.0
1985-05-19,0.0
1985-05-20,0.0
1985-05-21,0.0
1985-05-22,0.006353173946062619
1985-05-23,0.11354169351465059
1985-05-24,2.24463137154694
1985-05-25,8.820793373925193
1985-05-26,28.575090382413038
1985-05-27,68.45812519563387
1985-05-28,163.41647745211503
1985-05-29,294.1363448814612
1985-05-30,577.5578949176282
1985-05-31,1178.641964020257
1985-06-01,2055.5898440294914
1985-06-02,2755.054486768263
1985-06-03,3445.444420676386
1985-06-04,3752.7948208950506
1985-06-05,3670.6303531479184
1985-06-06,3430.7334567335174
1985-06-07,3494.6971563122625
1985-06-08,3600.1594156778337
1985-06-09,3927.4749391527653
1985-06-10,4343.169766540431
1985-06-11,4850.565149855904
1985-06-12,5462.479663117916
1985-06-13,6066.588954598972
1985-06-14,6578.232373081308
1985-06-15,7160.5980856047045
1985-06-16,7597.505426992666
1985-06-17,7783.27960295115
1985-06-18,7649.349209064663
1985-06-19,7378.001863834118
1985-06-20,7125.064438428847
1985-06-21,6975.032320554123
1985-06-22,6895.125472092406
1985-06-23,6919.437012769699
1985-06-24,6945.842128809601
1985-06-25,6806.104834450186
1985-06-26,6588.905621422981
1985-06-27,6320.025489649601
1985-06-28,6086.928509003323
1985-06-29,5971.999011656434
1985-06-30,5858.138529674875
1985-07-01,5713.829896749973
1985-07-02,5306.132684399215
1985-07-03,4870.299803212162
1985-07-04,4563.001223185893
1985-07-05,4246.63274488782
1985-07-06,3931.151286603579
1985-07-07,3651.1372481229837
1985-07-08,3481.193931741757
1985-07-09,3266.6493656858797
1985-07-10,3083.8827921177462
1985-07-11,2963.0176291442863
1985-07-12,2741.7601164401003
1985-07-13,2610.271374514549
1985-07-14,2417.40849712898
1985-07-15,2209.3924656901354
1985-07-16,2045.1681188841553
1985-07-17,1968.6131459978728
1985-07-18,2028.4795310254997
1985-07-19,2129.3331391093798
1985-07-20,2198.2563530929474
1985-07-21,2297.0449653205837
1985-07-22,2406.138573217787
1985-07-23,2427.2055542397293
1985-07-24,2344.0603315835365
1985-07-25,2207.2290202249487
1985-07-26,2034.3088633714906
1985-07-27,1900.498429756713
1985-07-28,1778.2349534991904
1985-07-29,1681.5431602637634
1985-07-30,1585.8508734731072
1985-07-31,1498.9965080125114
1985-08-01,1428.879632928752
1985-08-02,1345.458204213049
1985-08-03,1279.033604270385
1985-08-04,1208.9593595470722
1985-08-05,1184.9097353514283
1985-08-06,1230.3657313316173
1985-08-07,1310.5547122088578
1985-08-08,1491.253426041865
1985-08-09,1814.172542095975
1985-08-10,2136.5376601091853
1985-08-11,2279.070716131178
1985-08-12,2256.432893105626
1985-08-13,2121.4152005476353
1985-08-14,1939.11749824708
1985-08-15,1781.5523727830994
1985-08-16,1692.0456701092073
1985-08-17,1613.3540394452862
1985-08-18,1532.7708509483552
1985-08-19,1487.3157688376962
1985-08-20,1485.2904806967645
1985-08-21,1489.0623173891272
1985-08-22,1542.7851815486406
1985-08-23,1541.3033711033077
1985-08-24,1510.864558190069
1985-08-25,1528.0289536126356
1985-08-26,1530.4047861460008
1985-08-27,1517.2553841107483
1985-08-28,1519.0711090741909
1985-08-29,1568.9080958994723
1985-08-30,1657.7099377809357
1985-08-31,1731.2505650780977
1985-09-01,1782.045601993628
1985-09-02,1777.0999220397985
1985-09-03,1842.7601880495458
1985-09-04,1898.7566398600936
1985-09-05,1820.6729515241555
1985-09-06,1701.9524450908825
1985-09-07,1589.5834339059486
1985-09-08,1516.9739681728747
1985-09-09,1496.3663451911825
1985-09-10,1419.9517488323659
1985-09-11,1365.2132098028942
1985-09-12,1309.430186520049
1985-09-13,1236.291077710528
1985-09-14,1209.635727154197
1985-09-15,1119.9999999999998
1985-09-16,1034.0939890494608
1985-09-17,946.9452698852286
1985-09-18,867.6421192431734
1985-09-19,822.3296941768684
1985-09-20,775.4754609827205
1985-09-21,747.2861225049802
1985-09-22,745.0354470114456
1985-09-23,719.4083271001952
1985-09-24,686.5453416038602
1985-09-25,642.2544283052353
1985-09-26,585.2363196412941
1985-09-27,538.6483782564808
1985-09-28,500.0497218965477
1985-09-29,453.99619130838
1985-09-30,426.6776708885531
1985-10-01,403.859375
1985-10-02,367.96875
1985-10-03,335.078125
1985-10-04,304.78125
1985-10-05,276.59375
1985-10-06,250.578125
1985-10-07,226.46875
1985-10-08,203.953125
1985-10-09,183.15625
1985-10-10,163.984375
1985-10-11,146.390625
1985-10-12,130.109375
1985-10-13,115.140625
1985-10-14,101.765625
1985-10-15,89.84375
1985-10-16,79.296875
1985-10-17,70.015625
1985-10-18,61.671875
1985-10-19,54.1875
1985-10-20,47.5625
1985-10-21,41.75
1985-10-22,36.71875
1985-10-23,32.3125
1985-10-24,28.4375
1985-10-25,25.0625
1985-10-26,22.09375
1985-10-27,19.46875
1985-10-28,17.1875
1985-10-29,15.265625
1985-10-30,13.59375
1985-10-31,12.15625
1985-11-01,10.90625
1985-11-02,9.796875
1985-11-03,8.78125
1985-11-04,7.90625
1985-11-05,7.125
1985-11-06,6.453125
1985-11-07,5.875
1985-11-08,5.359375
1985-11-09,4.890625
1985-11-10,4.453125
1985-11-11,4.0625
1985-11-12,3.71875
1985-11-13,3.421875
1985-11-14,3.15625
1985-11-15,2.890625
1985-11-16,2.65625
1985-11-17,2.46875
1985-11-18,2.28125
1985-11-19,2.109375
1985-11-20,2.375
1985-11-21,4.40625
1985-11-22,9.578125
1985-11-23,16.265625
1985-11-24,23.484375
1985-11-25,44.28125
1985-11-26,83.8125
1985-11-27,113.640625
1985-11-28,121.875
1985-11-29,120.3125
1985-11-30,117.25
1985-12-01,113.5625
1985-12-02,108.40625
1985-12-03,101.6875
1985-12-04,94.21875
1985-12-05,86.84375
1985-12-06,80.0625
1985-12-07,74.0
1985-12-08,68.578125
1985-12-09,63.59375
1985-12-10,58.828125
1985-12-11,54.203125
1985-12-12,49.703125
1985-12-13,45.328125
1985-12-14,41.15625
1985-12-15,37.25
1985-12-16,33.640625
1985-12-17,30.359375
1985-12-18,27.390625
1985-12-19,24.71875
1985-12-20,22.296875
1985-12-21,20.09375
1985-12-22,18.125
1985-12-23,16.3125
1985-12-24,14.671875
1985-12-25,13.203125
1985-12-26,11.890625
1985-12-27,10.65625
1985-12-28,9.515625
1985-12-29,8.5
1985-12-30,7.59375
1985-12-31,6.78125
1986-01-01,6.046875
1986-01-02,5.421875
1986-01-03,4.890625
1986-01-04,4.40625
1986-01-05,3.96875
1986-01-06,3.5625
1986-01-07,3.21875
1986-01-08,2.90625
1986-01-09,2.65625
1986-01-10,2.4375
1986-01-11,2.21875
1986-01-12,2.0625
1986-01-13,1.90625
1986-01-14,1.78125
1986-01-15,1.65625
1986-01-16,1.5625
1986-01-17,1.4375
1986-01-18,1.34375
1986-01-19,1.28125
1986-01-20,1.1875
1986-01-21,1.09375
1986-01-22,1.03125
1986-01-23,0.96875
1986-01-24,0.90625
1986-01-25,0.84375
1986-01-26,0.75
1986-01-27,0.6875
1986-01-28,0.625
1986-01-29,0.5625
1986-01-30,0.53125
1986-01-31,0.46875
1986-02-01,0.4375
1986-02-02,0.40625
1986-02-03,0.375
1986-02-04,0.375
1986-02-05,0.34375
1986-02-06,0.3125
1986-02-07,0.28125
1986-02-08,0.25
1986-02-09,0.25
1986-02-10,0.21875
1986-02-11,0.1875
1986-02-12,0.15625
1986-02-13,0.125
1986-02-14,0.125
1986-02-15,0.09375
1986-02-16,0.09375
1986-02-17,0.06249999999999999
1986-02-18,0.06249999999999999
1986-02-19,0.06249999999999999
1986-02-20,0.06249999999999999
1986-02-21,0.03125
1986-02-22,0.03125
1986-02-23,0.03125
1986-02-24,0.03125
1986-02-25,0.03125
1986-02-26,0.03125
1986-02-27,0.0
1986-02-28,0.0
1986-03-01,0.0
1986-03-02,0.0
1986-03-03,0.0
1986-03-04,0.0
1986-03-05,0.0
1986-03-06,0.0
1986-03-07,0.0
1986-03-08,0.0
1986-03-09,0.0
1986-03-10,0.0
1986-03-11,0.0
1986-03-12,0.0
1986-03-13,0.0
1986-03-14,0.0
1986-03-15,0.0
1986-03-16,0.0
1986-03-17,0.0
1986-03-18,0.0
1986-03-19,0.0
1986-03-20,0.0
1986-03-21,0.0
1986-03-22,0.0
1986-03-23,0.0
1986-03-24,0.0
1986-03-25,0.0
1986-03-26,0.0
1986-03-27,0.0
1986-03-28,0.0
1986-03-29,0.0
1986-03-30,0.0
1986-03-31,0.0
1986-04-01,0.0
1986-04-02,0.0
1986-04-03,0.0
1986-04-04,0.0
1986-04-05,0.0
1986-04-06,0.0
1986-04-07,0.0
1986-04-08,0.0
1986-04-09,0.0
1986-04-10,0.0
1986-04-11,0.0
1986-04-12,0.0
1986-04-13,0.0
1986-04-14,0.0
1986-04-15,0.0
1986-04-16,0.0
1986-04-17,0.0
1986-04-18,0.0
1986-04-19,0.0
1986-04-20,0.0
1986-04-21,0.0
1986-04-22,0.0
1986-04-23,0.0
1986-04-24,0.0
1986-04-25,0.0
1986-04-26,0.0
1986-04-27,0.0
1986-04-28,0.0
1986-04-29,0.03125
1986-04-30,0.15625
1986-05-01,0.22774692836766966
1986-05-02,0.17909274330445915
1986-05-03,0.03708487084870847
1986-05-04,3.774282665401944
1986-05-05,43.15386714040986
1986-05-06,59.48068506344425
1986-05-07,57.46059115564954
1986-05-08,52.880615636731314
1986-05-09,48.24186278889333
1986-05-10,43.208351251147704
1986-05-11,39.20000000000001
1986-05-12,35.610144919420776
1986-05-13,31.59152020810862
1986-05-14,28.750913681173365
1986-05-15,31.07026118742999
1986-05-16,43.877330327768966
1986-05-17,72.56248385960792
1986-05-18,87.34463139968577
1986-05-19,85.86283563112366
1986-05-20,77.3001186505368
1986-05-21,84.25937929175596
1986-05-22,78.3587441257587
1986-05-23,75.57425755824443
1986-05-24,76.90571608466139
1986-05-25,89.51117120594044
1986-05-26,131.76817645168921
1986-05-27,200.13382488290682
1986-05-28,376.9505128496227
1986-05-29,557.0657490046046
1986-05-30,828.0986357811715
1986-05-31,1220.8527912142467
1986-06-01,1742.9750405861455
1986-06-02,2115.2779271619515
1986-06-03,2557.2995364701555
1986-06-04,2944.804727062956
1986-06-05,3259.820716152306
1986-06-06,3547.919087087144
1986-06-07,4167.480574171346
1986-06-08,4795.007764156176
1986-06-09,5531.343450437401
1986-06-10,6071.234752619653
1986-06-11,6364.854053363521
1986-06-12,6573.2622687108815
1986-06-13,6836.981257980305
1986-06-14,7135.292554834977
1986-06-15,7508.287932736685
1986-06-16,7815.744537412662
1986-06-17,8223.904691370739
1986-06-18,8628.681411979156
1986-06-19,8907.0460577319
1986-06-20,8950.587876709582
1986-06-21,8853.067465422453
1986-06-22,8649.03666553583
1986-06-23,8413.339296026039
1986-06-24,8181.566133267353
1986-06-25,7885.558971671524
1986-06-26,7591.45370649806
1986-06-27,7229.579986738953
1986-06-28,6869.166334372293
1986-06-29,6611.56798658088
1986-06-30,6355.081992817841
1986-07-01,6145.065763512876
1986-07-02,5742.166048177929
1986-07-03,5323.600477396845
1986-07-04,5039.323227137054
1986-07-05,4720.068158558269
1986-07-06,4363.2992613928955
1986-07-07,4014.895678542502
1986-07-08,3765.7811966181375
1986-07-09,3462.1825400706853
1986-07-10,3206.194719928669
1986-07-11,3027.867859390751
1986-07-12,2752.5270022098675
1986-07-13,2605.038487425376
1986-07-14,2444.465066228045
1986-07-15,2278.9883936546244
1986-07-16,2155.287951474574
1986-07-17,2076.4081324458807
1986-07-18,2071.869094554948
1986-07-19,2114.318022646007
1986-07-20,2134.7398085988348
1986-07-21,2135.316076040613
1986-07-22,2087.0602342381917
1986-07-23,2028.6541539215289
1986-07-24,2023.710201249383
1986-07-25,2080.8994464696584
1986-07-26,2155.0263121039607
1986-07-27,2235.6039396037586
1986-07-28,2291.63906685204
1986-07-29,2392.064437973069
1986-07-30,2531.8254286876445
1986-07-31,2614.280237024717
1986-08-01,2588.428055296184
1986-08-02,2472.7668907153206
1986-08-03,2359.6031397421957
1986-08-04,2202.324151343319
1986-08-05,2101.8678010099734
1986-08-06,2120.6688841020245
1986-08-07,2111.819184014059
1986-08-08,2079.95127900926
1986-08-09,2069.7020841123285
1986-08-10,2050.5923920017776
1986-08-11,2033.794327462355
1986-08-12,1998.7834554263177
1986-08-13,1906.8108231560389
1986-08-14,1781.5553873226174
1986-08-15,1692.3725551970363
1986-08-16,1644.1021654030515
1986-08-17,1582.6890794443143
1986-08-18,1546.6364556179087
1986-08-19,1568.2806552694321
1986-08-20,1575.1918752285756
1986-08-21,1595.0515846912815
1986-08-22,1642.499241166669
1986-08-23,1694.6357677982248
1986-08-24,1845.5413436511199
1986-08-25,2153.016890362079
1986-08-26,2508.3670873131973
1986-08-27,2795.2191832168837
1986-08-28,2772.2799984677995
1986-08-29,2609.4041107426942
1986-08-30,2435.2187367304414
1986-08-31,2289.4174252481316
1986-09-01,2234.534219816213
1986-09-02,2160.0011761664305
1986-09-03,2086.933659904529
1986-09-04,1970.4875877035931
1986-09-05,1798.9108860328624
1986-09-06,1621.4012795631024
1986-09-07,1494.5909939894334
1986-09-08,1506.5283029616942
1986-09-09,1480.2185903603572
1986-09-10,1303.3540033340644
1986-09-11,1172.8447354526895
1986-09-12,1096.768768643888
1986-09-13,1037.0247433376749
1986-09-14,1056.8120628034585
1986-09-15,1078.449578718465
1986-09-16,1141.35000789727
1986-09-17,1256.9926886589117
1986-09-18,1448.0457974140897
1986-09-19,1598.3719453349745
1986-09-20,1586.976701899343
1986-09-21,1494.677286554395
1986-09-22,1417.5873029183747
1986-09-23,1358.4268139265698
1986-09-24,1358.3503641807663
1986-09-25,1386.7695268083855
1986-09-26,1392.260528485774
1986-09-27,1370.9462478404682
1986-09-28,1336.617597151439
1986-09-29,1276.4458437831881
1986-09-30,1273.2818670599365
1986-10-01,1290.828125
1986-10-02,1242.40625
1986-10-03,1163.25
1986-10-04,1082.171875
1986-10-05,1018.125
1986-10-06,943.78125
1986-10-07,850.359375
1986-10-08,762.984375
1986-10-09,693.421875
1986-10-10,634.890625
1986-10-11,581.6875
1986-10-12,532.484375
1986-10-13,487.171875
1986-10-14,445.546875
1986-10-15,407.125
1986-10-16,371.46875
1986-10-17,338.390625
1986-10-18,307.625
1986-10-19,278.875
1986-10-20,252.21875
1986-10-21,227.734375
1986-10-22,205.375
1986-10-23,184.96875
1986-10-24,166.234375
1986-10-25,149.03125
1986-10-26,133.34375
1986-10-27,119.0
1986-10-28,105.921875
1986-10-29,94.0625
1986-10-30,83.40625
1986-10-31,73.859375
1986-11-01,65.46875
1986-11-02,58.21875
1986-11-03,51.890625
1986-11-04,46.28125
1986-11-05,41.28125
1986-11-06,36.84375
1986-11-07,32.890625
1986-11-08,29.265625
1986-11-09,25.90625
1986-11-10,22.9375
1986-11-11,20.34375
1986-11-12,18.0625
1986-11-13,16.078125
1986-11-14,14.234375
1986-11-15,12.59375
1986-11-16,11.21875
1986-11-17,10.046875
1986-11-18,9.03125
1986-11-19,8.125
1986-11-20,7.34375
1986-11-21,6.640625
1986-11-22,6.03125
1986-11-23,5.484375
1986-11-24,5.0
1986-11-25,4.578125
1986-11-26,4.203125
1986-11-27,3.859375
1986-11-28,3.609375
1986-11-29,3.5625
1986-11-30,4.03125
1986-12-01,5.0
1986-12-02,5.859375
1986-12-03,6.15625
1986-12-04,6.015625
1986-12-05,5.65625
1986-12-06,5.234375
1986-12-07,4.8125
1986-12-08,4.421875
1986-12-09,4.03125
1986-12-10,3.65625
1986-12-11,3.28125
1986-12-12,2.9375
1986-12-13,2.640625
1986-12-14,2.390625
1986-12-15,2.15625
1986-12-16,1.953125
1986-12-17,1.765625
1986-12-18,1.609375
1986-12-19,1.46875
1986-12-20,1.328125
1986-12-21,1.21875
1986-12-22,1.109375
1986-12-23,1.0
1986-12-24,0.90625
1986-12-25,0.828125
1986-12-26,0.734375
1986-12-27,0.65625
1986-12-28,0.578125
1986-12-29,0.515625
1986-12-30,0.46875
1986-12-31,0.421875
1987-01-01,0.390625
1987-01-02,0.34375
1987-01-03,0.3125
1987-01-04,0.28125
1987-01-05,0.25
1987-01-06,0.234375
1987-01-07,0.21875
1987-01-08,0.203125
1987-01-09,0.1875
1987-01-10,0.171875
1987-01-11,0.15625
1987-01-12,0.140625
1987-01-13,0.125
1987-01-14,0.109375
1987-01-15,0.09375
1987-01-16,0.078125
1987-01-17,0.06249999999999999
1987-01-18,0.046875
1987-01-19,0.046875
1987-01-20,0.03125
1987-01-21,0.03125
1987-01-22,0.015625
1987-01-23,0.03125
1987-01-24,0.03125
1987-01-25,0.0
1987-01-26,0.0
1987-01-27,0.0
1987-01-28,0.0
1987-01-29,0.0
1987-01-30,0.0
1987-01-31,0.0
1987-02-01,0.0
1987-02-02,0.0
1987-02-03,0.0
1987-02-04,0.0
1987-02-05,0.0
1987-02-06,0.0
1987-02-07,0.0
1987-02-08,0.0
1987-02-09,0.0
1987-02-10,0.0
1987-02-11,0.0
1987-02-12,0.0
1987-02-13,0.0
1987-02-14,0.0
1987-02-15,0.0
1987-02-16,0.0
1987-02-17,0.0
1987-02-18,0.0
1987-02-19,0.0
1987-02-20,0.0
1987-02-21,0.0
1987-02-22,0.0
1987-02-23,0.0
1987-02-24,0.0
1987-02-25,0.0
1987-02-26,0.0
1987-02-27,0.0
1987-02-28,0.0
1987-03-01,0.0
1987-03-02,0.0
1987-03-03,0.0
1987-03-04,0.0
1987-03-05,0.0
1987-03-06,0.0
1987-03-07,0.0
1987-03-08,0.0
1987-03-09,0.0
1987-03-10,0.0
1987-03-11,0.0
1987-03-12,0.0
1987-03-13,0.0
1987-03-14,0.0
1987-03-15,0.0
1987-03-16,0.0
1987-03-17,0.0
1987-03-18,0.0
1987-03-19,0.0
1987-03-20,0.0
1987-03-21,0.0
1987-03-22,0.0
1987-03-23,0.0
1987-03-24,0.0
1987-03-25,0.0
1987-03-26,0.0
1987-03-27,0.0
1987-03-28,0.0
1987-03-29,0.0
1987-03-30,0.0
1987-03-31,0.0
1987-04-01,0.0
1987-04-02,0.0
1987-04-03,0.0
1987-04-04,0.0
1987-04-05,0.0
1987-04-06,0.0
1987-04-07,0.0
1987-04-08,0.0
1987-04-09,0.0
1987-04-10,0.0
1987-04-11,0.0
1987-04-12,0.0
1987-04-13,0.0
1987-04-14,0.0
1987-04-15,0.0
1987-04-16,0.0
1987-04-17,0.0
1987-04-18,0.0
1987-04-19,0.0
1987-04-20,0.0
1987-04-21,0.0
1987-04-22,0.0
1987-04-23,0.0
1987-04-24,0.0
1987-04-25,0.0
1987-04-26,0.0
1987-04-27,0.0
1987-04-28,0.0
1987-04-29,0.0
1987-04-30,0.0
1987-05-01,0.0
1987-05-02,0.0
1987-05-03,0.0
1987-05-04,0.0
1987-05-05,0.0
1987-05-06,0.0
1987-05-07,0.0
1987-05-08,0.0
1987-05-09,0.0
1987-05-10,0.0
1987-05-11,0.019740047807299814
1987-05-12,0.23854531811716748
1987-05-13,9.76119535562464
1987-05-14,33.40586378937245
1987-05-15,38.6605860503508
1987-05-16,36.517759229925666
1987-05-17,36.70342092465581
1987-05-18,42.96572023074247
1987-05-19,53.26552441973524
1987-05-20,51.56090782872283
1987-05-21,51.848856387416404
1987-05-22,42.62804418457252
1987-05-23,38.663437804208314
1987-05-24,39.324580204171475
1987-05-25,45.271550859845966
1987-05-26,63.52909596859028
1987-05-27,89.95149571974602
1987-05-28,166.79865597463711
1987-05-29,281.01898475890937
1987-05-30,532.1161705408309
1987-05-31,1026.1433043130214
1987-06-01,1831.3502252330375
1987-06-02,2579.8653790908365
1987-06-03,3406.126552973384
1987-06-04,4011.6676428627416
1987-06-05,4296.7886903999215
1987-06-06,4322.76226107281
1987-06-07,4559.5409346132965
1987-06-08,4653.335533581173
1987-06-09,4810.276514691788
1987-06-10,4914.238578622726
1987-06-11,5074.221256806404
1987-06-12,5384.23952081517
1987-06-13,5917.115691737538
1987-06-14,6578.530972174387
1987-06-15,7134.009850714323
1987-06-16,7357.808061888517
1987-06-17,7460.160992736772
1987-06-18,7379.721097778646
1987-06-19,7178.16170684386
1987-06-20,6948.667111185175
1987-06-21,6741.931386154279
1987-06-22,6514.527830066474
1987-06-23,6404.109651732868
1987-06-24,6402.243774124049
1987-06-25,6277.116912247664
1987-06-26,6070.749469368665
1987-06-27,5800.356129271947
1987-06-28,5545.692641850995
1987-06-29,5378.661126489461
1987-06-30,5240.1151161079315
1987-07-01,5245.945250932279
1987-07-02,5247.440567314541
1987-07-03,5419.62535658514
1987-07-04,5791.9131035581995
1987-07-05,5955.279187931858
1987-07-06,5806.233405653504
1987-07-07,5494.957077337092
1987-07-08,5205.987749185677
1987-07-09,4779.966974253877
1987-07-10,4403.21316609071
1987-07-11,4155.035619270435
1987-07-12,3807.5181771642538
1987-07-13,3636.0792528806637
1987-07-14,3410.9072848399783
1987-07-15,3138.059266459625
1987-07-16,2872.3144672032377
1987-07-17,2634.729758742741
1987-07-18,2476.398022917325
1987-07-19,2337.698530492552
1987-07-20,2199.866870457789
1987-07-21,2139.699617982476
1987-07-22,2178.0705053571587
1987-07-23,2295.0633044388533
1987-07-24,2457.4100946523777
1987-07-25,2564.002268010379
1987-07-26,2506.4549919041565
1987-07-27,2409.0865336564184
1987-07-28,2315.837305904509
1987-07-29,2273.683768984671
1987-07-30,2241.519530816915
1987-07-31,2203.243301291916
1987-08-01,2145.969522809939
1987-08-02,2033.959955558622
1987-08-03,1929.4688745089443
1987-08-04,1795.4102166753516
1987-08-05,1677.1952265526543
1987-08-06,1593.526239561055
1987-08-07,1498.2944685058333
1987-08-08,1459.5297442725553
1987-08-09,1455.5237221035743
1987-08-10,1426.5556349832675
1987-08-11,1403.1528617348079
1987-08-12,1410.6001957477185
1987-08-13,1423.2195295884358
1987-08-14,1404.5123141186402
1987-08-15,1382.7069914231115
1987-08-16,1394.9378514789207
1987-08-17,1383.9674363583215
1987-08-18,1359.532036356296
1987-08-19,1392.1813563748178
1987-08-20,1424.393418269594
1987-08-21,1432.0115331039992
1987-08-22,1432.6565715920287
1987-08-23,1423.1241426601653
1987-08-24,1411.747032571637
1987-08-25,1398.3117717608154
1987-08-26,1357.2694691610193
1987-08-27,1307.699501482948
1987-08-28,1259.1905261773913
1987-08-29,1226.90034184714
1987-08-30,1216.706278226247
1987-08-31,1243.0498691899459
1987-09-01,1344.4409498285797
1987-09-02,1472.7100288216502
1987-09-03,1771.536763841667
1987-09-04,2140.3205599825387
1987-09-05,2228.4529273174653
1987-09-06,2144.0525501281522
1987-09-07,2017.860569862651
1987-09-08,1907.796993955076
1987-09-09,1795.4526176501893
1987-09-10,1601.130173327397
1987-09-11,1468.1631831182442
1987-09-12,1426.6241995942876
1987-09-13,1385.19036900295
1987-09-14,1351.170427807691
1987-09-15,1263.1427978061824
1987-09-16,1186.7171550495607
1987-09-17,1099.0322458779656
1987-09-18,1008.2061751971028
1987-09-19,952.7034374565044
1987-09-20,893.9178268738756
1987-09-21,837.6652515522642
1987-09-22,804.0776991072341
1987-09-23,765.1996030355243
1987-09-24,734.0215626190047
1987-09-25,691.5574247995913
1987-09-26,632.9725489761167
1987-09-27,586.4048667944558
1987-09-28,551.5558595783539
1987-09-29,509.48077112449573
1987-09-30,486.2311383498558
1987-10-01,465.515625
1987-10-02,427.171875
1987-10-03,390.0234375
1987-10-04,354.9140625
1987-10-05,325.703125
1987-10-06,305.4375
1987-10-07,300.3125
1987-10-08,328.6875
1987-10-09,385.0625
1987-10-10,409.65625
1987-10-11,402.296875
1987-10-12,383.53125
1987-10-13,359.734375
1987-10-14,333.1875
1987-10-15,305.75
1987-10-16,278.65625
1987-10-17,252.765625
1987-10-18,228.515625
1987-10-19,206.09375
1987-10-20,185.671875
1987-10-21,167.234375
1987-10-22,150.625
1987-10-23,135.65625
1987-10-24,122.203125
1987-10-25,110.125
1987-10-26,99.1875
1987-10-27,89.265625
1987-10-28,80.234375
1987-10-29,71.984375
1987-10-30,64.421875
1987-10-31,57.4375
1987-11-01,51.109375
1987-11-02,45.46875
1987-11-03,40.453125
1987-11-04,35.9375
1987-11-05,31.90625
1987-11-06,28.328125
1987-11-07,25.15625
1987-11-08,22.328125
1987-11-09,19.84375
1987-11-10,17.65625
1987-11-11,15.78125
1987-11-12,14.140625
1987-11-13,12.6875
1987-11-14,11.375
1987-11-15,10.171875
1987-11-16,9.078125
1987-11-17,8.171875
1987-11-18,7.40625
1987-11-19,6.71875
1987-11-20,6.109375
1987-11-21,5.5625
1987-11-22,5.0625
1987-11-23,4.625
1987-11-24,4.234375
1987-11-25,3.90625
1987-11-26,3.609375
1987-11-27,3.34375
1987-11-28,3.109375
1987-11-29,2.890625
1987-11-30,2.6875
1987-12-01,2.515625
1987-12-02,2.34375
1987-12-03,2.203125
1987-12-04,2.0625
1987-12-05,1.9375
1987-12-06,1.8125
1987-12-07,1.703125
1987-12-08,1.609375
1987-12-09,1.5
1987-12-10,1.40625
1987-12-11,1.328125
1987-12-12,1.25
1987-12-13,1.171875
1987-12-14,1.09375
1987-12-15,1.015625
1987-12-16,0.9375
1987-12-17,0.84375
1987-12-18,0.78125
1987-12-19,0.71875
1987-12-20,0.671875
1987-12-21,0.625
1987-12-22,0.59375
1987-12-23,0.5625
1987-12-24,0.53125
1987-12-25,0.5
1987-12-26,0.46875
1987-12-27,0.453125
1987-12-28,0.421875
1987-12-29,0.390625
1987-12-30,0.359375
1987-12-31,0.328125
1988-01-01,0.296875
1988-01-02,0.265625
1988-01-03,0.25
1988-01-04,0.21875
1988-01-05,0.203125
1988-01-06,0.171875
1988-01-07,0.15625
1988-01-08,0.140625
1988-01-09,0.109375
1988-01-10,0.09375
1988-01-11,0.078125
1988-01-12,0.06249999999999999
1988-01-13,0.046875
1988-01-14,0.046875
1988-01-15,0.03125
1988-01-16,0.03125
1988-01-17,0.015625
1988-01-18,0.015625
1988-01-19,0.015625
1988-01-20,0.015625
1988-01-21,0.015625
1988-01-22,0.0
1988-01-23,0.0
1988-01-24,0.0
1988-01-25,0.0
1988-01-26,0.0
1988-01-27,0.0
1988-01-28,0.0
1988-01-29,0.0
1988-01-30,0.0
1988-01-31,0.0
1988-02-01,0.0
1988-02-02,0.0
1988-02-03,0.0
1988-02-04,0.0
1988-02-05,0.0
1988-02-06,0.0
1988-02-07,0.0
1988-02-08,0.0
1988-02-09,0.0
1988-02-10,0.0
1988-02-11,0.0
1988-02-12,0.0
1988-02-13,0.0
1988-02-14,0.0
1988-02-15,0.0
1988-02-16,0.0
1988-02-17,0.0
1988-02-18,0.0
1988-02-19,0.0
1988-02-20,0.0
1988-02-21,0.0
1988-02-22,0.0
1988-02-23,0.0
1988-02-24,0.0
1988-02-25,0.0
1988-02-26,0.0
1988-02-27,0.0
1988-02-28,0.0
1988-02-29,0.0
1988-03-01,0.0
1988-03-02,0.0
1988-03-03,0.0
1988-03-04,0.0
1988-03-05,0.0
1988-03-06,0.0
1988-03-07,0.0
1988-03-08,0.0
1988-03-09,0.0
1988-03-10,0.0
1988-03-11,0.0
1988-03-12,0.0
1988-03-13,0.0
1988-03-14,0.0
1988-03-15,0.0
1988-03-16,0.0
1988-03-17,0.0
1988-03-18,0.0
1988-03-19,0.0
1988-03-20,0.0
1988-03-21,0.0
1988-03-22,0.0
1988-03-23,0.0
1988-03-24,0.0
1988-03-25,0.0
1988-03-26,0.0
1988-03-27,0.0
1988-03-28,0.0
1988-03-29,0.0
1988-03-30,0.0
1988-03-31,0.0
1988-04-01,0.0
1988-04-02,0.0
1988-04-03,0.0
1988-04-04,0.0
1988-04-05,0.0
1988-04-06,0.0
1988-04-07,0.0
1988-04-08,0.0
1988-04-09,0.0
1988-04-10,0.0
1988-04-11,0.0
1988-04-12,0.0
1988-04-13,0.0
1988-04-14,0.0
1988-04-15,0.0
1988-04-16,0.0
1988-04-17,0.0
1988-04-18,0.0
1988-04-19,0.0
1988-04-20,0.0
1988-04-21,0.0
1988-04-22,0.0
1988-04-23,0.0
1988-04-24,0.0
1988-04-25,0.0
1988-04-26,0.0
1988-04-27,0.0
1988-04-28,0.0
1988-04-29,0.0
1988-04-30,0.0
1988-05-01,0.0
1988-05-02,0.0
1988-05-03,0.0
1988-05-04,0.0
1988-05-05,0.0
1988-05-06,0.0
1988-05-07,0.0
1988-05-08,0.0
1988-05-09,0.0
1988-05-10,0.0
1988-05-11,0.0
1988-05-12,0.0
1988-05-13,0.0
1988-05-14,0.0
1988-05-15,0.014286584622882898
1988-05-16,0.04527023627857058
1988-05-17,0.06732967151577658
1988-05-18,0.14908296144864672
1988-05-19,0.2699581819086972
1988-05-20,0.7052405950379279
1988-05-21,6.651061503234758
1988-05-22,11.494377784342458
1988-05-23,11.850058729849207
1988-05-24,12.26694492716751
1988-05-25,16.326419129116
1988-05-26,26.69210296013807
1988-05-27,78.66763631305592
1988-05-28,238.5776710290586
1988-05-29,554.5686760892091
1988-05-30,1020.6501144727079
1988-05-31,1753.2275549847877
1988-06-01,2581.7476447445047
1988-06-02,3678.4769714727095
1988-06-03,4579.640400943555
1988-06-04,5028.123319963943
1988-06-05,5120.901373622753
1988-06-06,5399.003667813802
1988-06-07,5469.948959350345
1988-06-08,5663.464265040486
1988-06-09,5842.413085201708
1988-06-10,6092.791039699778
1988-06-11,6385.348855065584
1988-06-12,6574.819962933358
1988-06-13,6610.229623266108
1988-06-14,6608.341614928354
1988-06-15,6478.981873411522
1988-06-16,6292.228573135476
1988-06-17,5992.6837948845805
1988-06-18,5684.004588125915
1988-06-19,5447.0603386225075
1988-06-20,5341.235481338305
1988-06-21,5305.343923842852
1988-06-22,5280.052577399077
1988-06-23,5127.622189300096
1988-06-24,4822.897151558507
1988-06-25,4530.75626989958
1988-06-26,4278.242769212895
1988-06-27,4089.269162236629
1988-06-28,4004.385877757134
1988-06-29,3952.0395818387183
1988-06-30,3863.5700239723874
1988-07-01,3569.4340635162125
1988-07-02,3266.0242991013815
1988-07-03,3094.6238813236314
1988-07-04,2948.1973114193543
1988-07-05,2809.4657023469263
1988-07-06,2723.308748011807
1988-07-07,2777.5544564093498
1988-07-08,2779.606247615188
1988-07-09,2719.1466142969825
1988-07-10,2660.3889461006047
1988-07-11,2510.533881162617
1988-07-12,2442.6083761063405
1988-07-13,2300.793572180573
1988-07-14,2118.0091801701565
1988-07-15,1931.4557883427242
1988-07-16,1743.7005214339936
1988-07-17,1604.0340816987855
1988-07-18,1488.3275764304672
1988-07-19,1404.8505133834585
1988-07-20,1394.9316405820978
1988-07-21,1442.6591168333387
1988-07-22,1526.0638409129524
1988-07-23,1573.065985668047
1988-07-24,1531.4990655661431
1988-07-25,1417.3655287441325
1988-07-26,1326.1392228401728
1988-07-27,1289.6702767773902
1988-07-28,1306.8617832698333
1988-07-29,1305.3277612244265
1988-07-30,1298.1334844394507
1988-07-31,1289.0538676906554
1988-08-01,1257.7441474139132
1988-08-02,1246.9550315655629
1988-08-03,1215.7676417190219
1988-08-04,1167.0097210556473
1988-08-05,1120.1004015773954
1988-08-06,1047.5911943082128
1988-08-07,1003.9578024077807
1988-08-08,1018.343500585065
1988-08-09,1056.3188165887557
1988-08-10,1080.0193259769103
1988-08-11,1072.40409607031
1988-08-12,1060.9201872401736
1988-08-13,1045.008726097781
1988-08-14,1068.8177743166784
1988-08-15,1174.5869438944449
1988-08-16,1283.8127223344354
1988-08-17,1348.2662325622837
1988-08-18,1425.2570018925883
1988-08-19,1493.2736924378758
1988-08-20,1492.0663832747045
1988-08-21,1460.5076039368766
1988-08-22,1419.9999999999998
1988-08-23,1371.4180749356678
1988-08-24,1357.591913068004
1988-08-25,1369.2053523836246
1988-08-26,1372.751610560616
1988-08-27,1361.454900727039
1988-08-28,1414.176179885277
1988-08-29,1456.2102516059956
1988-08-30,1441.9979423041166
1988-08-31,1424.2281074585994
1988-09-01,1373.5672639170007
1988-09-02,1316.7312401767458
1988-09-03,1223.5005261438848
1988-09-04,1100.642956359168
1988-09-05,994.7947347194067
1988-09-06,905.691496677777
1988-09-07,847.0737973247474
1988-09-08,824.0091148444963
1988-09-09,785.6085926291141
1988-09-10,763.708933225071
1988-09-11,743.6386093433036
1988-09-12,705.8316185282825
1988-09-13,694.433601319091
1988-09-14,668.2207284447089
1988-09-15,649.6401473097231
1988-09-16,621.8846969797331
1988-09-17,590.5785791309584
1988-09-18,575.9266330289908
1988-09-19,551.8859648859208
1988-09-20,521.1963353156808
1988-09-21,490.2775255627252
1988-09-22,447.7795819234436
1988-09-23,415.45402021668804
1988-09-24,384.9945957510341
1988-09-25,350.1884838652438
1988-09-26,322.7226703896463
1988-09-27,302.9649899012826
1988-09-28,287.18993566795143
1988-09-29,292.6352719006177
1988-09-30,299.0697890128459
1988-10-01,314.5703125
1988-10-02,320.296875
1988-10-03,315.2578125
1988-10-04,298.4765625
1988-10-05,277.3359375
1988-10-06,257.828125
1988-10-07,241.2265625
1988-10-08,223.8828125
1988-10-09,204.8984375
1988-10-10,187.75
1988-10-11,175.9609375
1988-10-12,168.3515625
1988-10-13,161.6484375
1988-10-14,156.671875
1988-10-15,154.046875
1988-10-16,149.7265625
1988-10-17,145.578125
1988-10-18,150.515625
1988-10-19,161.1640625
1988-10-20,164.484375
1988-10-21,159.0
1988-10-22,150.09375
1988-10-23,140.59375
1988-10-24,130.0703125
1988-10-25,118.7421875
1988-10-26,107.5078125
1988-10-27,96.9453125
1988-10-28,87.2109375
1988-10-29,78.3046875
1988-10-30,70.203125
1988-10-31,62.828125
1988-11-01,56.125
1988-11-02,50.0234375
1988-11-03,44.5234375
1988-11-04,39.5859375
1988-11-05,35.125
1988-11-06,31.1953125
1988-11-07,27.796875
1988-11-08,24.84375
1988-11-09,22.2421875
1988-11-10,19.921875
1988-11-11,17.8828125
1988-11-12,16.078125
1988-11-13,14.4375
1988-11-14,13.0
1988-11-15,11.75
1988-11-16,10.65625
1988-11-17,9.65625
1988-11-18,8.78125
1988-11-19,8.0
1988-11-20,7.328125
1988-11-21,6.703125
1988-11-22,6.15625
1988-11-23,5.65625
1988-11-24,5.203125
1988-11-25,4.796875
1988-11-26,4.40625
1988-11-27,4.0625
1988-11-28,3.765625
1988-11-29,3.5
1988-11-30,3.265625
1988-12-01,3.046875
1988-12-02,2.84375
1988-12-03,2.671875
1988-12-04,2.5
1988-12-05,2.34375
1988-12-06,2.1875
1988-12-07,2.0625
1988-12-08,1.921875
1988-12-09,1.8125
1988-12-10,1.703125
1988-12-11,1.59375
1988-12-12,1.515625
1988-12-13,1.40625
1988-12-14,1.3125
1988-12-15,1.21875
1988-12-16,1.140625
1988-12-17,1.0625
1988-12-18,0.984375
1988-12-19,0.890625
1988-12-20,0.8125
1988-12-21,0.75
1988-12-22,0.703125
1988-12-23,0.65625
1988-12-24,0.609375
1988-12-25,0.546875
1988-12-26,0.484375
1988-12-27,0.4375
1988-12-28,0.40625
1988-12-29,0.375
1988-12-30,0.359375
1988-12-31,0.328125
1989-01-01,0.3125
1989-01-02,0.296875
1989-01-03,0.28125
1989-01-04,0.265625
1989-01-05,0.234375
1989-01-06,0.21875
1989-01-07,0.21875
1989-01-08,0.203125
1989-01-09,0.203125
1989-01-10,0.1875
1989-01-11,0.1875
1989-01-12,0.1875
1989-01-13,0.15625
1989-01-14,0.15625
1989-01-15,0.15625
1989-01-16,0.125
1989-01-17,0.125
1989-01-18,0.125
1989-01-19,0.125
1989-01-20,0.09375
1989-01-21,0.09375
1989-01-22,0.09375
1989-01-23,0.09375
1989-01-24,0.09375
1989-01-25,0.09375
1989-01-26,0.09375
1989-01-27,0.09375
1989-01-28,0.09375
1989-01-29,0.06249999999999999
1989-01-30,0.06249999999999999
1989-01-31,0.06249999999999999
1989-02-01,0.03125
1989-02-02,0.03125
1989-02-03,0.03125
1989-02-04,0.03125
1989-02-05,0.0
1989-02-06,0.0
1989-02-07,0.0
1989-02-08,0.0
1989-02-09,0.0
1989-02-10,0.0
1989-02-11,0.0
1989-02-12,0.0
1989-02-13,0.0
1989-02-14,0.0
1989-02-15,0.0
1989-02-16,0.0
1989-02-17,0.0
1989-02-18,0.0
1989-02-19,0.0
1989-02-20,0.0
1989-02-21,0.0
1989-02-22,0.0
1989-02-23,0.0
1989-02-24,0.0
1989-02-25,0.0
1989-02-26,0.0
1989-02-27,0.0
1989-02-28,0.0
1989-03-01,0.0
1989-03-02,0.0
1989-03-03,0.0
1989-03-04,0.0
1989-03-05,0.0
1989-03-06,0.0
1989-03-07,0.0
1989-03-08,0.0
1989-03-09,0.0
1989-03-10,0.0
1989-03-11,0.0
1989-03-12,0.0
1989-03-13,0.0
1989-03-14,0.0
1989-03-15,0.0
1989-03-16,0.0
1989-03-17,0.0
1989-03-18,0.0
1989-03-19,0.0
1989-03-20,0.0
1989-03-21,0.0
1989-03-22,0.0
1989-03-23,0.0
1989-03-24,0.0
1989-03-25,0.0
1989-03-26,0.0
1989-03-27,0.0
1989-03-28,0.0
1989-03-29,0.0
1989-03-30,0.0
1989-03-31,0.0
1989-04-01,0.0
1989-04-02,0.0
1989-04-03,0.0
1989-04-04,0.0
1989-04-05,0.0
1989-04-06,0.0
1989-04-07,0.0
1989-04-08,0.0
1989-04-09,0.0
1989-04-10,0.0
1989-04-11,0.0
1989-04-12,0.0
1989-04-13,0.0
1989-04-14,0.0
1989-04-15,0.0
1989-04-16,0.0
1989-04-17,0.0
1989-04-18,0.0
1989-04-19,0.0
1989-04-20,0.0
1989-04-21,0.0
1989-04-22,0.0
1989-04-23,0.0
1989-04-24,0.25
1989-04-25,1.3125
1989-04-26,2.0625
1989-04-27,2.125
1989-04-28,1.9375
1989-04-29,1.65625
1989-04-30,1.3125
1989-05-01,0.7345717756630896
1989-05-02,0.5200051410889408
1989-05-03,0.3212177121771218
1989-05-04,0.20658050746976517
1989-05-05,0.1240308356068777
1989-05-06,0.08642360372265961
1989-05-07,0.04240369587202353
1989-05-08,0.020153763903255413
1989-05-09,0.0
1989-05-10,0.0
1989-05-11,0.0
1989-05-12,0.0
1989-05-13,0.0
1989-05-14,0.0
1989-05-15,0.2851364895937739
1989-05-16,17.695656147191414
1989-05-17,34.156328710613245
1989-05-18,27.401900267440595
1989-05-19,20.006898357059168
1989-05-20,15.205227261412855
1989-05-21,14.950722619399059
1989-05-22,13.773558348417453
1989-05-23,15.40035151858806
1989-05-24,20.56360992423351
1989-05-25,32.59163434338643
1989-05-26,67.8466541233899
1989-05-27,133.24964462836024
1989-05-28,315.42985179340207
1989-05-29,591.2611859907497
1989-05-30,983.2236824152191
1989-05-31,1622.2604109138035
1989-06-01,2627.248201346523
1989-06-02,3420.546116848951
1989-06-03,4152.4551030433195
1989-06-04,4579.055230681666
1989-06-05,4704.439492995724
1989-06-06,4603.510548355318
1989-06-07,4775.153912334723
1989-06-08,4917.73276110603
1989-06-09,5349.876684250018
1989-06-10,6074.988491524663
1989-06-11,7156.496992366312
1989-06-12,8167.878300584541
1989-06-13,8746.933047832723
1989-06-14,8847.994089775868
1989-06-15,8744.273790672205
1989-06-16,8423.79257036855
1989-06-17,8053.69618654946
1989-06-18,7601.697464019507
1989-06-19,7149.488285128334
1989-06-20,6720.4483060601915
1989-06-21,6335.3356831497085
1989-06-22,5975.564678489641
1989-06-23,5693.478858798362
1989-06-24,5437.206859923091
1989-06-25,5138.308600337
1989-06-26,4902.67477561394
1989-06-27,4714.933359800945
1989-06-28,4550.797836446045
1989-06-29,4440.843272710205
1989-06-30,4311.194763740533
1989-07-01,4158.318162000394
1989-07-02,3820.458038437394
1989-07-03,3493.4835763974916
1989-07-04,3309.3693724418836
1989-07-05,3147.1557427579164
1989-07-06,3000.5129075971195
1989-07-07,2893.973326359335
1989-07-08,2863.814987535915
1989-07-09,2763.2675139934013
1989-07-10,2630.8333149613986
1989-07-11,2497.147039720138
1989-07-12,2248.0542236659007
1989-07-13,2087.6793038165515
1989-07-14,1935.9985733058634
1989-07-15,1829.0871861470625
1989-07-16,1774.7837961109547
1989-07-17,1751.4304316727078
1989-07-18,1794.9830006236318
1989-07-19,1856.9119050616173
1989-07-20,1914.1130569608106
1989-07-21,1956.0530189931917
1989-07-22,1964.925117953538
1989-07-23,1966.142509126397
1989-07-24,1950.672420356466
1989-07-25,1894.5657672081554
1989-07-26,1799.5243016567601
1989-07-27,1779.7579964089823
1989-07-28,1865.7305448196682
1989-07-29,2027.501663315449
1989-07-30,2255.479080229369
1989-07-31,2538.615411768976
1989-08-01,2792.4283664229542
1989-08-02,2896.4699135363476
1989-08-03,2910.0883308162574
1989-08-04,2890.9832939171692
1989-08-05,2967.9336691609046
1989-08-06,3176.1412059167255
1989-08-07,3301.363283466074
1989-08-08,3358.678244072061
1989-08-09,3366.7665823924076
1989-08-10,3235.542668516729
1989-08-11,3058.5974019743094
1989-08-12,2917.5718804717867
1989-08-13,2775.7242053162304
1989-08-14,2620.6019062258683
1989-08-15,2498.9937221854198
1989-08-16,2424.7353939456298
1989-08-17,2329.1689206926494
1989-08-18,2235.23163126779
1989-08-19,2143.0186367958736
1989-08-20,2011.8481502608167
1989-08-21,1842.0334420592571
1989-08-22,1685.3935128894711
1989-08-23,1589.8194688846972
1989-08-24,1550.2006422334455
1989-08-25,1527.5989519048399
1989-08-26,1495.247239050222
1989-08-27,1450.6134598673202
1989-08-28,1403.5076628214842
1989-08-29,1349.9978257602988
1989-08-30,1319.9839902775839
1989-08-31,1320.4045875349034
1989-09-01,1331.979644048753
1989-09-02,1323.3290616845804
1989-09-03,1327.0289266514976
1989-09-04,1312.9381538689777
1989-09-05,1266.9567527296272
1989-09-06,1232.5340493317246
1989-09-07,1205.8059321176174
1989-09-08,1169.5786951956698
1989-09-09,1142.2148718048747
1989-09-10,1061.690001383447
1989-09-11,985.4747289331945
1989-09-12,911.0340546862178
1989-09-13,826.893387181403
1989-09-14,790.1989165478883
1989-09-15,746.8791604464383
1989-09-16,720.7646772555038
1989-09-17,696.950467638796
1989-09-18,697.4882668544074
1989-09-19,749.1790155132196
1989-09-20,787.6453712262401
1989-09-21,782.3214842859586
1989-09-22,751.1789205134233
1989-09-23,691.7932851844946
1989-09-24,642.1882153363938
1989-09-25,592.7935298852453
1989-09-26,537.4408917582344
1989-09-27,499.48436989560867
1989-09-28,487.80298767354714
1989-09-29,512.8076426872622
1989-09-30,675.0042515186647
1989-10-01,1033.125
1989-10-02,1324.921875
1989-10-03,1397.1484375
1989-10-04,1343.875
1989-10-05,1252.8984375
1989-10-06,1153.8984375
1989-10-07,1057.0078125
1989-10-08,967.8125
1989-10-09,887.7890625
1989-10-10,814.9765625
1989-10-11,748.25
1989-10-12,687.1171875
1989-10-13,630.828125
1989-10-14,580.84375
1989-10-15,542.15625
1989-10-16,508.796875
1989-10-17,471.0
1989-10-18,431.5625
1989-10-19,393.9375
1989-10-20,358.84375
1989-10-21,326.453125
1989-10-22,296.296875
1989-10-23,268.21875
1989-10-24,242.421875
1989-10-25,218.59375
1989-10-26,196.546875
1989-10-27,176.265625
1989-10-28,157.765625
1989-10-29,140.90625
1989-10-30,125.703125
1989-10-31,112.078125
1989-11-01,99.875
1989-11-02,88.828125
1989-11-03,78.65625
1989-11-04,69.375
1989-11-05,61.15625
1989-11-06,53.9375
1989-11-07,47.546875
1989-11-08,41.921875
1989-11-09,36.96875
1989-11-10,32.59375
1989-11-11,28.734375
1989-11-12,25.375
1989-11-13,22.453125
1989-11-14,19.9375
1989-11-15,17.6875
1989-11-16,15.6875
1989-11-17,13.9375
1989-11-18,12.453125
1989-11-19,11.171875
1989-11-20,10.078125
1989-11-21,9.078125
1989-11-22,8.1875
1989-11-23,7.40625
1989-11-24,6.734375
1989-11-25,6.125
1989-11-26,5.59375
1989-11-27,5.109375
1989-11-28,4.703125
1989-11-29,4.34375
1989-11-30,4.0
1989-12-01,3.703125
1989-12-02,3.421875
1989-12-03,3.15625
1989-12-04,2.921875
1989-12-05,2.6875
1989-12-06,2.5
1989-12-07,2.3125
1989-12-08,2.140625
1989-12-09,1.984375
1989-12-10,1.84375
1989-12-11,1.6875
1989-12-12,1.546875
1989-12-13,1.421875
1989-12-14,1.3125
1989-12-15,1.234375
1989-12-16,1.15625
1989-12-17,1.078125
1989-12-18,1.03125
1989-12-19,0.96875
1989-12-20,0.921875
1989-12-21,0.859375
1989-12-22,0.8125
1989-12-23,0.765625
1989-12-24,0.71875
1989-12-25,0.6875
1989-12-26,0.65625
1989-12-27,0.625
1989-12-28,0.59375
1989-12-29,0.578125
1989-12-30,0.546875
1989-12-31,0.515625
1990-01-01,0.484375
1990-01-02,0.453125
1990-01-03,0.421875
1990-01-04,0.390625
1990-01-05,0.359375
1990-01-06,0.34375
1990-01-07,0.328125
1990-01-08,0.3125
1990-01-09,0.296875
1990-01-10,0.265625
1990-01-11,0.25
1990-01-12,0.21875
1990-01-13,0.203125
1990-01-14,0.1875
1990-01-15,0.171875
1990-01-16,0.15625
1990-01-17,0.140625
1990-01-18,0.125
1990-01-19,0.109375
1990-01-20,0.09375
1990-01-21,0.09375
1990-01-22,0.078125
1990-01-23,0.06249999999999999
1990-01-24,0.06249999999999999
1990-01-25,0.046875
1990-01-26,0.03125
1990-01-27,0.03125
1990-01-28,0.03125
1990-01-29,0.03125
1990-01-30,0.03125
1990-01-31,0.0
1990-02-01,0.0
1990-02-02,0.0
1990-02-03,0.0
1990-02-04,0.0
1990-02-05,0.0
1990-02-06,0.0
1990-02-07,0.0
1990-02-08,0.0
1990-02-09,0.0
1990-02-10,0.0
1990-02-11,0.0
1990-02-12,0.0
1990-02-13,0.0
1990-02-14,0.0
1990-02-15,0.0
1990-02-16,0.0
1990-02-17,0.0
1990-02-18,0.0
1990-02-19,0.0
1990-02-20,0.0
1990-02-21,0.0
1990-02-22,0.0
1990-02-23,0.0
1990-02-24,0.0
1990-02-25,0.0
1990-02-26,0.0
1990-02-27,0.0
1990-02-28,0.0
1990-03-01,0.0
1990-03-02,0.0
1990-03-03,0.0
1990-03-04,0.0
1990-03-05,0.0
1990-03-06,0.0
1990-03-07,0.0
1990-03-08,0.0
1990-03-09,0.0
1990-03-10,0.0
1990-03-11,0.0
1990-03-12,0.0
1990-03-13,0.0
1990-03-14,0.0
1990-03-15,0.0
1990-03-16,0.0
1990-03-17,0.0
1990-03-18,0.0
1990-03-19,0.0
1990-03-20,0.0
1990-03-21,0.0
1990-03-22,0.0
1990-03-23,0.0
1990-03-24,0.0
1990-03-25,0.0
1990-03-26,0.0
1990-03-27,0.0
1990-03-28,0.0
1990-03-29,0.0
1990-03-30,0.0
1990-03-31,0.0
1990-04-01,0.0
1990-04-02,0.0
1990-04-03,0.0
1990-04-04,0.0
1990-04-05,0.0
1990-04-06,0.0
1990-04-07,0.0
1990-04-08,0.0
1990-04-09,0.0
1990-04-10,0.0
1990-04-11,0.0
1990-04-12,0.0
1990-04-13,0.0
1990-04-14,0.0
1990-04-15,0.0
1990-04-16,0.0
1990-04-17,0.0
1990-04-18,0.0
1990-04-19,0.0
1990-04-20,0.0
1990-04-21,0.0
1990-04-22,0.0
1990-04-23,0.0
1990-04-24,0.0
1990-04-25,0.125
1990-04-26,0.59375
1990-04-27,1.625
1990-04-28,4.15625
1990-04-29,14.71875
1990-04-30,93.96875
1990-05-01,114.03296263924828
1990-05-02,113.97565112376442
1990-05-03,95.6071955719557
1990-05-04,91.64468816694331
1990-05-05,85.97162933823994
1990-05-06,85.95253552989662
1990-05-07,83.57208789188195
1990-05-08,79.74487802326794
1990-05-09,75.09055674417509
1990-05-10,69.69622331214187
1990-05-11,67.54316677392666
1990-05-12,73.22128713980133
1990-05-13,99.77759659920054
1990-05-14,164.54975354652564
1990-05-15,269.8957873946112
1990-05-16,386.26297672718397
1990-05-17,504.96884443177424
1990-05-18,494.52450619430795
1990-05-19,445.2323477350355
1990-05-20,388.038425073154
1990-05-21,394.8323471653553
1990-05-22,326.11425506341044
1990-05-23,278.5753390776454
1990-05-24,254.95734778222987
1990-05-25,254.99048574397807
1990-05-26,315.1290127977697
1990-05-27,406.5536392209679
1990-05-28,656.2523702641043
1990-05-29,849.7706100725985
1990-05-30,1175.6652107143336
1990-05-31,1708.9757129894924
1990-06-01,2481.950460970607
1990-06-02,3112.2143945517714
1990-06-03,3866.8132670028863
1990-06-04,4540.1414082660785
1990-06-05,5144.935726748729
1990-06-06,5563.616285152533
1990-06-07,6073.840246332186
1990-06-08,6164.732290083555
1990-06-09,6209.865920320885
1990-06-10,6080.1186013615115
1990-06-11,5887.793708245566
1990-06-12,5731.327932308721
1990-06-13,5586.314721578288
1990-06-14,5385.6904582860725
1990-06-15,5217.454551803126
1990-06-16,4992.909529956374
1990-06-17,4779.264085835226
1990-06-18,4533.538902200149
1990-06-19,4280.269072425102
1990-06-20,4042.1405099291314
1990-06-21,3859.6711565175674
1990-06-22,3734.0405475687694
1990-06-23,3662.7849089437113
1990-06-24,3571.141708073146
1990-06-25,3433.0952769979617
1990-06-26,3329.3441040657212
1990-06-27,3264.324992214284
1990-06-28,3282.203364579195
1990-06-29,3388.605716008864
1990-06-30,3534.6639994124744
1990-07-01,3766.352915406621
1990-07-02,3879.1127004377777
1990-07-03,3930.605446506797
1990-07-04,3972.9229483924933
1990-07-05,3924.9174413650453
1990-07-06,3826.3328046559495
1990-07-07,3706.11874212012
1990-07-08,3605.510579541806
1990-07-09,3417.9155589565617
1990-07-10,3308.0520475208577
1990-07-11,3324.5885765433354
1990-07-12,3225.5336389069303
1990-07-13,3213.85168842857
1990-07-14,3130.0782094465126
1990-07-15,3057.755084037012
1990-07-16,3032.7893965965377
1990-07-17,3011.639597490188
1990-07-18,3058.9852939535776
1990-07-19,3085.410943888114
1990-07-20,2987.974955677668
1990-07-21,2845.1977819484027
1990-07-22,2698.33383547474
1990-07-23,2648.983239095555
1990-07-24,2807.9803682180013
1990-07-25,3104.0810808957203
1990-07-26,3370.3058961242327
1990-07-27,3635.366129713796
1990-07-28,3741.4564874087064
1990-07-29,3677.3921118492153
1990-07-30,3493.924234813982
1990-07-31,3324.7620003398447
1990-08-01,3257.2266691207706
1990-08-02,3243.5118808435145
1990-08-03,3307.679728213433
1990-08-04,3309.2163479162805
1990-08-05,3301.0143273314197
1990-08-06,3323.5191855687694
1990-08-07,3256.2006133739
1990-08-08,3189.840125662243
1990-08-09,3121.8961080813588
1990-08-10,2959.753724967524
1990-08-11,2801.658836722651
1990-08-12,2730.2099285325385
1990-08-13,2807.0413894425355
1990-08-14,3002.4068937988295
1990-08-15,3222.4530874471307
1990-08-16,3443.792255729473
1990-08-17,3526.2897477454526
1990-08-18,3499.127535038104
1990-08-19,3451.4723881224068
1990-08-20,3343.6136841314287
1990-08-21,3152.2428825948823
1990-08-22,2959.361272867557
1990-08-23,2798.2325991766875
1990-08-24,2677.2036187096905
1990-08-25,2620.3766253173003
1990-08-26,2600.2395827935125
1990-08-27,2598.616384808475
1990-08-28,2582.9968453188662
1990-08-29,2544.698516082698
1990-08-30,2467.954971553858
1990-08-31,2379.7881805895104
1990-09-01,2382.9723305555035
1990-09-02,2429.089630226305
1990-09-03,2584.7582393386483
1990-09-04,2845.200273043335
1990-09-05,3120.442220709825
1990-09-06,3372.687276473371
1990-09-07,3569.0328131514702
1990-09-08,3703.8361726344056
1990-09-09,3748.245388830064
1990-09-10,3522.2364008436866
1990-09-11,3305.199025175011
1990-09-12,3105.937530216052
1990-09-13,2892.38776354016
1990-09-14,2865.52764493368
1990-09-15,2806.4917569477734
1990-09-16,2752.9794878671782
1990-09-17,2616.75755224433
1990-09-18,2455.1150191474503
1990-09-19,2388.3462564922374
1990-09-20,2331.927239524704
1990-09-21,2322.6594960654506
1990-09-22,2321.1609326527464
1990-09-23,2177.1109571399084
1990-09-24,2008.7940864304219
1990-09-25,1918.7561525476235
1990-09-26,1853.5948148987602
1990-09-27,1736.0492124129526
1990-09-28,1587.0588532493396
1990-09-29,1418.671439113287
1990-09-30,1323.6268899764195
1990-10-01,1252.265625
1990-10-02,1147.0546875
1990-10-03,1068.328125
1990-10-04,1003.9375
1990-10-05,951.640625
1990-10-06,912.4140625
1990-10-07,866.140625
1990-10-08,809.265625
1990-10-09,748.84375
1990-10-10,691.8828125
1990-10-11,642.765625
1990-10-12,593.921875
1990-10-13,545.109375
1990-10-14,499.1484375
1990-10-15,456.5625
1990-10-16,417.015625
1990-10-17,380.0546875
1990-10-18,345.2890625
1990-10-19,312.9453125
1990-10-20,283.203125
1990-10-21,256.1640625
1990-10-22,231.6875
1990-10-23,209.25
1990-10-24,188.640625
1990-10-25,169.734375
1990-10-26,152.296875
1990-10-27,136.21875
1990-10-28,121.4765625
1990-10-29,108.046875
1990-10-30,95.90625
1990-10-31,84.984375
1990-11-01,75.21875
1990-11-02,66.4609375
1990-11-03,58.4765625
1990-11-04,51.3359375
1990-11-05,45.1953125
1990-11-06,39.890625
1990-11-07,35.25
1990-11-08,31.1484375
1990-11-09,27.546875
1990-11-10,24.359375
1990-11-11,21.6640625
1990-11-12,19.4453125
1990-11-13,17.640625
1990-11-14,16.1796875
1990-11-15,14.921875
1990-11-16,13.7578125
1990-11-17,12.65625
1990-11-18,11.8359375
1990-11-19,12.03125
1990-11-20,14.296875
1990-11-21,17.609375
1990-11-22,19.25
1990-11-23,18.9375
1990-11-24,17.71875
1990-11-25,16.296875
1990-11-26,14.875
1990-11-27,13.53125
1990-11-28,12.28125
1990-11-29,11.125
1990-11-30,10.03125
1990-12-01,9.015625
1990-12-02,8.09375
1990-12-03,7.28125
1990-12-04,6.546875
1990-12-05,5.890625
1990-12-06,5.3125
1990-12-07,4.828125
1990-12-08,4.390625
1990-12-09,3.984375
1990-12-10,3.625
1990-12-11,3.28125
1990-12-12,2.953125
1990-12-13,2.65625
1990-12-14,2.421875
1990-12-15,2.203125
1990-12-16,2.015625
1990-12-17,1.828125
1990-12-18,1.671875
1990-12-19,1.515625
1990-12-20,1.375
1990-12-21,1.25
1990-12-22,1.140625
1990-12-23,1.046875
1990-12-24,0.953125
1990-12-25,0.859375
1990-12-26,0.796875
1990-12-27,0.71875
1990-12-28,0.65625
1990-12-29,0.609375
1990-12-30,0.546875
1990-12-31,0.484375
1991-01-01,0.4375
1991-01-02,0.390625
1991-01-03,0.359375
1991-01-04,0.328125
1991-01-05,0.296875
1991-01-06,0.265625
1991-01-07,0.234375
1991-01-08,0.203125
1991-01-09,0.1875
1991-01-10,0.171875
1991-01-11,0.15625
1991-01-12,0.140625
1991-01-13,0.140625
1991-01-14,0.125
1991-01-15,0.125
1991-01-16,0.109375
1991-01-17,0.109375
1991-01-18,0.109375
1991-01-19,0.09375
1991-01-20,0.09375
1991-01-21,0.09375
1991-01-22,0.09375
1991-01-23,0.078125
1991-01-24,0.078125
1991-01-25,0.06249999999999999
1991-01-26,0.06249999999999999
1991-01-27,0.06249999999999999
1991-01-28,0.06249999999999999
1991-01-29,0.03125
1991-01-30,0.03125
1991-01-31,0.03125
1991-02-01,0.03125
1991-02-02,0.03125
1991-02-03,0.03125
1991-02-04,0.03125
1991-02-05,0.03125
1991-02-06,0.03125
1991-02-07,0.03125
1991-02-08,0.03125
1991-02-09,0.03125
1991-02-10,0.0
1991-02-11,0.0
1991-02-12,0.0
1991-02-13,0.0
1991-02-14,0.0
1991-02-15,0.0
1991-02-16,0.0
1991-02-17,0.0
1991-02-18,0.0
1991-02-19,0.0
1991-02-20,0.0
1991-02-21,0.0
1991-02-22,0.0
1991-02-23,0.0
1991-02-24,0.0
1991-02-25,0.0
1991-02-26,0.0
1991-02-27,0.0
1991-02-28,0.0
1991-03-01,0.0
1991-03-02,0.0
1991-03-03,0.0
1991-03-04,0.0
1991-03-05,0.0
1991-03-06,0.0
1991-03-07,0.0
1991-03-08,0.0
1991-03-09,0.0
1991-03-10,0.0
1991-03-11,0.0
1991-03-12,0.0
1991-03-13,0.0
1991-03-14,0.0
1991-03-15,0.0
1991-03-16,0.0
1991-03-17,0.0
1991-03-18,0.0
1991-03-19,0.0
1991-03-20,0.0
1991-03-21,0.0
1991-03-22,0.0
1991-03-23,0.0
1991-03-24,0.0
1991-03-25,0.0
1991-03-26,0.0
1991-03-27,0.0
1991-03-28,0.0
1991-03-29,0.0
1991-03-30,0.0
1991-03-31,0.0
1991-04-01,0.0
1991-04-02,0.0
1991-04-03,0.0
1991-04-04,0.0
1991-04-05,0.0
1991-04-06,0.0
1991-04-07,0.0
1991-04-08,0.0
1991-04-09,0.0
1991-04-10,0.0
1991-04-11,0.0
1991-04-12,0.0
1991-04-13,0.0
1991-04-14,0.0
1991-04-15,0.0
1991-04-16,0.0
1991-04-17,0.0
1991-04-18,0.0
1991-04-19,0.0
1991-04-20,0.0
1991-04-21,0.0
1991-04-22,0.0
1991-04-23,0.0
1991-04-24,0.0
1991-04-25,0.0
1991-04-26,0.0
1991-04-27,0.0
1991-04-28,0.0
1991-04-29,0.0
1991-04-30,0.0
1991-05-01,0.0
1991-05-02,0.0
1991-05-03,0.0
1991-05-04,0.0
1991-05-05,0.0
1991-05-06,0.0
1991-05-07,0.04240369587202352
1991-05-08,0.11152880603433245
1991-05-09,0.2515552629722803
1991-05-10,0.6817418440046024
1991-05-11,1.3264997241886554
1991-05-12,1.885267832144337
1991-05-13,7.377066810481566
1991-05-14,33.091605554219775
1991-05-15,49.0828341489299
1991-05-16,59.479621055196766
1991-05-17,77.32371505709924
1991-05-18,102.27219457203502
1991-05-19,127.44300690583636
1991-05-20,140.42263431849236
1991-05-21,188.60422148348755
1991-05-22,213.28720614518443
1991-05-23,241.52547171494683
1991-05-24,285.6520946979551
1991-05-25,360.16014685082496
1991-05-26,529.3429129478745
1991-05-27,765.6691838226214
1991-05-28,1325.4474914372595
1991-05-29,1734.4319916710783
1991-05-30,2237.954970235312
1991-05-31,2875.363022416106
1991-06-01,3617.4971102129625
1991-06-02,3951.594154578673
1991-06-03,4420.694455186906
1991-06-04,4881.360689865083
1991-06-05,5421.269270723887
1991-06-06,5983.863967395028
1991-06-07,6725.345453722154
1991-06-08,6976.007163056066
1991-06-09,7176.271045644842
1991-06-10,7140.049343506369
1991-06-11,6944.708988026972
1991-06-12,6721.300156914207
1991-06-13,6508.13694902722
1991-06-14,6260.177191725703
1991-06-15,6062.405036818985
1991-06-16,5795.525235429561
1991-06-17,5545.880093329468
1991-06-18,5251.448785856737
1991-06-19,4927.395190510485
1991-06-20,4594.405696611684
1991-06-21,4295.433054620788
1991-06-22,4017.7018970388963
1991-06-23,3796.4558375767756
1991-06-24,3614.232960351371
1991-06-25,3451.209090401575
1991-06-26,3362.7669255357378
1991-06-27,3272.535269995163
1991-06-28,3163.8091068221393
1991-06-29,3063.174751758787
1991-06-30,2933.64463933203
1991-07-01,2815.5935321827255
1991-07-02,2627.66342409243
1991-07-03,2504.627717308533
1991-07-04,2534.612935762281
1991-07-05,2628.327975899351
1991-07-06,2663.852013313755
1991-07-07,2597.1779166892006
1991-07-08,2493.2208989774585
1991-07-09,2284.4646466104873
1991-07-10,2069.1544960845595
1991-07-11,1889.3135257151434
1991-07-12,1659.7371857233193
1991-07-13,1534.8401736898063
1991-07-14,1419.1593194234893
1991-07-15,1301.771325197652
1991-07-16,1206.2822688925203
1991-07-17,1149.841765268412
1991-07-18,1160.8769738275887
1991-07-19,1180.8566468918345
1991-07-20,1156.88734857904
1991-07-21,1103.7412122906921
1991-07-22,1037.215590865848
1991-07-23,960.134097038243
1991-07-24,876.4660738917796
1991-07-25,800.4676527396343
1991-07-26,731.3556863776076
1991-07-27,691.354120009118
1991-07-28,675.3333011094896
1991-07-29,679.0339108607232
1991-07-30,677.5088212472143
1991-07-31,659.3954430020432
1991-08-01,629.444959589805
1991-08-02,585.975025218088
1991-08-03,546.8823909311214
1991-08-04,500.2115819226533
1991-08-05,458.60437097657535
1991-08-06,427.68847679780225
1991-08-07,390.6938358961153
1991-08-08,358.73927793909195
1991-08-09,333.7000585569196
1991-08-10,304.82913357005566
1991-08-11,276.7833495992372
1991-08-12,253.9957892102501
1991-08-13,232.4137841454414
1991-08-14,210.68222788871327
1991-08-15,191.84379348582996
1991-08-16,176.80275149415152
1991-08-17,159.86807178102447
1991-08-18,143.00125478724996
1991-08-19,130.10059933202328
1991-08-20,119.50603448212041
1991-08-21,109.60055624016962
1991-08-22,103.9072248582113
1991-08-23,103.85645453163887
1991-08-24,106.96742651642504
1991-08-25,112.08545125924084
1991-08-26,122.17859870161789
1991-08-27,139.64144916388233
1991-08-28,169.3982261094782
1991-08-29,236.0176613490445
1991-08-30,367.8730925009554
1991-08-31,611.7124897501008
1991-09-01,999.0981459345811
1991-09-02,1413.9898789864105
1991-09-03,1888.4813782592469
1991-09-04,2356.701046675827
1991-09-05,2587.614378785878
1991-09-06,2632.137544735319
1991-09-07,2589.625227624088
1991-09-08,2527.073806513424
1991-09-09,2482.8041917683563
1991-09-10,2326.625783899519
1991-09-11,2189.5647447857227
1991-09-12,2053.930394224136
1991-09-13,1901.3509876957994
1991-09-14,1848.0211706277116
1991-09-15,1736.4261129849608
1991-09-16,1628.3922322658855
1991-09-17,1534.019763659858
1991-09-18,1490.4375638179527
1991-09-19,1465.752283292261
1991-09-20,1342.0879997547913
1991-09-21,1195.0349079016812
1991-09-22,1085.8170920173434
1991-09-23,979.7030412934424
1991-09-24,903.7722960022767
1991-09-25,834.0000000000001
1991-09-26,757.9110850308591
1991-09-27,702.1857713611168
1991-09-28,664.1619055013678
1991-09-29,627.1403943189354
1991-09-30,634.0937397070219
1991-10-01,670.296875
1991-10-02,683.34375
1991-10-03,673.890625
1991-10-04,643.421875
1991-10-05,601.15625
1991-10-06,554.671875
1991-10-07,509.0859375
1991-10-08,468.6484375
1991-10-09,435.671875
1991-10-10,411.7890625
1991-10-11,397.28125
1991-10-12,392.09375
1991-10-13,393.6640625
1991-10-14,390.2578125
1991-10-15,373.625
1991-10-16,347.21875
1991-10-17,317.75
1991-10-18,289.0390625
1991-10-19,262.0859375
1991-10-20,236.9296875
1991-10-21,213.6015625
1991-10-22,192.265625
1991-10-23,173.53125
1991-10-24,161.0703125
1991-10-25,158.640625
1991-10-26,158.53125
1991-10-27,151.25
1991-10-28,138.5703125
1991-10-29,125.390625
1991-10-30,113.640625
1991-10-31,103.5390625
1991-11-01,100.3359375
1991-11-02,111.0703125
1991-11-03,141.546875
1991-11-04,205.8828125
1991-11-05,316.921875
1991-11-06,427.2578125
1991-11-07,481.359375
1991-11-08,499.1953125
1991-11-09,508.21875
1991-11-10,508.0
1991-11-11,489.28125
1991-11-12,457.6171875
1991-11-13,422.3046875
1991-11-14,387.6953125
1991-11-15,355.1484375
1991-11-16,325.1484375
1991-11-17,297.6484375
1991-11-18,272.3671875
1991-11-19,249.0546875
1991-11-20,227.375
1991-11-21,207.25
1991-11-22,188.625
1991-11-23,171.40625
1991-11-24,155.546875
1991-11-25,140.890625
1991-11-26,127.296875
1991-11-27,114.84375
1991-11-28,103.515625
1991-11-29,93.203125
1991-11-30,83.921875
1991-12-01,75.5625
1991-12-02,67.90625
1991-12-03,60.921875
1991-12-04,54.59375
1991-12-05,48.875
1991-12-06,43.75
1991-12-07,39.140625
1991-12-08,35.015625
1991-12-09,31.296875
1991-12-10,27.953125
1991-12-11,24.984375
1991-12-12,22.375
1991-12-13,20.046875
1991-12-14,17.953125
1991-12-15,16.125
1991-12-16,14.5
1991-12-17,13.03125
1991-12-18,11.75
1991-12-19,10.625
1991-12-20,9.609375
1991-12-21,8.71875
1991-12-22,7.9375
1991-12-23,7.234375
1991-12-24,6.59375
1991-12-25,6.015625
1991-12-26,5.515625
1991-12-27,5.046875
1991-12-28,4.640625
1991-12-29,4.28125
1991-12-30,3.953125
1991-12-31,3.640625
1992-01-01,3.375
1992-01-02,3.125
1992-01-03,2.890625
1992-01-04,2.6875
1992-01-05,2.5
1992-01-06,2.328125
1992-01-07,2.15625
1992-01-08,2.015625
1992-01-09,1.859375
1992-01-10,1.71875
1992-01-11,1.578125
1992-01-12,1.453125
1992-01-13,1.328125
1992-01-14,1.203125
1992-01-15,1.078125
1992-01-16,0.984375
1992-01-17,0.90625
1992-01-18,0.84375
1992-01-19,0.78125
1992-01-20,0.734375
1992-01-21,0.6875
1992-01-22,0.640625
1992-01-23,0.59375
1992-01-24,0.5625
1992-01-25,0.53125
1992-01-26,0.5
1992-01-27,0.46875
1992-01-28,0.4375
1992-01-29,0.421875
1992-01-30,0.390625
1992-01-31,0.375
1992-02-01,0.359375
1992-02-02,0.328125
1992-02-03,0.3125
1992-02-04,0.296875
1992-02-05,0.28125
1992-02-06,0.25
1992-02-07,0.234375
1992-02-08,0.21875
1992-02-09,0.203125
1992-02-10,0.1875
1992-02-11,0.171875
1992-02-12,0.140625
1992-02-13,0.125
1992-02-14,0.109375
1992-02-15,0.09375
1992-02-16,0.078125
1992-02-17,0.06249999999999999
1992-02-18,0.046875
1992-02-19,0.03125
1992-02-20,0.03125
1992-02-21,0.03125
1992-02-22,0.015625
1992-02-23,0.015625
1992-02-24,0.015625
1992-02-25,0.015625
1992-02-26,0.015625
1992-02-27,0.0
1992-02-28,0.0
1992-02-29,0.0
1992-03-01,0.0
1992-03-02,0.0
1992-03-03,0.0
1992-03-04,0.0
1992-03-05,0.0
1992-03-06,0.0
1992-03-07,0.0
1992-03-08,0.0
1992-03-09,0.0
1992-03-10,0.0
1992-03-11,0.0
1992-03-12,0.0
1992-03-13,0.0
1992-03-14,0.0
1992-03-15,0.0
1992-03-16,0.0
1992-03-17,0.0
1992-03-18,0.0
1992-03-19,0.0
1992-03-20,0.0
1992-03-21,0.0
1992-03-22,0.0
1992-03-23,0.0
1992-03-24,0.0
1992-03-25,0.0
1992-03-26,0.0
1992-03-27,0.0
1992-03-28,0.0
1992-03-29,0.0
1992-03-30,0.0
1992-03-31,0.0
1992-04-01,0.0
1992-04-02,0.0
1992-04-03,0.0
1992-04-04,0.0
1992-04-05,0.0
1992-04-06,0.0
1992-04-07,0.0
1992-04-08,0.0
1992-04-09,0.0
1992-04-10,0.0
1992-04-11,0.0
1992-04-12,0.0
1992-04-13,0.0
1992-04-14,0.0
1992-04-15,0.0
1992-04-16,0.0
1992-04-17,0.0
1992-04-18,0.0
1992-04-19,0.0
1992-04-20,0.0
1992-04-21,0.0
1992-04-22,0.0
1992-04-23,0.0
1992-04-24,0.0
1992-04-25,0.0
1992-04-26,0.0
1992-04-27,0.03125
1992-04-28,0.15625
1992-04-29,0.125
1992-04-30,0.06249999999999999
1992-05-01,0.04272778419066649
1992-05-02,4.035239852398524
1992-05-03,33.65903485890443
1992-05-04,47.56500856544635
1992-05-05,51.690907818257166
1992-05-06,50.20990737335663
1992-05-07,47.306738066735605
1992-05-08,43.69006183434039
1992-05-09,38.71385444148719
1992-05-10,33.92790061597868
1992-05-11,29.484337167239698
1992-05-12,25.206202017638468
1992-05-13,22.3086198605434
1992-05-14,21.649781852485106
1992-05-15,21.35704276836845
1992-05-16,19.73945382590176
1992-05-17,14.676764448388754
1992-05-18,12.943688348167175
1992-05-19,18.010363806331345
1992-05-20,45.60028429875113
1992-05-21,82.59973291116833
1992-05-22,125.60190172943976
1992-05-23,178.9663415326537
1992-05-24,255.6889218020974
1992-05-25,412.7639196689059
1992-05-26,615.7138427304604
1992-05-27,1046.0144288214733
1992-05-28,1337.5546171298295
1992-05-29,1711.6926904529728
1992-05-30,2221.5385109665544
1992-05-31,2866.5066366349347
1992-06-01,3230.2850437535512
1992-06-02,3642.2501311048495
1992-06-03,3809.3125153557853
1992-06-04,3737.5783026214285
1992-06-05,3593.9891843005516
1992-06-06,3822.5029206665467
1992-06-07,4123.769611364313
1992-06-08,4674.512605437518
1992-06-09,5251.590222131793
1992-06-10,5685.677740286189
1992-06-11,5930.425184730322
1992-06-12,6023.77720740806
1992-06-13,5976.1623069812385
1992-06-14,5932.272703507952
1992-06-15,5785.630061184326
1992-06-16,5553.060865480158
1992-06-17,5224.812268033189
1992-06-18,4898.252508507289
1992-06-19,4630.985563351432
1992-06-20,4494.044065141376
1992-06-21,4539.669082948452
1992-06-22,4748.63116963571
1992-06-23,4902.437288210224
1992-06-24,4856.609914966358
1992-06-25,4727.691454424391
1992-06-26,4549.851812202544
1992-06-27,4377.176139629374
1992-06-28,4289.743912943646
1992-06-29,4240.794285773056
1992-06-30,4232.223683266923
1992-07-01,4071.4071031899925
1992-07-02,3925.126715126725
1992-07-03,3914.934634661268
1992-07-04,3916.979778953134
1992-07-05,3910.242373392772
1992-07-06,3872.7774485715645
1992-07-07,3820.346419143786
1992-07-08,3582.6851307736656
1992-07-09,3298.7340331959817
1992-07-10,3056.5317985542433
1992-07-11,2708.8376632960694
1992-07-12,2495.1154567751014
1992-07-13,2297.5048406459246
1992-07-14,2127.295848177851
1992-07-15,1999.0067749194843
1992-07-16,1909.7255500394247
1992-07-17,1899.515702857008
1992-07-18,1936.9492549706044
1992-07-19,2009.8116940611487
1992-07-20,2173.7315889688225
1992-07-21,2303.3208876458843
1992-07-22,2323.1804379838713
1992-07-23,2301.9487073461873
1992-07-24,2276.8198281690147
1992-07-25,2216.722031053311
1992-07-26,2156.664696173394
1992-07-27,2042.0877570845535
1992-07-28,1897.5648526243408
1992-07-29,1730.0394201379295
1992-07-30,1563.9648957847455
1992-07-31,1434.2763189910982
1992-08-01,1356.622570750568
1992-08-02,1314.0245737076182
1992-08-03,1238.9242063902843
1992-08-04,1195.4251162985186
1992-08-05,1188.104505725427
1992-08-06,1150.5461707655857
1992-08-07,1164.2511080994213
1992-08-08,1209.817807350758
1992-08-09,1189.2007718911852
1992-08-10,1161.1270552920075
1992-08-11,1161.226588707719
1992-08-12,1130.016831582339
1992-08-13,1055.31457009869
1992-08-14,992.4055362488181
1992-08-15,981.9364187446639
1992-08-16,962.969705448984
1992-08-17,921.79056393703
1992-08-18,888.4922766806673
1992-08-19,891.671158064583
1992-08-20,937.7963767300491
1992-08-21,1030.8942527855372
1992-08-22,1183.6677964133808
1992-08-23,1355.4929050755295
1992-08-24,1586.4440340989954
1992-08-25,1811.3401116262135
1992-08-26,1953.3078027719923
1992-08-27,1989.3461416544442
1992-08-28,1941.2717237554245
1992-08-29,1844.015870865964
1992-08-30,1748.4640422859798
1992-08-31,1721.6129536628885
1992-09-01,1690.119949924097
1992-09-02,1675.0934181890952
1992-09-03,1644.8439300336406
1992-09-04,1591.7881762395698
1992-09-05,1541.7679222216311
1992-09-06,1464.263132438106
1992-09-07,1393.0035829712997
1992-09-08,1344.3603371114316
1992-09-09,1229.9999999999995
1992-09-10,1127.9376563931498
1992-09-11,1032.09175205736
1992-09-12,940.3142539048093
1992-09-13,917.1179540571242
1992-09-14,896.4773360995684
1992-09-15,944.256222433272
1992-09-16,1066.0620414558598
1992-09-17,1181.744785436819
1992-09-18,1241.7936824390079
1992-09-19,1207.853815243907
1992-09-20,1137.0311728823303
1992-09-21,1060.948854684399
1992-09-22,957.937821820841
1992-09-23,878.3546729382618
1992-09-24,806.8032730943901
1992-09-25,731.2347392314426
1992-09-26,676.5263391412536
1992-09-27,632.9208431994903
1992-09-28,577.9937618729464
1992-09-29,545.2571171711116
1992-09-30,503.1299635239247
1992-10-01,473.0625
1992-10-02,431.921875
1992-10-03,394.109375
1992-10-04,358.875
1992-10-05,328.125
1992-10-06,300.890625
1992-10-07,278.53125
1992-10-08,267.125
1992-10-09,268.75
1992-10-10,267.59375
1992-10-11,254.921875
1992-10-12,235.78125
1992-10-13,215.09375
1992-10-14,194.921875
1992-10-15,176.15625
1992-10-16,161.078125
1992-10-17,150.546875
1992-10-18,144.703125
1992-10-19,145.03125
1992-10-20,153.34375
1992-10-21,166.0
1992-10-22,173.25
1992-10-23,170.671875
1992-10-24,162.265625
1992-10-25,152.375
1992-10-26,142.546875
1992-10-27,132.796875
1992-10-28,123.078125
1992-10-29,113.40625
1992-10-30,103.96875
1992-10-31,94.921875
1992-11-01,86.234375
1992-11-02,80.703125
1992-11-03,77.140625
1992-11-04,75.4140625
1992-11-05,75.3203125
1992-11-06,76.421875
1992-11-07,77.125
1992-11-08,76.296875
1992-11-09,73.3359375
1992-11-10,68.53125
1992-11-11,62.921875
1992-11-12,57.171875
1992-11-13,51.546875
1992-11-14,46.296875
1992-11-15,41.59375
1992-11-16,37.3125
1992-11-17,33.328125
1992-11-18,29.734375
1992-11-19,26.546875
1992-11-20,23.6875
1992-11-21,21.109375
1992-11-22,18.8125
1992-11-23,16.765625
1992-11-24,14.90625
1992-11-25,13.265625
1992-11-26,11.796875
1992-11-27,10.515625
1992-11-28,9.34375
1992-11-29,8.3125
1992-11-30,7.4375
1992-12-01,6.671875
1992-12-02,5.96875
1992-12-03,5.34375
1992-12-04,4.796875
1992-12-05,4.3125
1992-12-06,3.90625
1992-12-07,3.546875
1992-12-08,3.21875
1992-12-09,2.921875
1992-12-10,2.640625
1992-12-11,2.421875
1992-12-12,2.21875
1992-12-13,2.046875
1992-12-14,1.890625
1992-12-15,1.75
1992-12-16,1.609375
1992-12-17,1.484375
1992-12-18,1.390625
1992-12-19,1.28125
1992-12-20,1.203125
1992-12-21,1.125
1992-12-22,1.046875
1992-12-23,0.984375
1992-12-24,0.921875
1992-12-25,0.859375
1992-12-26,0.796875
1992-12-27,0.71875
1992-12-28,0.65625
1992-12-29,0.59375
1992-12-30,0.546875
1992-12-31,0.5
1993-01-01,0.453125
1993-01-02,0.421875
1993-01-03,0.390625
1993-01-04,0.359375
1993-01-05,0.3125
1993-01-06,0.28125
1993-01-07,0.234375
1993-01-08,0.21875
1993-01-09,0.203125
1993-01-10,0.1875
1993-01-11,0.171875
1993-01-12,0.15625
1993-01-13,0.140625
1993-01-14,0.140625
1993-01-15,0.125
1993-01-16,0.125
1993-01-17,0.125
1993-01-18,0.09375
1993-01-19,0.09375
1993-01-20,0.09375
1993-01-21,0.09375
1993-01-22,0.09375
1993-01-23,0.09375
1993-01-24,0.06249999999999999
1993-01-25,0.06249999999999999
1993-01-26,0.06249999999999999
1993-01-27,0.06249999999999999
1993-01-28,0.06249999999999999
1993-01-29,0.06249999999999999
1993-01-30,0.06249999999999999
1993-01-31,0.06249999999999999
1993-02-01,0.06249999999999999
1993-02-02,0.06249999999999999
1993-02-03,0.03125
1993-02-04,0.03125
1993-02-05,0.03125
1993-02-06,0.03125
1993-02-07,0.03125
1993-02-08,0.03125
1993-02-09,0.0
1993-02-10,0.0
1993-02-11,0.0
1993-02-12,0.0
1993-02-13,0.0
1993-02-14,0.0
1993-02-15,0.0
1993-02-16,0.0
1993-02-17,0.0
1993-02-18,0.0
1993-02-19,0.0
1993-02-20,0.0
1993-02-21,0.0
1993-02-22,0.0
1993-02-23,0.0
1993-02-24,0.0
1993-02-25,0.0
1993-02-26,0.0
1993-02-27,0.0
1993-02-28,0.0
1993-03-01,0.0
1993-03-02,0.0
1993-03-03,0.0
1993-03-04,0.0
1993-03-05,0.0
1993-03-06,0.0
1993-03-07,0.0
1993-03-08,0.0
1993-03-09,0.0
1993-03-10,0.0
1993-03-11,0.0
1993-03-12,0.0
1993-03-13,0.0
1993-03-14,0.0
1993-03-15,0.0
1993-03-16,0.0
1993-03-17,0.0
1993-03-18,0.0
1993-03-19,0.0
1993-03-20,0.0
1993-03-21,0.0
1993-03-22,0.0
1993-03-23,0.0
1993-03-24,0.0
1993-03-25,0.0
1993-03-26,0.0
1993-03-27,0.0
1993-03-28,0.0
1993-03-29,0.0
1993-03-30,0.0
1993-03-31,0.0
1993-04-01,0.0
1993-04-02,0.0
1993-04-03,0.0
1993-04-04,0.0
1993-04-05,0.0
1993-04-06,0.0
1993-04-07,0.0
1993-04-08,0.0
1993-04-09,0.0
1993-04-10,0.0
1993-04-11,0.0
1993-04-12,0.0
1993-04-13,0.0
1993-04-14,0.0
1993-04-15,0.0
1993-04-16,0.0
1993-04-17,0.0
1993-04-18,0.0
1993-04-19,0.0
1993-04-20,0.0
1993-04-21,0.0
1993-04-22,0.0
1993-04-23,0.0
1993-04-24,0.0
1993-04-25,0.0
1993-04-26,0.0
1993-04-27,0.0
1993-04-28,0.0
1993-04-29,0.0
1993-04-30,0.0
1993-05-01,0.0
1993-05-02,0.0
1993-05-03,0.0
1993-05-04,0.0
1993-05-05,0.0
1993-05-06,0.0
1993-05-07,0.0
1993-05-08,0.0
1993-05-09,0.0
1993-05-10,0.0
1993-05-11,0.0
1993-05-12,0.01898231624687819
1993-05-13,0.16248651735295977
1993-05-14,0.3694668189468623
1993-05-15,0.9016095749071398
1993-05-16,3.454886072864627
1993-05-17,19.85598745660959
1993-05-18,61.71082414880729
1993-05-19,77.1830782079729
1993-05-20,78.41800722413058
1993-05-21,93.70797769249528
1993-05-22,99.36666186068553
1993-05-23,109.1352940126848
1993-05-24,124.35668508886289
1993-05-25,153.69924607161647
1993-05-26,225.1889102549708
1993-05-27,329.5549316609568
1993-05-28,586.4609220737851
1993-05-29,811.3571813803791
1993-05-30,1137.5138417247585
1993-05-31,1617.38400028363
1993-06-01,2280.8969158989275
1993-06-02,2814.318174481546
1993-06-03,3533.7550716413807
1993-06-04,4202.075544189473
1993-06-05,4718.009587713273
1993-06-06,5083.241140923986
1993-06-07,5716.092555696433
1993-06-08,6131.219756342659
1993-06-09,6576.708352535982
1993-06-10,6918.297217692861
1993-06-11,7243.903543355602
1993-06-12,7467.5020795013825
1993-06-13,7539.2974046767085
1993-06-14,7499.347712266667
1993-06-15,7496.685503705888
1993-06-16,7382.714391876923
1993-06-17,7224.421890827968
1993-06-18,6959.75576915864
1993-06-19,6649.3539068080945
1993-06-20,6320.501943913632
1993-06-21,6018.426846596301
1993-06-22,5727.47628041614
1993-06-23,5476.460174664682
1993-06-24,5209.7298709460765
1993-06-25,4867.569961537963
1993-06-26,4555.063776423227
1993-06-27,4264.261250146709
1993-06-28,4010.8329664725793
1993-06-29,3836.66127949915
1993-06-30,3682.74712607969
1993-07-01,3594.869307449885
1993-07-02,3428.6965842911545
1993-07-03,3272.992215856572
1993-07-04,3179.18246261007
1993-07-05,3027.4816371383304
1993-07-06,2827.361540728229
1993-07-07,2614.717139585562
1993-07-08,2443.8023131828913
1993-07-09,2221.9627881679266
1993-07-10,2026.374764890425
1993-07-11,1874.4233907512441
1993-07-12,1659.524466095649
1993-07-13,1529.8989025994106
1993-07-14,1414.075289997946
1993-07-15,1321.8435077966465
1993-07-16,1268.0461771799942
1993-07-17,1231.0861904617054
1993-07-18,1207.6488619814472
1993-07-19,1175.4188957806996
1993-07-20,1119.0966998864797
1993-07-21,1054.9480489505972
1993-07-22,977.7891103506664
1993-07-23,893.6628755368206
1993-07-24,814.1707717655236
1993-07-25,736.8353920167663
1993-07-26,659.2411080862606
1993-07-27,619.4722203310362
1993-07-28,613.3183439986398
1993-07-29,647.6592652717209
1993-07-30,720.4420676509251
1993-07-31,807.6214639846328
1993-08-01,856.245223460595
1993-08-02,846.7228426922369
1993-08-03,821.7028999851942
1993-08-04,791.4267461006308
1993-08-05,791.2076954325355
1993-08-06,824.2146159373045
1993-08-07,856.6549608892678
1993-08-08,903.8898129341189
1993-08-09,981.6849501661465
1993-08-10,1075.162431521396
1993-08-11,1160.2146111583872
1993-08-12,1242.8291325460068
1993-08-13,1283.3645127667912
1993-08-14,1257.521373802156
1993-08-15,1227.3980133270918
1993-08-16,1239.6988423346108
1993-08-17,1237.1732649353883
1993-08-18,1200.7816953935553
1993-08-19,1162.87924430456
1993-08-20,1121.0982331772238
1993-08-21,1056.1724531463026
1993-08-22,982.7401071543597
1993-08-23,926.2279398958971
1993-08-24,904.8850635530625
1993-08-25,928.280814075345
1993-08-26,1006.2920925695054
1993-08-27,1115.9573674747733
1993-08-28,1206.4122848410886
1993-08-29,1270.8194784140792
1993-08-30,1278.2509304804034
1993-08-31,1238.3625069348766
1993-09-01,1195.2800565843368
1993-09-02,1135.8726851040383
1993-09-03,1106.22017946116
1993-09-04,1084.5597720425062
1993-09-05,1060.7077515570481
1993-09-06,1035.7586736230278
1993-09-07,990.7087248373564
1993-09-08,955.3021236869379
1993-09-09,928.1146401067575
1993-09-10,851.4085251591284
1993-09-11,799.0279222768908
1993-09-12,778.0148141493181
1993-09-13,759.1475517188092
1993-09-14,777.0284589011034
1993-09-15,769.9380477663947
1993-09-16,752.1289157510021
1993-09-17,711.0754389880015
1993-09-18,669.9951597437318
1993-09-19,674.8354226213131
1993-09-20,688.4006102262707
1993-09-21,676.3636115164866
1993-09-22,656.3248972052463
1993-09-23,613.4847564340826
1993-09-24,571.5287227832156
1993-09-25,525.7979985805767
1993-09-26,472.74427835343636
1993-09-27,429.284175624652
1993-09-28,392.83134727916206
1993-09-29,352.08963544756944
1993-09-30,327.7810864317472
1993-10-01,308.453125
1993-10-02,279.765625
1993-10-03,253.484375
1993-10-04,229.28125
1993-10-05,206.921875
1993-10-06,186.390625
1993-10-07,167.578125
1993-10-08,150.46875
1993-10-09,134.828125
1993-10-10,120.75
1993-10-11,108.0625
1993-10-12,96.390625
1993-10-13,85.796875
1993-10-14,76.28125
1993-10-15,67.71875
1993-10-16,60.0234375
1993-10-17,53.203125
1993-10-18,47.171875
1993-10-19,41.8125
1993-10-20,37.0625
1993-10-21,32.84375
1993-10-22,29.09375
1993-10-23,25.828125
1993-10-24,22.984375
1993-10-25,20.484375
1993-10-26,18.234375
1993-10-27,16.234375
1993-10-28,14.4375
1993-10-29,12.859375
1993-10-30,11.515625
1993-10-31,10.375
1993-11-01,9.34375
1993-11-02,8.421875
1993-11-03,7.609375
1993-11-04,6.90625
1993-11-05,6.234375
1993-11-06,5.609375
1993-11-07,5.03125
1993-11-08,4.515625
1993-11-09,4.03125
1993-11-10,3.578125
1993-11-11,3.21875
1993-11-12,2.9375
1993-11-13,2.703125
1993-11-14,2.5
1993-11-15,2.328125
1993-11-16,2.171875
1993-11-17,2.03125
1993-11-18,1.890625
1993-11-19,1.765625
1993-11-20,1.609375
1993-11-21,1.453125
1993-11-22,1.34375
1993-11-23,1.25
1993-11-24,1.171875
1993-11-25,1.09375
1993-11-26,1.0
1993-11-27,0.90625
1993-11-28,0.828125
1993-11-29,0.765625
1993-11-30,0.703125
1993-12-01,0.671875
1993-12-02,0.625
1993-12-03,0.59375
1993-12-04,0.546875
1993-12-05,0.515625
1993-12-06,0.484375
1993-12-07,0.46875
1993-12-08,0.453125
1993-12-09,0.421875
1993-12-10,0.40625
1993-12-11,0.390625
1993-12-12,0.375
1993-12-13,0.359375
1993-12-14,0.34375
1993-12-15,0.328125
1993-12-16,0.296875
1993-12-17,0.28125
1993-12-18,0.265625
1993-12-19,0.234375
1993-12-20,0.21875
1993-12-21,0.203125
1993-12-22,0.203125
1993-12-23,0.1875
1993-12-24,0.171875
1993-12-25,0.171875
1993-12-26,0.15625
1993-12-27,0.15625
1993-12-28,0.140625
1993-12-29,0.125
1993-12-30,0.109375
1993-12-31,0.09375
1994-01-01,0.09375
1994-01-02,0.078125
1994-01-03,0.06249999999999999
1994-01-04,0.046875
1994-01-05,0.03125
1994-01-06,0.03125
1994-01-07,0.03125
1994-01-08,0.0
1994-01-09,0.0
1994-01-10,0.0
1994-01-11,0.0
1994-01-12,0.0
1994-01-13,0.0
1994-01-14,0.0
1994-01-15,0.0
1994-01-16,0.0
1994-01-17,0.0
1994-01-18,0.0
1994-01-19,0.0
1994-01-20,0.0
1994-01-21,0.0
1994-01-22,0.0
1994-01-23,0.0
1994-01-24,0.0
1994-01-25,0.0
1994-01-26,0.0
1994-01-27,0.0
1994-01-28,0.0
1994-01-29,0.0
1994-01-30,0.0
1994-01-31,0.0
1994-02-01,0.0
1994-02-02,0.0
1994-02-03,0.0
1994-02-04,0.0
1994-02-05,0.0
1994-02-06,0.0
1994-02-07,0.0
1994-02-08,0.0
1994-02-09,0.0
1994-02-10,0.0
1994-02-11,0.0
1994-02-12,0.0
1994-02-13,0.0
1994-02-14,0.0
1994-02-15,0.0
1994-02-16,0.0
1994-02-17,0.0
1994-02-18,0.0
1994-02-19,0.0
1994-02-20,0.0
1994-02-21,0.0
1994-02-22,0.0
1994-02-23,0.0
1994-02-24,0.0
1994-02-25,0.0
1994-02-26,0.0
1994-02-27,0.0
1994-02-28,0.0
1994-03-01,0.0
1994-03-02,0.0
1994-03-03,0.0
1994-03-04,0.0
1994-03-05,0.0
1994-03-06,0.0
1994-03-07,0.0
1994-03-08,0.0
1994-03-09,0.0
1994-03-10,0.0
1994-03-11,0.0
1994-03-12,0.0
1994-03-13,0.0
1994-03-14,0.0
1994-03-15,0.0
1994-03-16,0.0
1994-03-17,0.0
1994-03-18,0.0
1994-03-19,0.0
1994-03-20,0.0
1994-03-21,0.0
1994-03-22,0.0
1994-03-23,0.0
1994-03-24,0.0
1994-03-25,0.0
1994-03-26,0.0
1994-03-27,0.0
1994-03-28,0.0
1994-03-29,0.0
1994-03-30,0.0
1994-03-31,0.0
1994-04-01,0.0
1994-04-02,0.0
1994-04-03,0.0
1994-04-04,0.0
1994-04-05,0.0
1994-04-06,0.0
1994-04-07,0.0
1994-04-08,0.0
1994-04-09,0.0
1994-04-10,0.0
1994-04-11,0.0
1994-04-12,0.0
1994-04-13,0.0
1994-04-14,0.0
1994-04-15,0.0
1994-04-16,0.0
1994-04-17,0.0
1994-04-18,0.0
1994-04-19,0.0
1994-04-20,0.0
1994-04-21,0.0
1994-04-22,0.0
1994-04-23,0.0
1994-04-24,0.0
1994-04-25,0.0
1994-04-26,0.0
1994-04-27,0.0
1994-04-28,0.0
1994-04-29,0.0
1994-04-30,0.0
1994-05-01,0.0
1994-05-02,0.0
1994-05-03,0.0
1994-05-04,0.0
1994-05-05,0.0
1994-05-06,0.0
1994-05-07,0.0
1994-05-08,0.0
1994-05-09,0.0
1994-05-10,0.0
1994-05-11,0.0
1994-05-12,0.0
1994-05-13,0.0
1994-05-14,0.0
1994-05-15,0.0
1994-05-16,0.0
1994-05-17,0.0
1994-05-18,0.0
1994-05-19,0.0021241056069407436
1994-05-20,0.026938926779619767
1994-05-21,0.07407169719295094
1994-05-22,0.19352805646123714
1994-05-23,0.5686065945918082
1994-05-24,3.795548771634365
1994-05-25,30.13009751964191
1994-05-26,69.71743188715713
1994-05-27,148.68301818928455
1994-05-28,347.99789842837765
1994-05-29,553.3586689699705
1994-05-30,872.466933597887
1994-05-31,1376.1269573671148
1994-06-01,2095.135256709969
1994-06-02,2697.506982445089
1994-06-03,3409.1557597618234
1994-06-04,3981.011223031581
1994-06-05,4363.124212795918
1994-06-06,4571.467122978372
1994-06-07,5081.759237456983
1994-06-08,5602.240149172831
1994-06-09,6474.639159905338
1994-06-10,7433.623007035748
1994-06-11,8261.81917886096
1994-06-12,8704.453339813092
1994-06-13,8734.942627961336
1994-06-14,8511.2371757484
1994-06-15,8299.072469842604
1994-06-16,7951.807192674511
1994-06-17,7584.089824461023
1994-06-18,7170.473401061712
1994-06-19,6762.429454747199
1994-06-20,6355.784652258355
1994-06-21,5986.843743953083
1994-06-22,5634.261972589798
1994-06-23,5329.204666050384
1994-06-24,5025.140393101766
1994-06-25,4661.674016874188
1994-06-26,4331.141114501024
1994-06-27,4027.4685943157283
1994-06-28,3781.339626546734
1994-06-29,3640.3182901446953
1994-06-30,3561.685658322543
1994-07-01,3545.0353274287786
1994-07-02,3393.7322631051024
1994-07-03,3218.5174471345895
1994-07-04,3108.7601518056526
1994-07-05,2964.2572330434546
1994-07-06,2799.2395089861825
1994-07-07,2661.6688453225324
1994-07-08,2578.502844246705
1994-07-09,2421.1110402738223
1994-07-10,2256.6232452527033
1994-07-11,2098.221947515459
1994-07-12,1842.9706003887532
1994-07-13,1709.420951624568
1994-07-14,1634.0390006124812
1994-07-15,1624.5641616048836
1994-07-16,1690.3826413204542
1994-07-17,1760.2854895265093
1994-07-18,1824.7997164113494
1994-07-19,1850.608729370461
1994-07-20,1790.6683136802153
1994-07-21,1733.85085781238
1994-07-22,1698.9592828558707
1994-07-23,1708.7286339139557
1994-07-24,1805.1367511890594
1994-07-25,1939.91770741634
1994-07-26,2066.4798625631347
1994-07-27,2111.132997132533
1994-07-28,1967.2627874799136
1994-07-29,1733.6295380832285
1994-07-30,1546.0397926934538
1994-07-31,1541.075628009158
1994-08-01,1536.0184934378078
1994-08-02,1445.1718669415377
1994-08-03,1358.4843499125468
1994-08-04,1238.7140742244833
1994-08-05,1154.3884560737595
1994-08-06,1178.1505926892485
1994-08-07,1263.459949278515
1994-08-08,1417.8702337611796
1994-08-09,1702.0650772981576
1994-08-10,1958.873394318973
1994-08-11,2095.840528548539
1994-08-12,2116.314519178018
1994-08-13,2069.305110498015
1994-08-14,2015.7410294570877
1994-08-15,2043.7501463266465
1994-08-16,2177.2127902813154
1994-08-17,2230.0911390776223
1994-08-18,2139.5129209073657
1994-08-19,1996.6807098113668
1994-08-20,1881.8301138138736
1994-08-21,1781.9521243477097
1994-08-22,1686.0378474432468
1994-08-23,1605.2957890373646
1994-08-24,1583.2659456920264
1994-08-25,1585.5579699738398
1994-08-26,1541.3265093562281
1994-08-27,1485.3939244362896
1994-08-28,1442.1115497394978
1994-08-29,1419.0531548341867
1994-08-30,1414.3444952752789
1994-08-31,1439.8793604939158
1994-09-01,1495.0875626663365
1994-09-02,1535.9378803703373
1994-09-03,1670.4823131488345
1994-09-04,1773.0554078348162
1994-09-05,1790.5904916294583
1994-09-06,1765.1597353332738
1994-09-07,1646.6325280265935
1994-09-08,1564.5345129756363
1994-09-09,1579.941153597109
1994-09-10,1528.4388077831613
1994-09-11,1468.677537327737
1994-09-12,1400.42524443035
1994-09-13,1372.6084378665425
1994-09-14,1511.0974135186523
1994-09-15,1626.4764515917916
1994-09-16,1752.8245831754305
1994-09-17,1815.3301717575714
1994-09-18,1774.971901385541
1994-09-19,1723.3923019236024
1994-09-20,1616.5779777641683
1994-09-21,1501.043276794829
1994-09-22,1423.9571943626854
1994-09-23,1320.8208125066485
1994-09-24,1218.8308568134546
1994-09-25,1112.6818604652005
1994-09-26,1006.2711943417638
1994-09-27,929.3443953736404
1994-09-28,871.1971090528207
1994-09-29,804.3972862371049
1994-09-30,772.6951476553633
1994-10-01,750.609375
1994-10-02,708.84375
1994-10-03,691.328125
1994-10-04,718.625
1994-10-05,764.078125
1994-10-06,776.03125
1994-10-07,744.609375
1994-10-08,691.734375
1994-10-09,635.890625
1994-10-10,583.171875
1994-10-11,534.265625
1994-10-12,488.71875
1994-10-13,446.546875
1994-10-14,407.59375
1994-10-15,371.703125
1994-10-16,338.53125
1994-10-17,307.609375
1994-10-18,278.859375
1994-10-19,252.109375
1994-10-20,227.390625
1994-10-21,204.71875
1994-10-22,183.828125
1994-10-23,164.703125
1994-10-24,147.296875
1994-10-25,131.4375
1994-10-26,117.015625
1994-10-27,103.984375
1994-10-28,92.3125
1994-10-29,81.75
1994-10-30,72.28125
1994-10-31,63.859375
1994-11-01,56.359375
1994-11-02,49.671875
1994-11-03,43.765625
1994-11-04,38.5625
1994-11-05,33.953125
1994-11-06,29.9375
1994-11-07,26.453125
1994-11-08,23.359375
1994-11-09,20.625
1994-11-10,18.265625
1994-11-11,16.21875
1994-11-12,14.453125
1994-11-13,12.9375
1994-11-14,11.578125
1994-11-15,10.40625
1994-11-16,9.390625
1994-11-17,8.5
1994-11-18,7.71875
1994-11-19,7.03125
1994-11-20,6.40625
1994-11-21,5.84375
1994-11-22,5.359375
1994-11-23,4.921875
1994-11-24,4.515625
1994-11-25,4.09375
1994-11-26,3.734375
1994-11-27,3.4375
1994-11-28,3.171875
1994-11-29,2.921875
1994-11-30,2.6875
1994-12-01,2.453125
1994-12-02,2.25
1994-12-03,2.078125
1994-12-04,1.9375
1994-12-05,1.796875
1994-12-06,1.671875
1994-12-07,1.578125
1994-12-08,1.484375
1994-12-09,1.375
1994-12-10,1.28125
1994-12-11,1.171875
1994-12-12,1.0625
1994-12-13,0.984375
1994-12-14,0.921875
1994-12-15,0.859375
1994-12-16,0.8125
1994-12-17,0.765625
1994-12-18,0.71875
1994-12-19,0.6875
1994-12-20,0.640625
1994-12-21,0.609375
1994-12-22,0.59375
1994-12-23,0.5625
1994-12-24,0.546875
1994-12-25,0.515625
1994-12-26,0.484375
1994-12-27,0.46875
1994-12-28,0.421875
1994-12-29,0.390625
1994-12-30,0.359375
1994-12-31,0.328125
1995-01-01,0.296875
1995-01-02,0.265625
1995-01-03,0.25
1995-01-04,0.21875
1995-01-05,0.1875
1995-01-06,0.171875
1995-01-07,0.15625
1995-01-08,0.140625
1995-01-09,0.125
1995-01-10,0.109375
1995-01-11,0.09375
1995-01-12,0.09375
1995-01-13,0.078125
1995-01-14,0.078125
1995-01-15,0.078125
1995-01-16,0.078125
1995-01-17,0.078125
1995-01-18,0.06249999999999999
1995-01-19,0.06249999999999999
1995-01-20,0.06249999999999999
1995-01-21,0.06249999999999999
1995-01-22,0.06249999999999999
1995-01-23,0.06249999999999999
1995-01-24,0.046875
1995-01-25,0.046875
1995-01-26,0.046875
1995-01-27,0.046875
1995-01-28,0.046875
1995-01-29,0.046875
1995-01-30,0.046875
1995-01-31,0.046875
1995-02-01,0.03125
1995-02-02,0.03125
1995-02-03,0.03125
1995-02-04,0.03125
1995-02-05,0.03125
1995-02-06,0.03125
1995-02-07,0.015625
1995-02-08,0.015625
1995-02-09,0.015625
1995-02-10,0.0
1995-02-11,0.0
1995-02-12,0.0
1995-02-13,0.0
1995-02-14,0.0
1995-02-15,0.0
1995-02-16,0.0
1995-02-17,0.0
1995-02-18,0.0
1995-02-19,0.0
1995-02-20,0.0
1995-02-21,0.0
1995-02-22,0.0
1995-02-23,0.0
1995-02-24,0.0
1995-02-25,0.0
1995-02-26,0.0
1995-02-27,0.0
1995-02-28,0.0
1995-03-01,0.0
1995-03-02,0.0
1995-03-03,0.0
1995-03-04,0.0
1995-03-05,0.0
1995-03-06,0.0
1995-03-07,0.0
1995-03-08,0.0
1995-03-09,0.0
1995-03-10,0.0
1995-03-11,0.0
1995-03-12,0.0
1995-03-13,0.0
1995-03-14,0.0
1995-03-15,0.0
1995-03-16,0.0
1995-03-17,0.0
1995-03-18,0.0
1995-03-19,0.0
1995-03-20,0.0
1995-03-21,0.0
1995-03-22,0.0
1995-03-23,0.0
1995-03-24,0.0
1995-03-25,0.0
1995-03-26,0.0
1995-03-27,0.0
1995-03-28,0.0
1995-03-29,0.0
1995-03-30,0.0
1995-03-31,0.0
1995-04-01,0.0
1995-04-02,0.0
1995-04-03,0.0
1995-04-04,0.0
1995-04-05,0.0
1995-04-06,0.0
1995-04-07,0.0
1995-04-08,0.0
1995-04-09,0.0
1995-04-10,0.0
1995-04-11,0.0
1995-04-12,0.0
1995-04-13,0.0
1995-04-14,0.0
1995-04-15,0.0
1995-04-16,0.0
1995-04-17,0.0
1995-04-18,0.0
1995-04-19,0.0
1995-04-20,0.0
1995-04-21,0.0
1995-04-22,0.0
1995-04-23,0.0
1995-04-24,0.0
1995-04-25,0.0
1995-04-26,0.0
1995-04-27,0.0
1995-04-28,0.0
1995-04-29,0.0
1995-04-30,0.0
1995-05-01,0.0
1995-05-02,0.0
1995-05-03,0.0
1995-05-04,0.0
1995-05-05,0.0
1995-05-06,0.0
1995-05-07,0.0
1995-05-08,0.0
1995-05-09,0.0
1995-05-10,0.0
1995-05-11,0.22251310103888947
1995-05-12,1.8193989315832502
1995-05-13,8.475839096504028
1995-05-14,27.631368718441937
1995-05-15,134.57994516832736
1995-05-16,307.07399171439005
1995-05-17,356.78800915600414
1995-05-18,324.87642145281404
1995-05-19,301.3688127944954
1995-05-20,260.3283347991791
1995-05-21,259.4718653335216
1995-05-22,216.65142837565455
1995-05-23,193.86585045491222
1995-05-24,188.3507730273303
1995-05-25,202.9179750498055
1995-05-26,275.9066800505761
1995-05-27,392.98248466517526
1995-05-28,685.8172756247716
1995-05-29,923.8290390978391
1995-05-30,1266.220668019014
1995-05-31,1777.245461811918
1995-06-01,2456.8529015104923
1995-06-02,2923.7387057896303
1995-06-03,3507.7904420261916
1995-06-04,3991.0241364016733
1995-06-05,4218.333558469963
1995-06-06,4162.5758271242585
1995-06-07,4368.814752762181
1995-06-08,4635.992951663693
1995-06-09,5153.180844284715
1995-06-10,5580.902608152627
1995-06-11,5819.8869793943
1995-06-12,5936.281902529612
1995-06-13,5954.699240185577
1995-06-14,5854.993938157653
1995-06-15,5729.270093780661
1995-06-16,5490.458777580561
1995-06-17,5259.391489366919
1995-06-18,4988.34654067182
1995-06-19,4716.519326065378
1995-06-20,4487.065839423237
1995-06-21,4373.002722436344
1995-06-22,4418.16110359461
1995-06-23,4586.770564563757
1995-06-24,4657.8969782956165
1995-06-25,4507.043902453098
1995-06-26,4314.139515837012
1995-06-27,4179.977080542574
1995-06-28,4146.220282401824
1995-06-29,4142.881654995636
1995-06-30,4090.5856524200276
1995-07-01,4027.7960717430524
1995-07-02,3785.381351998468
1995-07-03,3544.0974941469412
1995-07-04,3417.241698240558
1995-07-05,3281.320697199248
1995-07-06,3134.2203857888526
1995-07-07,3005.4881386016395
1995-07-08,2945.99807759032
1995-07-09,2841.292941473582
1995-07-10,2756.9209437441114
1995-07-11,2792.7686004278676
1995-07-12,2734.64219043729
1995-07-13,2694.4349919394826
1995-07-14,2561.794932814419
1995-07-15,2398.6797919701057
1995-07-16,2269.556442786664
1995-07-17,2157.8571299328264
1995-07-18,2083.438677068488
1995-07-19,1970.9604409654487
1995-07-20,1810.4607244534027
1995-07-21,1694.9451724625565
1995-07-22,1619.102776626483
1995-07-23,1591.279586873356
1995-07-24,1605.6948805817326
1995-07-25,1617.8072963931031
1995-07-26,1555.7756415453925
1995-07-27,1468.455361939458
1995-07-28,1380.7063938578488
1995-07-29,1315.0124919103926
1995-07-30,1261.3537929460297
1995-07-31,1239.2338008353202
1995-08-01,1253.6198126921508
1995-08-02,1265.4422704753194
1995-08-03,1280.4827678618744
1995-08-04,1306.5447373450222
1995-08-05,1343.3424109027144
1995-08-06,1347.2240983123888
1995-08-07,1293.1516701003604
1995-08-08,1244.9016494028754
1995-08-09,1207.0810196966931
1995-08-10,1140.8565585807683
1995-08-11,1063.5525607529803
1995-08-12,990.002506515123
1995-08-13,912.7139213181807
1995-08-14,831.4347719651281
1995-08-15,775.1910509753501
1995-08-16,769.8775392521409
1995-08-17,771.4690322326484
1995-08-18,756.7438302288379
1995-08-19,742.5971473846337
1995-08-20,738.1982583112593
1995-08-21,759.7756970261428
1995-08-22,840.0528777049035
1995-08-23,990.6141573249331
1995-08-24,1166.0500107835985
1995-08-25,1317.197813244735
1995-08-26,1386.1990336166803
1995-08-27,1407.4278249547817
1995-08-28,1406.865090550056
1995-08-29,1391.3071216789024
1995-08-30,1340.4457957488883
1995-08-31,1269.2540779548672
1995-09-01,1205.9611758241883
1995-09-02,1119.7089736345151
1995-09-03,1056.2844661315698
1995-09-04,1023.4366369939252
1995-09-05,1047.2324762914384
1995-09-06,1103.6089935138036
1995-09-07,1146.10214454553
1995-09-08,1167.9001664069335
1995-09-09,1195.2175023672303
1995-09-10,1160.760977340773
1995-09-11,1125.8077024230718
1995-09-12,1092.9513956313647
1995-09-13,1043.8334029474286
1995-09-14,1034.3159394937327
1995-09-15,979.5434723301274
1995-09-16,913.0271746209438
1995-09-17,836.8679069569388
1995-09-18,784.1037193446768
1995-09-19,838.5444912794812
1995-09-20,990.4647878076147
1995-09-21,1166.5000291126948
1995-09-22,1341.1108692629196
1995-09-23,1422.9464754896778
1995-09-24,1425.3959056080282
1995-09-25,1387.0101392664944
1995-09-26,1323.2202216040669
1995-09-27,1288.959973463923
1995-09-28,1277.2417437280324
1995-09-29,1280.1766401493808
1995-09-30,1383.6626327657652
1995-10-01,1514.0703125
1995-10-02,1517.0546875
1995-10-03,1452.8671875
1995-10-04,1352.859375
1995-10-05,1247.7421875
1995-10-06,1146.9921875
1995-10-07,1053.609375
1995-10-08,967.0625
1995-10-09,881.5859375
1995-10-10,799.78125
1995-10-11,727.671875
1995-10-12,665.0625
1995-10-13,609.4140625
1995-10-14,558.6328125
1995-10-15,511.5625
1995-10-16,467.6953125
1995-10-17,427.0859375
1995-10-18,389.65625
1995-10-19,355.2421875
1995-10-20,323.8359375
1995-10-21,296.3046875
1995-10-22,272.2578125
1995-10-23,249.4453125
1995-10-24,227.2109375
1995-10-25,205.9296875
1995-10-26,186.0234375
1995-10-27,167.703125
1995-10-28,150.8046875
1995-10-29,135.2734375
1995-10-30,120.9609375
1995-10-31,107.703125
1995-11-01,95.6796875
1995-11-02,84.8125
1995-11-03,74.859375
1995-11-04,65.890625
1995-11-05,58.1640625
1995-11-06,51.2734375
1995-11-07,45.03125
1995-11-08,39.4375
1995-11-09,34.5703125
1995-11-10,30.40625
1995-11-11,27.0
1995-11-12,24.46875
1995-11-13,22.8046875
1995-11-14,21.75
1995-11-15,20.84375
1995-11-16,19.71875
1995-11-17,18.3359375
1995-11-18,16.796875
1995-11-19,15.21875
1995-11-20,13.7421875
1995-11-21,12.4140625
1995-11-22,11.1875
1995-11-23,10.0625
1995-11-24,9.03125
1995-11-25,8.09375
1995-11-26,7.234375
1995-11-27,6.46875
1995-11-28,5.8125
1995-11-29,5.234375
1995-11-30,4.75
1995-12-01,4.34375
1995-12-02,4.0
1995-12-03,3.703125
1995-12-04,3.4375
1995-12-05,3.1875
1995-12-06,2.96875
1995-12-07,2.765625
1995-12-08,2.59375
1995-12-09,2.46875
1995-12-10,2.421875
1995-12-11,2.46875
1995-12-12,2.546875
1995-12-13,2.59375
1995-12-14,2.59375
1995-12-15,2.515625
1995-12-16,2.40625
1995-12-17,2.28125
1995-12-18,2.15625
1995-12-19,2.0625
1995-12-20,1.984375
1995-12-21,1.921875
1995-12-22,1.859375
1995-12-23,1.78125
1995-12-24,1.703125
1995-12-25,1.609375
1995-12-26,1.53125
1995-12-27,1.421875
1995-12-28,1.328125
1995-12-29,1.21875
1995-12-30,1.09375
1995-12-31,1.0
1996-01-01,0.890625
1996-01-02,0.8125
1996-01-03,0.734375
1996-01-04,0.671875
1996-01-05,0.625
1996-01-06,0.578125
1996-01-07,0.53125
1996-01-08,0.5
1996-01-09,0.46875
1996-01-10,0.4375
1996-01-11,0.40625
1996-01-12,0.375
1996-01-13,0.34375
1996-01-14,0.3125
1996-01-15,0.296875
1996-01-16,0.265625
1996-01-17,0.25
1996-01-18,0.234375
1996-01-19,0.21875
1996-01-20,0.203125
1996-01-21,0.1875
1996-01-22,0.171875
1996-01-23,0.15625
1996-01-24,0.140625
1996-01-25,0.125
1996-01-26,0.109375
1996-01-27,0.09375
1996-01-28,0.078125
1996-01-29,0.06249999999999999
1996-01-30,0.046875
1996-01-31,0.046875
1996-02-01,0.03125
1996-02-02,0.03125
1996-02-03,0.015625
1996-02-04,0.015625
1996-02-05,0.015625
1996-02-06,0.0
1996-02-07,0.0
1996-02-08,0.0
1996-02-09,0.0
1996-02-10,0.0
1996-02-11,0.0
1996-02-12,0.0
1996-02-13,0.0
1996-02-14,0.0
1996-02-15,0.0
1996-02-16,0.0
1996-02-17,0.0
1996-02-18,0.0
1996-02-19,0.0
1996-02-20,0.0
1996-02-21,0.0
1996-02-22,0.0
1996-02-23,0.0
1996-02-24,0.0
1996-02-25,0.0
1996-02-26,0.0
1996-02-27,0.0
1996-02-28,0.0
1996-02-29,0.0
1996-03-01,0.0
1996-03-02,0.0
1996-03-03,0.0
1996-03-04,0.0
1996-03-05,0.0
1996-03-06,0.0
1996-03-07,0.0
1996-03-08,0.0
1996-03-09,0.0
1996-03-10,0.0
1996-03-11,0.0
1996-03-12,0.0
1996-03-13,0.0
1996-03-14,0.0
1996-03-15,0.0
1996-03-16,0.0
1996-03-17,0.0
1996-03-18,0.0
1996-03-19,0.0
1996-03-20,0.0
1996-03-21,0.0
1996-03-22,0.0
1996-03-23,0.0
1996-03-24,0.0
1996-03-25,0.0
1996-03-26,0.0
1996-03-27,0.0
1996-03-28,0.0
1996-03-29,0.0
1996-03-30,0.0
1996-03-31,0.0
1996-04-01,0.0
1996-04-02,0.0
1996-04-03,0.0
1996-04-04,0.0
1996-04-05,0.0
1996-04-06,0.0
1996-04-07,0.0
1996-04-08,0.0
1996-04-09,0.0
1996-04-10,0.0
1996-04-11,0.0
1996-04-12,0.0
1996-04-13,0.0
1996-04-14,0.0
1996-04-15,0.0
1996-04-16,0.0
1996-04-17,0.0
1996-04-18,0.0
1996-04-19,0.0
1996-04-20,0.0
1996-04-21,0.0
1996-04-22,0.0
1996-04-23,0.0
1996-04-24,0.0
1996-04-25,0.0
1996-04-26,0.0
1996-04-27,0.0
1996-04-28,0.0
1996-04-29,0.0
1996-04-30,0.0
1996-05-01,0.0
1996-05-02,0.057380073800738
1996-05-03,0.4374318235712591
1996-05-04,0.845082799314764
1996-05-05,1.4479606007324362
1996-05-06,11.855823067022156
1996-05-07,58.020461756604405
1996-05-08,85.30322690616698
1996-05-09,90.11538394486348
1996-05-10,93.1601624988508
1996-05-11,102.44512268873683
1996-05-12,121.8774316350485
1996-05-13,160.0715736955999
1996-05-14,218.34322563528093
1996-05-15,265.179633239917
1996-05-16,279.426326027535
1996-05-17,236.98733434872807
1996-05-18,213.03735550514
1996-05-19,198.50423629434184
1996-05-20,224.8648746646815
1996-05-21,222.69028116417044
1996-05-22,240.109714244929
1996-05-23,272.6804267740686
1996-05-24,317.4855035747859
1996-05-25,421.52703656234183
1996-05-26,550.9596922409809
1996-05-27,873.9558153919626
1996-05-28,1092.2754290049209
1996-05-29,1422.0762410620061
1996-05-30,1932.7701945189056
1996-05-31,2616.896388987603
1996-06-01,3041.3249483893624
1996-06-02,3498.2082572872523
1996-06-03,3755.2980492375746
1996-06-04,3794.6951858506345
1996-06-05,3722.991595085331
1996-06-06,4015.360034414056
1996-06-07,4497.838611370885
1996-06-08,5357.913382321732
1996-06-09,6074.738242264328
1996-06-10,6470.670180844142
1996-06-11,6639.306107724149
1996-06-12,6648.327811126604
1996-06-13,6624.62524270092
1996-06-14,6862.924761970002
1996-06-15,7188.708033944042
1996-06-16,7417.980007563959
1996-06-17,7335.8168798014485
1996-06-18,7186.60839202191
1996-06-19,7174.48617327936
1996-06-20,7302.98054562191
1996-06-21,7322.000888851909
1996-06-22,7325.435272602893
1996-06-23,7401.950639921593
1996-06-24,7339.9355679285345
1996-06-25,7205.503760922436
1996-06-26,6969.393192126468
1996-06-27,6668.383601952532
1996-06-28,6423.8428314336425
1996-06-29,6140.12857754828
1996-06-30,5839.41228635711
1996-07-01,5329.3361091177585
1996-07-02,4854.04745911826
1996-07-03,4540.594124293577
1996-07-04,4246.374309367431
1996-07-05,4018.5852398379443
1996-07-06,3848.1287052830544
1996-07-07,3710.781047044792
1996-07-08,3422.6470577385753
1996-07-09,3127.8229451701827
1996-07-10,2905.1058239559716
1996-07-11,2618.726356405326
1996-07-12,2480.275442615094
1996-07-13,2336.079913912237
1996-07-14,2182.7068156913183
1996-07-15,2064.7539968346487
1996-07-16,2009.8783000888552
1996-07-17,2035.9409681797774
1996-07-18,2058.9741207536335
1996-07-19,1998.1990162199204
1996-07-20,1894.0812199748448
1996-07-21,1767.815006008378
1996-07-22,1666.1804298644772
1996-07-23,1650.2567867027142
1996-07-24,1746.9835765491528
1996-07-25,1922.0013183898075
1996-07-26,2169.9163554478973
1996-07-27,2379.1067800169267
1996-07-28,2447.053807911089
1996-07-29,2358.0942570734037
1996-07-30,2219.648200230352
1996-07-31,2125.7772710831246
1996-08-01,2080.106931957469
1996-08-02,2140.512115988035
1996-08-03,2287.651819469549
1996-08-04,2478.385827204916
1996-08-05,2593.7228805067466
1996-08-06,2548.8273295646663
1996-08-07,2474.9998297937937
1996-08-08,2418.0375358925694
1996-08-09,2355.982471508431
1996-08-10,2368.518755105149
1996-08-11,2442.6533511635894
1996-08-12,2439.586429027221
1996-08-13,2320.363903489368
1996-08-14,2208.500231871802
1996-08-15,2204.3427479647175
1996-08-16,2213.3710730887988
1996-08-17,2170.2230687496976
1996-08-18,2061.7048794580674
1996-08-19,1903.172167312724
1996-08-20,1746.062138965834
1996-08-21,1633.6626530005979
1996-08-22,1548.3786353630935
1996-08-23,1472.0249109429883
1996-08-24,1407.5502933010405
1996-08-25,1361.937205628247
1996-08-26,1366.5226626160797
1996-08-27,1425.572625597973
1996-08-28,1482.3879241031373
1996-08-29,1519.9045877034412
1996-08-30,1611.921444618536
1996-08-31,1756.9356023771345
1996-09-01,1920.292801617579
1996-09-02,2091.114574387098
1996-09-03,2071.9366065069016
1996-09-04,1961.608872880679
1996-09-05,1882.4907142094453
1996-09-06,1828.9482934443458
1996-09-07,1834.837834253426
1996-09-08,1895.3787240150605
1996-09-09,1887.4824678240786
1996-09-10,1881.598458994442
1996-09-11,1793.8726847332155
1996-09-12,1608.1395675044366
1996-09-13,1534.1797994358435
1996-09-14,1545.4024588473333
1996-09-15,1522.2888918745807
1996-09-16,1395.9073409644332
1996-09-17,1271.3657311562617
1996-09-18,1208.0091733078605
1996-09-19,1136.5484256480743
1996-09-20,1082.1880175246035
1996-09-21,1073.718826631999
1996-09-22,1047.9086879163601
1996-09-23,1017.964154192525
1996-09-24,969.9535579707873
1996-09-25,890.8488249161614
1996-09-26,817.0447359946124
1996-09-27,754.511295479062
1996-09-28,686.6862544313201
1996-09-29,663.4597858536367
1996-09-30,669.6706455235889
1996-10-01,746.390625
1996-10-02,806.96875
1996-10-03,860.078125
1996-10-04,886.515625
1996-10-05,861.59375
1996-10-06,808.515625
1996-10-07,749.765625
1996-10-08,694.390625
1996-10-09,641.921875
1996-10-10,591.859375
1996-10-11,543.875
1996-10-12,496.28125
1996-10-13,451.0
1996-10-14,410.078125
1996-10-15,373.171875
1996-10-16,339.453125
1996-10-17,308.25
1996-10-18,279.140625
1996-10-19,251.890625
1996-10-20,226.625
1996-10-21,203.5625
1996-10-22,182.609375
1996-10-23,163.609375
1996-10-24,146.359375
1996-10-25,130.671875
1996-10-26,116.296875
1996-10-27,103.265625
1996-10-28,91.4375
1996-10-29,80.703125
1996-10-30,71.140625
1996-10-31,62.640625
1996-11-01,55.078125
1996-11-02,48.40625
1996-11-03,42.53125
1996-11-04,37.34375
1996-11-05,32.84375
1996-11-06,29.046875
1996-11-07,25.734375
1996-11-08,22.84375
1996-11-09,20.390625
1996-11-10,18.328125
1996-11-11,16.609375
1996-11-12,15.109375
1996-11-13,13.75
1996-11-14,12.53125
1996-11-15,11.359375
1996-11-16,10.28125
1996-11-17,9.296875
1996-11-18,8.453125
1996-11-19,7.703125
1996-11-20,7.03125
1996-11-21,6.421875
1996-11-22,5.84375
1996-11-23,5.296875
1996-11-24,4.828125
1996-11-25,4.421875
1996-11-26,4.0625
1996-11-27,3.765625
1996-11-28,3.5
1996-11-29,3.25
1996-11-30,3.03125
1996-12-01,2.828125
1996-12-02,2.625
1996-12-03,2.421875
1996-12-04,2.25
1996-12-05,2.109375
1996-12-06,1.984375
1996-12-07,1.828125
1996-12-08,1.6875
1996-12-09,1.5625
1996-12-10,1.453125
1996-12-11,1.375
1996-12-12,1.296875
1996-12-13,1.21875
1996-12-14,1.125
1996-12-15,1.03125
1996-12-16,0.9375
1996-12-17,0.859375
1996-12-18,0.796875
1996-12-19,0.75
1996-12-20,0.671875
1996-12-21,0.609375
1996-12-22,0.546875
1996-12-23,0.546875
1996-12-24,0.8125
1996-12-25,0.921875
1996-12-26,0.8125
1996-12-27,0.890625
1996-12-28,5.890625
1996-12-29,39.390625
1996-12-30,55.0
1996-12-31,53.953125
1997-01-01,50.234375
1997-01-02,46.421875
1997-01-03,43.140625
1997-01-04,40.734375
1997-01-05,39.65625
1997-01-06,39.25
1997-01-07,38.125
1997-01-08,35.953125
1997-01-09,33.21875
1997-01-10,30.375
1997-01-11,27.625
1997-01-12,25.0625
1997-01-13,22.671875
1997-01-14,20.453125
1997-01-15,18.4375
1997-01-16,16.59375
1997-01-17,14.921875
1997-01-18,13.421875
1997-01-19,12.078125
1997-01-20,10.859375
1997-01-21,9.734375
1997-01-22,8.734375
1997-01-23,7.828125
1997-01-24,7.0
1997-01-25,6.265625
1997-01-26,5.625
1997-01-27,5.0625
1997-01-28,4.5625
1997-01-29,4.109375
1997-01-30,3.71875
1997-01-31,3.359375
1997-02-01,3.03125
1997-02-02,2.75
1997-02-03,2.53125
1997-02-04,2.3125
1997-02-05,2.09375
1997-02-06,1.90625
1997-02-07,1.75
1997-02-08,1.59375
1997-02-09,1.4375
1997-02-10,1.3125
1997-02-11,1.1875
1997-02-12,1.09375
1997-02-13,1.0
1997-02-14,0.9375
1997-02-15,0.84375
1997-02-16,0.78125
1997-02-17,0.75
1997-02-18,0.6875
1997-02-19,0.65625
1997-02-20,0.59375
1997-02-21,0.5625
1997-02-22,0.53125
1997-02-23,0.5
1997-02-24,0.4375
1997-02-25,0.40625
1997-02-26,0.375
1997-02-27,0.3125
1997-02-28,0.28125
1997-03-01,0.25
1997-03-02,0.21875
1997-03-03,0.1875
1997-03-04,0.125
1997-03-05,0.09375
1997-03-06,0.09375
1997-03-07,0.06249999999999999
1997-03-08,0.03125
1997-03-09,0.03125
1997-03-10,0.03125
1997-03-11,0.0
1997-03-12,0.0
1997-03-13,0.0
1997-03-14,0.0
1997-03-15,0.0
1997-03-16,0.0
1997-03-17,0.0
1997-03-18,0.0
1997-03-19,0.0
1997-03-20,0.0
1997-03-21,0.0
1997-03-22,0.0
1997-03-23,0.0
1997-03-24,0.0
1997-03-25,0.0
1997-03-26,0.0
1997-03-27,0.0
1997-03-28,0.0
1997-03-29,0.0
1997-03-30,0.0
1997-03-31,0.0
1997-04-01,0.0
1997-04-02,0.0
1997-04-03,0.0
1997-04-04,0.0
1997-04-05,0.0
1997-04-06,0.0
1997-04-07,0.0
1997-04-08,0.0
1997-04-09,0.0
1997-04-10,0.0
1997-04-11,0.0
1997-04-12,0.0
1997-04-13,0.0
1997-04-14,0.0
1997-04-15,0.0
1997-04-16,0.0
1997-04-17,0.0
1997-04-18,0.0
1997-04-19,0.0
1997-04-20,0.0
1997-04-21,0.0
1997-04-22,0.0
1997-04-23,0.0
1997-04-24,0.0
1997-04-25,0.0
1997-04-26,0.0
1997-04-27,0.0
1997-04-28,0.0
1997-04-29,0.0
1997-04-30,0.0
1997-05-01,0.0
1997-05-02,0.0
1997-05-03,0.0
1997-05-04,0.017702157932179274
1997-05-05,0.017993782120423817
1997-05-06,0.04178304644365052
1997-05-07,0.06499149581686128
1997-05-08,0.11152880603433243
1997-05-09,0.2515552629722803
1997-05-10,0.476409502446508
1997-05-11,0.7632412429897951
1997-05-12,12.709723824349602
1997-05-13,51.76332085527568
1997-05-14,66.3833373407069
1997-05-15,68.30908849714051
1997-05-16,62.22106128914341
1997-05-17,51.80284993208458
1997-05-18,34.60873199573053
1997-05-19,23.589020468200747
1997-05-20,16.212021318376177
1997-05-21,13.51796922129096
1997-05-22,10.049763317326086
1997-05-23,8.591232258026142
1997-05-24,8.294393138300176
1997-05-25,9.485208191391193
1997-05-26,15.78980129687751
1997-05-27,32.44069206293596
1997-05-28,91.84646986633165
1997-05-29,205.73674405556827
1997-05-30,445.86932817870064
1997-05-31,951.4744711853887
1997-06-01,1904.855540328388
1997-06-02,3129.5423107164215
1997-06-03,4584.457083402706
1997-06-04,5636.685460127211
1997-06-05,5918.1410286122655
1997-06-06,5522.549136537249
1997-06-07,5413.251358449556
1997-06-08,5373.206976590025
1997-06-09,5656.9911269049035
1997-06-10,6011.863115605399
1997-06-11,6459.954623630913
1997-06-12,7056.597250923551
1997-06-13,7825.705645390464
1997-06-14,8717.270549973717
1997-06-15,9684.724874478006
1997-06-16,10371.265502211652
1997-06-17,10815.356609437971
1997-06-18,10916.821290244085
1997-06-19,10802.145638790305
1997-06-20,10521.72233924567
1997-06-21,10137.310885776798
1997-06-22,9671.083790870633
1997-06-23,9296.136237466533
1997-06-24,9053.391473391299
1997-06-25,8846.406713435807
1997-06-26,8635.259687126269
1997-06-27,8246.52079488701
1997-06-28,7818.670870663617
1997-06-29,7512.4548300179495
1997-06-30,7224.950224653318
1997-07-01,6967.316934436822
1997-07-02,6451.527889573372
1997-07-03,5955.658551609824
1997-07-04,5680.802757688381
1997-07-05,5434.033202989664
1997-07-06,5198.194905059385
1997-07-07,4967.282699602186
1997-07-08,4772.945385362065
1997-07-09,4407.135502812703
1997-07-10,4052.6445267787735
1997-07-11,3798.5310961093905
1997-07-12,3451.0328072856005
1997-07-13,3267.833049980038
1997-07-14,3046.159948741133
1997-07-15,2837.857292992909
1997-07-16,2687.7592795776345
1997-07-17,2538.653842259665
1997-07-18,2440.3392488098807
1997-07-19,2342.068924621661
1997-07-20,2193.608456487395
1997-07-21,2054.087503316
1997-07-22,1914.733175950428
1997-07-23,1788.692768372703
1997-07-24,1715.8745049423705
1997-07-25,1692.2961138796531
1997-07-26,1729.7096311456946
1997-07-27,1905.4956416049763
1997-07-28,2112.6752470394517
1997-07-29,2275.2190052012143
1997-07-30,2367.4885065289022
1997-07-31,2421.3841196084136
1997-08-01,2449.2995363193722
1997-08-02,2427.817090778103
1997-08-03,2453.4751735520954
1997-08-04,2495.7947341008935
1997-08-05,2611.1126783047703
1997-08-06,2792.057458072446
1997-08-07,2815.143596802132
1997-08-08,2725.0846392315884
1997-08-09,2602.208940865574
1997-08-10,2403.407484090427
1997-08-11,2187.0136572126366
1997-08-12,1990.3934753988801
1997-08-13,1815.2879503624285
1997-08-14,1704.3313801071363
1997-08-15,1676.554559383133
1997-08-16,1680.7763030714866
1997-08-17,1627.3541607604532
1997-08-18,1558.4845064830058
1997-08-19,1495.5544894656518
1997-08-20,1420.4887317898545
1997-08-21,1369.5878380279266
1997-08-22,1350.839232947248
1997-08-23,1310.8912865912032
1997-08-24,1236.5962923625532
1997-08-25,1150.5656362963596
1997-08-26,1092.8597510619963
1997-08-27,1098.286962845503
1997-08-28,1181.8782409723817
1997-08-29,1277.4890711820478
1997-08-30,1360.383449912724
1997-08-31,1496.6904558480821
1997-09-01,1634.798743901388
1997-09-02,1653.131456722181
1997-09-03,1607.2779098054325
1997-09-04,1538.4014115686023
1997-09-05,1497.1453701097385
1997-09-06,1521.812342759027
1997-09-07,1546.6725935456373
1997-09-08,1559.8667317224968
1997-09-09,1572.0097563713803
1997-09-10,1506.5452552072127
1997-09-11,1472.139536814706
1997-09-12,1447.5635160321312
1997-09-13,1414.797225708309
1997-09-14,1476.835136017233
1997-09-15,1581.2193939981385
1997-09-16,1755.706279316691
1997-09-17,1897.8237290744062
1997-09-18,1906.2189283290338
1997-09-19,1887.4032809728726
1997-09-20,1800.7810833912795
1997-09-21,1688.077863295458
1997-09-22,1597.4537163079733
1997-09-23,1465.0144588241058
1997-09-24,1361.8593457719041
1997-09-25,1270.2679822478317
1997-09-26,1159.8618277433413
1997-09-27,1059.6993264037822
1997-09-28,974.2168156871996
1997-09-29,881.1136225387788
1997-09-30,829.9653428604627
1997-10-01,790.84375
1997-10-02,729.484375
1997-10-03,681.109375
1997-10-04,660.015625
1997-10-05,679.5078125
1997-10-06,727.515625
1997-10-07,813.6796875
1997-10-08,897.2421875
1997-10-09,955.609375
1997-10-10,961.9609375
1997-10-11,929.0546875
1997-10-12,877.5390625
1997-10-13,812.5859375
1997-10-14,746.5390625
1997-10-15,684.34375
1997-10-16,626.90625
1997-10-17,574.9609375
1997-10-18,527.9296875
1997-10-19,484.8359375
1997-10-20,444.5078125
1997-10-21,406.5
1997-10-22,370.625
1997-10-23,337.0625
1997-10-24,306.0234375
1997-10-25,277.3828125
1997-10-26,250.9453125
1997-10-27,226.7421875
1997-10-28,204.6171875
1997-10-29,184.3984375
1997-10-30,165.8359375
1997-10-31,148.7109375
1997-11-01,132.890625
1997-11-02,118.375
1997-11-03,105.140625
1997-11-04,93.0546875
1997-11-05,82.0703125
1997-11-06,72.1796875
1997-11-07,63.296875
1997-11-08,55.390625
1997-11-09,48.484375
1997-11-10,42.46875
1997-11-11,37.1484375
1997-11-12,32.46875
1997-11-13,28.4296875
1997-11-14,24.890625
1997-11-15,21.765625
1997-11-16,19.1015625
1997-11-17,16.859375
1997-11-18,14.953125
1997-11-19,13.3046875
1997-11-20,11.8046875
1997-11-21,10.484375
1997-11-22,9.3828125
1997-11-23,8.4453125
1997-11-24,7.6328125
1997-11-25,6.9375
1997-11-26,6.3203125
1997-11-27,5.78125
1997-11-28,5.28125
1997-11-29,4.8203125
1997-11-30,4.421875
1997-12-01,4.0703125
1997-12-02,3.7265625
1997-12-03,3.40625
1997-12-04,3.109375
1997-12-05,2.8515625
1997-12-06,2.6171875
1997-12-07,2.40625
1997-12-08,2.21875
1997-12-09,2.0546875
1997-12-10,1.921875
1997-12-11,1.796875
1997-12-12,1.6875
1997-12-13,1.578125
1997-12-14,1.4765625
1997-12-15,1.375
1997-12-16,1.28125
1997-12-17,1.203125
1997-12-18,1.125
1997-12-19,1.0625
1997-12-20,0.9921875
1997-12-21,0.9296875
1997-12-22,0.875
1997-12-23,0.828125
1997-12-24,0.7734375
1997-12-25,0.734375
1997-12-26,0.703125
1997-12-27,0.671875
1997-12-28,0.640625
1997-12-29,0.625
1997-12-30,0.578125
1997-12-31,0.546875
1998-01-01,0.515625
1998-01-02,0.484375
1998-01-03,0.4375
1998-01-04,0.40625
1998-01-05,0.375
1998-01-06,0.328125
1998-01-07,0.28125
1998-01-08,0.25
1998-01-09,0.21875
1998-01-10,0.203125
1998-01-11,0.1875
1998-01-12,0.171875
1998-01-13,0.15625
1998-01-14,0.140625
1998-01-15,0.125
1998-01-16,0.109375
1998-01-17,0.109375
1998-01-18,0.09375
1998-01-19,0.078125
1998-01-20,0.078125
1998-01-21,0.06249999999999999
1998-01-22,0.046875
1998-01-23,0.046875
1998-01-24,0.03125
1998-01-25,0.03125
1998-01-26,0.03125
1998-01-27,0.03125
1998-01-28,0.03125
1998-01-29,0.015625
1998-01-30,0.015625
1998-01-31,0.015625
1998-02-01,0.015625
1998-02-02,0.015625
1998-02-03,0.015625
1998-02-04,0.015625
1998-02-05,0.0
1998-02-06,0.0
1998-02-07,0.0
1998-02-08,0.0
1998-02-09,0.0
1998-02-10,0.0
1998-02-11,0.0
1998-02-12,0.0
1998-02-13,0.0
1998-02-14,0.0
1998-02-15,0.0
1998-02-16,0.0
1998-02-17,0.0
1998-02-18,0.0
1998-02-19,0.0
1998-02-20,0.0
1998-02-21,0.0
1998-02-22,0.0
1998-02-23,0.0
1998-02-24,0.0
1998-02-25,0.0
1998-02-26,0.0
1998-02-27,0.0
1998-02-28,0.0
1998-03-01,0.0
1998-03-02,0.0
1998-03-03,0.0
1998-03-04,0.0
1998-03-05,0.0
1998-03-06,0.0
1998-03-07,0.0
1998-03-08,0.0
1998-03-09,0.0
1998-03-10,0.0
1998-03-11,0.0
1998-03-12,0.0
1998-03-13,0.0
1998-03-14,0.0
1998-03-15,0.0
1998-03-16,0.0
1998-03-17,0.0
1998-03-18,0.0
1998-03-19,0.0
1998-03-20,0.0
1998-03-21,0.0
1998-03-22,0.0
1998-03-23,0.0
1998-03-24,0.0
1998-03-25,0.0
1998-03-26,0.0
1998-03-27,0.0
1998-03-28,0.0
1998-03-29,0.0
1998-03-30,0.0
1998-03-31,0.0
1998-04-01,0.0
1998-04-02,0.0
1998-04-03,0.0
1998-04-04,0.0
1998-04-05,0.0
1998-04-06,0.0
1998-04-07,0.0
1998-04-08,0.0
1998-04-09,0.0
1998-04-10,0.0
1998-04-11,0.0
1998-04-12,0.0
1998-04-13,0.0
1998-04-14,0.0
1998-04-15,0.0
1998-04-16,0.0
1998-04-17,0.0
1998-04-18,0.0
1998-04-19,0.0
1998-04-20,0.0
1998-04-21,0.0
1998-04-22,0.0
1998-04-23,0.0
1998-04-24,0.0
1998-04-25,0.0
1998-04-26,0.0
1998-04-27,0.0
1998-04-28,0.0
1998-04-29,0.0
1998-04-30,0.0
1998-05-01,0.0
1998-05-02,0.0
1998-05-03,0.0
1998-05-04,0.0
1998-05-05,0.0
1998-05-06,0.0
1998-05-07,0.0
1998-05-08,0.0
1998-05-09,0.0
1998-05-10,0.0
1998-05-11,0.0
1998-05-12,0.0
1998-05-13,0.0
1998-05-14,0.01592630440009618
1998-05-15,0.07322386651730442
1998-05-16,0.10628122334592419
1998-05-17,0.09521322086764039
1998-05-18,0.030622548960819333
1998-05-19,0.029678891077260607
1998-05-20,0.03388233406902198
1998-05-21,0.08669507514985046
1998-05-22,0.1886024016582062
1998-05-23,0.39585047473844287
1998-05-24,0.5832160396466709
1998-05-25,1.7403728191218704
1998-05-26,14.362102477160414
1998-05-27,33.28772144319654
1998-05-28,72.42810007323071
1998-05-29,134.50615172341384
1998-05-30,282.73830845070955
1998-05-31,573.967045878776
1998-06-01,1086.7892945829715
1998-06-02,1603.965998418483
1998-06-03,2256.0480123872576
1998-06-04,2954.167451253172
1998-06-05,3526.8389219484343
1998-06-06,3933.790680802644
1998-06-07,4542.851227132766
1998-06-08,5025.151849459674
1998-06-09,5749.58514632259
1998-06-10,6389.802061024894
1998-06-11,6721.130755765521
1998-06-12,6818.948465115665
1998-06-13,6863.576197094512
1998-06-14,6860.3928003003275
1998-06-15,6856.445276156378
1998-06-16,6795.659524378104
1998-06-17,6850.973329292241
1998-06-18,6750.459613039964
1998-06-19,6463.688646783298
1998-06-20,6146.6502900202
1998-06-21,5894.854283152025
1998-06-22,5685.859221073883
1998-06-23,5524.558287282961
1998-06-24,5335.523049878059
1998-06-25,5102.284881372965
1998-06-26,4967.35254402553
1998-06-27,4955.7796255823205
1998-06-28,5030.903962571164
1998-06-29,5157.272556470278
1998-06-30,5186.053315620961
1998-07-01,5143.997429051507
1998-07-02,4876.934873503688
1998-07-03,4579.9821950822825
1998-07-04,4382.597247793598
1998-07-05,4219.053982926434
1998-07-06,4136.898644809843
1998-07-07,4184.315188598003
1998-07-08,4372.7218916792535
1998-07-09,4400.419255477933
1998-07-10,4281.697945824293
1998-07-11,4090.443003815733
1998-07-12,3691.5368909391605
1998-07-13,3457.7236678506165
1998-07-14,3229.121457692884
1998-07-15,3007.6287096327483
1998-07-16,2823.5827585957927
1998-07-17,2655.303886561474
1998-07-18,2555.4108681133057
1998-07-19,2501.105114943609
1998-07-20,2460.050188951578
1998-07-21,2482.3861603960195
1998-07-22,2624.2906381279518
1998-07-23,2895.9256205098263
1998-07-24,3178.485138464027
1998-07-25,3317.2910176467503
1998-07-26,3242.6610143186263
1998-07-27,3135.979020331367
1998-07-28,3014.073590821725
1998-07-29,2890.262546934379
1998-07-30,2721.5559645887233
1998-07-31,2545.1413470730326
1998-08-01,2423.5572043527295
1998-08-02,2363.30876841543
1998-08-03,2464.16803112037
1998-08-04,2586.4457504274133
1998-08-05,2674.2049639873117
1998-08-06,2729.4450568190114
1998-08-07,2627.0628829454795
1998-08-08,2477.41281677401
1998-08-09,2321.1840612297756
1998-08-10,2096.423165820417
1998-08-11,1909.6876683503983
1998-08-12,1898.5317553025525
1998-08-13,1974.089508510373
1998-08-14,2030.4457093120427
1998-08-15,2145.393882080209
1998-08-16,2345.9889526697016
1998-08-17,2482.507527523264
1998-08-18,2466.316015340643
1998-08-19,2358.6208567470067
1998-08-20,2248.1351711409447
1998-08-21,2164.844803939823
1998-08-22,2153.351344832868
1998-08-23,2177.499581891415
1998-08-24,2120.867803702319
1998-08-25,2009.6569270538191
1998-08-26,1898.1808131989594
1998-08-27,1790.6905613496726
1998-08-28,1686.080276708669
1998-08-29,1639.4660604981595
1998-08-30,1633.9572582779297
1998-08-31,1598.5743792142714
1998-09-01,1549.403329427386
1998-09-02,1475.6440358540717
1998-09-03,1432.7885865690857
1998-09-04,1407.1398501902625
1998-09-05,1427.5981639009972
1998-09-06,1518.012886811294
1998-09-07,1566.0800115808038
1998-09-08,1530.188202780616
1998-09-09,1464.3083025123383
1998-09-10,1347.8236254094852
1998-09-11,1270.690732381537
1998-09-12,1202.0475498367498
1998-09-13,1126.8086175563824
1998-09-14,1135.8007236488509
1998-09-15,1179.167355663849
1998-09-16,1323.5657029134259
1998-09-17,1524.8657507875027
1998-09-18,1685.7803118416948
1998-09-19,1773.317971476606
1998-09-20,1737.4051392939796
1998-09-21,1650.3377028442485
1998-09-22,1601.0084780026066
1998-09-23,1584.4955899227577
1998-09-24,1714.9093803486762
1998-09-25,2019.9261720430577
1998-09-26,2239.850542509838
1998-09-27,2355.14294081281
1998-09-28,2431.9423204918144
1998-09-29,2343.387507728322
1998-09-30,2258.012731403619
1998-10-01,2174.5
1998-10-02,2030.984375
1998-10-03,1945.7109375
1998-10-04,1908.546875
1998-10-05,1858.3984375
1998-10-06,1772.3828125
1998-10-07,1676.7421875
1998-10-08,1600.46875
1998-10-09,1535.75
1998-10-10,1465.1875
1998-10-11,1387.6640625
1998-10-12,1303.5078125
1998-10-13,1202.859375
1998-10-14,1096.703125
1998-10-15,999.078125
1998-10-16,909.765625
1998-10-17,829.09375
1998-10-18,757.5
1998-10-19,693.9921875
1998-10-20,636.4765625
1998-10-21,583.8203125
1998-10-22,535.3515625
1998-10-23,490.5
1998-10-24,448.84375
1998-10-25,409.953125
1998-10-26,373.53125
1998-10-27,339.6875
1998-10-28,308.4921875
1998-10-29,279.7734375
1998-10-30,253.390625
1998-10-31,229.015625
1998-11-01,206.53125
1998-11-02,185.984375
1998-11-03,167.1875
1998-11-04,149.9453125
1998-11-05,134.1875
1998-11-06,119.71875
1998-11-07,106.328125
1998-11-08,94.125
1998-11-09,83.1796875
1998-11-10,73.40625
1998-11-11,64.7265625
1998-11-12,58.8671875
1998-11-13,56.078125
1998-11-14,55.984375
1998-11-15,55.71875
1998-11-16,54.265625
1998-11-17,52.921875
1998-11-18,51.578125
1998-11-19,49.171875
1998-11-20,45.8125
1998-11-21,42.125
1998-11-22,38.484375
1998-11-23,35.078125
1998-11-24,31.90625
1998-11-25,29.015625
1998-11-26,26.359375
1998-11-27,23.921875
1998-11-28,21.671875
1998-11-29,19.578125
1998-11-30,17.65625
1998-12-01,15.921875
1998-12-02,14.359375
1998-12-03,12.9375
1998-12-04,11.640625
1998-12-05,10.453125
1998-12-06,9.390625
1998-12-07,8.453125
1998-12-08,7.625
1998-12-09,6.859375
1998-12-10,6.1875
1998-12-11,5.59375
1998-12-12,5.078125
1998-12-13,4.609375
1998-12-14,4.1875
1998-12-15,3.796875
1998-12-16,3.4375
1998-12-17,3.109375
1998-12-18,2.8125
1998-12-19,2.53125
1998-12-20,2.265625
1998-12-21,2.046875
1998-12-22,1.859375
1998-12-23,1.71875
1998-12-24,1.671875
1998-12-25,1.703125
1998-12-26,1.765625
1998-12-27,1.859375
1998-12-28,1.96875
1998-12-29,2.09375
1998-12-30,2.296875
1998-12-31,3.96875
1999-01-01,10.28125
1999-01-02,15.421875
1999-01-03,16.171875
1999-01-04,15.1875
1999-01-05,13.75
1999-01-06,12.296875
1999-01-07,10.9375
1999-01-08,9.703125
1999-01-09,8.609375
1999-01-10,7.625
1999-01-11,6.71875
1999-01-12,5.9375
1999-01-13,5.25
1999-01-14,4.703125
1999-01-15,4.3125
1999-01-16,4.125
1999-01-17,4.125
1999-01-18,4.1875
1999-01-19,4.171875
1999-01-20,4.03125
1999-01-21,3.828125
1999-01-22,3.578125
1999-01-23,3.328125
1999-01-24,3.09375
1999-01-25,2.84375
1999-01-26,2.65625
1999-01-27,2.4375
1999-01-28,2.28125
1999-01-29,2.09375
1999-01-30,1.9375
1999-01-31,1.8125
1999-02-01,1.6875
1999-02-02,1.5625
1999-02-03,1.46875
1999-02-04,1.375
1999-02-05,1.28125
1999-02-06,1.1875
1999-02-07,1.125
1999-02-08,1.0625
1999-02-09,0.96875
1999-02-10,0.90625
1999-02-11,0.84375
1999-02-12,0.8125
1999-02-13,0.75
1999-02-14,0.6875
1999-02-15,0.65625
1999-02-16,0.59375
1999-02-17,0.5625
1999-02-18,0.53125
1999-02-19,0.46875
1999-02-20,0.4375
1999-02-21,0.40625
1999-02-22,0.34375
1999-02-23,0.3125
1999-02-24,0.28125
1999-02-25,0.25
1999-02-26,0.25
1999-02-27,0.21875
1999-02-28,0.21875
1999-03-01,0.1875
1999-03-02,0.15625
1999-03-03,0.15625
1999-03-04,0.125
1999-03-05,0.09375
1999-03-06,0.09375
1999-03-07,0.06249999999999999
1999-03-08,0.03125
1999-03-09,0.03125
1999-03-10,0.03125
1999-03-11,0.03125
1999-03-12,0.03125
1999-03-13,0.0
1999-03-14,0.0
1999-03-15,0.0
1999-03-16,0.0
1999-03-17,0.0
1999-03-18,0.0
1999-03-19,0.0
1999-03-20,0.0
1999-03-21,0.0
1999-03-22,0.0
1999-03-23,0.0
1999-03-24,0.0
1999-03-25,0.0
1999-03-26,0.0
1999-03-27,0.0
1999-03-28,0.0
1999-03-29,0.0
1999-03-30,0.0
1999-03-31,0.0
1999-04-01,0.0
1999-04-02,0.0
1999-04-03,0.0
1999-04-04,0.0
1999-04-05,0.0
1999-04-06,0.0
1999-04-07,0.0
1999-04-08,0.0
1999-04-09,0.0
1999-04-10,0.0
1999-04-11,0.0
1999-04-12,0.0
1999-04-13,0.0
1999-04-14,0.0
1999-04-15,0.0
1999-04-16,0.0
1999-04-17,0.0
1999-04-18,0.0
1999-04-19,0.0
1999-04-20,0.0
1999-04-21,0.0
1999-04-22,0.0
1999-04-23,0.0
1999-04-24,0.0
1999-04-25,0.0
1999-04-26,0.0
1999-04-27,0.0
1999-04-28,0.0
1999-04-29,0.0
1999-04-30,0.0
1999-05-01,0.0
1999-05-02,0.0
1999-05-03,0.0
1999-05-04,0.0
1999-05-05,0.0
1999-05-06,0.0
1999-05-07,0.0
1999-05-08,0.0
1999-05-09,0.0
1999-05-10,0.0
1999-05-11,0.0
1999-05-12,0.0
1999-05-13,0.0
1999-05-14,0.0
1999-05-15,0.0
1999-05-16,0.0
1999-05-17,0.0
1999-05-18,0.006151133924181184
1999-05-19,0.011309034097047367
1999-05-20,0.01305211220081534
1999-05-21,0.02357818536535277
1999-05-22,0.12456888921880445
1999-05-23,7.32294952446851
1999-05-24,19.7940707562512
1999-05-25,37.72283793369613
1999-05-26,81.31625402251397
1999-05-27,160.18642455208814
1999-05-28,348.1145252739818
1999-05-29,579.2131758781885
1999-05-30,932.1017424913218
1999-05-31,1389.7153743405224
1999-06-01,1968.2572879655124
1999-06-02,2375.08594812266
1999-06-03,2819.4495647635135
1999-06-04,3103.3533585757564
1999-06-05,3203.7030560495705
1999-06-06,3132.029801782893
1999-06-07,3141.273546458975
1999-06-08,3008.9686961492157
1999-06-09,2949.4056567052708
1999-06-10,2872.110770824275
1999-06-11,2803.5822233732815
1999-06-12,2789.9471813866685
1999-06-13,2854.0643198673674
1999-06-14,3021.571428178179
1999-06-15,3391.005599945412
1999-06-16,3946.522919252151
1999-06-17,4844.294449357197
1999-06-18,5963.995829054005
1999-06-19,7217.353031558872
1999-06-20,8512.796918388121
1999-06-21,9420.158893751506
1999-06-22,9674.459927461516
1999-06-23,9659.674319969225
1999-06-24,9513.693656415318
1999-06-25,9135.446081161383
1999-06-26,8711.340134159906
1999-06-27,8252.5325045592
1999-06-28,7843.76000675596
1999-06-29,7576.190895508835
1999-06-30,7304.536588036872
1999-07-01,7022.774573659701
1999-07-02,6453.737739546566
1999-07-03,5890.189550118437
1999-07-04,5511.630086199997
1999-07-05,5119.0187633169435
1999-07-06,4711.720278041115
1999-07-07,4318.782564136782
1999-07-08,4013.2546867577103
1999-07-09,3636.27334169805
1999-07-10,3310.494129342062
1999-07-11,3086.277719843141
1999-07-12,2815.246566276005
1999-07-13,2708.4001581031584
1999-07-14,2552.2464900495697
1999-07-15,2343.4851528295303
1999-07-16,2143.443230196762
1999-07-17,1962.7536110154072
1999-07-18,1856.4164676214998
1999-07-19,1798.293813508162
1999-07-20,1747.184344829486
1999-07-21,1738.332434238565
1999-07-22,1774.2263347042588
1999-07-23,1865.773448017462
1999-07-24,1967.215283921105
1999-07-25,2045.4551608915697
1999-07-26,2120.8186475888147
1999-07-27,2329.0893846537197
1999-07-28,2533.0638942649234
1999-07-29,2586.997567395486
1999-07-30,2497.1624521147714
1999-07-31,2360.7109334163442
1999-08-01,2238.731165411297
1999-08-02,2120.26802604817
1999-08-03,2051.6629113253375
1999-08-04,1967.2563018673493
1999-08-05,1913.4894544838637
1999-08-06,1899.9237006057315
1999-08-07,1818.4252039122698
1999-08-08,1741.5937282187415
1999-08-09,1742.6703635971485
1999-08-10,1786.279095046459
1999-08-11,1835.4660408562168
1999-08-12,1861.1620993640183
1999-08-13,1806.013518963572
1999-08-14,1690.310963607255
1999-08-15,1624.8907213975835
1999-08-16,1627.3094172369656
1999-08-17,1600.748407531334
1999-08-18,1564.6725741919763
1999-08-19,1594.1239385421409
1999-08-20,1728.2368641348044
1999-08-21,2028.4310984396857
1999-08-22,2422.5385417787543
1999-08-23,2665.1940031230115
1999-08-24,2699.5171462905896
1999-08-25,2627.399986544637
1999-08-26,2497.224329228478
1999-08-27,2353.784849281386
1999-08-28,2207.173962456798
1999-08-29,2069.2461826174936
1999-08-30,1924.894408056366
1999-08-31,1778.4287337640073
1999-09-01,1677.0681355798984
1999-09-02,1608.1944717415224
1999-09-03,1573.0441518316002
1999-09-04,1482.0963288963387
1999-09-05,1352.5801975594845
1999-09-06,1245.3833639400434
1999-09-07,1145.2306542710664
1999-09-08,1058.8091698704518
1999-09-09,1000.2910333379835
1999-09-10,921.3300647418793
1999-09-11,868.9141519205036
1999-09-12,832.6753615140782
1999-09-13,814.8488093539462
1999-09-14,882.6170813084805
1999-09-15,985.4990789889242
1999-09-16,1096.260357410434
1999-09-17,1129.2805998372423
1999-09-18,1122.04280922017
1999-09-19,1163.4957997904698
1999-09-20,1182.3588593693935
1999-09-21,1148.2090149007445
1999-09-22,1096.1870337762102
1999-09-23,1017.182197073654
1999-09-24,950.8436345261362
1999-09-25,877.9568884407512
1999-09-26,793.763205807051
1999-09-27,731.0904321457228
1999-09-28,687.6447211231407
1999-09-29,638.7513963956102
1999-09-30,612.8736252731325
1999-10-01,588.515625
1999-10-02,541.1953125
1999-10-03,495.59375
1999-10-04,453.234375
1999-10-05,414.2265625
1999-10-06,378.8671875
1999-10-07,346.9375
1999-10-08,317.7734375
1999-10-09,290.3046875
1999-10-10,264.171875
1999-10-11,239.5390625
1999-10-12,216.4609375
1999-10-13,194.9296875
1999-10-14,174.9921875
1999-10-15,156.609375
1999-10-16,139.8125
1999-10-17,124.546875
1999-10-18,110.609375
1999-10-19,97.8828125
1999-10-20,86.421875
1999-10-21,76.171875
1999-10-22,67.0234375
1999-10-23,58.8984375
1999-10-24,51.7421875
1999-10-25,45.4765625
1999-10-26,39.9609375
1999-10-27,35.171875
1999-10-28,31.0390625
1999-10-29,27.453125
1999-10-30,24.34375
1999-10-31,21.640625
1999-11-01,19.28125
1999-11-02,17.234375
1999-11-03,15.40625
1999-11-04,13.8046875
1999-11-05,12.4375
1999-11-06,11.21875
1999-11-07,10.140625
1999-11-08,9.2109375
1999-11-09,8.375
1999-11-10,7.640625
1999-11-11,6.9765625
1999-11-12,6.3984375
1999-11-13,5.8828125
1999-11-14,5.40625
1999-11-15,5.40625
1999-11-16,5.734375
1999-11-17,6.140625
1999-11-18,6.5625
1999-11-19,6.90625
1999-11-20,7.1640625
1999-11-21,7.2734375
1999-11-22,7.203125
1999-11-23,6.9765625
1999-11-24,6.75
1999-11-25,6.9453125
1999-11-26,7.921875
1999-11-27,9.0390625
1999-11-28,9.46875
1999-11-29,9.21875
1999-11-30,8.59375
1999-12-01,7.859375
1999-12-02,7.1328125
1999-12-03,6.4609375
1999-12-04,5.8671875
1999-12-05,5.328125
1999-12-06,4.8359375
1999-12-07,4.4140625
1999-12-08,4.0390625
1999-12-09,3.703125
1999-12-10,3.390625
1999-12-11,3.109375
1999-12-12,2.859375
1999-12-13,2.640625
1999-12-14,2.4375
1999-12-15,2.25
1999-12-16,2.078125
1999-12-17,1.921875
1999-12-18,1.78125
1999-12-19,1.640625
1999-12-20,1.53125
1999-12-21,1.421875
1999-12-22,1.3125
1999-12-23,1.234375
1999-12-24,1.140625
1999-12-25,1.078125
1999-12-26,1.0
1999-12-27,0.9375
1999-12-28,0.875
1999-12-29,0.828125
1999-12-30,0.78125
1999-12-31,0.734375
2000-01-01,0.6875
2000-01-02,0.65625
2000-01-03,0.609375
2000-01-04,0.578125
2000-01-05,0.546875
2000-01-06,0.515625
2000-01-07,0.484375
2000-01-08,0.453125
2000-01-09,0.421875
2000-01-10,0.40625
2000-01-11,0.390625
2000-01-12,0.359375
2000-01-13,0.34375
2000-01-14,0.328125
2000-01-15,0.296875
2000-01-16,0.28125
2000-01-17,0.265625
2000-01-18,0.25
2000-01-19,0.234375
2000-01-20,0.21875
2000-01-21,0.203125
2000-01-22,0.1875
2000-01-23,0.171875
2000-01-24,0.15625
2000-01-25,0.140625
2000-01-26,0.140625
2000-01-27,0.125
2000-01-28,0.125
2000-01-29,0.109375
2000-01-30,0.109375
2000-01-31,0.109375
2000-02-01,0.09375
2000-02-02,0.09375
2000-02-03,0.078125
2000-02-04,0.078125
2000-02-05,0.06249999999999999
2000-02-06,0.046875
2000-02-07,0.03125
2000-02-08,0.03125
2000-02-09,0.03125
2000-02-10,0.03125
2000-02-11,0.0
2000-02-12,0.0
2000-02-13,0.0
2000-02-14,0.0
2000-02-15,0.0
2000-02-16,0.0
2000-02-17,0.0
2000-02-18,0.0
2000-02-19,0.0
2000-02-20,0.0
2000-02-21,0.0
2000-02-22,0.0
2000-02-23,0.0
2000-02-24,0.0
2000-02-25,0.0
2000-02-26,0.0
2000-02-27,0.0
2000-02-28,0.0
2000-02-29,0.0
2000-03-01,0.0
2000-03-02,0.0
2000-03-03,0.0
2000-03-04,0.0
2000-03-05,0.0
2000-03-06,0.0
2000-03-07,0.0
2000-03-08,0.0
2000-03-09,0.0
2000-03-10,0.0
2000-03-11,0.0
2000-03-12,0.0
2000-03-13,0.0
2000-03-14,0.0
2000-03-15,0.0
2000-03-16,0.0
2000-03-17,0.0
2000-03-18,0.0
2000-03-19,0.0
2000-03-20,0.0
2000-03-21,0.0
2000-03-22,0.0
2000-03-23,0.0
2000-03-24,0.0
2000-03-25,0.0
2000-03-26,0.0
2000-03-27,0.0
2000-03-28,0.0
2000-03-29,0.0
2000-03-30,0.0
2000-03-31,0.0
2000-04-01,0.0
2000-04-02,0.0
2000-04-03,0.0
2000-04-04,0.0
2000-04-05,0.0
2000-04-06,0.0
2000-04-07,0.0
2000-04-08,0.0
2000-04-09,0.0
2000-04-10,0.0
2000-04-11,0.0
2000-04-12,0.0
2000-04-13,0.0
2000-04-14,0.0
2000-04-15,0.0
2000-04-16,0.0
2000-04-17,0.0
2000-04-18,0.0
2000-04-19,0.0
2000-04-20,0.0
2000-04-21,0.0
2000-04-22,0.0
2000-04-23,0.0
2000-04-24,0.0
2000-04-25,0.0
2000-04-26,0.0
2000-04-27,0.0
2000-04-28,0.0
2000-04-29,0.0
2000-04-30,0.0
2000-05-01,0.0
2000-05-02,0.0
2000-05-03,0.0
2000-05-04,0.0
2000-05-05,0.0
2000-05-06,0.0
2000-05-07,0.02015376390325542
2000-05-08,0.02049937695436485
2000-05-09,0.020115410095187178
2000-05-10,0.06480072630320861
2000-05-11,8.318463786943813
2000-05-12,72.8058467102341
2000-05-13,130.2759647751864
2000-05-14,190.60193679617947
2000-05-15,231.9695686608992
2000-05-16,252.0742181342545
2000-05-17,227.33336111677437
2000-05-18,208.6194049013987
2000-05-19,181.4720582134382
2000-05-20,187.60066293591404
2000-05-21,162.6071438767994
2000-05-22,149.65713802804615
2000-05-23,151.76017217844833
2000-05-24,172.9592707803296
2000-05-25,251.1927211713353
2000-05-26,392.1541397565381
2000-05-27,762.1495460727268
2000-05-28,1148.1667895270982
2000-05-29,1685.513009348755
2000-05-30,2425.750252574007
2000-05-31,3297.3853107686728
2000-06-01,3673.434043494702
2000-06-02,3984.8905112052944
2000-06-03,4080.100054044706
2000-06-04,3961.5654479711748
2000-06-05,3675.018535828464
2000-06-06,3630.921255207391
2000-06-07,3577.41656359032
2000-06-08,3746.9463089270603
2000-06-09,4067.92686133052
2000-06-10,4462.624598886328
2000-06-11,4646.8070985498025
2000-06-12,4627.83248977063
2000-06-13,4610.998684902183
2000-06-14,4741.036791930556
2000-06-15,4853.703513021808
2000-06-16,4924.4286392455615
2000-06-17,4909.9069223873175
2000-06-18,4849.0125410804585
2000-06-19,4740.368445012045
2000-06-20,4650.522498195831
2000-06-21,4586.638553959183
2000-06-22,4503.891242855597
2000-06-23,4353.745404886584
2000-06-24,4112.788087640117
2000-06-25,3898.52212199025
2000-06-26,3733.2726992719845
2000-06-27,3616.2492806566747
2000-06-28,3547.838156808485
2000-06-29,3465.7421347916497
2000-06-30,3400.9860569293364
2000-07-01,3198.759821826049
2000-07-02,2970.8714347535183
2000-07-03,2809.4560794009612
2000-07-04,2616.9198936422313
2000-07-05,2404.417139963584
2000-07-06,2204.963360233093
2000-07-07,2065.8144648135863
2000-07-08,1896.0032803163663
2000-07-09,1741.0495455818511
2000-07-10,1619.2473523503004
2000-07-11,1438.426957704923
2000-07-12,1320.1459950343249
2000-07-13,1196.891907975504
2000-07-14,1073.3903715308793
2000-07-15,957.979031851688
2000-07-16,849.5442504937051
2000-07-17,767.7869802464786
2000-07-18,695.2669150417798
2000-07-19,622.7606772637793
2000-07-20,570.5176471326037
2000-07-21,540.6088119666899
2000-07-22,547.3309798642993
2000-07-23,620.6677199609
2000-07-24,724.8903886880878
2000-07-25,769.33187448454
2000-07-26,770.1680851480219
2000-07-27,739.2857900338726
2000-07-28,694.9584974341446
2000-07-29,645.6072267151745
2000-07-30,629.7169856320013
2000-07-31,742.705642272943
2000-08-01,958.8119690764046
2000-08-02,1142.5449052311405
2000-08-03,1300.8151336241838
2000-08-04,1365.3138009991044
2000-08-05,1343.2482537375938
2000-08-06,1272.481118044961
2000-08-07,1209.5868752453614
2000-08-08,1162.673038973107
2000-08-09,1094.4512843068653
2000-08-10,1025.5150459326817
2000-08-11,967.1440915424115
2000-08-12,909.7029267445861
2000-08-13,852.8284752298871
2000-08-14,842.1207732280695
2000-08-15,939.0989112025121
2000-08-16,1102.101088578113
2000-08-17,1258.221045987546
2000-08-18,1494.8970019888282
2000-08-19,1722.032156851931
2000-08-20,1832.769802764525
2000-08-21,1856.5103608136972
2000-08-22,1820.901012538266
2000-08-23,1740.4665764771316
2000-08-24,1665.8640464934551
2000-08-25,1653.7032399586012
2000-08-26,1681.2018152618184
2000-08-27,1655.8764910726466
2000-08-28,1587.8887551600947
2000-08-29,1501.8843984492055
2000-08-30,1415.3964994497828
2000-08-31,1368.654163744484
2000-09-01,1325.7162764973234
2000-09-02,1300.4377728041618
2000-09-03,1263.6779545032637
2000-09-04,1225.9058892272126
2000-09-05,1223.814871561794
2000-09-06,1225.2602765521785
2000-09-07,1261.7305944338673
2000-09-08,1295.6049731558392
2000-09-09,1237.7528621409983
2000-09-10,1196.04342915775
2000-09-11,1167.1486891070101
2000-09-12,1159.3840236392373
2000-09-13,1301.542616385023
2000-09-14,1490.3859805517363
2000-09-15,1645.7820233010484
2000-09-16,1761.738368697351
2000-09-17,1846.3165858971063
2000-09-18,1878.426969588638
2000-09-19,1804.7681635996582
2000-09-20,1703.0962205528192
2000-09-21,1637.363652276595
2000-09-22,1536.025632537081
2000-09-23,1448.009342528697
2000-09-24,1358.4825247019699
2000-09-25,1264.436063204465
2000-09-26,1209.0830976544607
2000-09-27,1161.6557582276987
2000-09-28,1077.523894226694
2000-09-29,1036.680605342869
2000-09-30,987.4586968497766
2000-10-01,963.265625
2000-10-02,906.15625
2000-10-03,846.234375
2000-10-04,787.28125
2000-10-05,730.96875
2000-10-06,673.125
2000-10-07,614.21875
2000-10-08,556.71875
2000-10-09,504.4375
2000-10-10,458.640625
2000-10-11,423.609375
2000-10-12,395.71875
2000-10-13,382.65625
2000-10-14,390.5
2000-10-15,392.859375
2000-10-16,373.09375
2000-10-17,344.53125
2000-10-18,315.5
2000-10-19,288.0
2000-10-20,262.421875
2000-10-21,238.8125
2000-10-22,217.078125
2000-10-23,197.0625
2000-10-24,178.65625
2000-10-25,161.78125
2000-10-26,146.34375
2000-10-27,132.125
2000-10-28,119.0
2000-10-29,106.90625
2000-10-30,95.8125
2000-10-31,85.78125
2000-11-01,76.734375
2000-11-02,68.53125
2000-11-03,61.140625
2000-11-04,54.46875
2000-11-05,48.359375
2000-11-06,42.796875
2000-11-07,37.796875
2000-11-08,33.328125
2000-11-09,29.28125
2000-11-10,25.703125
2000-11-11,22.609375
2000-11-12,19.875
2000-11-13,17.421875
2000-11-14,15.25
2000-11-15,13.359375
2000-11-16,11.71875
2000-11-17,10.28125
2000-11-18,9.046875
2000-11-19,8.015625
2000-11-20,7.140625
2000-11-21,6.390625
2000-11-22,5.75
2000-11-23,5.203125
2000-11-24,4.71875
2000-11-25,4.3125
2000-11-26,3.9375
2000-11-27,3.609375
2000-11-28,3.328125
2000-11-29,3.0625
2000-11-30,2.8125
2000-12-01,2.59375
2000-12-02,2.390625
2000-12-03,2.21875
2000-12-04,2.046875
2000-12-05,1.890625
2000-12-06,1.75
2000-12-07,1.625
2000-12-08,1.5
2000-12-09,1.390625
2000-12-10,1.28125
2000-12-11,1.1875
2000-12-12,1.09375
2000-12-13,1.0
2000-12-14,0.921875
2000-12-15,0.84375
2000-12-16,0.765625
2000-12-17,0.6875
2000-12-18,0.609375
2000-12-19,0.53125
2000-12-20,0.453125
2000-12-21,0.40625
2000-12-22,0.359375
2000-12-23,0.328125
2000-12-24,0.28125
2000-12-25,0.25
2000-12-26,0.21875
2000-12-27,0.1875
2000-12-28,0.15625
2000-12-29,0.140625
2000-12-30,0.125
2000-12-31,0.109375
2001-01-01,0.09375
2001-01-02,0.078125
2001-01-03,0.078125
2001-01-04,0.06249999999999999
2001-01-05,0.046875
2001-01-06,0.046875
2001-01-07,0.046875
2001-01-08,0.046875
2001-01-09,0.03125
2001-01-10,0.03125
2001-01-11,0.015625
2001-01-12,0.015625
2001-01-13,0.015625
2001-01-14,0.015625
2001-01-15,0.015625
2001-01-16,0.015625
2001-01-17,0.015625
2001-01-18,0.015625
2001-01-19,0.015625
2001-01-20,0.015625
2001-01-21,0.015625
2001-01-22,0.0
2001-01-23,0.0
2001-01-24,0.0
2001-01-25,0.0
2001-01-26,0.0
2001-01-27,0.0
2001-01-28,0.0
2001-01-29,0.0
2001-01-30,0.0
2001-01-31,0.0
2001-02-01,0.0
2001-02-02,0.0
2001-02-03,0.0
2001-02-04,0.0
2001-02-05,0.0
2001-02-06,0.0
2001-02-07,0.0
2001-02-08,0.0
2001-02-09,0.0
2001-02-10,0.0
2001-02-11,0.0
2001-02-12,0.0
2001-02-13,0.0
2001-02-14,0.0
2001-02-15,0.0
2001-02-16,0.0
2001-02-17,0.0
2001-02-18,0.0
2001-02-19,0.0
2001-02-20,0.0
2001-02-21,0.0
2001-02-22,0.0
2001-02-23,0.0
2001-02-24,0.0
2001-02-25,0.0
2001-02-26,0.0
2001-02-27,0.0
2001-02-28,0.0
2001-03-01,0.0
2001-03-02,0.0
2001-03-03,0.0
2001-03-04,0.0
2001-03-05,0.0
2001-03-06,0.0
2001-03-07,0.0
2001-03-08,0.0
2001-03-09,0.0
2001-03-10,0.0
2001-03-11,0.0
2001-03-12,0.0
2001-03-13,0.0
2001-03-14,0.0
2001-03-15,0.0
2001-03-16,0.0
2001-03-17,0.0
2001-03-18,0.0
2001-03-19,0.0
2001-03-20,0.0
2001-03-21,0.0
2001-03-22,0.0
2001-03-23,0.0
2001-03-24,0.0
2001-03-25,0.0
2001-03-26,0.0
2001-03-27,0.0
2001-03-28,0.0
2001-03-29,0.0
2001-03-30,0.0
2001-03-31,0.0
2001-04-01,0.0
2001-04-02,0.0
2001-04-03,0.0
2001-04-04,0.0
2001-04-05,0.0
2001-04-06,0.0
2001-04-07,0.0
2001-04-08,0.0
2001-04-09,0.0
2001-04-10,0.0
2001-04-11,0.0
2001-04-12,0.0
2001-04-13,0.0
2001-04-14,0.0
2001-04-15,0.0
2001-04-16,0.0
2001-04-17,0.0
2001-04-18,0.0
2001-04-19,0.0
2001-04-20,0.0
2001-04-21,0.0
2001-04-22,0.0
2001-04-23,0.0
2001-04-24,0.0
2001-04-25,0.0
2001-04-26,0.0
2001-04-27,0.0
2001-04-28,0.0
2001-04-29,0.0
2001-04-30,0.0
2001-05-01,0.0
2001-05-02,0.0
2001-05-03,0.0
2001-05-04,0.0
2001-05-05,0.0
2001-05-06,0.0
2001-05-07,0.0
2001-05-08,0.0
2001-05-09,0.0
2001-05-10,0.0
2001-05-11,0.019740047807299814
2001-05-12,0.01898231624687819
2001-05-13,0.14175496478649827
2001-05-14,4.238771339264246
2001-05-15,58.19507694121809
2001-05-16,102.91948946021682
2001-05-17,118.65985863531935
2001-05-18,103.72824376671501
2001-05-19,107.5392668677753
2001-05-20,117.53022048533323
2001-05-21,159.2927378675668
2001-05-22,196.5646080888945
2001-05-23,256.3235081277522
2001-05-24,341.15362730566386
2001-05-25,444.67691363162027
2001-05-26,627.6030534400592
2001-05-27,854.4515648197871
2001-05-28,1379.4943154710104
2001-05-29,1731.378403309216
2001-05-30,2250.4782801029332
2001-05-31,3018.918383576304
2001-06-01,4016.525963587723
2001-06-02,4605.044820551338
2001-06-03,5282.101952944162
2001-06-04,5715.715954941156
2001-06-05,5816.026871687815
2001-06-06,5696.0256118538255
2001-06-07,6038.345453722153
2001-06-08,6386.019932308198
2001-06-09,6884.604575158934
2001-06-10,7199.4835428357055
2001-06-11,7345.078339368864
2001-06-12,7347.065531564923
2001-06-13,7212.253224033297
2001-06-14,6970.591581388651
2001-06-15,6738.314354992747
2001-06-16,6421.054208300043
2001-06-17,6114.209970064909
2001-06-18,5753.585106695292
2001-06-19,5383.807455131316
2001-06-20,5016.7442555523885
2001-06-21,4688.866409781288
2001-06-22,4404.162488461679
2001-06-23,4233.270349042274
2001-06-24,4185.8287441176135
2001-06-25,4144.903572942958
2001-06-26,4095.7133546877117
2001-06-27,3979.8730300253146
2001-06-28,3844.4542124833997
2001-06-29,3778.1497759963913
2001-06-30,3733.685355871858
2001-07-01,3750.849854904438
2001-07-02,3691.668731101303
2001-07-03,3620.50557339384
2001-07-04,3573.5548043035424
2001-07-05,3481.4051690194988
2001-07-06,3371.2854611623957
2001-07-07,3227.2366058582224
2001-07-08,3081.187901582794
2001-07-09,2828.923704957305
2001-07-10,2605.3386735372014
2001-07-11,2472.021010363523
2001-07-12,2295.261617960398
2001-07-13,2253.851820453231
2001-07-14,2196.5709689569285
2001-07-15,2103.4533710798923
2001-07-16,2017.2548607459614
2001-07-17,1947.9513443390033
2001-07-18,1927.3872190753223
2001-07-19,1901.9572544517357
2001-07-20,1809.9803947130115
2001-07-21,1696.8918572226805
2001-07-22,1568.8969271858548
2001-07-23,1447.3827748642575
2001-07-24,1352.5129293401556
2001-07-25,1302.4787447363826
2001-07-26,1277.1265736115645
2001-07-27,1238.9872914140556
2001-07-28,1181.6703020201717
2001-07-29,1137.706665592472
2001-07-30,1083.65400191632
2001-07-31,1016.8393474055622
2001-08-01,942.5503656824541
2001-08-02,869.5527194023753
2001-08-03,834.6046768142826
2001-08-04,818.3376721342029
2001-08-05,821.5885824412181
2001-08-06,804.8359490349736
2001-08-07,743.3149854267425
2001-08-08,691.2914659360324
2001-08-09,667.4297067517841
2001-08-10,675.0372269418044
2001-08-11,748.702306895605
2001-08-12,884.8138453548052
2001-08-13,965.4773403790533
2001-08-14,963.70706786839
2001-08-15,956.9599749485533
2001-08-16,963.5715243128224
2001-08-17,930.1646874560488
2001-08-18,875.1430951024478
2001-08-19,830.5260338259936
2001-08-20,797.1697219265034
2001-08-21,774.4784159639246
2001-08-22,784.6927048192514
2001-08-23,817.762432328899
2001-08-24,891.6641678201177
2001-08-25,1000.4950402755245
2001-08-26,1108.5402250995367
2001-08-27,1193.7540604222247
2001-08-28,1241.7501914783904
2001-08-29,1315.3317605829127
2001-08-30,1448.7792457279604
2001-08-31,1616.1850905115657
2001-09-01,1755.2758795879847
2001-09-02,1783.3280187858938
2001-09-03,1788.9325945183364
2001-09-04,1754.9303536572386
2001-09-05,1677.1831126609327
2001-09-06,1603.1800876290372
2001-09-07,1512.3492842744618
2001-09-08,1439.0126589334764
2001-09-09,1425.6893863371045
2001-09-10,1387.6879148455944
2001-09-11,1372.836202958963
2001-09-12,1350.8721701430043
2001-09-13,1297.1037448698307
2001-09-14,1304.0649089985377
2001-09-15,1294.7672079897227
2001-09-16,1323.1459002656868
2001-09-17,1350.6888094595986
2001-09-18,1383.9643882063597
2001-09-19,1471.9083098035162
2001-09-20,1516.200438835837
2001-09-21,1496.5751287152755
2001-09-22,1469.6936187140184
2001-09-23,1418.984414625793
2001-09-24,1383.8654589556454
2001-09-25,1324.6313595017884
2001-09-26,1233.6306186654997
2001-09-27,1147.5270121968642
2001-09-28,1063.6967469852273
2001-09-29,966.0553366556808
2001-09-30,909.4352742595388
2001-10-01,861.234375
2001-10-02,786.75
2001-10-03,720.3046875
2001-10-04,659.9140625
2001-10-05,603.265625
2001-10-06,550.5078125
2001-10-07,502.3515625
2001-10-08,458.578125
2001-10-09,418.78125
2001-10-10,382.3359375
2001-10-11,348.8359375
2001-10-12,317.9375
2001-10-13,289.2890625
2001-10-14,262.6953125
2001-10-15,237.921875
2001-10-16,214.90625
2001-10-17,193.671875
2001-10-18,174.1875
2001-10-19,156.4375
2001-10-20,140.234375
2001-10-21,125.484375
2001-10-22,112.0859375
2001-10-23,99.9296875
2001-10-24,88.9140625
2001-10-25,78.921875
2001-10-26,69.8515625
2001-10-27,61.6796875
2001-10-28,54.4140625
2001-10-29,47.9375
2001-10-30,42.171875
2001-10-31,37.1171875
2001-11-01,32.703125
2001-11-02,28.8515625
2001-11-03,25.5
2001-11-04,22.53125
2001-11-05,19.9296875
2001-11-06,17.6796875
2001-11-07,15.7421875
2001-11-08,14.046875
2001-11-09,12.5859375
2001-11-10,11.3125
2001-11-11,10.1875
2001-11-12,9.203125
2001-11-13,8.3359375
2001-11-14,7.5703125
2001-11-15,6.8828125
2001-11-16,6.2734375
2001-11-17,5.734375
2001-11-18,5.2421875
2001-11-19,4.8125
2001-11-20,4.421875
2001-11-21,4.0546875
2001-11-22,3.71875
2001-11-23,3.40625
2001-11-24,3.1171875
2001-11-25,2.8671875
2001-11-26,2.9140625
2001-11-27,3.171875
2001-11-28,3.625
2001-11-29,4.2578125
2001-11-30,4.953125
2001-12-01,5.6484375
2001-12-02,6.59375
2001-12-03,8.9375
2001-12-04,17.4609375
2001-12-05,33.7109375
2001-12-06,43.5234375
2001-12-07,45.28125
2001-12-08,43.8984375
2001-12-09,41.5859375
2001-12-10,39.171875
2001-12-11,36.953125
2001-12-12,34.828125
2001-12-13,32.59375
2001-12-14,30.1875
2001-12-15,27.671875
2001-12-16,25.203125
2001-12-17,22.84375
2001-12-18,20.65625
2001-12-19,18.65625
2001-12-20,16.828125
2001-12-21,15.1875
2001-12-22,13.703125
2001-12-23,12.359375
2001-12-24,11.15625
2001-12-25,10.078125
2001-12-26,9.109375
2001-12-27,8.25
2001-12-28,7.46875
2001-12-29,6.78125
2001-12-30,6.171875
2001-12-31,5.625
2002-01-01,5.140625
2002-01-02,4.6875
2002-01-03,4.296875
2002-01-04,3.953125
2002-01-05,3.640625
2002-01-06,3.359375
2002-01-07,3.09375
2002-01-08,2.859375
2002-01-09,2.640625
2002-01-10,2.453125
2002-01-11,2.28125
2002-01-12,2.125
2002-01-13,1.984375
2002-01-14,1.84375
2002-01-15,1.71875
2002-01-16,1.59375
2002-01-17,1.484375
2002-01-18,1.390625
2002-01-19,1.28125
2002-01-20,1.203125
2002-01-21,1.125
2002-01-22,1.0625
2002-01-23,1.0
2002-01-24,0.953125
2002-01-25,0.890625
2002-01-26,0.84375
2002-01-27,0.796875
2002-01-28,0.75
2002-01-29,0.71875
2002-01-30,0.671875
2002-01-31,0.640625
2002-02-01,0.59375
2002-02-02,0.5625
2002-02-03,0.53125
2002-02-04,0.5
2002-02-05,0.484375
2002-02-06,0.453125
2002-02-07,0.4375
2002-02-08,0.421875
2002-02-09,0.390625
2002-02-10,0.375
2002-02-11,0.359375
2002-02-12,0.34375
2002-02-13,0.328125
2002-02-14,0.3125
2002-02-15,0.3125
2002-02-16,0.296875
2002-02-17,0.28125
2002-02-18,0.265625
2002-02-19,0.25
2002-02-20,0.25
2002-02-21,0.21875
2002-02-22,0.21875
2002-02-23,0.1875
2002-02-24,0.1875
2002-02-25,0.15625
2002-02-26,0.125
2002-02-27,0.125
2002-02-28,0.09375
2002-03-01,0.09375
2002-03-02,0.06249999999999999
2002-03-03,0.06249999999999999
2002-03-04,0.03125
2002-03-05,0.03125
2002-03-06,0.03125
2002-03-07,0.0
2002-03-08,0.0
2002-03-09,0.0
2002-03-10,0.0
2002-03-11,0.0
2002-03-12,0.0
2002-03-13,0.0
2002-03-14,0.0
2002-03-15,0.0
2002-03-16,0.0
2002-03-17,0.0
2002-03-18,0.0
2002-03-19,0.0
2002-03-20,0.0
2002-03-21,0.0
2002-03-22,0.0
2002-03-23,0.0
2002-03-24,0.0
2002-03-25,0.0
2002-03-26,0.0
2002-03-27,0.0
2002-03-28,0.0
2002-03-29,0.0
2002-03-30,0.0
2002-03-31,0.0
2002-04-01,0.0
2002-04-02,0.0
2002-04-03,0.0
2002-04-04,0.0
2002-04-05,0.0
2002-04-06,0.0
2002-04-07,0.0
2002-04-08,0.0
2002-04-09,0.0
2002-04-10,0.0
2002-04-11,0.0
2002-04-12,0.0
2002-04-13,0.0
2002-04-14,0.0
2002-04-15,0.0
2002-04-16,0.0
2002-04-17,0.0
2002-04-18,0.0
2002-04-19,0.0
2002-04-20,0.0
2002-04-21,0.0
2002-04-22,0.0
2002-04-23,0.0
2002-04-24,0.0
2002-04-25,0.0
2002-04-26,0.03125
2002-04-27,0.03125
2002-04-28,0.03125
2002-04-29,0.0
2002-04-30,0.0
2002-05-01,0.0
2002-05-02,0.0
2002-05-03,0.0
2002-05-04,0.7522290728005689
2002-05-05,10.57928430937123
2002-05-06,16.80431230471156
2002-05-07,16.46373425576905
2002-05-08,15.097035715530966
2002-05-09,13.95316930383467
2002-05-10,13.549235248311852
2002-05-11,15.520613450399932
2002-05-12,22.41440850701638
2002-05-13,35.75856227396738
2002-05-14,52.87023322914163
2002-05-15,66.03584399504744
2002-05-16,71.64131229438281
2002-05-17,78.38916539499938
2002-05-18,83.45367640886029
2002-05-19,90.81351208729112
2002-05-20,88.25681535321351
2002-05-21,98.63109509568608
2002-05-22,97.91359369379144
2002-05-23,108.94989720113486
2002-05-24,132.29280440584972
2002-05-25,171.97865854973222
2002-05-26,270.4223473431112
2002-05-27,431.13617572014806
2002-05-28,814.8843180934305
2002-05-29,1180.1759998261512
2002-05-30,1721.6815209426231
2002-05-31,2492.4587790207643
2002-06-01,3470.7347249229556
2002-06-02,4068.8759130285484
2002-06-03,4697.155940041968
2002-06-04,5037.341074117372
2002-06-05,5051.782344958434
2002-06-06,4886.714270532611
2002-06-07,5068.693669625068
2002-06-08,5134.268165581043
2002-06-09,5270.8543650779475
2002-06-10,5298.6214424958225
2002-06-11,5315.570493108978
2002-06-12,5464.224217356002
2002-06-13,5808.30967538506
2002-06-14,6200.645962010561
2002-06-15,6549.260195021874
2002-06-16,6707.581247303838
2002-06-17,6791.526217824515
2002-06-18,6740.719273290056
2002-06-19,6606.667402019406
2002-06-20,6491.2566321389395
2002-06-21,6492.451004003069
2002-06-22,6523.206971448892
2002-06-23,6511.96653244593
2002-06-24,6376.198864354624
2002-06-25,6063.387507941238
2002-06-26,5730.239539499469
2002-06-27,5394.8577237259
2002-06-28,5114.615667173504
2002-06-29,4970.875984096654
2002-06-30,4887.817003601217
2002-07-01,4814.576392228793
2002-07-02,4505.548985211988
2002-07-03,4174.574457961645
2002-07-04,4004.303988624835
2002-07-05,3924.8436026449344
2002-07-06,3962.5603090687237
2002-07-07,4140.12428646509
2002-07-08,4389.249119491737
2002-07-09,4296.875632319475
2002-07-10,4029.124334486613
2002-07-11,3787.041476396762
2002-07-12,3446.074803656058
2002-07-13,3314.1189893415476
2002-07-14,3232.712053474675
2002-07-15,3188.788269902657
2002-07-16,3085.609638436932
2002-07-17,2872.6034993401554
2002-07-18,2674.8809610699345
2002-07-19,2479.310839270068
2002-07-20,2278.287764249342
2002-07-21,2170.6224953231563
2002-07-22,2161.7014513982617
2002-07-23,2180.2355799564248
2002-07-24,2174.7832306057903
2002-07-25,2119.0788029033793
2002-07-26,1987.7010936554304
2002-07-27,1856.4143909727309
2002-07-28,1708.8044070012938
2002-07-29,1569.205739291397
2002-07-30,1440.3440791003495
2002-07-31,1360.5801732194593
2002-08-01,1359.1550068002505
2002-08-02,1380.4268934178463
2002-08-03,1397.6258364322023
2002-08-04,1358.685532085759
2002-08-05,1295.5809609935006
2002-08-06,1232.582479206054
2002-08-07,1128.9806051160353
2002-08-08,1035.8234245876915
2002-08-09,966.1572812657163
2002-08-10,886.6975571722305
2002-08-11,819.3311856136559
2002-08-12,793.8082456694405
2002-08-13,815.2542762049355
2002-08-14,860.7044860923701
2002-08-15,913.812457571362
2002-08-16,960.5663597694298
2002-08-17,958.3306119954377
2002-08-18,925.8662934346233
2002-08-19,903.0106736178792
2002-08-20,883.901901747019
2002-08-21,851.7107001411471
2002-08-22,803.496754041694
2002-08-23,742.9667815825894
2002-08-24,677.5039467231155
2002-08-25,620.0086806498941
2002-08-26,573.5318124156955
2002-08-27,547.1814450162441
2002-08-28,550.9561703444763
2002-08-29,587.001685510046
2002-08-30,614.2640159712407
2002-08-31,612.4937167926122
2002-09-01,614.8053959403719
2002-09-02,619.9408848482863
2002-09-03,638.8181385288203
2002-09-04,646.036030127393
2002-09-05,639.2575962673544
2002-09-06,641.2901140193262
2002-09-07,657.6251419374297
2002-09-08,702.332454283271
2002-09-09,761.2567684452098
2002-09-10,756.7639696378598
2002-09-11,729.3263326059166
2002-09-12,690.7246589894729
2002-09-13,639.2522329314596
2002-09-14,620.312283517076
2002-09-15,589.8677121690718
2002-09-16,569.2728438145659
2002-09-17,549.2327779153367
2002-09-18,531.5707287315234
2002-09-19,522.2823110977764
2002-09-20,496.49163369175017
2002-09-21,463.21501575492323
2002-09-22,434.4805973070478
2002-09-23,403.7342989111822
2002-09-24,388.73177579186563
2002-09-25,382.28018645799415
2002-09-26,375.96945162257157
2002-09-27,382.58976188968376
2002-09-28,404.95174989913403
2002-09-29,425.9711540379236
2002-09-30,462.57704061974965
2002-10-01,493.6953125
2002-10-02,492.1953125
2002-10-03,478.2578125
2002-10-04,452.546875
2002-10-05,418.96875
2002-10-06,383.2578125
2002-10-07,348.6796875
2002-10-08,316.515625
2002-10-09,286.7890625
2002-10-10,259.4609375
2002-10-11,234.46875
2002-10-12,211.375
2002-10-13,190.15625
2002-10-14,170.6328125
2002-10-15,152.7734375
2002-10-16,136.4921875
2002-10-17,121.609375
2002-10-18,108.109375
2002-10-19,95.9375
2002-10-20,85.015625
2002-10-21,75.2421875
2002-10-22,66.5546875
2002-10-23,58.8515625
2002-10-24,52.0078125
2002-10-25,45.890625
2002-10-26,40.5
2002-10-27,35.734375
2002-10-28,31.5625
2002-10-29,27.9609375
2002-10-30,24.828125
2002-10-31,22.0546875
2002-11-01,19.625
2002-11-02,17.5234375
2002-11-03,15.6875
2002-11-04,14.0703125
2002-11-05,12.6328125
2002-11-06,11.3203125
2002-11-07,10.140625
2002-11-08,9.125
2002-11-09,8.2578125
2002-11-10,7.5234375
2002-11-11,6.875
2002-11-12,6.3046875
2002-11-13,5.796875
2002-11-14,5.34375
2002-11-15,4.9296875
2002-11-16,4.546875
2002-11-17,4.1796875
2002-11-18,3.828125
2002-11-19,3.515625
2002-11-20,3.265625
2002-11-21,3.03125
2002-11-22,2.828125
2002-11-23,2.65625
2002-11-24,2.5
2002-11-25,2.359375
2002-11-26,2.21875
2002-11-27,2.078125
2002-11-28,1.953125
2002-11-29,1.828125
2002-11-30,1.71875
2002-12-01,1.625
2002-12-02,1.53125
2002-12-03,1.40625
2002-12-04,1.28125
2002-12-05,1.171875
2002-12-06,1.09375
2002-12-07,0.96875
2002-12-08,0.84375
2002-12-09,0.765625
2002-12-10,0.71875
2002-12-11,0.65625
2002-12-12,0.59375
2002-12-13,0.546875
2002-12-14,0.5
2002-12-15,0.484375
2002-12-16,0.453125
2002-12-17,0.4375
2002-12-18,0.421875
2002-12-19,0.390625
2002-12-20,0.34375
2002-12-21,0.3125
2002-12-22,0.296875
2002-12-23,0.265625
2002-12-24,0.25
2002-12-25,0.234375
2002-12-26,0.21875
2002-12-27,0.21875
2002-12-28,0.203125
2002-12-29,0.1875
2002-12-30,0.171875
2002-12-31,0.171875
2003-01-01,0.15625
2003-01-02,0.15625
2003-01-03,0.140625
2003-01-04,0.140625
2003-01-05,0.140625
2003-01-06,0.140625
2003-01-07,0.125
2003-01-08,0.125
2003-01-09,0.125
2003-01-10,0.109375
2003-01-11,0.109375
2003-01-12,0.109375
2003-01-13,0.09375
2003-01-14,0.09375
2003-01-15,0.09375
2003-01-16,0.078125
2003-01-17,0.078125
2003-01-18,0.06249999999999999
2003-01-19,0.06249999999999999
2003-01-20,0.06249999999999999
2003-01-21,0.046875
2003-01-22,0.046875
2003-01-23,0.03125
2003-01-24,0.03125
2003-01-25,0.03125
2003-01-26,0.03125
2003-01-27,0.03125
2003-01-28,0.03125
2003-01-29,0.03125
2003-01-30,0.015625
2003-01-31,0.015625
2003-02-01,0.015625
2003-02-02,0.015625
2003-02-03,0.015625
2003-02-04,0.015625
2003-02-05,0.015625
2003-02-06,0.015625
2003-02-07,0.015625
2003-02-08,0.015625
2003-02-09,0.015625
2003-02-10,0.015625
2003-02-11,0.015625
2003-02-12,0.015625
2003-02-13,0.015625
2003-02-14,0.015625
2003-02-15,0.0
2003-02-16,0.0
2003-02-17,0.0
2003-02-18,0.0
2003-02-19,0.0
2003-02-20,0.0
2003-02-21,0.0
2003-02-22,0.0
2003-02-23,0.0
2003-02-24,0.0
2003-02-25,0.0
2003-02-26,0.0
2003-02-27,0.0
2003-02-28,0.0
2003-03-01,0.0
2003-03-02,0.0
2003-03-03,0.0
2003-03-04,0.0
2003-03-05,0.0
2003-03-06,0.0
2003-03-07,0.0
2003-03-08,0.0
2003-03-09,0.0
2003-03-10,0.0
2003-03-11,0.0
2003-03-12,0.0
2003-03-13,0.0
2003-03-14,0.0
2003-03-15,0.0
2003-03-16,0.0
2003-03-17,0.0
2003-03-18,0.0
2003-03-19,0.0
2003-03-20,0.125
2003-03-21,1.78125
2003-03-22,3.90625
2003-03-23,4.53125
2003-03-24,4.4375
2003-03-25,4.125
2003-03-26,3.71875
2003-03-27,3.28125
2003-03-28,2.875
2003-03-29,2.53125
2003-03-30,2.1875
2003-03-31,1.90625
2003-04-01,1.625
2003-04-02,1.375
2003-04-03,1.15625
2003-04-04,0.96875
2003-04-05,0.78125
2003-04-06,0.625
2003-04-07,0.46875
2003-04-08,0.34375
2003-04-09,0.25
2003-04-10,0.15625
2003-04-11,0.09375
2003-04-12,0.03125
2003-04-13,0.0
2003-04-14,0.0
2003-04-15,0.0
2003-04-16,0.0
2003-04-17,0.0
2003-04-18,0.0
2003-04-19,0.0
2003-04-20,0.0
2003-04-21,0.0
2003-04-22,0.0
2003-04-23,0.0
2003-04-24,0.0
2003-04-25,0.0
2003-04-26,0.0
2003-04-27,0.0
2003-04-28,0.0
2003-04-29,0.0
2003-04-30,0.0
2003-05-01,0.0
2003-05-02,0.36091268878951593
2003-05-03,1.8433579335793355
2003-05-04,9.293727768555843
2003-05-05,31.91393947084574
2003-05-06,107.53624497429749
2003-05-07,311.09899673623244
2003-05-08,436.1760736160667
2003-05-09,495.63537488538304
2003-05-10,570.1595838030706
2003-05-11,591.4862059851063
2003-05-12,548.6190987893517
2003-05-13,476.94673244083486
2003-05-14,412.8530415965377
2003-05-15,374.6191527622192
2003-05-16,346.3189045936395
2003-05-17,322.2774068049569
2003-05-18,264.5666190950193
2003-05-19,236.59669708226346
2003-05-20,217.70970085682833
2003-05-21,242.15890246563384
2003-05-22,227.4977202519286
2003-05-23,223.83271690362287
2003-05-24,231.96588525574302
2003-05-25,252.18473401479932
2003-05-26,321.8342741510617
2003-05-27,415.17963695376875
2003-05-28,658.3905291001818
2003-05-29,811.8562113850415
2003-05-30,1041.2185340640845
2003-05-31,1410.4353009311794
2003-06-01,1953.4618918841786
2003-06-02,2388.538611470934
2003-06-03,2898.6416850898404
2003-06-04,3266.3557859707066
2003-06-05,3474.8148533638187
2003-06-06,3566.979400457914
2003-06-07,3879.5714544466587
2003-06-08,4030.14435595927
2003-06-09,4215.044882606011
2003-06-10,4462.038165199103
2003-06-11,4867.791031073678
2003-06-12,5278.242274474299
2003-06-13,5527.771418289801
2003-06-14,5581.06855961095
2003-06-15,5565.303992181747
2003-06-16,5419.412388753359
2003-06-17,5269.751165143869
2003-06-18,5105.392149009855
2003-06-19,4929.822398894981
2003-06-20,4712.706542238105
2003-06-21,4486.695359769376
2003-06-22,4257.555815622439
2003-06-23,4072.5640986731596
2003-06-24,3921.6104352311922
2003-06-25,3778.481178725772
2003-06-26,3723.0096345772217
2003-06-27,3791.1225226318243
2003-06-28,3941.9901877709035
2003-06-29,4085.914180121671
2003-06-30,4132.079239460454
2003-07-01,4095.982939564537
2003-07-02,3838.642481860885
2003-07-03,3550.5322457678294
2003-07-04,3364.693258228854
2003-07-05,3174.937561199606
2003-07-06,2961.4890232901357
2003-07-07,2740.198370060156
2003-07-08,2560.707079211771
2003-07-09,2319.800259237214
2003-07-10,2093.8524299642504
2003-07-11,1919.660548184821
2003-07-12,1717.1551221459847
2003-07-13,1620.3484648868805
2003-07-14,1527.941661538168
2003-07-15,1462.7505386821204
2003-07-16,1447.17503944863
2003-07-17,1458.6436425363738
2003-07-18,1478.859037766221
2003-07-19,1447.075671449443
2003-07-20,1347.4934914426005
2003-07-21,1242.8941603237533
2003-07-22,1138.9902186238864
2003-07-23,1043.0368720490458
2003-07-24,969.7429062754936
2003-07-25,904.7212974458945
2003-07-26,832.7178871037355
2003-07-27,781.5405700506153
2003-07-28,740.5263679576454
2003-07-29,725.398044600343
2003-07-30,736.302669021139
2003-07-31,777.0146888537167
2003-08-01,807.5774344229008
2003-08-02,815.8607471639581
2003-08-03,819.1844506368769
2003-08-04,782.2089484274968
2003-08-05,732.5096877692724
2003-08-06,689.4792499691428
2003-08-07,633.3845855609839
2003-08-08,604.4097406071975
2003-08-09,620.5298088484444
2003-08-10,653.0625845279785
2003-08-11,679.9125733843824
2003-08-12,699.1498655639671
2003-08-13,704.0889246599966
2003-08-14,686.5524799469332
2003-08-15,658.2124170112755
2003-08-16,633.5599364921526
2003-08-17,596.1637656264613
2003-08-18,555.7873469272316
2003-08-19,529.1552434287797
2003-08-20,512.7962196041037
2003-08-21,504.36392789996154
2003-08-22,520.7653817817401
2003-08-23,577.2297007958391
2003-08-24,700.3008469740927
2003-08-25,902.5328330267064
2003-08-26,1050.941137217029
2003-08-27,1187.6163313806421
2003-08-28,1320.7085307448788
2003-08-29,1420.9248587334982
2003-08-30,1421.9214673402041
2003-08-31,1360.5384717018949
2003-09-01,1325.2604437249367
2003-09-02,1274.7445725067976
2003-09-03,1229.4563307849846
2003-09-04,1179.4092737253125
2003-09-05,1128.964557341352
2003-09-06,1098.790500535684
2003-09-07,1054.43477521466
2003-09-08,1007.8246938332953
2003-09-09,973.3283536330681
2003-09-10,892.7041122212686
2003-09-11,819.9581820323945
2003-09-12,754.488681683924
2003-09-13,690.4711775992517
2003-09-14,667.7927377147248
2003-09-15,631.3626033185898
2003-09-16,598.4953772766827
2003-09-17,555.5574988592251
2003-09-18,510.26035054943304
2003-09-19,481.2445889120996
2003-09-20,445.34521972893646
2003-09-21,407.93849486439683
2003-09-22,378.52517649173706
2003-09-23,350.1159008549208
2003-09-24,344.9219906700256
2003-09-25,369.1592883517488
2003-09-26,434.22082308803783
2003-09-27,543.2212003249819
2003-09-28,637.3796056593206
2003-09-29,650.274269424265
2003-09-30,651.8550357726033
2003-10-01,655.015625
2003-10-02,632.484375
2003-10-03,604.078125
2003-10-04,570.046875
2003-10-05,531.265625
2003-10-06,490.7421875
2003-10-07,450.6328125
2003-10-08,412.140625
2003-10-09,376.171875
2003-10-10,342.734375
2003-10-11,311.7265625
2003-10-12,283.2578125
2003-10-13,257.0625
2003-10-14,232.9140625
2003-10-15,210.671875
2003-10-16,190.1484375
2003-10-17,171.2109375
2003-10-18,153.828125
2003-10-19,137.9140625
2003-10-20,123.3203125
2003-10-21,110.0234375
2003-10-22,97.96875
2003-10-23,87.078125
2003-10-24,77.28125
2003-10-25,68.515625
2003-10-26,60.625
2003-10-27,53.625
2003-10-28,49.234375
2003-10-29,46.515625
2003-10-30,44.875
2003-10-31,47.390625
2003-11-01,73.828125
2003-11-02,117.4375
2003-11-03,131.0
2003-11-04,128.78125
2003-11-05,126.203125
2003-11-06,130.078125
2003-11-07,142.5625
2003-11-08,158.03125
2003-11-09,172.046875
2003-11-10,186.359375
2003-11-11,193.1640625
2003-11-12,189.671875
2003-11-13,180.796875
2003-11-14,171.21875
2003-11-15,162.515625
2003-11-16,153.6875
2003-11-17,143.71875
2003-11-18,132.875
2003-11-19,121.9375
2003-11-20,111.34375
2003-11-21,101.28125
2003-11-22,91.9375
2003-11-23,83.21875
2003-11-24,75.140625
2003-11-25,67.796875
2003-11-26,61.046875
2003-11-27,54.8125
2003-11-28,49.109375
2003-11-29,43.96875
2003-11-30,39.296875
2003-12-01,35.046875
2003-12-02,31.21875
2003-12-03,27.8125
2003-12-04,24.765625
2003-12-05,22.046875
2003-12-06,19.59375
2003-12-07,17.4375
2003-12-08,15.5
2003-12-09,13.796875
2003-12-10,12.265625
2003-12-11,10.890625
2003-12-12,9.6875
2003-12-13,8.625
2003-12-14,7.703125
2003-12-15,6.890625
2003-12-16,6.1875
2003-12-17,5.59375
2003-12-18,5.0625
2003-12-19,4.609375
2003-12-20,4.21875
2003-12-21,3.859375
2003-12-22,3.53125
2003-12-23,3.25
2003-12-24,2.984375
2003-12-25,2.734375
2003-12-26,2.484375
2003-12-27,2.28125
2003-12-28,2.09375
2003-12-29,1.921875
2003-12-30,1.765625
2003-12-31,1.640625
2004-01-01,1.515625
2004-01-02,1.421875
2004-01-03,1.3125
2004-01-04,1.203125
2004-01-05,1.125
2004-01-06,1.046875
2004-01-07,0.96875
2004-01-08,0.90625
2004-01-09,0.84375
2004-01-10,0.78125
2004-01-11,0.734375
2004-01-12,0.6875
2004-01-13,0.640625
2004-01-14,0.609375
2004-01-15,0.5625
2004-01-16,0.5
2004-01-17,0.46875
2004-01-18,0.4375
2004-01-19,0.421875
2004-01-20,0.390625
2004-01-21,0.359375
2004-01-22,0.3125
2004-01-23,0.28125
2004-01-24,0.25
2004-01-25,0.234375
2004-01-26,0.21875
2004-01-27,0.203125
2004-01-28,0.171875
2004-01-29,0.15625
2004-01-30,0.140625
2004-01-31,0.140625
2004-02-01,0.125
2004-02-02,0.125
2004-02-03,0.109375
2004-02-04,0.109375
2004-02-05,0.109375
2004-02-06,0.109375
2004-02-07,0.09375
2004-02-08,0.09375
2004-02-09,0.09375
2004-02-10,0.078125
2004-02-11,0.078125
2004-02-12,0.06249999999999999
2004-02-13,0.06249999999999999
2004-02-14,0.046875
2004-02-15,0.03125
2004-02-16,0.03125
2004-02-17,0.03125
2004-02-18,0.015625
2004-02-19,0.015625
2004-02-20,0.015625
2004-02-21,0.015625
2004-02-22,0.0
2004-02-23,0.0
2004-02-24,0.0
2004-02-25,0.0
2004-02-26,0.0
2004-02-27,0.0
2004-02-28,0.0
2004-02-29,0.0
2004-03-01,0.0
2004-03-02,0.0
2004-03-03,0.0
2004-03-04,0.0
2004-03-05,0.0
2004-03-06,0.0
2004-03-07,0.0
2004-03-08,0.0
2004-03-09,0.0
2004-03-10,0.0
2004-03-11,0.0
2004-03-12,0.0
2004-03-13,0.0
2004-03-14,0.0
2004-03-15,0.0
2004-03-16,0.0
2004-03-17,0.0
2004-03-18,0.0
2004-03-19,0.0
2004-03-20,0.0
2004-03-21,0.0
2004-03-22,0.0
2004-03-23,0.0
2004-03-24,0.0
2004-03-25,0.0
2004-03-26,0.0
2004-03-27,0.0
2004-03-28,0.0
2004-03-29,0.0
2004-03-30,0.0
2004-03-31,0.0
2004-04-01,0.0
2004-04-02,0.0
2004-04-03,0.0
2004-04-04,0.0
2004-04-05,0.0
2004-04-06,0.0
2004-04-07,0.0
2004-04-08,0.125
2004-04-09,1.03125
2004-04-10,1.9375
2004-04-11,2.125
2004-04-12,1.96875
2004-04-13,1.6875
2004-04-14,1.375
2004-04-15,1.125
2004-04-16,0.90625
2004-04-17,0.6875
2004-04-18,0.5
2004-04-19,0.34375
2004-04-20,0.25
2004-04-21,0.15625
2004-04-22,0.09375
2004-04-23,0.03125
2004-04-24,0.0
2004-04-25,0.0
2004-04-26,0.0
2004-04-27,0.0
2004-04-28,0.0
2004-04-29,0.0
2004-04-30,0.0
2004-05-01,0.0
2004-05-02,0.0
2004-05-03,0.0
2004-05-04,0.0
2004-05-05,0.0864236037226596
2004-05-06,0.3812206950445895
2004-05-07,1.619217001197103
2004-05-08,5.196151223755671
2004-05-09,11.222135377320113
2004-05-10,53.551826100946975
2004-05-11,176.76719882182977
2004-05-12,203.39389632637523
2004-05-13,195.05244349603274
2004-05-14,194.87871882554094
2004-05-15,194.67494212257822
2004-05-16,181.72120050978484
2004-05-17,133.9993841670364
2004-05-18,100.45768700190307
2004-05-19,75.39068164595122
2004-05-20,67.0158450026312
2004-05-21,53.2723842139223
2004-05-22,54.50222450003272
2004-05-23,73.4210848778492
2004-05-24,110.78845536045397
2004-05-25,190.02321139552518
2004-05-26,312.01644096379664
2004-05-27,604.9851527172539
2004-05-28,895.5269088334203
2004-05-29,1351.5580795455196
2004-05-30,2062.0047133936537
2004-05-31,2998.9949401350646
2004-06-01,3639.9407870103155
2004-06-02,4348.426236091296
2004-06-03,4905.060085471569
2004-06-04,5333.885596663855
2004-06-05,5731.9363471900615
2004-06-06,6553.128826299583
2004-06-07,7025.165050946716
2004-06-08,7404.738423512329
2004-06-09,7623.718601416998
2004-06-10,7753.17285986448
2004-06-11,7779.091927525301
2004-06-12,7683.886841167551
2004-06-13,7454.102091794153
2004-06-14,7245.852797960303
2004-06-15,6944.359776569036
2004-06-16,6649.330792674239
2004-06-17,6363.866659085479
2004-06-18,6132.423246467137
2004-06-19,5872.333718431962
2004-06-20,5590.405584818254
2004-06-21,5298.048175014748
2004-06-22,5042.3558872841095
2004-06-23,4783.910876801914
2004-06-24,4471.190106691725
2004-06-25,4200.624825961829
2004-06-26,3968.1587843212137
2004-06-27,3810.0850558933366
2004-06-28,3823.034329158986
2004-06-29,3938.769027052515
2004-06-30,4061.595023499647
2004-07-01,3965.83994811459
2004-07-02,3796.7074577784115
2004-07-03,3666.125172394583
2004-07-04,3464.5514811542084
2004-07-05,3214.05773824095
2004-07-06,2970.481870680915
2004-07-07,2803.432615747319
2004-07-08,2564.048378010622
2004-07-09,2344.901905129831
2004-07-10,2206.6606005282165
2004-07-11,2008.1555727987873
2004-07-12,1868.999706511113
2004-07-13,1702.6733978573204
2004-07-14,1558.9857605655206
2004-07-15,1473.2995642974086
2004-07-16,1413.7838609997893
2004-07-17,1402.2123681658568
2004-07-18,1407.3094119974562
2004-07-19,1393.0824347438688
2004-07-20,1377.6075467096243
2004-07-21,1334.0976595664283
2004-07-22,1284.0053973175895
2004-07-23,1251.954468307906
2004-07-24,1229.3853715639304
2004-07-25,1205.9264164858716
2004-07-26,1233.1131315255675
2004-07-27,1264.092069023196
2004-07-28,1274.2170786289626
2004-07-29,1266.8765570276964
2004-07-30,1247.1591405251727
2004-07-31,1215.96851458276
2004-08-01,1152.281253538298
2004-08-02,1081.159461059589
2004-08-03,1000.9285154041547
2004-08-04,964.690422219176
2004-08-05,1035.9497919439525
2004-08-06,1173.5892191737353
2004-08-07,1347.5813424315943
2004-08-08,1525.5566777565343
2004-08-09,1659.515569592585
2004-08-10,1828.9363625249962
2004-08-11,1956.0630469192647
2004-08-12,1953.7937007477929
2004-08-13,1819.2457300847486
2004-08-14,1655.2430536792358
2004-08-15,1560.778413317976
2004-08-16,1504.1834682036445
2004-08-17,1466.733200583694
2004-08-18,1482.0156146877898
2004-08-19,1557.139386366766
2004-08-20,1618.5282934182167
2004-08-21,1721.5156969552397
2004-08-22,1877.0830738219101
2004-08-23,2045.3963465390561
2004-08-24,2151.010215725697
2004-08-25,2099.075510009935
2004-08-26,1985.7817322234246
2004-08-27,1867.7471638429824
2004-08-28,1726.6848260033923
2004-08-29,1581.4492399575981
2004-08-30,1445.4671200183202
2004-08-31,1374.9182787874045
2004-09-01,1351.2954832617997
2004-09-02,1373.2878550583137
2004-09-03,1363.224045057102
2004-09-04,1322.5380626780511
2004-09-05,1278.1072749357038
2004-09-06,1227.9820077170411
2004-09-07,1236.5326005057448
2004-09-08,1280.9498679312248
2004-09-09,1263.635494211717
2004-09-10,1262.3687450433374
2004-09-11,1263.7937237117565
2004-09-12,1237.6082486263706
2004-09-13,1256.7344289562868
2004-09-14,1238.834482515849
2004-09-15,1228.1210805952285
2004-09-16,1198.809553633762
2004-09-17,1158.00854486261
2004-09-18,1147.4135487132191
2004-09-19,1118.8115080855655
2004-09-20,1079.2740079075033
2004-09-21,1045.3109221339105
2004-09-22,990.2909214551228
2004-09-23,966.8065016362505
2004-09-24,961.720100419877
2004-09-25,931.7920208407581
2004-09-26,917.6984501378934
2004-09-27,919.2031182036601
2004-09-28,884.8297307303013
2004-09-29,858.8566492310352
2004-09-30,804.6907014526435
2004-10-01,769.8515625
2004-10-02,734.9921875
2004-10-03,757.875
2004-10-04,859.15625
2004-10-05,962.8359375
2004-10-06,1011.828125
2004-10-07,1005.3046875
2004-10-08,954.578125
2004-10-09,885.078125
2004-10-10,809.6484375
2004-10-11,737.359375
2004-10-12,672.640625
2004-10-13,615.2265625
2004-10-14,563.65625
2004-10-15,519.671875
2004-10-16,489.3828125
2004-10-17,487.2578125
2004-10-18,509.7265625
2004-10-19,525.0
2004-10-20,522.046875
2004-10-21,497.578125
2004-10-22,460.5234375
2004-10-23,420.3671875
2004-10-24,381.9296875
2004-10-25,346.8671875
2004-10-26,314.9296875
2004-10-27,285.7890625
2004-10-28,259.375
2004-10-29,235.40625
2004-10-30,213.703125
2004-10-31,193.90625
2004-11-01,175.6875
2004-11-02,159.015625
2004-11-03,143.8984375
2004-11-04,129.9765625
2004-11-05,117.1953125
2004-11-06,105.5546875
2004-11-07,95.015625
2004-11-08,85.40625
2004-11-09,76.671875
2004-11-10,68.7890625
2004-11-11,61.609375
2004-11-12,55.0546875
2004-11-13,49.15625
2004-11-14,43.8515625
2004-11-15,39.078125
2004-11-16,34.8046875
2004-11-17,30.9921875
2004-11-18,27.5625
2004-11-19,24.484375
2004-11-20,21.765625
2004-11-21,19.34375
2004-11-22,17.171875
2004-11-23,15.265625
2004-11-24,13.609375
2004-11-25,12.140625
2004-11-26,10.828125
2004-11-27,9.671875
2004-11-28,8.640625
2004-11-29,7.703125
2004-11-30,6.875
2004-12-01,6.171875
2004-12-02,5.5625
2004-12-03,5.03125
2004-12-04,4.5625
2004-12-05,4.125
2004-12-06,3.75
2004-12-07,3.421875
2004-12-08,3.140625
2004-12-09,2.890625
2004-12-10,2.65625
2004-12-11,2.4375
2004-12-12,2.234375
2004-12-13,2.0625
2004-12-14,1.921875
2004-12-15,1.78125
2004-12-16,1.671875
2004-12-17,1.5625
2004-12-18,1.46875
2004-12-19,1.390625
2004-12-20,1.3125
2004-12-21,1.234375
2004-12-22,1.15625
2004-12-23,1.09375
2004-12-24,1.03125
2004-12-25,0.96875
2004-12-26,0.890625
2004-12-27,0.828125
2004-12-28,0.765625
2004-12-29,0.703125
2004-12-30,0.640625
2004-12-31,0.59375
2005-01-01,0.546875
2005-01-02,0.5
2005-01-03,0.453125
2005-01-04,0.421875
2005-01-05,0.40625
2005-01-06,0.375
2005-01-07,0.34375
2005-01-08,0.3125
2005-01-09,0.296875
2005-01-10,0.28125
2005-01-11,0.265625
2005-01-12,0.265625
2005-01-13,0.25
2005-01-14,0.234375
2005-01-15,0.21875
2005-01-16,0.203125
2005-01-17,0.1875
2005-01-18,0.171875
2005-01-19,0.15625
2005-01-20,0.15625
2005-01-21,0.140625
2005-01-22,0.125
2005-01-23,0.125
2005-01-24,0.125
2005-01-25,0.109375
2005-01-26,0.09375
2005-01-27,0.09375
2005-01-28,0.078125
2005-01-29,0.078125
2005-01-30,0.06249999999999999
2005-01-31,0.06249999999999999
2005-02-01,0.046875
2005-02-02,0.046875
2005-02-03,0.046875
2005-02-04,0.046875
2005-02-05,0.046875
2005-02-06,0.046875
2005-02-07,0.03125
2005-02-08,0.03125
2005-02-09,0.03125
2005-02-10,0.03125
2005-02-11,0.03125
2005-02-12,0.015625
2005-02-13,0.015625
2005-02-14,0.015625
2005-02-15,0.015625
2005-02-16,0.015625
2005-02-17,0.0
2005-02-18,0.0
2005-02-19,0.0
2005-02-20,0.0
2005-02-21,0.0
2005-02-22,0.0
2005-02-23,0.0
2005-02-24,0.0
2005-02-25,0.0
2005-02-26,0.0
2005-02-27,0.0
2005-02-28,0.0
2005-03-01,0.0
2005-03-02,0.0
2005-03-03,0.0
2005-03-04,0.0
2005-03-05,0.0
2005-03-06,0.0
2005-03-07,0.0
2005-03-08,0.0
2005-03-09,0.0
2005-03-10,0.0
2005-03-11,0.0
2005-03-12,0.0
2005-03-13,0.0
2005-03-14,0.0
2005-03-15,0.0
2005-03-16,0.0
2005-03-17,0.0
2005-03-18,0.0
2005-03-19,0.0
2005-03-20,0.0
2005-03-21,0.0
2005-03-22,0.03125
2005-03-23,0.15625
2005-03-24,0.15625
2005-03-25,0.06249999999999999
2005-03-26,0.0
2005-03-27,0.0
2005-03-28,0.0
2005-03-29,7.4375
2005-03-30,29.78125
2005-03-31,33.90625
2005-04-01,32.1875
2005-04-02,29.5625
2005-04-03,26.84375
2005-04-04,24.21875
2005-04-05,21.71875
2005-04-06,19.375
2005-04-07,17.4375
2005-04-08,16.8125
2005-04-09,17.46875
2005-04-10,17.4375
2005-04-11,16.25
2005-04-12,14.59375
2005-04-13,12.96875
2005-04-14,11.4375
2005-04-15,10.09375
2005-04-16,8.90625
2005-04-17,7.84375
2005-04-18,6.90625
2005-04-19,6.0625
2005-04-20,5.3125
2005-04-21,4.59375
2005-04-22,3.96875
2005-04-23,3.40625
2005-04-24,2.90625
2005-04-25,2.40625
2005-04-26,1.90625
2005-04-27,1.46875
2005-04-28,1.25
2005-04-29,1.15625
2005-04-30,1.25
2005-05-01,1.0801341715463304
2005-05-02,1.2927399094004324
2005-05-03,1.3359778597785976
2005-05-04,1.5916884040787287
2005-05-05,2.9022016369519696
2005-05-06,12.96522437871678
2005-05-07,25.86025903282155
2005-05-08,37.84942120616915
2005-05-09,55.265961723837954
2005-05-10,67.323494031915
2005-05-11,70.56223223315254
2005-05-12,66.34896518126128
2005-05-13,57.63035023158429
2005-05-14,49.35446922337101
2005-05-15,43.361193325865216
2005-05-16,36.885737784817834
2005-05-17,29.611517113007892
2005-05-18,19.265154767758407
2005-05-19,12.897763705716642
2005-05-20,9.317217879999777
2005-05-21,10.027605216208235
2005-05-22,16.77328212346328
2005-05-23,41.67613599189505
2005-05-24,70.85990067261577
2005-05-25,104.12029219239159
2005-05-26,174.47606355874382
2005-05-27,306.2989926470377
2005-05-28,578.7343935525063
2005-05-29,816.9534464326634
2005-05-30,1187.3387245552233
2005-05-31,1806.1955359878866
2005-06-01,2737.3199903140285
2005-06-02,3563.2661420006034
2005-06-03,4695.146772274126
2005-06-04,5969.11093306839
2005-06-05,7067.569954093908
2005-06-06,7541.346321157304
2005-06-07,7969.24972831009
2005-06-08,7873.964086929291
2005-06-09,7770.642719765746
2005-06-10,7482.171363540552
2005-06-11,7118.821217804107
2005-06-12,6776.269191791052
2005-06-13,6470.428174261988
2005-06-14,6144.257880643633
2005-06-15,5856.593585950812
2005-06-16,5491.565369189833
2005-06-17,5141.336367896264
2005-06-18,4800.921727872174
2005-06-19,4537.488435624874
2005-06-20,4384.8659723750825
2005-06-21,4368.952769253553
2005-06-22,4428.750644218698
2005-06-23,4502.251724582
2005-06-24,4488.910676512647
2005-06-25,4334.775759595845
2005-06-26,4157.403894418375
2005-06-27,4010.3953388467025
2005-06-28,3953.4639842211827
2005-06-29,3980.4534340108385
2005-06-30,3942.9461097568073
2005-07-01,3839.878459700058
2005-07-02,3571.531548236533
2005-07-03,3311.7661906235867
2005-07-04,3144.396875560069
2005-07-05,2948.788021180241
2005-07-06,2719.9317272616945
2005-07-07,2501.7226809672266
2005-07-08,2366.457786534114
2005-07-09,2201.7431622867357
2005-07-10,2069.189135543016
2005-07-11,2012.9686257613678
2005-07-12,1960.3754718144091
2005-07-13,2045.8324079919892
2005-07-14,2171.4685736683073
2005-07-15,2290.438345391233
2005-07-16,2300.460943988671
2005-07-17,2242.389324131244
2005-07-18,2267.5358482563324
2005-07-19,2332.2607793814177
2005-07-20,2285.8882760237707
2005-07-21,2221.47438283403
2005-07-22,2183.6891101145034
2005-07-23,2124.7049310267384
2005-07-24,2020.5262191407082
2005-07-25,1876.3691733523178
2005-07-26,1713.9427934712367
2005-07-27,1656.4145585609028
2005-07-28,1645.5767501222613
2005-07-29,1609.0939675357781
2005-07-30,1560.0825998558835
2005-07-31,1561.179942502123
2005-08-01,1641.497907845005
2005-08-02,1744.8279194186364
2005-08-03,1828.7449701256894
2005-08-04,1811.2401731656885
2005-08-05,1771.5809489922908
2005-08-06,1785.811240669423
2005-08-07,1769.923991048261
2005-08-08,1834.1530699716138
2005-08-09,1969.9101637578021
2005-08-10,1976.3094831362175
2005-08-11,1949.6783838942285
2005-08-12,2001.6015184457374
2005-08-13,2084.7364576876885
2005-08-14,2158.0328959167887
2005-08-15,2206.3124898678716
2005-08-16,2241.14210082246
2005-08-17,2185.3915406970973
2005-08-18,2054.870445527112
2005-08-19,1928.0068137627056
2005-08-20,1829.0700435884894
2005-08-21,1756.8013436625126
2005-08-22,1697.2150794985453
2005-08-23,1635.5002103022396
2005-08-24,1556.8502824785733
2005-08-25,1465.3334015804878
2005-08-26,1383.4751038398438
2005-08-27,1337.9972085353472
2005-08-28,1309.2906636835103
2005-08-29,1278.0031307036895
2005-08-30,1235.535916335054
2005-08-31,1181.5249293080824
2005-09-01,1142.4767791392057
2005-09-02,1084.5609030256635
2005-09-03,1042.236055731941
2005-09-04,998.8335292011311
2005-09-05,942.387441805899
2005-09-06,887.3909311524986
2005-09-07,821.5189437072927
2005-09-08,769.9751582596404
2005-09-09,745.2514938040682
2005-09-10,713.8449199906389
2005-09-11,720.4372367803278
2005-09-12,745.7556966292784
2005-09-13,764.337598312577
2005-09-14,827.4606771572707
2005-09-15,892.2084572007806
2005-09-16,951.3145991545819
2005-09-17,965.5971083199805
2005-09-18,958.2004926126676
2005-09-19,966.1568590307429
2005-09-20,935.9945649234234
2005-09-21,903.7908544018396
2005-09-22,920.5697304377334
2005-09-23,980.8595750672695
2005-09-24,1096.5863357409787
2005-09-25,1246.342080944638
2005-09-26,1349.7115719402416
2005-09-27,1386.5085939123026
2005-09-28,1358.822234201394
2005-09-29,1275.0431231021983
2005-09-30,1236.8700797926942
2005-10-01,1199.203125
2005-10-02,1106.5625
2005-10-03,1025.265625
2005-10-04,977.359375
2005-10-05,1002.5703125
2005-10-06,1069.6484375
2005-10-07,1134.921875
2005-10-08,1230.3671875
2005-10-09,1281.9140625
2005-10-10,1235.015625
2005-10-11,1141.71875
2005-10-12,1046.78125
2005-10-13,960.3203125
2005-10-14,881.046875
2005-10-15,809.09375
2005-10-16,745.890625
2005-10-17,696.609375
2005-10-18,662.7734375
2005-10-19,635.1953125
2005-10-20,602.3046875
2005-10-21,562.0390625
2005-10-22,518.328125
2005-10-23,475.5
2005-10-24,435.40625
2005-10-25,398.1484375
2005-10-26,363.2890625
2005-10-27,330.59375
2005-10-28,300.265625
2005-10-29,272.125
2005-10-30,246.140625
2005-10-31,222.2578125
2005-11-01,200.2265625
2005-11-02,179.9453125
2005-11-03,161.28125
2005-11-04,144.203125
2005-11-05,128.5625
2005-11-06,114.3203125
2005-11-07,101.3515625
2005-11-08,89.578125
2005-11-09,78.9921875
2005-11-10,69.546875
2005-11-11,61.1953125
2005-11-12,53.859375
2005-11-13,47.4296875
2005-11-14,41.78125
2005-11-15,36.8203125
2005-11-16,32.5
2005-11-17,28.75
2005-11-18,25.46875
2005-11-19,22.609375
2005-11-20,20.109375
2005-11-21,17.921875
2005-11-22,16.0234375
2005-11-23,14.3671875
2005-11-24,12.921875
2005-11-25,11.6328125
2005-11-26,10.46875
2005-11-27,9.4453125
2005-11-28,8.53125
2005-11-29,7.7109375
2005-11-30,6.984375
2005-12-01,6.34375
2005-12-02,5.765625
2005-12-03,5.25
2005-12-04,4.8125
2005-12-05,4.4375
2005-12-06,4.09375
2005-12-07,3.78125
2005-12-08,3.5
2005-12-09,3.234375
2005-12-10,3.015625
2005-12-11,2.8125
2005-12-12,2.625
2005-12-13,2.453125
2005-12-14,2.296875
2005-12-15,2.125
2005-12-16,1.953125
2005-12-17,1.796875
2005-12-18,1.671875
2005-12-19,1.5625
2005-12-20,1.46875
2005-12-21,1.375
2005-12-22,1.296875
2005-12-23,1.234375
2005-12-24,1.171875
2005-12-25,1.125
2005-12-26,1.0625
2005-12-27,1.015625
2005-12-28,0.96875
2005-12-29,0.921875
2005-12-30,0.859375
2005-12-31,0.8125
2006-01-01,0.75
2006-01-02,0.71875
2006-01-03,0.671875
2006-01-04,0.65625
2006-01-05,0.625
2006-01-06,0.59375
2006-01-07,0.5625
2006-01-08,0.53125
2006-01-09,0.515625
2006-01-10,0.484375
2006-01-11,0.46875
2006-01-12,0.453125
2006-01-13,0.4375
2006-01-14,0.421875
2006-01-15,0.40625
2006-01-16,0.390625
2006-01-17,0.390625
2006-01-18,0.375
2006-01-19,0.359375
2006-01-20,0.34375
2006-01-21,0.328125
2006-01-22,0.328125
2006-01-23,0.3125
2006-01-24,0.3125
2006-01-25,0.28125
2006-01-26,0.25
2006-01-27,0.25
2006-01-28,0.25
2006-01-29,0.21875
2006-01-30,0.21875
2006-01-31,0.21875
2006-02-01,0.21875
2006-02-02,0.1875
2006-02-03,0.1875
2006-02-04,0.1875
2006-02-05,0.15625
2006-02-06,0.15625
2006-02-07,0.15625
2006-02-08,0.125
2006-02-09,0.125
2006-02-10,0.125
2006-02-11,0.09375
2006-02-12,0.09375
2006-02-13,0.06249999999999999
2006-02-14,0.06249999999999999
2006-02-15,0.06249999999999999
2006-02-16,0.03125
2006-02-17,0.03125
2006-02-18,0.03125
2006-02-19,0.0
2006-02-20,0.0
2006-02-21,0.0
2006-02-22,0.0
2006-02-23,0.0
2006-02-24,0.0
2006-02-25,0.0
2006-02-26,0.0
2006-02-27,0.0
2006-02-28,0.0
2006-03-01,0.0
2006-03-02,0.0
2006-03-03,0.0
2006-03-04,0.0
2006-03-05,0.0
2006-03-06,0.0
2006-03-07,0.0
2006-03-08,0.0
2006-03-09,0.0
2006-03-10,0.0
2006-03-11,0.0
2006-03-12,0.0
2006-03-13,0.0
2006-03-14,0.0
2006-03-15,0.0
2006-03-16,0.0
2006-03-17,0.0
2006-03-18,0.0
2006-03-19,0.0
2006-03-20,0.0
2006-03-21,0.0
2006-03-22,0.0
2006-03-23,0.0
2006-03-24,0.0
2006-03-25,0.0
2006-03-26,0.0
2006-03-27,0.0
2006-03-28,0.0
2006-03-29,0.0
2006-03-30,0.0
2006-03-31,0.0
2006-04-01,0.0
2006-04-02,0.0
2006-04-03,0.0
2006-04-04,0.0
2006-04-05,0.0
2006-04-06,0.0
2006-04-07,0.0
2006-04-08,0.0
2006-04-09,0.0
2006-04-10,0.0
2006-04-11,0.0
2006-04-12,0.0
2006-04-13,0.0
2006-04-14,0.0
2006-04-15,0.0
2006-04-16,0.0
2006-04-17,0.0
2006-04-18,0.0
2006-04-19,0.0
2006-04-20,0.0
2006-04-21,0.0
2006-04-22,0.0
2006-04-23,0.0
2006-04-24,0.0
2006-04-25,0.0
2006-04-26,0.0
2006-04-27,0.0
2006-04-28,0.0
2006-04-29,0.0
2006-04-30,0.0
2006-05-01,0.0
2006-05-02,0.0
2006-05-03,0.0
2006-05-04,0.0
2006-05-05,0.0
2006-05-06,0.0
2006-05-07,0.0
2006-05-08,0.0
2006-05-09,0.0
2006-05-10,0.0
2006-05-11,0.0
2006-05-12,0.0
2006-05-13,0.058828754520652234
2006-05-14,0.44803137773503254
2006-05-15,1.0557278462354813
2006-05-16,2.3325514804435232
2006-05-17,31.39281689668471
2006-05-18,89.7428300732763
2006-05-19,88.77445796248745
2006-05-20,76.17528666965366
2006-05-21,80.73114515280254
2006-05-22,75.6644109485008
2006-05-23,82.49714304407564
2006-05-24,108.12927453120517
2006-05-25,154.68386080111426
2006-05-26,258.1244450960308
2006-05-27,443.8603008956802
2006-05-28,936.3900534054162
2006-05-29,1424.9383354462313
2006-05-30,2070.4407920536532
2006-05-31,2981.7381618150225
2006-06-01,4122.650658634201
2006-06-02,4886.13905162485
2006-06-03,5856.136639353304
2006-06-04,6559.011321240528
2006-06-05,6590.553726718619
2006-06-06,6061.762639432089
2006-06-07,5889.646848397032
2006-06-08,5721.910136140781
2006-06-09,5827.512973539368
2006-06-10,5946.266528240338
2006-06-11,6092.759889824158
2006-06-12,6175.503902427199
2006-06-13,6080.86475475916
2006-06-14,5865.4606221572
2006-06-15,5739.324468319041
2006-06-16,5649.583443482033
2006-06-17,5647.766375036101
2006-06-18,5545.985029637546
2006-06-19,5315.360178688499
2006-06-20,5014.166153242274
2006-06-21,4728.908688830497
2006-06-22,4475.506018762688
2006-06-23,4265.458442495341
2006-06-24,4052.1915310829763
2006-06-25,3814.861736415394
2006-06-26,3663.0772922987608
2006-06-27,3607.4046750496263
2006-06-28,3711.3825489485207
2006-06-29,3991.620710837692
2006-06-30,4259.4432966077065
2006-07-01,4422.7441375756025
2006-07-02,4277.410066792872
2006-07-03,4023.96450002358
2006-07-04,3816.9243928507058
2006-07-05,3558.622010575373
2006-07-06,3273.9540136395963
2006-07-07,2997.1155054494657
2006-07-08,2769.055257018939
2006-07-09,2481.273730779207
2006-07-10,2230.7302500562528
2006-07-11,2053.3626251098003
2006-07-12,1844.688720458397
2006-07-13,1724.7631933380258
2006-07-14,1577.0502082705286
2006-07-15,1419.917520849624
2006-07-16,1284.2800591343555
2006-07-17,1188.4767041552946
2006-07-18,1166.6835397064044
2006-07-19,1158.5575402132808
2006-07-20,1124.0412707434502
2006-07-21,1092.4112268882418
2006-07-22,1046.2554252526647
2006-07-23,994.542404722873
2006-07-24,963.5549062642857
2006-07-25,947.2265312533187
2006-07-26,944.2495595812271
2006-07-27,1018.5949371144679
2006-07-28,1092.097788108209
2006-07-29,1106.443673546491
2006-07-30,1092.7290966635815
2006-07-31,1086.6710118056608
2006-08-01,1085.1930058161422
2006-08-02,1076.121341659537
2006-08-03,1083.466867166427
2006-08-04,1112.5227042555002
2006-08-05,1187.3946785124897
2006-08-06,1320.2941870377845
2006-08-07,1492.583429381249
2006-08-08,1650.5389548182388
2006-08-09,1718.3849742037114
2006-08-10,1682.6966629624642
2006-08-11,1623.8360296146448
2006-08-12,1589.3438688832725
2006-08-13,1541.2448357515175
2006-08-14,1456.083427797984
2006-08-15,1366.6543482018467
2006-08-16,1297.2700038186722
2006-08-17,1208.3308059340238
2006-08-18,1119.9576775492533
2006-08-19,1072.39420757065
2006-08-20,1083.5691146656175
2006-08-21,1179.2663687176585
2006-08-22,1370.6492330546669
2006-08-23,1637.0885349319876
2006-08-24,1919.6475996245686
2006-08-25,2120.890550647798
2006-08-26,2167.134748276523
2006-08-27,2150.933556020665
2006-08-28,2093.093271251535
2006-08-29,2030.2567450529655
2006-08-30,1983.101742492084
2006-08-31,1919.2548390289505
2006-09-01,1850.9575598963545
2006-09-02,1742.8453899362755
2006-09-03,1668.882542012417
2006-09-04,1617.8992757778462
2006-09-05,1586.855082950314
2006-09-06,1637.1929792392925
2006-09-07,1717.2299440294742
2006-09-08,1756.0941032280439
2006-09-09,1841.3108844155452
2006-09-10,1828.4281879945231
2006-09-11,1730.8135441962868
2006-09-12,1620.3443021587439
2006-09-13,1524.993972578011
2006-09-14,1523.872484755751
2006-09-15,1490.7538676763472
2006-09-16,1464.5197783661986
2006-09-17,1408.1771563402897
2006-09-18,1337.1860328751561
2006-09-19,1305.3863199404445
2006-09-20,1255.870184930984
2006-09-21,1196.6189336422585
2006-09-22,1144.1197121681764
2006-09-23,1060.242561001108
2006-09-24,990.1922144199264
2006-09-25,922.0265639712411
2006-09-26,845.4509382367107
2006-09-27,789.1652724156866
2006-09-28,745.9801966392536
2006-09-29,691.5333520724367
2006-09-30,670.3548159342506
2006-10-01,667.9765625
2006-10-02,653.7578125
2006-10-03,639.9296875
2006-10-04,611.53125
2006-10-05,571.5859375
2006-10-06,527.9375
2006-10-07,484.6875
2006-10-08,443.4921875
2006-10-09,404.625
2006-10-10,367.9765625
2006-10-11,333.9765625
2006-10-12,302.578125
2006-10-13,273.5703125
2006-10-14,246.7734375
2006-10-15,222.2109375
2006-10-16,199.6328125
2006-10-17,179.046875
2006-10-18,160.3203125
2006-10-19,143.1484375
2006-10-20,127.5703125
2006-10-21,113.4453125
2006-10-22,100.6953125
2006-10-23,89.2578125
2006-10-24,78.9140625
2006-10-25,69.65625
2006-10-26,61.4296875
2006-10-27,54.1171875
2006-10-28,47.640625
2006-10-29,41.9609375
2006-10-30,36.9921875
2006-10-31,32.5859375
2006-11-01,28.7109375
2006-11-02,25.3671875
2006-11-03,22.4921875
2006-11-04,20.0
2006-11-05,17.828125
2006-11-06,15.984375
2006-11-07,14.875
2006-11-08,15.71875
2006-11-09,18.9140625
2006-11-10,22.09375
2006-11-11,23.5390625
2006-11-12,23.328125
2006-11-13,22.078125
2006-11-14,20.3828125
2006-11-15,18.59375
2006-11-16,16.8671875
2006-11-17,15.2421875
2006-11-18,13.7421875
2006-11-19,12.3671875
2006-11-20,11.125
2006-11-21,10.03125
2006-11-22,9.0546875
2006-11-23,8.15625
2006-11-24,7.34375
2006-11-25,6.609375
2006-11-26,5.953125
2006-11-27,5.375
2006-11-28,4.859375
2006-11-29,4.421875
2006-11-30,4.03125
2006-12-01,3.671875
2006-12-02,3.34375
2006-12-03,3.046875
2006-12-04,2.78125
2006-12-05,2.546875
2006-12-06,2.34375
2006-12-07,2.171875
2006-12-08,2.046875
2006-12-09,1.9999999999999998
2006-12-10,1.9999999999999998
2006-12-11,2.015625
2006-12-12,2.015625
2006-12-13,1.9999999999999998
2006-12-14,1.96875
2006-12-15,1.890625
2006-12-16,1.796875
2006-12-17,1.6875
2006-12-18,1.59375
2006-12-19,1.484375
2006-12-20,1.40625
2006-12-21,1.328125
2006-12-22,1.25
2006-12-23,1.171875
2006-12-24,1.109375
2006-12-25,1.0625
2006-12-26,1.0
2006-12-27,0.953125
2006-12-28,0.90625
2006-12-29,0.859375
2006-12-30,0.828125
2006-12-31,0.796875
2007-01-01,0.75
2007-01-02,0.71875
2007-01-03,0.6875
2007-01-04,0.671875
2007-01-05,0.640625
2007-01-06,0.609375
2007-01-07,0.578125
2007-01-08,0.5625
2007-01-09,0.53125
2007-01-10,0.484375
2007-01-11,0.453125
2007-01-12,0.421875
2007-01-13,0.390625
2007-01-14,0.375
2007-01-15,0.359375
2007-01-16,0.34375
2007-01-17,0.328125
2007-01-18,0.296875
2007-01-19,0.296875
2007-01-20,0.28125
2007-01-21,0.265625
2007-01-22,0.25
2007-01-23,0.25
2007-01-24,0.234375
2007-01-25,0.234375
2007-01-26,0.21875
2007-01-27,0.21875
2007-01-28,0.203125
2007-01-29,0.1875
2007-01-30,0.171875
2007-01-31,0.15625
2007-02-01,0.140625
2007-02-02,0.140625
2007-02-03,0.125
2007-02-04,0.125
2007-02-05,0.109375
2007-02-06,0.09375
2007-02-07,0.09375
2007-02-08,0.078125
2007-02-09,0.078125
2007-02-10,0.06249999999999999
2007-02-11,0.06249999999999999
2007-02-12,0.046875
2007-02-13,0.046875
2007-02-14,0.03125
2007-02-15,0.03125
2007-02-16,0.015625
2007-02-17,0.015625
2007-02-18,0.015625
2007-02-19,0.015625
2007-02-20,0.015625
2007-02-21,0.015625
2007-02-22,0.0
2007-02-23,0.0
2007-02-24,0.0
2007-02-25,0.0
2007-02-26,0.0
2007-02-27,0.0
2007-02-28,0.0
2007-03-01,0.0
2007-03-02,0.0
2007-03-03,0.0
2007-03-04,0.0
2007-03-05,0.0
2007-03-06,0.0
2007-03-07,0.0
2007-03-08,0.0
2007-03-09,0.0
2007-03-10,0.0
2007-03-11,0.0
2007-03-12,0.0
2007-03-13,0.0
2007-03-14,0.0
2007-03-15,0.0
2007-03-16,0.0
2007-03-17,0.0
2007-03-18,0.0
2007-03-19,0.0
2007-03-20,0.0
2007-03-21,0.0
2007-03-22,0.0
2007-03-23,0.0
2007-03-24,0.0
2007-03-25,0.0
2007-03-26,0.0
2007-03-27,0.0
2007-03-28,0.0
2007-03-29,0.0
2007-03-30,0.0
2007-03-31,0.0
2007-04-01,0.0
2007-04-02,0.0
2007-04-03,0.0
2007-04-04,0.0
2007-04-05,0.0
2007-04-06,0.0
2007-04-07,0.0
2007-04-08,0.0
2007-04-09,0.0
2007-04-10,0.0
2007-04-11,0.0
2007-04-12,0.0
2007-04-13,0.0
2007-04-14,0.0
2007-04-15,0.0
2007-04-16,0.0
2007-04-17,0.0
2007-04-18,0.0
2007-04-19,0.0
2007-04-20,0.0
2007-04-21,0.0
2007-04-22,0.0
2007-04-23,0.0
2007-04-24,0.0
2007-04-25,0.0
2007-04-26,0.0
2007-04-27,0.0
2007-04-28,0.0
2007-04-29,0.0
2007-04-30,0.0
2007-05-01,0.0
2007-05-02,0.0
2007-05-03,0.0
2007-05-04,0.0
2007-05-05,0.0
2007-05-06,0.0
2007-05-07,0.0
2007-05-08,0.0
2007-05-09,0.0
2007-05-10,0.0
2007-05-11,0.0
2007-05-12,0.28245791849122526
2007-05-13,33.74760167502061
2007-05-14,62.769367636451086
2007-05-15,64.76436825658864
2007-05-16,62.147465578164955
2007-05-17,61.225426357889084
2007-05-18,55.40943477687296
2007-05-19,55.48827711434105
2007-05-20,62.63564245531936
2007-05-21,88.3872238836621
2007-05-22,102.39101390974653
2007-05-23,141.73142433428566
2007-05-24,206.15277911332106
2007-05-25,273.6421306198308
2007-05-26,419.39041143214456
2007-05-27,649.7943189715329
2007-05-28,1235.9558252436293
2007-05-29,1866.2709662361465
2007-05-30,2860.3336532516446
2007-05-31,4263.482457888224
2007-06-01,5945.264719526005
2007-06-02,6848.096511423913
2007-06-03,7662.965757836963
2007-06-04,7914.395685610355
2007-06-05,7668.425383143356
2007-06-06,7136.936193986176
2007-06-07,7003.237638109039
2007-06-08,6630.23557874047
2007-06-09,6348.928941040393
2007-06-10,5979.64352333739
2007-06-11,5595.545575180162
2007-06-12,5251.419753063721
2007-06-13,4963.407713272925
2007-06-14,4713.84249885569
2007-06-15,4536.773395554802
2007-06-16,4305.186901132869
2007-06-17,4067.2058101195876
2007-06-18,3808.457027085918
2007-06-19,3565.4238404122525
2007-06-20,3348.014838270489
2007-06-21,3168.9581733750924
2007-06-22,2988.57311934273
2007-06-23,2823.251174192215
2007-06-24,2655.885547095101
2007-06-25,2460.335918727176
2007-06-26,2288.405862971201
2007-06-27,2149.6166084830315
2007-06-28,2064.3443143452946
2007-06-29,2052.338706894622
2007-06-30,2075.25414359994
2007-07-01,2090.9584456462944
2007-07-02,2008.4559705864658
2007-07-03,1958.8688548339908
2007-07-04,2023.2463031554266
2007-07-05,2151.7174972641365
2007-07-06,2313.933589780568
2007-07-07,2337.319533015829
2007-07-08,2227.5348387155755
2007-07-09,1997.5621549220684
2007-07-10,1800.5254957521581
2007-07-11,1682.380150651678
2007-07-12,1524.9383939735555
2007-07-13,1435.4315198843403
2007-07-14,1328.3776189936257
2007-07-15,1202.553862173677
2007-07-16,1083.475958182211
2007-07-17,991.3712992214219
2007-07-18,955.1503447411568
2007-07-19,952.2403203361594
2007-07-20,944.5674759807263
2007-07-21,951.18554975807
2007-07-22,998.3860253150905
2007-07-23,1068.6706473810596
2007-07-24,1127.1285262473614
2007-07-25,1211.7748643200139
2007-07-26,1301.2894601706637
2007-07-27,1405.5517398160553
2007-07-28,1478.0429741017385
2007-07-29,1531.9692826937735
2007-07-30,1550.7577318586973
2007-07-31,1542.4196104390805
2007-08-01,1532.5880418322854
2007-08-02,1488.6182359734541
2007-08-03,1429.0712794125868
2007-08-04,1338.933108500472
2007-08-05,1262.6168562354662
2007-08-06,1203.6646456440517
2007-08-07,1123.653143246087
2007-08-08,1075.0841421599114
2007-08-09,1058.0413257145508
2007-08-10,1017.9421861771591
2007-08-11,967.6746420249037
2007-08-12,919.0301244462922
2007-08-13,862.2513566012818
2007-08-14,817.0792060668435
2007-08-15,841.1683808099549
2007-08-16,980.823394839704
2007-08-17,1156.8865731723754
2007-08-18,1267.1849427563395
2007-08-19,1358.3811328213633
2007-08-20,1440.6272860312508
2007-08-21,1556.468527028723
2007-08-22,1614.8980528324682
2007-08-23,1580.1910712324652
2007-08-24,1494.3776309025425
2007-08-25,1444.9669570566914
2007-08-26,1411.4815226432122
2007-08-27,1366.2359746353688
2007-08-28,1320.9306174039673
2007-08-29,1290.0439864221466
2007-08-30,1246.357318644943
2007-08-31,1186.4969759938974
2007-09-01,1142.7578612244652
2007-09-02,1089.5020375961737
2007-09-03,1065.4529023923803
2007-09-04,1057.2844671334353
2007-09-05,1067.7310247004702
2007-09-06,1111.0459392587443
2007-09-07,1140.5916445023843
2007-09-08,1144.4676370215457
2007-09-09,1157.8062754188397
2007-09-10,1179.732297263576
2007-09-11,1291.4099750254538
2007-09-12,1434.636051792148
2007-09-13,1592.661170971002
2007-09-14,1729.2211885311676
2007-09-15,1731.3103995729173
2007-09-16,1698.8194628984722
2007-09-17,1616.2769497522888
2007-09-18,1516.363520887702
2007-09-19,1465.2368265269645
2007-09-20,1397.981647535806
2007-09-21,1326.7929735117839
2007-09-22,1273.9930438905758
2007-09-23,1226.678963317134
2007-09-24,1253.9056770770126
2007-09-25,1300.8182452883332
2007-09-26,1340.6837933340591
2007-09-27,1400.566334013211
2007-09-28,1435.7284553626998
2007-09-29,1382.6266584729833
2007-09-30,1353.912273467116
2007-10-01,1334.3046875
2007-10-02,1267.15625
2007-10-03,1193.3515625
2007-10-04,1109.2265625
2007-10-05,1017.953125
2007-10-06,925.171875
2007-10-07,843.140625
2007-10-08,780.9765625
2007-10-09,736.2421875
2007-10-10,708.15625
2007-10-11,686.59375
2007-10-12,655.8515625
2007-10-13,613.8671875
2007-10-14,566.234375
2007-10-15,518.3359375
2007-10-16,473.03125
2007-10-17,431.328125
2007-10-18,393.140625
2007-10-19,358.171875
2007-10-20,326.15625
2007-10-21,296.75
2007-10-22,269.734375
2007-10-23,244.8359375
2007-10-24,221.75
2007-10-25,200.4453125
2007-10-26,180.84375
2007-10-27,162.7265625
2007-10-28,146.0
2007-10-29,130.5859375
2007-10-30,116.4296875
2007-10-31,103.515625
2007-11-01,91.8359375
2007-11-02,81.3359375
2007-11-03,71.9296875
2007-11-04,63.5078125
2007-11-05,55.9453125
2007-11-06,49.1640625
2007-11-07,43.25
2007-11-08,38.1953125
2007-11-09,33.7890625
2007-11-10,29.90625
2007-11-11,26.4765625
2007-11-12,23.4453125
2007-11-13,20.8046875
2007-11-14,18.515625
2007-11-15,16.515625
2007-11-16,14.7734375
2007-11-17,13.2421875
2007-11-18,11.8984375
2007-11-19,10.71875
2007-11-20,9.6796875
2007-11-21,8.7578125
2007-11-22,7.9453125
2007-11-23,7.234375
2007-11-24,6.59375
2007-11-25,6.03125
2007-11-26,5.515625
2007-11-27,5.03125
2007-11-28,4.59375
2007-11-29,4.21875
2007-11-30,4.5
2007-12-01,5.59375
2007-12-02,6.34375
2007-12-03,6.578125
2007-12-04,6.546875
2007-12-05,6.6875
2007-12-06,8.625
2007-12-07,14.03125
2007-12-08,18.5
2007-12-09,19.34375
2007-12-10,18.390625
2007-12-11,16.96875
2007-12-12,15.546875
2007-12-13,14.21875
2007-12-14,13.0
2007-12-15,11.890625
2007-12-16,10.890625
2007-12-17,9.984375
2007-12-18,9.140625
2007-12-19,8.375
2007-12-20,7.671875
2007-12-21,7.03125
2007-12-22,6.4375
2007-12-23,5.875
2007-12-24,5.375
2007-12-25,4.875
2007-12-26,4.4375
2007-12-27,4.046875
2007-12-28,3.671875
2007-12-29,3.3125
2007-12-30,3.015625
2007-12-31,2.75
2008-01-01,2.515625
2008-01-02,2.28125
2008-01-03,2.078125
2008-01-04,1.90625
2008-01-05,1.734375
2008-01-06,1.578125
2008-01-07,1.4375
2008-01-08,1.3125
2008-01-09,1.1875
2008-01-10,1.09375
2008-01-11,1.0
2008-01-12,0.921875
2008-01-13,0.84375
2008-01-14,0.78125
2008-01-15,0.71875
2008-01-16,0.65625
2008-01-17,0.625
2008-01-18,0.5625
2008-01-19,0.53125
2008-01-20,0.46875
2008-01-21,0.4375
2008-01-22,0.40625
2008-01-23,0.375
2008-01-24,0.375
2008-01-25,0.34375
2008-01-26,0.3125
2008-01-27,0.28125
2008-01-28,0.21875
2008-01-29,0.21875
2008-01-30,0.1875
2008-01-31,0.15625
2008-02-01,0.15625
2008-02-02,0.15625
2008-02-03,0.125
2008-02-04,0.125
2008-02-05,0.125
2008-02-06,0.125
2008-02-07,0.09375
2008-02-08,0.09375
2008-02-09,0.09375
2008-02-10,0.09375
2008-02-11,0.06249999999999999
2008-02-12,0.06249999999999999
2008-02-13,0.06249999999999999
2008-02-14,0.06249999999999999
2008-02-15,0.06249999999999999
2008-02-16,0.06249999999999999
2008-02-17,0.06249999999999999
2008-02-18,0.03125
2008-02-19,0.03125
2008-02-20,0.03125
2008-02-21,0.03125
2008-02-22,0.03125
2008-02-23,0.03125
2008-02-24,0.03125
2008-02-25,0.03125
2008-02-26,0.03125
2008-02-27,0.03125
2008-02-28,0.0
2008-02-29,0.0
2008-03-01,0.0
2008-03-02,0.0
2008-03-03,0.0
2008-03-04,0.0
2008-03-05,0.0
2008-03-06,0.0
2008-03-07,0.0
2008-03-08,0.0
2008-03-09,0.0
2008-03-10,0.0
2008-03-11,0.0
2008-03-12,0.0
2008-03-13,0.0
2008-03-14,0.0
2008-03-15,0.0
2008-03-16,0.0
2008-03-17,0.0
2008-03-18,0.0
2008-03-19,0.0
2008-03-20,0.0
2008-03-21,0.0
2008-03-22,0.0
2008-03-23,0.0
2008-03-24,0.0
2008-03-25,0.0
2008-03-26,0.0
2008-03-27,0.0
2008-03-28,0.0
2008-03-29,0.0
2008-03-30,0.0
2008-03-31,0.0
2008-04-01,0.0
2008-04-02,0.0
2008-04-03,0.0
2008-04-04,0.0
2008-04-05,0.0
2008-04-06,0.0
2008-04-07,0.0
2008-04-08,0.0
2008-04-09,0.0
2008-04-10,0.0
2008-04-11,0.0
2008-04-12,0.0
2008-04-13,0.0
2008-04-14,0.0
2008-04-15,0.0
2008-04-16,0.0
2008-04-17,0.0
2008-04-18,0.0
2008-04-19,0.0
2008-04-20,0.0
2008-04-21,0.0
2008-04-22,0.0
2008-04-23,0.0
2008-04-24,0.0
2008-04-25,0.0
2008-04-26,0.0
2008-04-27,0.0
2008-04-28,0.0
2008-04-29,0.0
2008-04-30,0.0
2008-05-01,0.0
2008-05-02,0.0
2008-05-03,0.0
2008-05-04,0.0
2008-05-05,0.0
2008-05-06,0.0
2008-05-07,0.0
2008-05-08,0.0
2008-05-09,0.0
2008-05-10,0.0
2008-05-11,0.0
2008-05-12,0.0
2008-05-13,0.0
2008-05-14,0.0
2008-05-15,0.0
2008-05-16,0.0
2008-05-17,0.0
2008-05-18,0.02967889107726062
2008-05-19,0.12414662883125073
2008-05-20,0.31391587837404217
2008-05-21,5.291580777598228
2008-05-22,40.68173491176348
2008-05-23,74.07617975931106
2008-05-24,127.58294074652224
2008-05-25,263.02292897747395
2008-05-26,473.7367710214889
2008-05-27,912.0636371931382
2008-05-28,1226.740251927855
2008-05-29,1606.809970311644
2008-05-30,2167.4932326779945
2008-05-31,2960.5914539977775
2008-06-01,3609.0218056110925
2008-06-02,4609.339853450597
2008-06-03,5702.809699720615
2008-06-04,6291.044652810166
2008-06-05,6104.886214771755
2008-06-06,6002.539576163739
2008-06-07,5663.525500931045
2008-06-08,5463.578762805477
2008-06-09,5222.8897600872315
2008-06-10,4946.9117151480905
2008-06-11,4685.280750050457
2008-06-12,4452.953937808336
2008-06-13,4218.419456210465
2008-06-14,4026.346314823044
2008-06-15,3790.734065738054
2008-06-16,3563.761067806443
2008-06-17,3324.9937290514995
2008-06-18,3094.788134658267
2008-06-19,2898.2738082348474
2008-06-20,2777.5824557187516
2008-06-21,2720.3102465188276
2008-06-22,2729.0290627952913
2008-06-23,2858.115612455991
2008-06-24,3073.775672651987
2008-06-25,3196.8135699016725
2008-06-26,3149.4154559086646
2008-06-27,3097.891362723873
2008-06-28,3133.4101005476155
2008-06-29,3138.9131371810186
2008-06-30,3120.5250530896155
2008-07-01,2997.7571119760764
2008-07-02,2869.1288191249478
2008-07-03,2818.6520564030093
2008-07-04,2792.5268297457515
2008-07-05,2893.1196162497304
2008-07-06,3056.734427722699
2008-07-07,3169.604945987523
2008-07-08,3047.9903264676345
2008-07-09,2875.1454154571334
2008-07-10,2775.9721160049216
2008-07-11,2587.7020168620447
2008-07-12,2505.6460345087316
2008-07-13,2420.3159264567125
2008-07-14,2318.313801440953
2008-07-15,2220.52410673562
2008-07-16,2160.12203746969
2008-07-17,2177.8098890139363
2008-07-18,2180.7537829056564
2008-07-19,2099.7605016220955
2008-07-20,1983.7827731302143
2008-07-21,1823.6672750813873
2008-07-22,1650.4111052118983
2008-07-23,1585.1651176810133
2008-07-24,1610.188170438128
2008-07-25,1594.929493274758
2008-07-26,1611.3143736350726
2008-07-27,1612.9593080814905
2008-07-28,1555.0676094063172
2008-07-29,1476.4224374227956
2008-07-30,1438.392599265283
2008-07-31,1399.539510253879
2008-08-01,1319.6632276618989
2008-08-02,1246.265623643398
2008-08-03,1160.0686089707233
2008-08-04,1093.8513096867728
2008-08-05,1075.4794121048699
2008-08-06,1080.7209038567973
2008-08-07,1092.4576484174663
2008-08-08,1091.689409713998
2008-08-09,1061.0440828332974
2008-08-10,1027.3827050186858
2008-08-11,1021.3222448828521
2008-08-12,1040.2124981444128
2008-08-13,1052.074792580789
2008-08-14,1043.1445873935895
2008-08-15,1028.224300392192
2008-08-16,982.2578410281636
2008-08-17,919.0688973954475
2008-08-18,862.2330319430293
2008-08-19,800.1650978561668
2008-08-20,725.1164522934242
2008-08-21,656.4569789330569
2008-08-22,597.9829341812227
2008-08-23,544.0669615291438
2008-08-24,497.81001350711455
2008-08-25,457.2284622782171
2008-08-26,423.136768271388
2008-08-27,394.2283086336785
2008-08-28,373.08042893347346
2008-08-29,362.33301222581304
2008-08-30,389.8704919494471
2008-08-31,497.634320970872
2008-09-01,608.431575443832
2008-09-02,681.6758728388842
2008-09-03,695.775335541733
2008-09-04,669.6088895838094
2008-09-05,634.0083858353051
2008-09-06,593.7382010479176
2008-09-07,570.6715985356925
2008-09-08,602.0724727137726
2008-09-09,697.8355909883717
2008-09-10,873.76095120226
2008-09-11,1000.5537673941054
2008-09-12,1011.0614041905674
2008-09-13,1024.0154418207037
2008-09-14,989.7540753547077
2008-09-15,944.2419918350435
2008-09-16,880.6753738797278
2008-09-17,835.3688467108606
2008-09-18,864.8106953053756
2008-09-19,935.3536510955344
2008-09-20,996.3368111131208
2008-09-21,1015.1143158913883
2008-09-22,981.225188969963
2008-09-23,962.8176593146998
2008-09-24,936.1926224423964
2008-09-25,879.3939058322512
2008-09-26,822.2592282565965
2008-09-27,768.311165292237
2008-09-28,702.6816766470051
2008-09-29,668.6517811820992
2008-09-30,624.7626757376133
2008-10-01,597.1796875
2008-10-02,559.7421875
2008-10-03,526.5390625
2008-10-04,490.9140625
2008-10-05,452.75
2008-10-06,415.0
2008-10-07,379.03125
2008-10-08,345.1953125
2008-10-09,313.46875
2008-10-10,283.96875
2008-10-11,256.9921875
2008-10-12,232.25
2008-10-13,209.359375
2008-10-14,188.390625
2008-10-15,169.3125
2008-10-16,151.7734375
2008-10-17,135.8046875
2008-10-18,121.3828125
2008-10-19,108.546875
2008-10-20,97.234375
2008-10-21,87.0546875
2008-10-22,77.703125
2008-10-23,69.1484375
2008-10-24,61.359375
2008-10-25,54.296875
2008-10-26,48.0
2008-10-27,42.40625
2008-10-28,37.375
2008-10-29,32.953125
2008-10-30,29.1640625
2008-10-31,25.875
2008-11-01,23.0078125
2008-11-02,20.4609375
2008-11-03,18.1953125
2008-11-04,16.234375
2008-11-05,14.53125
2008-11-06,13.0625
2008-11-07,11.8125
2008-11-08,10.7578125
2008-11-09,9.9375
2008-11-10,9.4453125
2008-11-11,9.328125
2008-11-12,9.3984375
2008-11-13,9.34375
2008-11-14,9.0546875
2008-11-15,8.5625
2008-11-16,7.96875
2008-11-17,7.359375
2008-11-18,6.765625
2008-11-19,6.21875
2008-11-20,5.6953125
2008-11-21,5.21875
2008-11-22,4.7734375
2008-11-23,4.3828125
2008-11-24,4.03125
2008-11-25,3.7109375
2008-11-26,3.421875
2008-11-27,3.171875
2008-11-28,2.9375
2008-11-29,2.734375
2008-11-30,2.546875
2008-12-01,2.359375
2008-12-02,2.203125
2008-12-03,2.046875
2008-12-04,1.921875
2008-12-05,1.796875
2008-12-06,1.6875
2008-12-07,1.578125
2008-12-08,1.453125
2008-12-09,1.359375
2008-12-10,1.265625
2008-12-11,1.203125
2008-12-12,1.125
2008-12-13,1.046875
2008-12-14,0.984375
2008-12-15,0.921875
2008-12-16,0.859375
2008-12-17,0.796875
2008-12-18,0.75
2008-12-19,0.703125
2008-12-20,0.671875
2008-12-21,0.625
2008-12-22,0.59375
2008-12-23,0.546875
2008-12-24,0.515625
2008-12-25,0.484375
2008-12-26,0.453125
2008-12-27,0.4375
2008-12-28,0.421875
2008-12-29,0.390625
2008-12-30,0.375
2008-12-31,0.359375
2009-01-01,0.34375
2009-01-02,0.328125
2009-01-03,0.3125
2009-01-04,0.296875
2009-01-05,0.296875
2009-01-06,0.28125
2009-01-07,0.265625
2009-01-08,0.265625
2009-01-09,0.25
2009-01-10,0.25
2009-01-11,0.234375
2009-01-12,0.21875
2009-01-13,0.21875
2009-01-14,0.21875
2009-01-15,0.21875
2009-01-16,0.1875
2009-01-17,0.1875
2009-01-18,0.1875
2009-01-19,0.1875
2009-01-20,0.15625
2009-01-21,0.15625
2009-01-22,0.15625
2009-01-23,0.125
2009-01-24,0.125
2009-01-25,0.125
2009-01-26,0.125
2009-01-27,0.125
2009-01-28,0.125
2009-01-29,0.125
2009-01-30,0.09375
2009-01-31,0.09375
2009-02-01,0.09375
2009-02-02,0.09375
2009-02-03,0.09375
2009-02-04,0.06249999999999999
2009-02-05,0.06249999999999999
2009-02-06,0.06249999999999999
2009-02-07,0.06249999999999999
2009-02-08,0.06249999999999999
2009-02-09,0.06249999999999999
2009-02-10,0.06249999999999999
2009-02-11,0.06249999999999999
2009-02-12,0.06249999999999999
2009-02-13,0.06249999999999999
2009-02-14,0.03125
2009-02-15,0.03125
2009-02-16,0.03125
2009-02-17,0.03125
2009-02-18,0.03125
2009-02-19,0.03125
2009-02-20,0.03125
2009-02-21,0.03125
2009-02-22,0.0
2009-02-23,0.0
2009-02-24,0.0
2009-02-25,0.0
2009-02-26,0.0
2009-02-27,0.0
2009-02-28,0.0
2009-03-01,0.0
2009-03-02,0.0
2009-03-03,0.0
2009-03-04,0.0
2009-03-05,0.0
2009-03-06,0.0
2009-03-07,0.0
2009-03-08,0.0
2009-03-09,0.0
2009-03-10,0.0
2009-03-11,0.0
2009-03-12,0.0
2009-03-13,0.0
2009-03-14,0.0
2009-03-15,0.0
2009-03-16,0.0
2009-03-17,0.0
2009-03-18,0.0
2009-03-19,0.0
2009-03-20,0.0
2009-03-21,0.0
2009-03-22,0.0
2009-03-23,0.0
2009-03-24,0.0
2009-03-25,0.0
2009-03-26,0.0
2009-03-27,0.0
2009-03-28,0.0
2009-03-29,0.0
2009-03-30,0.0
2009-03-31,0.0
2009-04-01,0.0
2009-04-02,0.0
2009-04-03,0.0
2009-04-04,0.0
2009-04-05,0.0
2009-04-06,0.0
2009-04-07,0.0
2009-04-08,0.0
2009-04-09,0.0
2009-04-10,0.0
2009-04-11,0.0
2009-04-12,0.0
2009-04-13,0.0
2009-04-14,0.0
2009-04-15,0.0
2009-04-16,0.0
2009-04-17,0.0
2009-04-18,0.0
2009-04-19,0.0
2009-04-20,0.0
2009-04-21,0.0
2009-04-22,0.0
2009-04-23,0.0
2009-04-24,0.0
2009-04-25,0.0
2009-04-26,0.0
2009-04-27,0.0
2009-04-28,0.0
2009-04-29,0.0
2009-04-30,0.0
2009-05-01,0.0
2009-05-02,0.0
2009-05-03,0.0
2009-05-04,0.0
2009-05-05,0.0
2009-05-06,0.0
2009-05-07,0.0
2009-05-08,0.04299752443602467
2009-05-09,0.36708320598123806
2009-05-10,3.259803465789564
2009-05-11,42.038822745242264
2009-05-12,238.2009267451367
2009-05-13,375.19627244464175
2009-05-14,478.3562424861747
2009-05-15,589.9416425918283
2009-05-16,708.5569940294869
2009-05-17,790.1599340968926
2009-05-18,680.6540889629778
2009-05-19,579.9752486848996
2009-05-20,490.98832495312064
2009-05-21,502.307787090398
2009-05-22,443.5714194964855
2009-05-23,425.8014752678025
2009-05-24,436.9198169950316
2009-05-25,474.8517528417176
2009-05-26,625.2448888378368
2009-05-27,844.8228337765308
2009-05-28,1396.4829593140234
2009-05-29,1806.125969007562
2009-05-30,2420.3033071292125
2009-05-31,3365.085715267653
2009-06-01,4627.282892763983
2009-06-02,5437.061600227127
2009-06-03,6300.471818779906
2009-06-04,6719.8356148828925
2009-06-05,6616.533528006846
2009-06-06,6185.240321703602
2009-06-07,6139.976906357545
2009-06-08,5950.603863170041
2009-06-09,5833.954840476229
2009-06-10,5593.008416121286
2009-06-11,5296.039521095334
2009-06-12,5005.749133036064
2009-06-13,4732.646917262531
2009-06-14,4450.383804308533
2009-06-15,4224.529208501778
2009-06-16,3975.647127403438
2009-06-17,3758.30351510691
2009-06-18,3545.031719222727
2009-06-19,3365.405688140462
2009-06-20,3214.4237380626932
2009-06-21,3071.4000269476956
2009-06-22,2905.651910878838
2009-06-23,2754.9602191634076
2009-06-24,2622.047538509403
2009-06-25,2481.4913574584125
2009-06-26,2395.451069017408
2009-06-27,2374.282787089534
2009-06-28,2398.87773619001
2009-06-29,2447.610035865697
2009-06-30,2434.723530837918
2009-07-01,2365.0168374894033
2009-07-02,2168.8011864380887
2009-07-03,1973.5217035249868
2009-07-04,1876.906298911565
2009-07-05,1866.792336036571
2009-07-06,1958.5003262564094
2009-07-07,2145.7414162558694
2009-07-08,2464.5157138294594
2009-07-09,2712.4792162059402
2009-07-10,2798.3497360584315
2009-07-11,2760.6869716936526
2009-07-12,2554.566844090344
2009-07-13,2509.2912344934493
2009-07-14,2572.7255960793377
2009-07-15,2720.0201378736388
2009-07-16,2817.945994028306
2009-07-17,2822.5125120087505
2009-07-18,2822.2661194889683
2009-07-19,2745.7173724866816
2009-07-20,2585.303232431294
2009-07-21,2460.468450686706
2009-07-22,2356.502928715403
2009-07-23,2270.7539868204412
2009-07-24,2228.2187564296455
2009-07-25,2208.917507845007
2009-07-26,2138.012536476338
2009-07-27,2029.5907492018198
2009-07-28,1880.5059672825817
2009-07-29,1794.7738095803008
2009-07-30,1830.7951738991915
2009-07-31,1886.0634478302
2009-08-01,1860.5587382155315
2009-08-02,1790.2788629909548
2009-08-03,1735.4216487436358
2009-08-04,1665.0722386345633
2009-08-05,1639.0506470690173
2009-08-06,1643.5532335273674
2009-08-07,1589.9552257989164
2009-08-08,1516.5897893341325
2009-08-09,1451.8794732800038
2009-08-10,1358.2475308524467
2009-08-11,1273.9992460087633
2009-08-12,1215.2192492924507
2009-08-13,1152.0595843097883
2009-08-14,1079.3056812010761
2009-08-15,1012.0883128898528
2009-08-16,952.1491164881692
2009-08-17,869.1109039691968
2009-08-18,782.8230827616114
2009-08-19,742.9057639553878
2009-08-20,793.9737627872647
2009-08-21,981.5339879716049
2009-08-22,1248.5741344836572
2009-08-23,1466.7308734041528
2009-08-24,1644.7718519279006
2009-08-25,1729.2046010872969
2009-08-26,1685.5192598341075
2009-08-27,1605.0991876549313
2009-08-28,1551.3389942476233
2009-08-29,1548.174361859918
2009-08-30,1571.2979551420678
2009-08-31,1618.5022893664725
2009-09-01,1718.6013598922534
2009-09-02,1897.1208142592484
2009-09-03,2160.3550889931157
2009-09-04,2263.423822589214
2009-09-05,2158.6973752068616
2009-09-06,1994.8007424193408
2009-09-07,1804.258303591662
2009-09-08,1653.5834745326638
2009-09-09,1581.5762833930035
2009-09-10,1472.4392881647168
2009-09-11,1392.9289885528567
2009-09-12,1370.124432649837
2009-09-13,1338.2636977176303
2009-09-14,1319.5258810186765
2009-09-15,1243.3046581431977
2009-09-16,1175.161909288061
2009-09-17,1091.1603678288902
2009-09-18,1005.1863700954096
2009-09-19,953.1820758814226
2009-09-20,886.5622228258942
2009-09-21,815.9596158146353
2009-09-22,757.2393741032123
2009-09-23,689.8010624902251
2009-09-24,647.2867355970221
2009-09-25,625.6822452529918
2009-09-26,601.7083156883124
2009-09-27,573.2174379904558
2009-09-28,538.6328797156125
2009-09-29,490.4081763154352
2009-09-30,462.8031071797699
2009-10-01,444.4140625
2009-10-02,412.578125
2009-10-03,380.078125
2009-10-04,347.5625
2009-10-05,316.2734375
2009-10-06,286.859375
2009-10-07,259.25
2009-10-08,233.5546875
2009-10-09,209.7265625
2009-10-10,187.71875
2009-10-11,167.859375
2009-10-12,153.3359375
2009-10-13,142.3125
2009-10-14,135.53125
2009-10-15,133.0
2009-10-16,137.4453125
2009-10-17,147.921875
2009-10-18,152.65625
2009-10-19,151.8671875
2009-10-20,152.828125
2009-10-21,154.75
2009-10-22,152.3515625
2009-10-23,144.1640625
2009-10-24,132.453125
2009-10-25,119.9296875
2009-10-26,107.984375
2009-10-27,97.015625
2009-10-28,87.1875
2009-10-29,78.40625
2009-10-30,70.5234375
2009-10-31,63.4296875
2009-11-01,57.203125
2009-11-02,52.4765625
2009-11-03,50.3203125
2009-11-04,52.6796875
2009-11-05,61.546875
2009-11-06,72.4765625
2009-11-07,76.8984375
2009-11-08,74.796875
2009-11-09,70.125
2009-11-10,64.953125
2009-11-11,59.9140625
2009-11-12,55.1640625
2009-11-13,50.765625
2009-11-14,46.7890625
2009-11-15,43.1328125
2009-11-16,39.78125
2009-11-17,36.671875
2009-11-18,33.71875
2009-11-19,30.8671875
2009-11-20,28.1328125
2009-11-21,25.5390625
2009-11-22,23.1328125
2009-11-23,20.9375
2009-11-24,18.90625
2009-11-25,17.0390625
2009-11-26,15.3671875
2009-11-27,13.8828125
2009-11-28,12.546875
2009-11-29,11.34375
2009-11-30,10.25
2009-12-01,9.265625
2009-12-02,8.375
2009-12-03,7.5859375
2009-12-04,6.8671875
2009-12-05,6.2109375
2009-12-06,5.6015625
2009-12-07,5.0625
2009-12-08,4.5859375
2009-12-09,4.15625
2009-12-10,3.7734375
2009-12-11,3.4375
2009-12-12,3.1328125
2009-12-13,2.8828125
2009-12-14,2.6796875
2009-12-15,2.5
2009-12-16,2.328125
2009-12-17,2.15625
2009-12-18,1.9999999999999998
2009-12-19,1.84375
2009-12-20,1.703125
2009-12-21,1.5625
2009-12-22,1.421875
2009-12-23,1.3125
2009-12-24,1.21875
2009-12-25,1.140625
2009-12-26,1.09375
2009-12-27,1.078125
2009-12-28,1.078125
2009-12-29,1.109375
2009-12-30,1.125
2009-12-31,1.125
2010-01-01,1.09375
2010-01-02,1.046875
2010-01-03,0.984375
2010-01-04,0.9375
2010-01-05,0.875
2010-01-06,0.828125
2010-01-07,0.765625
2010-01-08,0.71875
2010-01-09,0.671875
2010-01-10,0.609375
2010-01-11,0.5625
2010-01-12,0.515625
2010-01-13,0.484375
2010-01-14,0.453125
2010-01-15,0.421875
2010-01-16,0.390625
2010-01-17,0.375
2010-01-18,0.34375
2010-01-19,0.328125
2010-01-20,0.3125
2010-01-21,0.296875
2010-01-22,0.28125
2010-01-23,0.265625
2010-01-24,0.25
2010-01-25,0.234375
2010-01-26,0.21875
2010-01-27,0.203125
2010-01-28,0.203125
2010-01-29,0.1875
2010-01-30,0.171875
2010-01-31,0.15625
2010-02-01,0.15625
2010-02-02,0.140625
2010-02-03,0.125
2010-02-04,0.109375
2010-02-05,0.109375
2010-02-06,0.109375
2010-02-07,0.09375
2010-02-08,0.09375
2010-02-09,0.09375
2010-02-10,0.09375
2010-02-11,0.09375
2010-02-12,0.06249999999999999
2010-02-13,0.06249999999999999
2010-02-14,0.06249999999999999
2010-02-15,0.06249999999999999
2010-02-16,0.03125
2010-02-17,0.03125
2010-02-18,0.03125
2010-02-19,0.03125
2010-02-20,0.03125
2010-02-21,0.03125
2010-02-22,0.0
2010-02-23,0.0
2010-02-24,0.0
2010-02-25,0.0
2010-02-26,0.0
2010-02-27,0.0
2010-02-28,0.0
2010-03-01,0.0
2010-03-02,0.0
2010-03-03,0.0
2010-03-04,0.0
2010-03-05,0.0
2010-03-06,0.0
2010-03-07,0.0
2010-03-08,0.0
2010-03-09,0.0
2010-03-10,0.0
2010-03-11,0.0
2010-03-12,0.0
2010-03-13,0.0
2010-03-14,0.0
2010-03-15,0.0
2010-03-16,0.0
2010-03-17,0.0
2010-03-18,0.0
2010-03-19,0.0
2010-03-20,0.0
2010-03-21,0.0
2010-03-22,0.0
2010-03-23,0.0
2010-03-24,0.0
2010-03-25,0.0
2010-03-26,0.0
2010-03-27,0.0
2010-03-28,0.0
2010-03-29,0.0
2010-03-30,0.0
2010-03-31,0.0
2010-04-01,0.0
2010-04-02,0.0
2010-04-03,0.0
2010-04-04,0.0
2010-04-05,0.0
2010-04-06,0.0
2010-04-07,0.0
2010-04-08,0.0
2010-04-09,0.0
2010-04-10,0.0
2010-04-11,0.0
2010-04-12,0.0
2010-04-13,0.0
2010-04-14,0.0
2010-04-15,0.0
2010-04-16,0.0
2010-04-17,0.0
2010-04-18,0.0
2010-04-19,0.0
2010-04-20,0.0
2010-04-21,0.0
2010-04-22,0.0
2010-04-23,0.0
2010-04-24,0.0
2010-04-25,0.0
2010-04-26,0.0
2010-04-27,0.0
2010-04-28,0.0
2010-04-29,0.0
2010-04-30,0.0
2010-05-01,0.0
2010-05-02,0.0
2010-05-03,0.0
2010-05-04,0.0
2010-05-05,0.0
2010-05-06,0.13106416100166868
2010-05-07,1.0814424933345592
2010-05-08,4.977249799514184
2010-05-09,18.458759081184017
2010-05-10,102.82317441684772
2010-05-11,256.21222763629686
2010-05-12,356.45755955247444
2010-05-13,424.2885889220226
2010-05-14,515.2226616975234
2010-05-15,631.341663227404
2010-05-16,625.0810588521992
2010-05-17,538.0477478912683
2010-05-18,372.6813307268866
2010-05-19,275.6510130221969
2010-05-20,226.54865833623734
2010-05-21,253.85446214270124
2010-05-22,268.5875326188124
2010-05-23,313.90607236960807
2010-05-24,380.84606295472054
2010-05-25,479.4065965903701
2010-05-26,731.5346044160855
2010-05-27,1118.3697265002427
2010-05-28,1957.2053951714636
2010-05-29,2505.7303905437725
2010-05-30,3199.894255090863
2010-05-31,4182.163973901265
2010-06-01,5394.78165223813
2010-06-02,5916.31965210372
2010-06-03,6379.447567192773
2010-06-04,6412.36115171946
2010-06-05,6070.6353709132645
2010-06-06,5565.273703706512
2010-06-07,5445.355325122262
2010-06-08,5160.405473204008
2010-06-09,4933.500673258285
2010-06-10,4628.422642163702
2010-06-11,4314.911888697015
2010-06-12,4038.082280474681
2010-06-13,3799.6795475832782
2010-06-14,3582.9377231688977
2010-06-15,3485.5805579048406
2010-06-16,3456.5113246186597
2010-06-17,3452.2896655211384
2010-06-18,3394.969105165269
2010-06-19,3299.385620082142
2010-06-20,3165.4560086504403
2010-06-21,3024.4009734796596
2010-06-22,2882.4636166351106
2010-06-23,2755.6126805171866
2010-06-24,2612.8961653896376
2010-06-25,2442.6978902910123
2010-06-26,2291.6491398247776
2010-06-27,2127.1843432490796
2010-06-28,1966.8083390577915
2010-06-29,1851.9381539342696
2010-06-30,1779.4020956016723
2010-07-01,1758.5165918874927
2010-07-02,1693.346346442643
2010-07-03,1650.2949371054171
2010-07-04,1681.2373717553078
2010-07-05,1718.1734521335493
2010-07-06,1814.6579600017958
2010-07-07,1924.606460911299
2010-07-08,1898.186331847048
2010-07-09,1729.30212285417
2010-07-10,1564.33634826454
2010-07-11,1431.7037839468605
2010-07-12,1260.8387946968894
2010-07-13,1177.9507938526804
2010-07-14,1121.5370593337743
2010-07-15,1096.2284668975562
2010-07-16,1096.8388480501994
2010-07-17,1076.648721061001
2010-07-18,1079.4253709625048
2010-07-19,1088.7898953205488
2010-07-20,1053.0372332373533
2010-07-21,1003.0317870385039
2010-07-22,930.0309699132376
2010-07-23,841.043274290157
2010-07-24,765.5112191046813
2010-07-25,712.5127976220386
2010-07-26,677.9036127852893
2010-07-27,671.4348716668766
2010-07-28,660.4742441798053
2010-07-29,642.2021983565519
2010-07-30,612.5955288501364
2010-07-31,602.1861290520419
2010-08-01,610.6193105351095
2010-08-02,629.3100289977593
2010-08-03,675.2388903987048
2010-08-04,720.626215036772
2010-08-05,838.969145341749
2010-08-06,1057.0160475506932
2010-08-07,1183.093411149723
2010-08-08,1306.8018624659446
2010-08-09,1440.2121153863595
2010-08-10,1505.9803229234356
2010-08-11,1516.5525592163133
2010-08-12,1486.4952701795867
2010-08-13,1414.3001683043906
2010-08-14,1323.8669901277892
2010-08-15,1244.223612713783
2010-08-16,1196.193520449483
2010-08-17,1155.85106124078
2010-08-18,1116.2069231611026
2010-08-19,1077.9291786765652
2010-08-20,1039.6213334475904
2010-08-21,1018.125363185796
2010-08-22,1048.6068781719916
2010-08-23,1112.6788741185328
2010-08-24,1203.8445279332125
2010-08-25,1342.7763996812114
2010-08-26,1423.443409968699
2010-08-27,1448.9324257986063
2010-08-28,1496.5619729795249
2010-08-29,1533.207321172115
2010-08-30,1506.6880129632214
2010-08-31,1439.0915128832476
2010-09-01,1401.3868418159839
2010-09-02,1364.7319018307307
2010-09-03,1347.4159260496194
2010-09-04,1307.76245894932
2010-09-05,1240.9807233522806
2010-09-06,1229.321720679645
2010-09-07,1243.8766495689858
2010-09-08,1281.2911390834847
2010-09-09,1321.807758515775
2010-09-10,1293.6861179804598
2010-09-11,1318.7432852606657
2010-09-12,1375.4039190692365
2010-09-13,1469.5810508647496
2010-09-14,1665.2844792821013
2010-09-15,1831.7435845917155
2010-09-16,2050.934270164063
2010-09-17,2250.2890384819602
2010-09-18,2372.521202835265
2010-09-19,2428.3604288153965
2010-09-20,2399.6330782034397
2010-09-21,2393.6940843469097
2010-09-22,2473.3515262244673
2010-09-23,2549.932676772409
2010-09-24,2674.046010907637
2010-09-25,2693.2199829460037
2010-09-26,2550.287729466042
2010-09-27,2398.274978646026
2010-09-28,2279.831639174704
2010-09-29,2112.717068622514
2010-09-30,1989.2045204356841
2010-10-01,1844.65625
2010-10-02,1657.8984375
2010-10-03,1605.8671875
2010-10-04,1560.640625
2010-10-05,1444.78125
2010-10-06,1305.484375
2010-10-07,1169.4453125
2010-10-08,1052.3671875
2010-10-09,961.75
2010-10-10,894.9453125
2010-10-11,844.8671875
2010-10-12,797.5703125
2010-10-13,749.6640625
2010-10-14,710.2734375
2010-10-15,690.453125
2010-10-16,678.34375
2010-10-17,648.53125
2010-10-18,602.5390625
2010-10-19,552.65625
2010-10-20,504.859375
2010-10-21,460.65625
2010-10-22,419.984375
2010-10-23,382.453125
2010-10-24,347.6875
2010-10-25,315.5390625
2010-10-26,286.109375
2010-10-27,258.8203125
2010-10-28,233.40625
2010-10-29,209.9765625
2010-10-30,188.15625
2010-10-31,168.1328125
2010-11-01,150.1015625
2010-11-02,133.875
2010-11-03,119.2265625
2010-11-04,105.984375
2010-11-05,94.125
2010-11-06,83.578125
2010-11-07,74.1484375
2010-11-08,65.65625
2010-11-09,58.03125
2010-11-10,51.21875
2010-11-11,45.1953125
2010-11-12,39.8828125
2010-11-13,35.1796875
2010-11-14,31.03125
2010-11-15,27.40625
2010-11-16,24.203125
2010-11-17,21.3671875
2010-11-18,18.921875
2010-11-19,16.8046875
2010-11-20,14.9609375
2010-11-21,13.375
2010-11-22,11.96875
2010-11-23,10.734375
2010-11-24,9.6640625
2010-11-25,8.71875
2010-11-26,7.890625
2010-11-27,7.1640625
2010-11-28,6.515625
2010-11-29,5.921875
2010-11-30,5.3828125
2010-12-01,4.8828125
2010-12-02,4.4296875
2010-12-03,4.03125
2010-12-04,3.703125
2010-12-05,3.4296875
2010-12-06,3.171875
2010-12-07,2.9375
2010-12-08,2.7265625
2010-12-09,2.5390625
2010-12-10,2.359375
2010-12-11,2.1875
2010-12-12,2.046875
2010-12-13,1.90625
2010-12-14,1.78125
2010-12-15,1.671875
2010-12-16,1.5625
2010-12-17,1.453125
2010-12-18,1.34375
2010-12-19,1.25
2010-12-20,1.171875
2010-12-21,1.109375
2010-12-22,1.046875
2010-12-23,0.984375
2010-12-24,0.9375
2010-12-25,0.875
2010-12-26,0.84375
2010-12-27,0.796875
2010-12-28,0.765625
2010-12-29,0.71875
2010-12-30,0.6875
2010-12-31,0.640625
2011-01-01,0.609375
2011-01-02,0.578125
2011-01-03,0.546875
2011-01-04,0.515625
2011-01-05,0.484375
2011-01-06,0.46875
2011-01-07,0.4375
2011-01-08,0.40625
2011-01-09,0.390625
2011-01-10,0.359375
2011-01-11,0.34375
2011-01-12,0.328125
2011-01-13,0.296875
2011-01-14,0.28125
2011-01-15,0.25
2011-01-16,0.234375
2011-01-17,0.21875
2011-01-18,0.203125
2011-01-19,0.203125
2011-01-20,0.1875
2011-01-21,0.171875
2011-01-22,0.171875
2011-01-23,0.15625
2011-01-24,0.15625
2011-01-25,0.15625
2011-01-26,0.140625
2011-01-27,0.125
2011-01-28,0.125
2011-01-29,0.109375
2011-01-30,0.09375
2011-01-31,0.09375
2011-02-01,0.078125
2011-02-02,0.078125
2011-02-03,0.078125
2011-02-04,0.078125
2011-02-05,0.06249999999999999
2011-02-06,0.06249999999999999
2011-02-07,0.06249999999999999
2011-02-08,0.06249999999999999
2011-02-09,0.06249999999999999
2011-02-10,0.06249999999999999
2011-02-11,0.03125
2011-02-12,0.03125
2011-02-13,0.03125
2011-02-14,0.03125
2011-02-15,0.03125
2011-02-16,0.03125
2011-02-17,0.03125
2011-02-18,0.0
2011-02-19,0.0
2011-02-20,0.0
2011-02-21,0.0
2011-02-22,0.0
2011-02-23,0.0
2011-02-24,0.0
2011-02-25,0.0
2011-02-26,0.0
2011-02-27,0.0
2011-02-28,0.0
2011-03-01,0.0
2011-03-02,0.0
2011-03-03,0.0
2011-03-04,0.0
2011-03-05,0.0
2011-03-06,0.0
2011-03-07,0.0
2011-03-08,0.0
2011-03-09,0.0
2011-03-10,0.0
2011-03-11,0.0
2011-03-12,0.0
2011-03-13,0.0
2011-03-14,0.0
2011-03-15,0.0
2011-03-16,0.0
2011-03-17,0.0
2011-03-18,0.0
2011-03-19,0.0
2011-03-20,0.0
2011-03-21,0.0
2011-03-22,0.0
2011-03-23,0.0
2011-03-24,0.0
2011-03-25,0.0
2011-03-26,0.0
2011-03-27,0.0
2011-03-28,0.0
2011-03-29,0.0
2011-03-30,0.0
2011-03-31,0.0
2011-04-01,0.0
2011-04-02,0.0
2011-04-03,0.0
2011-04-04,0.0
2011-04-05,0.0
2011-04-06,0.0
2011-04-07,0.0
2011-04-08,0.0
2011-04-09,0.0
2011-04-10,0.0
2011-04-11,0.0
2011-04-12,0.0
2011-04-13,0.0
2011-04-14,0.0
2011-04-15,0.0
2011-04-16,0.0
2011-04-17,0.0
2011-04-18,0.0
2011-04-19,0.0
2011-04-20,0.0
2011-04-21,0.0
2011-04-22,0.0
2011-04-23,0.0
2011-04-24,0.0
2011-04-25,0.0
2011-04-26,0.0
2011-04-27,0.0
2011-04-28,0.0
2011-04-29,0.0
2011-04-30,0.0
2011-05-01,0.0
2011-05-02,0.0
2011-05-03,0.0
2011-05-04,0.0
2011-05-05,0.0
2011-05-06,0.0
2011-05-07,0.0
2011-05-08,0.0
2011-05-09,0.0
2011-05-10,0.0
2011-05-11,0.04227038705525422
2011-05-12,0.5239772205485436
2011-05-13,2.2771048791320343
2011-05-14,6.399296705938928
2011-05-15,14.521811803549319
2011-05-16,68.78947849396853
2011-05-17,147.12735985108915
2011-05-18,122.09404075171194
2011-05-19,93.37610713603088
2011-05-20,74.64773706598517
2011-05-21,71.68018315770557
2011-05-22,58.94181289221088
2011-05-23,54.969930092806464
2011-05-24,59.810107491331316
2011-05-25,74.6819127799674
2011-05-26,116.83149293782138
2011-05-27,192.7223178056268
2011-05-28,398.7500140738096
2011-05-29,652.5468232299911
2011-05-30,1128.1511767284892
2011-05-31,1986.0637731451066
2011-06-01,3181.901782966049
2011-06-02,4113.192197021526
2011-06-03,5099.762250444158
2011-06-04,5702.842209179608
2011-06-05,5804.970951288483
2011-06-06,5570.276652304637
2011-06-07,5674.8115830465495
2011-06-08,5713.5474320489
2011-06-09,5939.9954753446455
2011-06-10,6081.088317245306
2011-06-11,6164.030805242367
2011-06-12,6313.54175651578
2011-06-13,6591.005464430762
2011-06-14,6923.22433578109
2011-06-15,7249.331930737077
2011-06-16,7335.900755536833
2011-06-17,7303.184472552718
2011-06-18,7116.974221539829
2011-06-19,6839.679406931127
2011-06-20,6523.312658976033
2011-06-21,6218.376954540232
2011-06-22,5914.069585658624
2011-06-23,5657.409456779227
2011-06-24,5402.65575732806
2011-06-25,5093.143013069827
2011-06-26,4837.604400004287
2011-06-27,4632.658818858657
2011-06-28,4472.326818841478
2011-06-29,4381.739293105701
2011-06-30,4273.878259404399
2011-07-01,4143.822040476907
2011-07-02,3853.512150324583
2011-07-03,3591.218261016479
2011-07-04,3484.3704800583264
2011-07-05,3393.9801244083073
2011-07-06,3256.3503522114574
2011-07-07,3067.7415532029263
2011-07-08,2891.595952707559
2011-07-09,2622.4035296554625
2011-07-10,2365.94537614233
2011-07-11,2161.9214983587144
2011-07-12,1899.1285820936803
2011-07-13,1749.3075399017935
2011-07-14,1629.7811259685886
2011-07-15,1534.5097503755228
2011-07-16,1457.2911529257462
2011-07-17,1397.7833851748508
2011-07-18,1403.3156156828318
2011-07-19,1423.3341904708539
2011-07-20,1418.0171992083058
2011-07-21,1424.1739267629587
2011-07-22,1424.954948872696
2011-07-23,1414.38170350033
2011-07-24,1427.9733053157606
2011-07-25,1457.2893369424123
2011-07-26,1479.310635284116
2011-07-27,1542.8010680162658
2011-07-28,1591.4094938101093
2011-07-29,1613.685719492532
2011-07-30,1609.607084799272
2011-07-31,1606.4596804504406
2011-08-01,1614.0264051503752
2011-08-02,1633.922048839567
2011-08-03,1696.6037618609148
2011-08-04,1736.9934745826936
2011-08-05,1756.69936847972
2011-08-06,1773.4832621677185
2011-08-07,1731.8077771894045
2011-08-08,1660.190902739103
2011-08-09,1600.14134340257
2011-08-10,1540.938675626215
2011-08-11,1532.2066788837378
2011-08-12,1660.9440725868096
2011-08-13,1895.3775654591338
2011-08-14,2075.662948979986
2011-08-15,2265.3677211853105
2011-08-16,2419.4067920006332
2011-08-17,2422.0474375438594
2011-08-18,2389.933323992057
2011-08-19,2398.5129030449098
2011-08-20,2386.631191245953
2011-08-21,2286.754297058496
2011-08-22,2140.7473719799227
2011-08-23,1991.02895769403
2011-08-24,1842.4582098635951
2011-08-25,1715.7051535334563
2011-08-26,1625.3522667920531
2011-08-27,1583.695323640494
2011-08-28,1533.6112532839197
2011-08-29,1446.054460733759
2011-08-30,1347.8436274935395
2011-08-31,1247.677646331603
2011-09-01,1176.829025416247
2011-09-02,1133.1187194122426
2011-09-03,1181.5169705121846
2011-09-04,1274.7918652368708
2011-09-05,1366.3713520956599
2011-09-06,1451.4245531766924
2011-09-07,1504.3047586640298
2011-09-08,1530.5091963338407
2011-09-09,1522.8473061595487
2011-09-10,1440.7983337003848
2011-09-11,1430.0811887615862
2011-09-12,1496.679941066745
2011-09-13,1614.2929182008363
2011-09-14,1918.0522841915952
2011-09-15,2334.777167998469
2011-09-16,2745.6578450786415
2011-09-17,2942.2980303630084
2011-09-18,2953.4472643531567
2011-09-19,2949.46512752593
2011-09-20,2860.3457856464156
2011-09-21,2734.8573641335324
2011-09-22,2622.153397925933
2011-09-23,2439.6217392739727
2011-09-24,2277.1636977372877
2011-09-25,2102.5163982889026
2011-09-26,1901.2348465926968
2011-09-27,1770.9059174060753
2011-09-28,1740.5071633043995
2011-09-29,1717.6345463474952
2011-09-30,1737.645187997284
2011-10-01,1751.109375
2011-10-02,1680.3671875
2011-10-03,1578.984375
2011-10-04,1457.546875
2011-10-05,1340.5625
2011-10-06,1234.984375
2011-10-07,1135.5859375
2011-10-08,1044.765625
2011-10-09,970.0625
2011-10-10,918.5390625
2011-10-11,901.6015625
2011-10-12,896.0859375
2011-10-13,867.1171875
2011-10-14,815.640625
2011-10-15,754.3671875
2011-10-16,692.0859375
2011-10-17,632.6484375
2011-10-18,578.125
2011-10-19,528.4921875
2011-10-20,482.8671875
2011-10-21,440.8515625
2011-10-22,402.0546875
2011-10-23,366.1328125
2011-10-24,333.046875
2011-10-25,302.5703125
2011-10-26,274.5
2011-10-27,248.71875
2011-10-28,225.0078125
2011-10-29,203.078125
2011-10-30,182.765625
2011-10-31,164.078125
2011-11-01,146.9609375
2011-11-02,131.28125
2011-11-03,117.0078125
2011-11-04,104.1875
2011-11-05,92.6640625
2011-11-06,82.2578125
2011-11-07,72.9140625
2011-11-08,64.5703125
2011-11-09,57.0546875
2011-11-10,50.3984375
2011-11-11,44.53125
2011-11-12,39.3203125
2011-11-13,34.65625
2011-11-14,30.5703125
2011-11-15,27.0546875
2011-11-16,23.984375
2011-11-17,21.2578125
2011-11-18,18.8359375
2011-11-19,16.71875
2011-11-20,14.8828125
2011-11-21,13.296875
2011-11-22,11.921875
2011-11-23,10.703125
2011-11-24,9.625
2011-11-25,8.6796875
2011-11-26,7.828125
2011-11-27,7.078125
2011-11-28,6.421875
2011-11-29,5.84375
2011-11-30,5.34375
2011-12-01,4.890625
2011-12-02,4.484375
2011-12-03,4.125
2011-12-04,3.796875
2011-12-05,3.5
2011-12-06,3.234375
2011-12-07,3.0
2011-12-08,2.765625
2011-12-09,2.546875
2011-12-10,2.359375
2011-12-11,2.15625
2011-12-12,1.953125
2011-12-13,1.796875
2011-12-14,1.65625
2011-12-15,1.546875
2011-12-16,1.4375
2011-12-17,1.359375
2011-12-18,1.265625
2011-12-19,1.171875
2011-12-20,1.09375
2011-12-21,1.015625
2011-12-22,0.96875
2011-12-23,0.90625
2011-12-24,0.859375
2011-12-25,0.8125
2011-12-26,0.78125
2011-12-27,0.75
2011-12-28,0.71875
2011-12-29,0.6875
2011-12-30,0.65625
2011-12-31,0.625
2012-01-01,0.609375
2012-01-02,0.578125
2012-01-03,0.546875
2012-01-04,0.53125
2012-01-05,0.5
2012-01-06,0.484375
2012-01-07,0.46875
2012-01-08,0.453125
2012-01-09,0.421875
2012-01-10,0.40625
2012-01-11,0.390625
2012-01-12,0.375
2012-01-13,0.34375
2012-01-14,0.34375
2012-01-15,0.3125
2012-01-16,0.28125
2012-01-17,0.28125
2012-01-18,0.25
2012-01-19,0.25
2012-01-20,0.21875
2012-01-21,0.21875
2012-01-22,0.21875
2012-01-23,0.1875
2012-01-24,0.1875
2012-01-25,0.1875
2012-01-26,0.1875
2012-01-27,0.15625
2012-01-28,0.15625
2012-01-29,0.15625
2012-01-30,0.125
2012-01-31,0.125
2012-02-01,0.125
2012-02-02,0.125
2012-02-03,0.125
2012-02-04,0.125
2012-02-05,0.125
2012-02-06,0.125
2012-02-07,0.09375
2012-02-08,0.09375
2012-02-09,0.09375
2012-02-10,0.09375
2012-02-11,0.06249999999999999
2012-02-12,0.06249999999999999
2012-02-13,0.06249999999999999
2012-02-14,0.03125
2012-02-15,0.03125
2012-02-16,0.03125
2012-02-17,0.03125
2012-02-18,0.03125
2012-02-19,0.0
2012-02-20,0.0
2012-02-21,0.0
2012-02-22,0.0
2012-02-23,0.0
2012-02-24,0.0
2012-02-25,0.0
2012-02-26,0.0
2012-02-27,0.0
2012-02-28,0.0
2012-02-29,0.0
2012-03-01,0.0
2012-03-02,0.0
2012-03-03,0.0
2012-03-04,0.0
2012-03-05,0.0
2012-03-06,0.0
2012-03-07,0.0
2012-03-08,0.0
2012-03-09,0.0
2012-03-10,0.0
2012-03-11,0.0
2012-03-12,0.0
2012-03-13,0.0
2012-03-14,0.0
2012-03-15,0.0
2012-03-16,0.0
2012-03-17,0.0
2012-03-18,0.0
2012-03-19,0.0
2012-03-20,0.0
2012-03-21,0.0
2012-03-22,0.0
2012-03-23,0.0
2012-03-24,0.0
2012-03-25,0.0
2012-03-26,0.0
2012-03-27,0.0
2012-03-28,0.0
2012-03-29,0.0
2012-03-30,0.0
2012-03-31,0.0
2012-04-01,0.0
2012-04-02,0.0
2012-04-03,0.0
2012-04-04,0.0
2012-04-05,0.0
2012-04-06,0.0
2012-04-07,0.0
2012-04-08,0.0
2012-04-09,0.0
2012-04-10,0.0
2012-04-11,0.0
2012-04-12,0.0
2012-04-13,0.0
2012-04-14,0.0
2012-04-15,0.0
2012-04-16,0.0
2012-04-17,0.0
2012-04-18,0.0
2012-04-19,0.0
2012-04-20,0.0
2012-04-21,0.0
2012-04-22,0.0
2012-04-23,0.0
2012-04-24,0.0
2012-04-25,0.0
2012-04-26,0.0
2012-04-27,0.0
2012-04-28,0.0
2012-04-29,0.0
2012-04-30,0.0
2012-05-01,0.0
2012-05-02,0.057380073800738
2012-05-03,0.5843372065449371
2012-05-04,2.584090476492608
2012-05-05,44.39217670313918
2012-05-06,149.05411993196654
2012-05-07,158.41878929812526
2012-05-08,148.88980673829732
2012-05-09,133.8968021059727
2012-05-10,120.17403925714814
2012-05-11,108.26354223829951
2012-05-12,101.91294651354606
2012-05-13,118.47163981726376
2012-05-14,159.31592771652615
2012-05-15,189.4312477153649
2012-05-16,197.1702304093371
2012-05-17,154.54313709029415
2012-05-18,141.99193363416526
2012-05-19,120.20343229175307
2012-05-20,116.28488916841009
2012-05-21,112.08470256211135
2012-05-22,134.5220165033318
2012-05-23,186.43284463943593
2012-05-24,264.49241813352194
2012-05-25,410.07590740833507
2012-05-26,607.231092613439
2012-05-27,1065.0780586258616
2012-05-28,1469.0787275252894
2012-05-29,2128.226921871392
2012-05-30,3195.2594146255337
2012-05-31,4510.508491477753
2012-06-01,5215.314097998677
2012-06-02,5945.065495785327
2012-06-03,6244.937437901351
2012-06-04,6090.61983344267
2012-06-05,5714.349294756163
2012-06-06,5750.591876471654
2012-06-07,5710.584998127052
2012-06-08,5726.8822560499675
2012-06-09,5593.5714769570395
2012-06-10,5412.97615417224
2012-06-11,5263.5381744675715
2012-06-12,5153.970861463846
2012-06-13,5044.28168470325
2012-06-14,4993.146243649268
2012-06-15,4860.327025117888
2012-06-16,4672.907975171873
2012-06-17,4405.07302818519
2012-06-18,4120.914751288254
2012-06-19,3845.3453669236674
2012-06-20,3607.773866821788
2012-06-21,3391.469731827471
2012-06-22,3215.480826482853
2012-06-23,3091.2973535076626
2012-06-24,3035.69588293576
2012-06-25,3084.8180991842164
2012-06-26,3118.017155106472
2012-06-27,3088.6461640666676
2012-06-28,3049.7452934525386
2012-06-29,3015.4489227355616
2012-06-30,3027.5446877738327
2012-07-01,2949.3838706136903
2012-07-02,2878.6890215331264
2012-07-03,2908.5950024934646
2012-07-04,2909.45044304121
2012-07-05,2829.005036089777
2012-07-06,2711.2911323235585
2012-07-07,2598.581976282049
2012-07-08,2376.666849467488
2012-07-09,2144.5126379573044
2012-07-10,1960.4839055195257
2012-07-11,1735.1872013531026
2012-07-12,1626.1807848624292
2012-07-13,1533.0574661476214
2012-07-14,1431.6610610922999
2012-07-15,1336.4840147153723
2012-07-16,1270.2617846960973
2012-07-17,1264.7128881555066
2012-07-18,1278.2024884012512
2012-07-19,1275.994996850807
2012-07-20,1287.8919886279225
2012-07-21,1287.0487984424267
2012-07-22,1278.1005233444455
2012-07-23,1279.1567502363712
2012-07-24,1298.4738195549212
2012-07-25,1334.1393478034752
2012-07-26,1403.3802494307374
2012-07-27,1447.265490329934
2012-07-28,1489.261802488103
2012-07-29,1577.622232517257
2012-07-30,1659.6647580886106
2012-07-31,1674.3521516767548
2012-08-01,1629.5509626889675
2012-08-02,1580.7832309371895
2012-08-03,1533.7396350089844
2012-08-04,1553.2428922644576
2012-08-05,1615.3933847224305
2012-08-06,1635.4730600157543
2012-08-07,1637.5230191661326
2012-08-08,1610.7427945256838
2012-08-09,1524.996287992655
2012-08-10,1439.622113200447
2012-08-11,1404.0936806244
2012-08-12,1381.704731764767
2012-08-13,1375.7592886472703
2012-08-14,1427.9249271005517
2012-08-15,1506.1706779808708
2012-08-16,1541.1581475744704
2012-08-17,1573.2167114444064
2012-08-18,1642.6706669329299
2012-08-19,1731.6601509115621
2012-08-20,1752.731959258041
2012-08-21,1706.1831645123252
2012-08-22,1661.3990904220132
2012-08-23,1673.9048533947655
2012-08-24,1782.003598662744
2012-08-25,1935.6527254511911
2012-08-26,2080.401797129864
2012-08-27,2173.0836602867284
2012-08-28,2184.5734591458345
2012-08-29,2128.397811887705
2012-08-30,2084.9875217000663
2012-08-31,2118.748477981205
2012-09-01,2108.069251692567
2012-09-02,2049.80283739374
2012-09-03,1903.777131411887
2012-09-04,1734.33709812664
2012-09-05,1624.6810941112342
2012-09-06,1523.645138985776
2012-09-07,1447.1110587867024
2012-09-08,1396.413099742562
2012-09-09,1277.6569098444977
2012-09-10,1172.0468269995026
2012-09-11,1073.85791467098
2012-09-12,988.2763132732292
2012-09-13,1014.6965931648261
2012-09-14,1114.5927533948684
2012-09-15,1267.2765716208019
2012-09-16,1338.3688547331112
2012-09-17,1332.5203624336775
2012-09-18,1315.7028189144505
2012-09-19,1250.101960479983
2012-09-20,1159.454103294938
2012-09-21,1073.8320356031657
2012-09-22,969.2494682796906
2012-09-23,888.6791764660342
2012-09-24,815.1495177350388
2012-09-25,735.5118343415849
2012-09-26,672.5288075910478
2012-09-27,621.3131982623987
2012-09-28,562.5785225567282
2012-09-29,529.3721735536973
2012-09-30,493.47862270587
2012-10-01,485.3984375
2012-10-02,485.671875
2012-10-03,492.5078125
2012-10-04,485.375
2012-10-05,463.1875
2012-10-06,435.125
2012-10-07,406.3203125
2012-10-08,376.75
2012-10-09,346.9296875
2012-10-10,317.8359375
2012-10-11,290.015625
2012-10-12,263.546875
2012-10-13,238.84375
2012-10-14,216.125
2012-10-15,195.1796875
2012-10-16,175.9296875
2012-10-17,158.296875
2012-10-18,142.1953125
2012-10-19,127.6015625
2012-10-20,114.3359375
2012-10-21,102.2421875
2012-10-22,91.4296875
2012-10-23,82.375
2012-10-24,79.015625
2012-10-25,86.703125
2012-10-26,107.125
2012-10-27,163.125
2012-10-28,290.6015625
2012-10-29,381.9609375
2012-10-30,403.40625
2012-10-31,400.8671875
2012-11-01,388.09375
2012-11-02,367.328125
2012-11-03,345.703125
2012-11-04,328.15625
2012-11-05,312.484375
2012-11-06,294.234375
2012-11-07,272.90625
2012-11-08,250.546875
2012-11-09,228.6953125
2012-11-10,207.890625
2012-11-11,188.6171875
2012-11-12,170.8828125
2012-11-13,154.46875
2012-11-14,139.375
2012-11-15,125.6875
2012-11-16,113.21875
2012-11-17,101.7265625
2012-11-18,91.28125
2012-11-19,81.8671875
2012-11-20,73.328125
2012-11-21,65.5625
2012-11-22,58.515625
2012-11-23,52.15625
2012-11-24,46.4453125
2012-11-25,41.3359375
2012-11-26,36.7421875
2012-11-27,32.6171875
2012-11-28,28.9375
2012-11-29,25.6484375
2012-11-30,22.765625
2012-12-01,20.2734375
2012-12-02,18.0859375
2012-12-03,16.1640625
2012-12-04,14.453125
2012-12-05,12.9453125
2012-12-06,11.625
2012-12-07,10.453125
2012-12-08,9.421875
2012-12-09,8.515625
2012-12-10,7.734375
2012-12-11,7.046875
2012-12-12,6.421875
2012-12-13,5.875
2012-12-14,5.375
2012-12-15,4.953125
2012-12-16,4.5625
2012-12-17,4.203125
2012-12-18,3.890625
2012-12-19,3.59375
2012-12-20,3.328125
2012-12-21,3.671875
2012-12-22,4.515625
2012-12-23,6.390625
2012-12-24,8.796875
2012-12-25,11.328125
2012-12-26,16.578125
2012-12-27,32.765625
2012-12-28,55.046875
2012-12-29,62.75
2012-12-30,61.171875
2012-12-31,57.3125
2013-01-01,53.0625
2013-01-02,48.921875
2013-01-03,45.171875
2013-01-04,41.84375
2013-01-05,38.734375
2013-01-06,35.6875
2013-01-07,32.640625
2013-01-08,29.71875
2013-01-09,26.9375
2013-01-10,24.296875
2013-01-11,21.828125
2013-01-12,19.59375
2013-01-13,17.5625
2013-01-14,15.734375
2013-01-15,14.109375
2013-01-16,12.671875
2013-01-17,11.375
2013-01-18,10.21875
2013-01-19,9.1875
2013-01-20,8.234375
2013-01-21,7.34375
2013-01-22,6.5625
2013-01-23,5.890625
2013-01-24,5.28125
2013-01-25,4.75
2013-01-26,4.296875
2013-01-27,3.890625
2013-01-28,3.53125
2013-01-29,3.203125
2013-01-30,2.90625
2013-01-31,2.65625
2013-02-01,2.40625
2013-02-02,2.21875
2013-02-03,2.03125
2013-02-04,1.84375
2013-02-05,1.6875
2013-02-06,1.53125
2013-02-07,1.40625
2013-02-08,1.3125
2013-02-09,1.21875
2013-02-10,1.15625
2013-02-11,1.0625
2013-02-12,1.0
2013-02-13,0.9375
2013-02-14,0.875
2013-02-15,0.8125
2013-02-16,0.78125
2013-02-17,0.71875
2013-02-18,0.65625
2013-02-19,0.625
2013-02-20,0.5625
2013-02-21,0.5
2013-02-22,0.46875
2013-02-23,0.4375
2013-02-24,0.40625
2013-02-25,0.375
2013-02-26,0.34375
2013-02-27,0.34375
2013-02-28,0.3125
2013-03-01,0.28125
2013-03-02,0.25
2013-03-03,0.25
2013-03-04,0.21875
2013-03-05,0.1875
2013-03-06,0.15625
2013-03-07,0.125
2013-03-08,0.125
2013-03-09,0.09375
2013-03-10,0.09375
2013-03-11,0.06249999999999999
2013-03-12,0.03125
2013-03-13,0.03125
2013-03-14,0.06249999999999999
2013-03-15,0.06249999999999999
2013-03-16,0.03125
2013-03-17,0.0
2013-03-18,0.0
2013-03-19,0.0
2013-03-20,7.6875
2013-03-21,28.65625
2013-03-22,33.25
2013-03-23,32.25
2013-03-24,29.875
2013-03-25,27.125
2013-03-26,24.375
2013-03-27,21.78125
2013-03-28,19.5
2013-03-29,18.125
2013-03-30,17.9375
2013-03-31,17.8125
2013-04-01,16.875
2013-04-02,15.375
2013-04-03,13.6875
2013-04-04,12.03125
2013-04-05,10.5
2013-04-06,9.1875
2013-04-07,8.03125
2013-04-08,7.0625
2013-04-09,6.21875
2013-04-10,5.46875
2013-04-11,4.78125
2013-04-12,4.15625
2013-04-13,3.59375
2013-04-14,3.03125
2013-04-15,2.5
2013-04-16,2.0625
2013-04-17,1.65625
2013-04-18,1.3125
2013-04-19,1.03125
2013-04-20,0.8125
2013-04-21,0.59375
2013-04-22,0.40625
2013-04-23,0.21875
2013-04-24,0.3125
2013-04-25,1.15625
2013-04-26,4.4375
2013-04-27,16.0
2013-04-28,101.46875
2013-04-29,359.46875
2013-04-30,450.5
2013-05-01,350.1442289997373
2013-05-02,372.00088126024576
2013-05-03,358.5924354243542
2013-05-04,384.0913327009722
2013-05-05,389.51329864856285
2013-05-06,395.69104221030113
2013-05-07,377.43936517422077
2013-05-08,369.9520118315686
2013-05-09,400.62519455481623
2013-05-10,476.185815483316
2013-05-11,618.5676737611475
2013-05-12,817.8252953825134
2013-05-13,1012.6085876530674
2013-05-14,1184.1998797787933
2013-05-15,1332.252296444785
2013-05-16,1353.9361825271105
2013-05-17,1237.166293830597
2013-05-18,898.7678111845338
2013-05-19,658.38698320494
2013-05-20,478.392984130145
2013-05-21,415.33902465633867
2013-05-22,310.3521596937115
2013-05-23,254.80241156026278
2013-05-24,229.3770765675564
2013-05-25,225.24391391622322
2013-05-26,272.5786648708218
2013-05-27,353.07245327760336
2013-05-28,594.8094604382865
2013-05-29,828.2529115382312
2013-05-30,1221.0025741755676
2013-05-31,1922.8246297553897
2013-06-01,3105.3182311020983
2013-06-02,4210.461042712548
2013-06-03,5524.963970666236
2013-06-04,6676.207920913204
2013-06-05,7363.501164549516
2013-06-06,7515.687026506799
2013-06-07,7910.796866509692
2013-06-08,7796.1693377941165
2013-06-09,7573.978150999167
2013-06-10,7274.902413668878
2013-06-11,7038.314364264613
2013-06-12,6864.291298928783
2013-06-13,6719.080680341566
2013-06-14,6526.056110500984
2013-06-15,6358.2270787926545
2013-06-16,6063.256254635278
2013-06-17,5749.814022409039
2013-06-18,5448.904694816736
2013-06-19,5214.1294076657405
2013-06-20,5012.641992128118
2013-06-21,4852.513913187539
2013-06-22,4695.366621144609
2013-06-23,4573.604229040075
2013-06-24,4466.244474073155
2013-06-25,4301.147957789324
2013-06-26,4103.1216818164075
2013-06-27,3875.131871222375
2013-06-28,3698.6899880801543
2013-06-29,3668.9905427049603
2013-06-30,3784.106070992697
2013-07-01,3994.5100889001314
2013-07-02,4003.0890294424194
2013-07-03,3940.680429044645
2013-07-04,3925.6293523819595
2013-07-05,3779.399783706677
2013-07-06,3565.510090778248
2013-07-07,3393.047222313649
2013-07-08,3303.489988836905
2013-07-09,3107.6922717732723
2013-07-10,2912.8504659873493
2013-07-11,2768.758901835559
2013-07-12,2560.67026109965
2013-07-13,2468.2543831099347
2013-07-14,2430.468097715845
2013-07-15,2548.03908142498
2013-07-16,2824.108856622092
2013-07-17,3073.902636293897
2013-07-18,3250.44228739282
2013-07-19,3291.3242989612263
2013-07-20,3156.909750842391
2013-07-21,2973.048754431677
2013-07-22,2773.239293947656
2013-07-23,2596.4464164559913
2013-07-24,2469.5092266653437
2013-07-25,2356.960195127662
2013-07-26,2217.775000880428
2013-07-27,2121.43365665263
2013-07-28,2027.5353598663633
2013-07-29,1942.184399754252
2013-07-30,1873.0623583031033
2013-07-31,1838.8716524042602
2013-08-01,1843.6435439167565
2013-08-02,1877.6449033768267
2013-08-03,1950.643546404013
2013-08-04,1981.4052010312787
2013-08-05,2014.0945544396022
2013-08-06,2063.1621537593883
2013-08-07,2002.8548305673849
2013-08-08,1923.2348716647632
2013-08-09,1896.9387624131093
2013-08-10,1855.937275247149
2013-08-11,1786.2653423386564
2013-08-12,1722.8415782994334
2013-08-13,1690.5447176271277
2013-08-14,1687.2666899050896
2013-08-15,1681.8548302317708
2013-08-16,1633.138879939194
2013-08-17,1506.4063671501356
2013-08-18,1359.4372519493752
2013-08-19,1262.455051763942
2013-08-20,1226.7654679816815
2013-08-21,1259.9063487783003
2013-08-22,1388.4999301312164
2013-08-23,1545.1494795042672
2013-08-24,1776.2361540629054
2013-08-25,2063.771990462218
2013-08-26,2254.489030881179
2013-08-27,2531.5574598658304
2013-08-28,2898.04636711745
2013-08-29,3146.332690590914
2013-08-30,3181.729625445857
2013-08-31,3073.2000070682393
2013-09-01,2945.6585106609186
2013-09-02,2748.8563875734635
2013-09-03,2571.408888595269
2013-09-04,2371.2901632550975
2013-09-05,2161.002621798434
2013-09-06,2006.0843842392508
2013-09-07,1861.3543241117015
2013-09-08,1746.631480773613
2013-09-09,1716.9799569891286
2013-09-10,1695.8211134939534
2013-09-11,1726.408561991915
2013-09-12,1742.467159070642
2013-09-13,1693.958822797349
2013-09-14,1738.4718671164092
2013-09-15,1803.7980456542848
2013-09-16,2048.906409916509
2013-09-17,2304.8764657904253
2013-09-18,2431.0996970591036
2013-09-19,2521.3193746025827
2013-09-20,2537.571148440613
2013-09-21,2555.974532741252
2013-09-22,2610.1607942470114
2013-09-23,2534.181432923708
2013-09-24,2397.383806353338
2013-09-25,2200.5960515255015
2013-09-26,1973.9158641909962
2013-09-27,1830.6107474778755
2013-09-28,1747.767514843156
2013-09-29,1644.5682214513288
2013-09-30,1603.6329312173516
2013-10-01,1568.640625
2013-10-02,1478.6328125
2013-10-03,1411.703125
2013-10-04,1354.7734375
2013-10-05,1285.4453125
2013-10-06,1207.1875
2013-10-07,1118.734375
2013-10-08,1027.09375
2013-10-09,936.8984375
2013-10-10,851.2890625
2013-10-11,776.4453125
2013-10-12,711.046875
2013-10-13,652.1640625
2013-10-14,598.21875
2013-10-15,548.5234375
2013-10-16,502.546875
2013-10-17,459.78125
2013-10-18,419.765625
2013-10-19,382.5546875
2013-10-20,348.1484375
2013-10-21,316.2421875
2013-10-22,286.6640625
2013-10-23,259.3046875
2013-10-24,234.1015625
2013-10-25,210.9609375
2013-10-26,189.6640625
2013-10-27,170.140625
2013-10-28,152.3828125
2013-10-29,136.234375
2013-10-30,121.515625
2013-10-31,108.140625
2013-11-01,95.984375
2013-11-02,84.9296875
2013-11-03,74.9921875
2013-11-04,66.15625
2013-11-05,58.265625
2013-11-06,51.1953125
2013-11-07,44.9296875
2013-11-08,39.421875
2013-11-09,34.6171875
2013-11-10,30.4453125
2013-11-11,26.828125
2013-11-12,23.65625
2013-11-13,20.90625
2013-11-14,18.5390625
2013-11-15,16.46875
2013-11-16,14.6875
2013-11-17,13.125
2013-11-18,11.765625
2013-11-19,10.5625
2013-11-20,9.515625
2013-11-21,8.59375
2013-11-22,7.78125
2013-11-23,7.078125
2013-11-24,6.46875
2013-11-25,5.90625
2013-11-26,5.40625
2013-11-27,4.96875
2013-11-28,4.5625
2013-11-29,4.1875
2013-11-30,3.84375
2013-12-01,3.515625
2013-12-02,3.25
2013-12-03,3.015625
2013-12-04,2.796875
2013-12-05,2.59375
2013-12-06,2.40625
2013-12-07,2.25
2013-12-08,2.109375
2013-12-09,1.96875
2013-12-10,1.828125
2013-12-11,1.71875
2013-12-12,1.609375
2013-12-13,1.515625
2013-12-14,1.4375
2013-12-15,1.359375
2013-12-16,1.28125
2013-12-17,1.21875
2013-12-18,1.15625
2013-12-19,1.09375
2013-12-20,1.03125
2013-12-21,0.984375
2013-12-22,0.921875
2013-12-23,0.875
2013-12-24,0.828125
2013-12-25,0.78125
2013-12-26,0.71875
2013-12-27,0.6875
2013-12-28,0.65625
2013-12-29,0.625
2013-12-30,0.59375
2013-12-31,0.5625
2014-01-01,0.53125
2014-01-02,0.484375
2014-01-03,0.453125
2014-01-04,0.421875
2014-01-05,0.390625
2014-01-06,0.359375
2014-01-07,0.3125
2014-01-08,0.28125
2014-01-09,0.25
2014-01-10,0.234375
2014-01-11,0.203125
2014-01-12,0.1875
2014-01-13,0.171875
2014-01-14,0.15625
2014-01-15,0.140625
2014-01-16,0.125
2014-01-17,0.125
2014-01-18,0.109375
2014-01-19,0.109375
2014-01-20,0.09375
2014-01-21,0.09375
2014-01-22,0.06249999999999999
2014-01-23,0.06249999999999999
2014-01-24,0.06249999999999999
2014-01-25,0.06249999999999999
2014-01-26,0.06249999999999999
2014-01-27,0.06249999999999999
2014-01-28,0.06249999999999999
2014-01-29,0.03125
2014-01-30,0.03125
2014-01-31,0.03125
2014-02-01,0.03125
2014-02-02,0.03125
2014-02-03,0.0
2014-02-04,0.0
2014-02-05,0.0
2014-02-06,0.0
2014-02-07,0.0
2014-02-08,0.0
2014-02-09,0.0
2014-02-10,0.0
2014-02-11,0.0
2014-02-12,0.0
2014-02-13,0.0
2014-02-14,0.0
2014-02-15,0.0
2014-02-16,0.0
2014-02-17,0.0
2014-02-18,0.0
2014-02-19,0.0
2014-02-20,0.0
2014-02-21,0.0
2014-02-22,0.0
2014-02-23,0.0
2014-02-24,0.0
2014-02-25,0.0
2014-02-26,0.0
2014-02-27,0.0
2014-02-28,0.0
2014-03-01,0.0
2014-03-02,0.0
2014-03-03,0.0
2014-03-04,0.0
2014-03-05,0.0
2014-03-06,0.0
2014-03-07,0.0
2014-03-08,0.0
2014-03-09,0.0
2014-03-10,0.0
2014-03-11,0.0
2014-03-12,0.0
2014-03-13,0.0
2014-03-14,0.0
2014-03-15,0.0
2014-03-16,0.0
2014-03-17,0.0
2014-03-18,0.0
2014-03-19,0.0
2014-03-20,0.0
2014-03-21,0.0
2014-03-22,0.0
2014-03-23,0.0
2014-03-24,0.0
2014-03-25,0.0
2014-03-26,0.0
2014-03-27,0.0
2014-03-28,0.0
2014-03-29,0.0
2014-03-30,0.0
2014-03-31,0.0
2014-04-01,0.0
2014-04-02,0.0
2014-04-03,0.0
2014-04-04,0.0
2014-04-05,0.0
2014-04-06,0.0
2014-04-07,0.0
2014-04-08,0.0
2014-04-09,0.0
2014-04-10,0.0
2014-04-11,0.0
2014-04-12,0.0
2014-04-13,0.0
2014-04-14,0.0
2014-04-15,0.0
2014-04-16,0.0
2014-04-17,0.0
2014-04-18,0.0
2014-04-19,0.0
2014-04-20,0.0
2014-04-21,0.0
2014-04-22,0.0
2014-04-23,0.0
2014-04-24,0.0
2014-04-25,0.0
2014-04-26,0.0
2014-04-27,0.0
2014-04-28,0.0
2014-04-29,0.0
2014-04-30,0.0
2014-05-01,0.0
2014-05-02,0.0
2014-05-03,0.0
2014-05-04,0.0
2014-05-05,0.0
2014-05-06,0.0
2014-05-07,0.0
2014-05-08,0.0
2014-05-09,0.0
2014-05-10,0.0
2014-05-11,0.0
2014-05-12,0.0
2014-05-13,0.0
2014-05-14,0.27126112046164946
2014-05-15,2.115290961617829
2014-05-16,7.042676983063237
2014-05-17,20.30547431791122
2014-05-18,45.19261899907654
2014-05-19,62.854589763406565
2014-05-20,62.21209461066582
2014-05-21,68.09514381794611
2014-05-22,69.19702619212123
2014-05-23,80.82014461232833
2014-05-24,99.41177698211325
2014-05-25,123.9886967339652
2014-05-26,182.61886993050962
2014-05-27,275.69382812791656
2014-05-28,511.73227075288776
2014-05-29,726.6052522552319
2014-05-30,988.158462851151
2014-05-31,1287.2143793553
2014-06-01,1611.405243218581
2014-06-02,1778.3246947781145
2014-06-03,2092.0690122579967
2014-06-04,2466.753132559014
2014-06-05,2902.6145649412133
2014-06-06,3368.1812527888637
2014-06-07,4091.6691722514047
2014-06-08,4721.996111457318
2014-06-09,5388.746784262239
2014-06-10,5866.343170721151
2014-06-11,6210.849068298999
2014-06-12,6631.954057720786
2014-06-13,7241.712715153332
2014-06-14,7854.602054323365
2014-06-15,8404.595524521601
2014-06-16,8588.75490794792
2014-06-17,8806.563839274295
2014-06-18,9432.52596805616
2014-06-19,10267.739078080966
2014-06-20,10865.128809849011
2014-06-21,11069.89425839637
2014-06-22,10967.602586564766
2014-06-23,10764.073904798151
2014-06-24,10504.72454509932
2014-06-25,10106.081399398912
2014-06-26,9699.925058886429
2014-06-27,9244.670716231127
2014-06-28,8819.29386883358
2014-06-29,8548.210778797988
2014-06-30,8354.278133492586
2014-07-01,8224.48974876267
2014-07-02,7812.945293398365
2014-07-03,7468.6892777364
2014-07-04,7358.2266753436825
2014-07-05,7219.7303504693255
2014-07-06,7096.212914932693
2014-07-07,6927.832192310707
2014-07-08,6749.63445126381
2014-07-09,6301.3121818790005
2014-07-10,5816.641628961541
2014-07-11,5411.629050531833
2014-07-12,4820.832668143567
2014-07-13,4443.320940163086
2014-07-14,4042.0736504292645
2014-07-15,3641.2236097783752
2014-07-16,3279.4391826975734
2014-07-17,2956.3466289773432
2014-07-18,2729.3900982573145
2014-07-19,2524.024442571178
2014-07-20,2310.2155646400656
2014-07-21,2142.472593396178
2014-07-22,1992.3088624268335
2014-07-23,1879.114600195103
2014-07-24,1846.0716863862463
2014-07-25,1877.2343488270587
2014-07-26,1923.0958528153628
2014-07-27,1980.9270928744431
2014-07-28,1957.379981323116
2014-07-29,1881.45882904351
2014-07-30,1792.191330494174
2014-07-31,1739.181409277532
2014-08-01,1754.9956542569796
2014-08-02,1794.2462501021676
2014-08-03,1816.4481839221748
2014-08-04,1722.256205354522
2014-08-05,1604.2754820410566
2014-08-06,1525.7509610000618
2014-08-07,1438.7973743422517
2014-08-08,1405.9472392707007
2014-08-09,1460.968489120608
2014-08-10,1515.3159553214664
2014-08-11,1530.396047556085
2014-08-12,1534.3238638053851
2014-08-13,1492.6854468500042
2014-08-14,1417.3038494910418
2014-08-15,1360.0980235843908
2014-08-16,1334.7093454217675
2014-08-17,1289.3630662877854
2014-08-18,1241.7962623311314
2014-08-19,1219.946473670515
2014-08-20,1205.1693424173686
2014-08-21,1184.487091148761
2014-08-22,1182.6153156726284
2014-08-23,1188.170237305972
2014-08-24,1194.0072408908138
2014-08-25,1189.2266989336624
2014-08-26,1154.801524125713
2014-08-27,1125.8220402655977
2014-08-28,1113.0183127338541
2014-08-29,1105.2264073785277
2014-08-30,1098.8584867926186
2014-08-31,1113.7236908134992
2014-09-01,1164.749188180701
2014-09-02,1195.3263366973833
2014-09-03,1232.830637971881
2014-09-04,1283.166099129042
2014-09-05,1341.114452121515
2014-09-06,1424.11301104441
2014-09-07,1461.6352540720316
2014-09-08,1419.712921545854
2014-09-09,1382.3414848185575
2014-09-10,1347.6447132062312
2014-09-11,1363.056878693868
2014-09-12,1401.4507085844941
2014-09-13,1441.4486392144386
2014-09-14,1532.6800578818618
2014-09-15,1547.4154261329406
2014-09-16,1540.7673236742203
2014-09-17,1514.6588115518953
2014-09-18,1487.4750062063392
2014-09-19,1503.2701721377707
2014-09-20,1488.231257486217
2014-09-21,1434.0658865187168
2014-09-22,1373.322595192208
2014-09-23,1304.9203384935827
2014-09-24,1270.2734266784119
2014-09-25,1222.656792099553
2014-09-26,1138.631748381753
2014-09-27,1080.0336335696816
2014-09-28,1087.5585574160855
2014-09-29,1131.1504199470485
2014-09-30,1185.228941932096
2014-10-01,1207.0390625
2014-10-02,1192.796875
2014-10-03,1185.3671875
2014-10-04,1179.2734375
2014-10-05,1177.03125
2014-10-06,1170.1015625
2014-10-07,1141.4609375
2014-10-08,1086.0234375
2014-10-09,1013.3515625
2014-10-10,934.84375
2014-10-11,859.40625
2014-10-12,790.7734375
2014-10-13,727.8203125
2014-10-14,669.1875
2014-10-15,621.171875
2014-10-16,589.6640625
2014-10-17,584.65625
2014-10-18,596.09375
2014-10-19,587.671875
2014-10-20,554.6484375
2014-10-21,511.734375
2014-10-22,467.8671875
2014-10-23,426.203125
2014-10-24,387.625
2014-10-25,352.296875
2014-10-26,320.046875
2014-10-27,290.1328125
2014-10-28,262.53125
2014-10-29,237.21875
2014-10-30,213.9765625
2014-10-31,192.6953125
2014-11-01,173.203125
2014-11-02,155.328125
2014-11-03,138.953125
2014-11-04,123.96875
2014-11-05,110.234375
2014-11-06,97.8125
2014-11-07,86.6484375
2014-11-08,76.5078125
2014-11-09,67.359375
2014-11-10,59.2421875
2014-11-11,52.046875
2014-11-12,45.625
2014-11-13,39.9921875
2014-11-14,35.125
2014-11-15,30.875
2014-11-16,27.125
2014-11-17,24.1875
2014-11-18,22.171875
2014-11-19,20.34375
2014-11-20,18.59375
2014-11-21,17.078125
2014-11-22,15.734375
2014-11-23,14.515625
2014-11-24,13.671875
2014-11-25,14.09375
2014-11-26,16.359375
2014-11-27,18.46875
2014-11-28,18.75
2014-11-29,17.75
2014-11-30,16.28125
2014-12-01,14.6875
2014-12-02,13.140625
2014-12-03,11.75
2014-12-04,10.515625
2014-12-05,9.4375
2014-12-06,8.515625
2014-12-07,7.703125
2014-12-08,6.984375
2014-12-09,6.328125
2014-12-10,5.734375
2014-12-11,5.21875
2014-12-12,4.78125
2014-12-13,4.390625
2014-12-14,4.03125
2014-12-15,3.6875
2014-12-16,3.390625
2014-12-17,3.125
2014-12-18,2.875
2014-12-19,2.640625
2014-12-20,2.4375
2014-12-21,2.265625
2014-12-22,2.109375
2014-12-23,1.96875
2014-12-24,1.828125
2014-12-25,1.71875
2014-12-26,1.609375
2014-12-27,1.5
2014-12-28,1.390625
2014-12-29,1.296875
2014-12-30,1.203125
2014-12-31,1.109375
2015-01-01,1.046875
2015-01-02,0.96875
2015-01-03,0.90625
2015-01-04,0.828125
2015-01-05,0.75
2015-01-06,0.6875
2015-01-07,0.625
2015-01-08,0.578125
2015-01-09,0.546875
2015-01-10,0.5
2015-01-11,0.453125
2015-01-12,0.421875
2015-01-13,0.390625
2015-01-14,0.359375
2015-01-15,0.328125
2015-01-16,0.296875
2015-01-17,0.28125
2015-01-18,0.25
2015-01-19,0.234375
2015-01-20,0.21875
2015-01-21,0.203125
2015-01-22,0.203125
2015-01-23,0.203125
2015-01-24,0.1875
2015-01-25,0.1875
2015-01-26,0.171875
2015-01-27,0.15625
2015-01-28,0.15625
2015-01-29,0.15625
2015-01-30,0.125
2015-01-31,0.125
2015-02-01,0.125
2015-02-02,0.09375
2015-02-03,0.09375
2015-02-04,0.09375
2015-02-05,0.06249999999999999
2015-02-06,0.06249999999999999
2015-02-07,0.06249999999999999
2015-02-08,0.06249999999999999
2015-02-09,0.06249999999999999
2015-02-10,0.06249999999999999
2015-02-11,0.03125
2015-02-12,0.03125
2015-02-13,0.03125
2015-02-14,0.03125
2015-02-15,0.03125
2015-02-16,0.03125
2015-02-17,0.03125
2015-02-18,0.03125
2015-02-19,0.03125
2015-02-20,0.03125
2015-02-21,0.0
2015-02-22,0.0
2015-02-23,0.0
2015-02-24,0.0
2015-02-25,0.0
2015-02-26,0.0
2015-02-27,0.0
2015-02-28,0.0
2015-03-01,0.0
2015-03-02,0.0
2015-03-03,0.0
2015-03-04,0.0
2015-03-05,0.0
2015-03-06,0.0
2015-03-07,0.0
2015-03-08,0.0
2015-03-09,0.0
2015-03-10,0.0
2015-03-11,0.0
2015-03-12,0.0
2015-03-13,0.0
2015-03-14,0.0
2015-03-15,0.0
2015-03-16,0.0
2015-03-17,0.0
2015-03-18,0.0
2015-03-19,0.0
2015-03-20,0.0
2015-03-21,0.0
2015-03-22,0.0
2015-03-23,0.0
2015-03-24,0.0
2015-03-25,0.0
2015-03-26,0.0
2015-03-27,0.0
2015-03-28,0.0
2015-03-29,0.0
2015-03-30,0.0
2015-03-31,0.0
2015-04-01,0.0
2015-04-02,0.0
2015-04-03,0.0
2015-04-04,0.0
2015-04-05,0.0
2015-04-06,0.0
2015-04-07,0.0
2015-04-08,0.0
2015-04-09,0.0
2015-04-10,0.0
2015-04-11,0.0
2015-04-12,0.0
2015-04-13,0.0
2015-04-14,0.0
2015-04-15,0.0
2015-04-16,0.0
2015-04-17,0.0
2015-04-18,0.0
2015-04-19,0.0
2015-04-20,0.0
2015-04-21,0.0
2015-04-22,0.0
2015-04-23,0.0
2015-04-24,0.0
2015-04-25,0.0
2015-04-26,0.0
2015-04-27,0.0
2015-04-28,0.0
2015-04-29,0.0
2015-04-30,0.0
2015-05-01,0.0
2015-05-02,0.0
2015-05-03,0.0
2015-05-04,0.0
2015-05-05,0.0
2015-05-06,0.0
2015-05-07,0.0
2015-05-08,0.0
2015-05-09,0.0
2015-05-10,0.0
2015-05-11,0.0
2015-05-12,0.0
2015-05-13,0.0
2015-05-14,0.0
2015-05-15,0.0
2015-05-16,0.03268551236749115
2015-05-17,0.06191789780826051
2015-05-18,0.042858256479138414
2015-05-19,0.02967889107726062
2015-05-20,0.026938926779619767
2015-05-21,0.029889874343802532
2015-05-22,0.030981447961217164
2015-05-23,0.10932812961578801
2015-05-24,0.9462806727460171
2015-05-25,5.450689299790429
2015-05-26,18.010119116506516
2015-05-27,50.37155666418744
2015-05-28,146.35980128249935
2015-05-29,272.29784134409687
2015-05-30,473.5398795052545
2015-05-31,807.5336230188523
2015-06-01,1324.6823829175687
2015-06-02,1808.3025433505038
2015-06-03,2351.8698597766465
2015-06-04,2785.4758685343045
2015-06-05,3118.7690902995946
2015-06-06,3391.630656034063
2015-06-07,3906.26254301757
2015-06-08,4307.0702102786045
2015-06-09,4777.707561222175
2015-06-10,5245.881410880422
2015-06-11,5813.906203275289
2015-06-12,6549.430411708453
2015-06-13,7078.198451476451
2015-06-14,7214.562756176892
2015-06-15,7390.667709962304
2015-06-16,7629.163569553591
2015-06-17,8017.130726564155
2015-06-18,8506.983701074
2015-06-19,9048.859752943452
2015-06-20,9406.020189203402
2015-06-21,9495.86688953949
2015-06-22,9290.86493490124
2015-06-23,8943.070996180904
2015-06-24,8494.648360221832
2015-06-25,7935.074592926806
2015-06-26,7497.740075307869
2015-06-27,7195.811354694581
2015-06-28,6971.890763896797
2015-06-29,6793.045211927882
2015-06-30,6565.303845378114
2015-07-01,6325.706816521145
2015-07-02,5828.799658144013
2015-07-03,5316.981875729645
2015-07-04,4949.731837511465
2015-07-05,4568.071153210178
2015-07-06,4190.440071477168
2015-07-07,3854.5164469551873
2015-07-08,3626.060882545488
2015-07-09,3375.24346507233
2015-07-10,3211.9621897617253
2015-07-11,3176.047887612809
2015-07-12,3042.496580820884
2015-07-13,2960.923412155602
2015-07-14,2791.22764823403
2015-07-15,2606.8958508780743
2015-07-16,2463.1605164646057
2015-07-17,2355.1524948536617
2015-07-18,2315.2803361948927
2015-07-19,2299.691967686609
2015-07-20,2271.520765847945
2015-07-21,2230.5915898760513
2015-07-22,2131.8421830467296
2015-07-23,1999.3091377045246
2015-07-24,1878.0499414777244
2015-07-25,1762.3613728905127
2015-07-26,1631.0491293180899
2015-07-27,1546.89349220398
2015-07-28,1505.656287214032
2015-07-29,1506.8611922068449
2015-07-30,1503.75873199788
2015-07-31,1496.156132774015
2015-08-01,1490.9903298840215
2015-08-02,1470.8276369273826
2015-08-03,1496.5629080376
2015-08-04,1518.5400750160504
2015-08-05,1540.1162151142182
2015-08-06,1570.929712840994
2015-08-07,1540.8573372054734
2015-08-08,1492.0624863822904
2015-08-09,1429.4378145166736
2015-08-10,1327.6984691438145
2015-08-11,1246.240984631282
2015-08-12,1231.9135973062287
2015-08-13,1249.6754602735502
2015-08-14,1265.3275618733053
2015-08-15,1299.9868789338254
2015-08-16,1410.3671453614302
2015-08-17,1516.6234182085416
2015-08-18,1550.4819944129802
2015-08-19,1546.798258322596
2015-08-20,1538.4985200902013
2015-08-21,1525.9183680117394
2015-08-22,1521.9166318171608
2015-08-23,1518.3842404955406
2015-08-24,1549.5082435438744
2015-08-25,1648.2209461190337
2015-08-26,1789.2626282798253
2015-08-27,1948.9423267020768
2015-08-28,1999.9671095273188
2015-08-29,1951.8033534423946
2015-08-30,1859.0636577689854
2015-08-31,1761.6919374634213
2015-09-01,1702.566296171273
2015-09-02,1624.2114828594247
2015-09-03,1571.3099461459044
2015-09-04,1544.8794651838193
2015-09-05,1558.0495818089666
2015-09-06,1589.2105071462531
2015-09-07,1566.348162434485
2015-09-08,1504.9166478298796
2015-09-09,1480.7952958900296
2015-09-10,1412.9277882601793
2015-09-11,1351.312457577122
2015-09-12,1281.9278994956837
2015-09-13,1184.9803897948664
2015-09-14,1156.8448244540402
2015-09-15,1138.324943565528
2015-09-16,1170.3804282833028
2015-09-17,1226.522289003983
2015-09-18,1310.2510887927556
2015-09-19,1437.6746169197531
2015-09-20,1459.0100584263032
2015-09-21,1401.2720705970457
2015-09-22,1343.4656158631863
2015-09-23,1274.902690931609
2015-09-24,1251.146477877143
2015-09-25,1251.936320595668
2015-09-26,1259.8629753531368
2015-09-27,1289.0411041780417
2015-09-28,1291.1679451442355
2015-09-29,1218.1264462557526
2015-09-30,1165.0562692263
2015-10-01,1114.71875
2015-10-02,1026.8515625
2015-10-03,954.125
2015-10-04,898.4140625
2015-10-05,845.0
2015-10-06,804.921875
2015-10-07,788.375
2015-10-08,779.2890625
2015-10-09,762.4140625
2015-10-10,728.859375
2015-10-11,682.9453125
2015-10-12,632.8046875
2015-10-13,582.5390625
2015-10-14,533.953125
2015-10-15,488.2421875
2015-10-16,445.984375
2015-10-17,407.0078125
2015-10-18,370.9765625
2015-10-19,337.5546875
2015-10-20,306.5078125
2015-10-21,277.75
2015-10-22,251.1171875
2015-10-23,226.671875
2015-10-24,204.2578125
2015-10-25,183.671875
2015-10-26,164.8046875
2015-10-27,147.5625
2015-10-28,131.734375
2015-10-29,117.2890625
2015-10-30,104.1328125
2015-10-31,92.2109375
2015-11-01,81.4453125
2015-11-02,71.7734375
2015-11-03,63.1640625
2015-11-04,55.46875
2015-11-05,48.65625
2015-11-06,42.6953125
2015-11-07,37.484375
2015-11-08,32.8671875
2015-11-09,28.78125
2015-11-10,25.3125
2015-11-11,22.3671875
2015-11-12,19.8046875
2015-11-13,17.5703125
2015-11-14,15.609375
2015-11-15,13.921875
2015-11-16,12.4609375
2015-11-17,11.1796875
2015-11-18,10.046875
2015-11-19,9.0546875
2015-11-20,8.1953125
2015-11-21,7.453125
2015-11-22,6.796875
2015-11-23,6.2109375
2015-11-24,5.6875
2015-11-25,5.21875
2015-11-26,4.8046875
2015-11-27,4.40625
2015-11-28,4.0390625
2015-11-29,3.703125
2015-11-30,3.390625
2015-12-01,3.1171875
2015-12-02,2.8828125
2015-12-03,2.6796875
2015-12-04,2.5
2015-12-05,2.3359375
2015-12-06,2.1875
2015-12-07,2.0625
2015-12-08,1.9453125
2015-12-09,1.828125
2015-12-10,1.7265625
2015-12-11,1.625
2015-12-12,1.5234375
2015-12-13,1.421875
2015-12-14,1.3125
2015-12-15,1.2265625
2015-12-16,1.15625
2015-12-17,1.1015625
2015-12-18,1.0390625
2015-12-19,0.9765625
2015-12-20,0.9140625
2015-12-21,0.859375
2015-12-22,0.8125
2015-12-23,0.7734375
2015-12-24,0.7421875
2015-12-25,0.703125
2015-12-26,0.65625
2015-12-27,0.6171875
2015-12-28,0.578125
2015-12-29,0.5390625
2015-12-30,0.5078125
2015-12-31,0.46875
2016-01-01,0.4296875
2016-01-02,0.40625
2016-01-03,0.390625
2016-01-04,0.375
2016-01-05,0.3515625
2016-01-06,0.3359375
2016-01-07,0.3125
2016-01-08,0.28125
2016-01-09,0.265625
2016-01-10,0.25
2016-01-11,0.234375
2016-01-12,0.21875
2016-01-13,0.203125
2016-01-14,0.1875
2016-01-15,0.1875
2016-01-16,0.171875
2016-01-17,0.15625
2016-01-18,0.15625
2016-01-19,0.140625
2016-01-20,0.125
2016-01-21,0.125
2016-01-22,0.109375
2016-01-23,0.109375
2016-01-24,0.09375
2016-01-25,0.09375
2016-01-26,0.09375
2016-01-27,0.078125
2016-01-28,0.078125
2016-01-29,0.06249999999999999
2016-01-30,0.06249999999999999
2016-01-31,0.06249999999999999
2016-02-01,0.046875
2016-02-02,0.046875
2016-02-03,0.046875
2016-02-04,0.03125
2016-02-05,0.03125
2016-02-06,0.015625
2016-02-07,0.015625
2016-02-08,0.015625
2016-02-09,0.015625
2016-02-10,0.015625
2016-02-11,0.0
2016-02-12,0.0
2016-02-13,0.0
2016-02-14,0.0
2016-02-15,0.0
2016-02-16,0.0
2016-02-17,0.0
2016-02-18,0.0
2016-02-19,0.0
2016-02-20,0.0
2016-02-21,0.0
2016-02-22,0.0
2016-02-23,0.0
2016-02-24,0.0
2016-02-25,0.0
2016-02-26,0.0
2016-02-27,0.0
2016-02-28,0.0
2016-02-29,0.0
2016-03-01,0.0
2016-03-02,0.0
2016-03-03,0.0
2016-03-04,0.0
2016-03-05,0.0
2016-03-06,0.0
2016-03-07,0.0
2016-03-08,0.0
2016-03-09,0.0
2016-03-10,0.0
2016-03-11,0.0
2016-03-12,0.0
2016-03-13,0.0
2016-03-14,0.0
2016-03-15,0.0
2016-03-16,0.0
2016-03-17,0.0
2016-03-18,0.0
2016-03-19,0.0
2016-03-20,0.0
2016-03-21,0.0
2016-03-22,0.0
2016-03-23,0.0
2016-03-24,0.0
2016-03-25,0.0
2016-03-26,0.0
2016-03-27,0.0
2016-03-28,0.0
2016-03-29,0.0
2016-03-30,0.0
2016-03-31,0.0
2016-04-01,0.0
2016-04-02,0.0
2016-04-03,0.0
2016-04-04,0.0
2016-04-05,0.0
2016-04-06,0.0
2016-04-07,0.0
2016-04-08,0.0
2016-04-09,0.0
2016-04-10,0.0
2016-04-11,0.0
2016-04-12,0.0
2016-04-13,0.0
2016-04-14,0.0
2016-04-15,0.0
2016-04-16,0.0
2016-04-17,0.0
2016-04-18,0.0
2016-04-19,0.0
2016-04-20,0.0
2016-04-21,0.0
2016-04-22,0.0
2016-04-23,0.0
2016-04-24,0.0
2016-04-25,0.0
2016-04-26,0.0
2016-04-27,0.0
2016-04-28,0.0
2016-04-29,0.0
2016-04-30,0.0
2016-05-01,0.0
2016-05-02,0.0
2016-05-03,0.0
2016-05-04,0.0
2016-05-05,0.0
2016-05-06,0.0
2016-05-07,0.0
2016-05-08,0.0
2016-05-09,0.0
2016-05-10,0.0
2016-05-11,0.0
2016-05-12,0.0
2016-05-13,0.0
2016-05-14,0.015429514769176348
2016-05-15,0.3270683562812232
2016-05-16,2.60901011185082
2016-05-17,11.89925884173033
2016-05-18,50.252867874980275
2016-05-19,130.41718441446378
2016-05-20,188.54110459370307
2016-05-21,202.2438880767891
2016-05-22,233.9494838247919
2016-05-23,307.43597268391585
2016-05-24,396.6469268268493
2016-05-25,588.8041072394025
2016-05-26,832.1111649154144
2016-05-27,1360.5424530603266
2016-05-28,1711.749889792499
2016-05-29,2217.4853220826403
2016-05-30,2953.0386541931734
2016-05-31,3838.7081412209563
2016-06-01,4212.979957043191
2016-06-02,4591.844638733694
2016-06-03,4762.961240209636
2016-06-04,4683.649205364327
2016-06-05,4391.8520604248315
2016-06-06,4334.937601883717
2016-06-07,4125.991436805698
2016-06-08,3960.966392984695
2016-06-09,3732.1236351197704
2016-06-10,3488.9417867611537
2016-06-11,3260.696450881713
2016-06-12,3044.6900812168856
2016-06-13,2828.39353069705
2016-06-14,2651.067471219301
2016-06-15,2466.5127733086692
2016-06-16,2295.894891060838
2016-06-17,2116.9654561880857
2016-06-18,1954.4694542323082
2016-06-19,1837.4576727821384
2016-06-20,1778.5667865363007
2016-06-21,1759.7417450560652
2016-06-22,1774.8126977835127
2016-06-23,1792.1419390769204
2016-06-24,1819.351613651092
2016-06-25,1839.9801632687845
2016-06-26,1804.0635365254163
2016-06-27,1748.6146863796414
2016-06-28,1721.7011344776847
2016-06-29,1700.6844175592767
2016-06-30,1691.6026469258686
2016-07-01,1619.6909231835407
2016-07-02,1537.870633786171
2016-07-03,1502.5171668000085
2016-07-04,1475.9270711300285
2016-07-05,1477.3761896929575
2016-07-06,1526.0041627830603
2016-07-07,1593.9367400227002
2016-07-08,1579.9852361978012
2016-07-09,1525.3669575006525
2016-07-10,1507.3910097668202
2016-07-11,1468.9604057997346
2016-07-12,1478.9309063686426
2016-07-13,1454.1120217241016
2016-07-14,1421.6790518860255
2016-07-15,1359.5120768950774
2016-07-16,1254.7289026852213
2016-07-17,1165.2028654073065
2016-07-18,1090.6649819105955
2016-07-19,1031.8885973148256
2016-07-20,1032.6241963776606
2016-07-21,1068.9523632823339
2016-07-22,1093.973308284673
2016-07-23,1199.820222128466
2016-07-24,1336.569449329796
2016-07-25,1399.2017992263695
2016-07-26,1459.5049240051035
2016-07-27,1523.7770883477933
2016-07-28,1605.8839281739142
2016-07-29,1650.95843395346
2016-07-30,1663.7521273342513
2016-07-31,1693.6798180395751
2016-08-01,1746.0807785063882
2016-08-02,1808.3863320976732
2016-08-03,1759.2534753465386
2016-08-04,1665.8234527647467
2016-08-05,1595.9718130225301
2016-08-06,1485.8211044476614
2016-08-07,1379.6740692684668
2016-08-08,1314.1614376983605
2016-08-09,1270.4494987768146
2016-08-10,1249.3775113406018
2016-08-11,1222.4962727856362
2016-08-12,1170.0971461421727
2016-08-13,1096.3145131700558
2016-08-14,1022.633643432455
2016-08-15,964.8654146023381
2016-08-16,888.9098921012966
2016-08-17,806.7899970830077
2016-08-18,754.1233053967089
2016-08-19,734.5877605388976
2016-08-20,736.2460532175236
2016-08-21,768.4265447576003
2016-08-22,831.7685677003124
2016-08-23,898.9604823130522
2016-08-24,969.8215851194034
2016-08-25,1047.2875607621795
2016-08-26,1117.8012924416182
2016-08-27,1156.0312730308285
2016-08-28,1174.1301547985981
2016-08-29,1174.9931229090967
2016-08-30,1172.9446729767692
2016-08-31,1249.5757460535822
2016-09-01,1356.703391678377
2016-09-02,1486.3002589094904
2016-09-03,1513.7645639132288
2016-09-04,1475.2152837298463
2016-09-05,1437.239017826542
2016-09-06,1351.4922909225368
2016-09-07,1251.9269163291358
2016-09-08,1166.2058218392435
2016-09-09,1034.0315000359865
2016-09-10,929.8717200301049
2016-09-11,846.1453293710923
2016-09-12,787.1030299625146
2016-09-13,817.8486971976606
2016-09-14,850.7066247847603
2016-09-15,876.2980005933208
2016-09-16,866.9300290424432
2016-09-17,834.9609583440441
2016-09-18,815.6876655726193
2016-09-19,776.7200262066444
2016-09-20,733.6874109585139
2016-09-21,738.2580032709346
2016-09-22,777.4290150052171
2016-09-23,807.9426085742025
2016-09-24,801.6601818023145
2016-09-25,754.8475601595807
2016-09-26,714.3848805567633
2016-09-27,718.4844948036334
2016-09-28,748.618942927588
2016-09-29,870.0770861600342
2016-09-30,1066.1577497516787
2016-10-01,1362.828125
2016-10-02,1638.1953125
2016-10-03,1852.421875
2016-10-04,2023.7109375
2016-10-05,2117.046875
2016-10-06,2138.4609375
2016-10-07,2206.1171875
2016-10-08,2418.671875
2016-10-09,2764.5625
2016-10-10,3143.15625
2016-10-11,3472.5234375
2016-10-12,3732.171875
2016-10-13,3850.7421875
2016-10-14,3793.8671875
2016-10-15,3635.1015625
2016-10-16,3437.2734375
2016-10-17,3221.828125
2016-10-18,2998.3359375
2016-10-19,2775.921875
2016-10-20,2562.0078125
2016-10-21,2359.421875
2016-10-22,2171.7109375
2016-10-23,2005.8515625
2016-10-24,1869.78125
2016-10-25,1766.5390625
2016-10-26,1707.015625
2016-10-27,1687.671875
2016-10-28,1660.921875
2016-10-29,1592.8046875
2016-10-30,1493.2578125
2016-10-31,1379.7109375
2016-11-01,1262.984375
2016-11-02,1152.15625
2016-11-03,1053.84375
2016-11-04,966.046875
2016-11-05,885.796875
2016-11-06,811.1640625
2016-11-07,742.4765625
2016-11-08,679.046875
2016-11-09,621.34375
2016-11-10,569.2734375
2016-11-11,521.84375
2016-11-12,478.078125
2016-11-13,437.421875
2016-11-14,399.734375
2016-11-15,364.953125
2016-11-16,332.921875
2016-11-17,303.2734375
2016-11-18,275.9140625
2016-11-19,250.71875
2016-11-20,227.453125
2016-11-21,206.046875
2016-11-22,186.3125
2016-11-23,168.1875
2016-11-24,151.53125
2016-11-25,136.171875
2016-11-26,122.09375
2016-11-27,109.3125
2016-11-28,97.734375
2016-11-29,87.28125
2016-11-30,77.84375
2016-12-01,69.328125
2016-12-02,61.671875
2016-12-03,54.796875
2016-12-04,48.65625
2016-12-05,43.203125
2016-12-06,38.375
2016-12-07,33.953125
2016-12-08,30.015625
2016-12-09,26.78125
2016-12-10,24.09375
2016-12-11,21.859375
2016-12-12,20.03125
2016-12-13,19.078125
2016-12-14,23.484375
2016-12-15,36.25
2016-12-16,44.09375
2016-12-17,44.453125
2016-12-18,42.171875
2016-12-19,39.5
2016-12-20,37.125
2016-12-21,35.0
2016-12-22,32.96875
2016-12-23,30.921875
2016-12-24,28.734375
2016-12-25,26.453125
2016-12-26,24.21875
2016-12-27,22.078125
2016-12-28,20.0625
2016-12-29,18.15625
2016-12-30,16.4375
2016-12-31,14.859375
2017-01-01,13.421875
2017-01-02,12.125
2017-01-03,10.96875
2017-01-04,9.9375
2017-01-05,9.0
2017-01-06,8.125
2017-01-07,7.34375
2017-01-08,6.65625
2017-01-09,6.046875
2017-01-10,5.515625
2017-01-11,5.03125
2017-01-12,4.59375
2017-01-13,4.1875
2017-01-14,4.09375
2017-01-15,8.375
2017-01-16,21.6875
2017-01-17,28.21875
2017-01-18,28.09375
2017-01-19,26.28125
2017-01-20,24.1875
2017-01-21,22.125
2017-01-22,20.15625
2017-01-23,18.3125
2017-01-24,16.59375
2017-01-25,14.96875
2017-01-26,13.5
2017-01-27,12.125
2017-01-28,10.9375
2017-01-29,9.875
2017-01-30,9.03125
2017-01-31,8.34375
2017-02-01,7.8125
2017-02-02,7.34375
2017-02-03,6.875
2017-02-04,6.40625
2017-02-05,5.90625
2017-02-06,5.40625
2017-02-07,4.9375
2017-02-08,4.5
2017-02-09,4.0625
2017-02-10,3.6875
2017-02-11,3.34375
2017-02-12,3.0625
2017-02-13,2.8125
2017-02-14,2.625
2017-02-15,2.53125
2017-02-16,2.5625
2017-02-17,2.6875
2017-02-18,2.84375
2017-02-19,2.9375
2017-02-20,2.90625
2017-02-21,2.78125
2017-02-22,2.625
2017-02-23,2.4375
2017-02-24,2.21875
2017-02-25,1.9999999999999998
2017-02-26,1.8125
2017-02-27,1.65625
2017-02-28,1.5
2017-03-01,1.375
2017-03-02,1.21875
2017-03-03,1.0625
2017-03-04,0.9375
2017-03-05,0.8125
2017-03-06,0.71875
2017-03-07,0.65625
2017-03-08,0.5625
2017-03-09,0.65625
2017-03-10,0.84375
2017-03-11,1.25
2017-03-12,1.9375
2017-03-13,2.90625
2017-03-14,4.0625
2017-03-15,5.5
2017-03-16,9.59375
2017-03-17,22.15625
2017-03-18,31.90625
2017-03-19,33.3125
2017-03-20,31.375
2017-03-21,28.625
2017-03-22,25.875
2017-03-23,23.34375
2017-03-24,21.03125
2017-03-25,19.15625
2017-03-26,17.78125
2017-03-27,16.71875
2017-03-28,15.65625
2017-03-29,14.40625
2017-03-30,13.0
2017-03-31,11.625
2017-04-01,10.25
2017-04-02,8.9375
2017-04-03,7.78125
2017-04-04,6.78125
2017-04-05,5.9375
2017-04-06,5.1875
2017-04-07,4.5
2017-04-08,3.90625
2017-04-09,3.375
2017-04-10,2.875
2017-04-11,2.4375
2017-04-12,2.03125
2017-04-13,1.65625
2017-04-14,1.34375
2017-04-15,1.0625
2017-04-16,0.8125
2017-04-17,0.59375
2017-04-18,0.40625
2017-04-19,0.25
2017-04-20,0.125
2017-04-21,0.03125
2017-04-22,0.0
2017-04-23,0.0
2017-04-24,0.0
2017-04-25,0.0
2017-04-26,0.0
2017-04-27,0.0
2017-04-28,0.0
2017-04-29,0.0
2017-04-30,0.0
2017-05-01,0.0
2017-05-02,0.0
2017-05-03,0.0
2017-05-04,0.0
2017-05-05,0.0
2017-05-06,0.0
2017-05-07,0.0
2017-05-08,0.0
2017-05-09,0.0
2017-05-10,0.0
2017-05-11,0.0
2017-05-12,0.0
2017-05-13,0.0
2017-05-14,0.0
2017-05-15,0.053959082601261706
2017-05-16,0.23507371755818193
2017-05-17,4.5234911877651625
2017-05-18,51.958965256706975
2017-05-19,104.02143925606445
2017-05-20,121.95317092868244
2017-05-21,149.1687887461334
2017-05-22,152.57358504302545
2017-05-23,162.6180605809474
2017-05-24,165.90785380520006
2017-05-25,168.89673439642607
2017-05-26,200.6275674564584
2017-05-27,247.35571283243402
2017-05-28,402.3751651913404
2017-05-29,547.1683205788023
2017-05-30,769.9696058122958
2017-05-31,1091.9459362948849
2017-06-01,1522.1363769291922
2017-06-02,1845.2281666151089
2017-06-03,2264.301055372085
2017-06-04,2639.9960395370153
2017-06-05,2892.461168656111
2017-06-06,3064.0756410697113
2017-06-07,3465.4551711646445
2017-06-08,3771.0239638577036
2017-06-09,4254.258965804181
2017-06-10,4974.579931520772
2017-06-11,6073.758465696052
2017-06-12,7323.919035156028
2017-06-13,8390.72678857261
2017-06-14,9147.410401426574
2017-06-15,9752.45624835243
2017-06-16,10085.12336463717
2017-06-17,10304.037222609013
2017-06-18,10405.526142476514
2017-06-19,10471.786396271022
2017-06-20,10447.605951449841
2017-06-21,10311.654838113407
2017-06-22,9985.04802486381
2017-06-23,9610.89028644056
2017-06-24,9232.479940306477
2017-06-25,8725.676277945493
2017-06-26,8223.875623067333
2017-06-27,7795.299043205601
2017-06-28,7541.593485671592
2017-06-29,7434.212076944915
2017-06-30,7252.785120904045
2017-07-01,7020.741696853655
2017-07-02,6566.12171996301
2017-07-03,6192.7515713326375
2017-07-04,5981.568564868046
2017-07-05,5724.237832705152
2017-07-06,5494.352769210373
2017-07-07,5335.407891277796
2017-07-08,5222.26126955367
2017-07-09,4894.426714452487
2017-07-10,4578.800581008175
2017-07-11,4385.78977541225
2017-07-12,4069.0815039571603
2017-07-13,4056.378911563063
2017-07-14,4359.06288511191
2017-07-15,4830.998756627778
2017-07-16,4999.794760066681
2017-07-17,4800.288222424621
2017-07-18,4542.925786358356
2017-07-19,4271.850348125567
2017-07-20,3971.0686608058504
2017-07-21,3725.533446240893
2017-07-22,3482.3517181245984
2017-07-23,3248.1899830245256
2017-07-24,3110.3479213383757
2017-07-25,3076.3256934883116
2017-07-26,3031.8315161708006
2017-07-27,2992.062103063418
2017-07-28,2899.187711633677
2017-07-29,2829.8440234669456
2017-07-30,2832.9687103467695
2017-07-31,2832.4764772970884
2017-08-01,2819.202622856299
2017-08-02,2797.8559826737746
2017-08-03,2774.415665644066
2017-08-04,2647.131919910721
2017-08-05,2507.826086011389
2017-08-06,2412.0353643981025
2017-08-07,2267.8072675661433
2017-08-08,2143.0295974803175
2017-08-09,2076.67369055742
2017-08-10,2028.4597619627543
2017-08-11,1983.6669278715865
2017-08-12,1905.4092559372887
2017-08-13,1787.251614096974
2017-08-14,1662.6471736806961
2017-08-15,1569.5553416262592
2017-08-16,1509.621052086247
2017-08-17,1419.161035206803
2017-08-18,1320.9141608508598
2017-08-19,1255.1153446247047
2017-08-20,1221.0755909367183
2017-08-21,1203.5040192438034
2017-08-22,1219.828923574385
2017-08-23,1211.909783528278
2017-08-24,1172.8825487957822
2017-08-25,1126.42038888587
2017-08-26,1062.0383881217065
2017-08-27,991.938753273618
2017-08-28,920.7369896872275
2017-08-29,857.7331097347301
2017-08-30,799.043938920601
2017-08-31,750.2809812735483
2017-09-01,746.4187361477162
2017-09-02,767.7881664911355
2017-09-03,804.4751118775534
2017-09-04,848.4482137128689
2017-09-05,894.6493469372587
2017-09-06,956.563974605895
2017-09-07,1039.7736272896482
2017-09-08,1148.192499712088
2017-09-09,1232.37769279094
2017-09-10,1250.9327277806965
2017-09-11,1274.8583203353737
2017-09-12,1265.1367509587967
2017-09-13,1228.2373311654003
2017-09-14,1243.673043422519
2017-09-15,1208.6469144982425
2017-09-16,1158.7753754280036
2017-09-17,1071.7062997840414
2017-09-18,979.6826132649967
2017-09-19,939.9863826898323
2017-09-20,936.382094214705
2017-09-21,988.9098224992816
2017-09-22,1028.4880690185437
2017-09-23,1000.7892635181843
2017-09-24,979.3878501617418
2017-09-25,965.1488279479273
2017-09-26,951.6753332299484
2017-09-27,963.2496583557362
2017-09-28,991.3013071791157
2017-09-29,994.9249439696649
2017-09-30,1014.3979780768849
2017-10-01,1039.375
2017-10-02,1063.453125
2017-10-03,1166.3515625
2017-10-04,1325.4375
2017-10-05,1459.9296875
2017-10-06,1507.09375
2017-10-07,1465.3984375
2017-10-08,1377.03125
2017-10-09,1272.953125
2017-10-10,1163.6953125
2017-10-11,1060.3046875
2017-10-12,969.2578125
2017-10-13,889.0078125
2017-10-14,817.765625
2017-10-15,753.3125
2017-10-16,692.71875
2017-10-17,635.9453125
2017-10-18,583.4140625
2017-10-19,534.78125
2017-10-20,489.625
2017-10-21,447.578125
2017-10-22,408.40625
2017-10-23,372.1875
2017-10-24,338.8203125
2017-10-25,308.03125
2017-10-26,279.4921875
2017-10-27,253.046875
2017-10-28,228.5546875
2017-10-29,205.90625
2017-10-30,184.9609375
2017-10-31,165.59375
2017-11-01,147.7265625
2017-11-02,131.5
2017-11-03,117.25
2017-11-04,105.6484375
2017-11-05,98.0
2017-11-06,98.4609375
2017-11-07,104.5234375
2017-11-08,112.9140625
2017-11-09,128.1875
2017-11-10,156.703125
2017-11-11,181.859375
2017-11-12,188.5625
2017-11-13,184.46875
2017-11-14,190.0390625
2017-11-15,211.1640625
2017-11-16,257.9375
2017-11-17,337.5703125
2017-11-18,439.0
2017-11-19,491.515625
2017-11-20,484.796875
2017-11-21,455.75
2017-11-22,421.5
2017-11-23,388.109375
2017-11-24,357.21875
2017-11-25,328.28125
2017-11-26,301.328125
2017-11-27,276.40625
2017-11-28,253.40625
2017-11-29,232.28125
2017-11-30,212.75
2017-12-01,194.59375
2017-12-02,177.640625
2017-12-03,161.96875
2017-12-04,147.5625
2017-12-05,134.3125
2017-12-06,122.15625
2017-12-07,110.953125
2017-12-08,100.625
2017-12-09,91.078125
2017-12-10,82.296875
2017-12-11,74.234375
2017-12-12,66.828125
2017-12-13,60.046875
2017-12-14,53.84375
2017-12-15,48.171875
2017-12-16,43.015625
2017-12-17,38.328125
2017-12-18,34.03125
2017-12-19,30.15625
2017-12-20,26.71875
2017-12-21,23.6875
2017-12-22,21.0
2017-12-23,18.59375
2017-12-24,16.484375
2017-12-25,14.640625
2017-12-26,13.015625
2017-12-27,11.609375
2017-12-28,10.359375
2017-12-29,9.28125
2017-12-30,8.296875
2017-12-31,7.453125
2018-01-01,6.703125
2018-01-02,6.046875
2018-01-03,5.453125
2018-01-04,4.9375
2018-01-05,4.484375
2018-01-06,4.0625
2018-01-07,3.671875
2018-01-08,3.34375
2018-01-09,3.0625
2018-01-10,2.796875
2018-01-11,2.5625
2018-01-12,2.359375
2018-01-13,2.171875
2018-01-14,2.015625
2018-01-15,1.859375
2018-01-16,1.734375
2018-01-17,1.625
2018-01-18,1.515625
2018-01-19,1.421875
2018-01-20,1.328125
2018-01-21,1.234375
2018-01-22,1.140625
2018-01-23,1.078125
2018-01-24,1.0
2018-01-25,0.9375
2018-01-26,0.875
2018-01-27,0.8125
2018-01-28,0.75
2018-01-29,0.6875
2018-01-30,0.65625
2018-01-31,0.59375
2018-02-01,0.5625
2018-02-02,0.53125
2018-02-03,0.5
2018-02-04,0.46875
2018-02-05,0.4375
2018-02-06,0.375
2018-02-07,0.34375
2018-02-08,0.3125
2018-02-09,0.3125
2018-02-10,0.28125
2018-02-11,0.25
2018-02-12,0.25
2018-02-13,0.21875
2018-02-14,0.21875
2018-02-15,0.1875
2018-02-16,0.1875
2018-02-17,0.15625
2018-02-18,0.15625
2018-02-19,0.125
2018-02-20,0.09375
2018-02-21,0.09375
2018-02-22,0.09375
2018-02-23,0.06249999999999999
2018-02-24,0.06249999999999999
2018-02-25,0.06249999999999999
2018-02-26,0.06249999999999999
2018-02-27,0.06249999999999999
2018-02-28,0.03125
2018-03-01,0.03125
2018-03-02,0.03125
2018-03-03,0.03125
2018-03-04,0.0
2018-03-05,0.0
2018-03-06,0.0
2018-03-07,0.0
2018-03-08,0.0
2018-03-09,0.0
2018-03-10,0.0
2018-03-11,0.0
2018-03-12,0.0
2018-03-13,0.0
2018-03-14,0.0
2018-03-15,0.0
2018-03-16,0.0
2018-03-17,0.0
2018-03-18,0.0
2018-03-19,0.0
2018-03-20,0.0
2018-03-21,0.0
2018-03-22,0.0
2018-03-23,0.0
2018-03-24,0.0
2018-03-25,0.0
2018-03-26,0.0
2018-03-27,0.0
2018-03-28,0.0
2018-03-29,0.0
2018-03-30,0.0
2018-03-31,0.0
2018-04-01,0.0
2018-04-02,0.0
2018-04-03,0.0
2018-04-04,0.0
2018-04-05,0.0
2018-04-06,0.0
2018-04-07,0.0
2018-04-08,0.0
2018-04-09,0.0
2018-04-10,0.0
2018-04-11,0.0
2018-04-12,0.0
2018-04-13,0.0
2018-04-14,0.0
2018-04-15,0.0
2018-04-16,0.0
2018-04-17,0.0
2018-04-18,0.0
2018-04-19,0.0
2018-04-20,0.0
2018-04-21,0.0
2018-04-22,0.0
2018-04-23,0.0
2018-04-24,0.0
2018-04-25,0.0
2018-04-26,0.0
2018-04-27,0.0
2018-04-28,0.0
2018-04-29,0.0
2018-04-30,0.0
2018-05-01,0.0
2018-05-02,0.0
2018-05-03,0.0
2018-05-04,0.0
2018-05-05,0.0
2018-05-06,0.0
2018-05-07,0.0
2018-05-08,0.0
2018-05-09,0.0
2018-05-10,0.0
2018-05-11,0.0
2018-05-12,0.0
2018-05-13,0.0
2018-05-14,0.0
2018-05-15,0.0
2018-05-16,0.0
2018-05-17,0.0
2018-05-18,0.0
2018-05-19,0.011309034097047371
2018-05-20,0.06165596322663081
2018-05-21,0.9513964651974688
2018-05-22,24.44745230658543
2018-05-23,38.26314923381637
2018-05-24,43.74844383139285
2018-05-25,51.22726922363758
2018-05-26,66.49772489372616
2018-05-27,86.33293638201518
2018-05-28,148.29386313876918
2018-05-29,220.85022419676932
2018-05-30,372.0414347686283
2018-05-31,615.2334299072382
2018-06-01,917.6600437404779
2018-06-02,1194.517857991167
2018-06-03,1612.156108203915
2018-06-04,2079.793042155722
2018-06-05,2479.169590346363
2018-06-06,2746.0047433864684
2018-06-07,3185.4787176236196
2018-06-08,3576.830248543288
2018-06-09,4040.8330345222753
2018-06-10,4470.421515420293
2018-06-11,4885.172661669553
2018-06-12,5350.111678532607
2018-06-13,6006.856001297136
2018-06-14,7144.1562331769355
2018-06-15,9423.694160272067
2018-06-16,12287.689718756908
2018-06-17,14347.731727744937
2018-06-18,15123.985783713992
2018-06-19,15092.996983682708
2018-06-20,14611.711402204182
2018-06-21,14031.716471527268
2018-06-22,13445.983285534834
2018-06-23,12919.672379455615
2018-06-24,12315.168364221341
2018-06-25,11511.92402429061
2018-06-26,10824.283794630579
2018-06-27,10299.74294001423
2018-06-28,9979.801347736342
2018-06-29,9877.942596971754
2018-06-30,9700.666481620396
2018-07-01,9455.76713237225
2018-07-02,8870.695601330568
2018-07-03,8285.682113533727
2018-07-04,7857.603382201385
2018-07-05,7337.263133205696
2018-07-06,6779.876579953809
2018-07-07,6244.343833392581
2018-07-08,5830.216794392745
2018-07-09,5290.472655573208
2018-07-10,4798.310829248849
2018-07-11,4424.0541591487745
2018-07-12,3932.073700689284
2018-07-13,3643.4992599606676
2018-07-14,3349.7877185897705
2018-07-15,3045.0689701695946
2018-07-16,2765.5015364924107
2018-07-17,2536.535057789696
2018-07-18,2433.1826563642408
2018-07-19,2373.8732779374504
2018-07-20,2320.2035977711466
2018-07-21,2361.6496904893147
2018-07-22,2473.464478243294
2018-07-23,2593.963058242987
2018-07-24,2640.8213075125473
2018-07-25,2575.584455817392
2018-07-26,2416.0242805674375
2018-07-27,2289.9468784773508
2018-07-28,2230.0980383862266
2018-07-29,2316.6564263550167
2018-07-30,2503.3790307795616
2018-07-31,2632.6526153966483
2018-08-01,2639.1178584916047
2018-08-02,2553.1586821793753
2018-08-03,2471.4279186272506
2018-08-04,2339.3443322565768
2018-08-05,2224.7812325076698
2018-08-06,2169.165606955016
2018-08-07,2105.9660792396094
2018-08-08,2043.3022649920977
2018-08-09,2002.2474705124082
2018-08-10,1924.7193422535624
2018-08-11,1823.4331838440987
2018-08-12,1724.6108938154234
2018-08-13,1611.5061100702621
2018-08-14,1488.9699625163307
2018-08-15,1385.5779714661235
2018-08-16,1327.488602838339
2018-08-17,1258.1044127793657
2018-08-18,1157.0048400257167
2018-08-19,1050.4086314323672
2018-08-20,953.343808902113
2018-08-21,876.1270065679762
2018-08-22,884.9853505672012
2018-08-23,1018.8102011654164
2018-08-24,1144.337433008742
2018-08-25,1313.5753746154226
2018-08-26,1484.0654748111801
2018-08-27,1523.0543000842188
2018-08-28,1497.7507898017038
2018-08-29,1491.4960043455606
2018-08-30,1487.0356563464886
2018-08-31,1454.404887030105
2018-09-01,1416.9467429642643
2018-09-02,1341.2531773735566
2018-09-03,1268.8994275433686
2018-09-04,1191.825543154479
2018-09-05,1122.3378134950221
2018-09-06,1057.9885277825879
2018-09-07,963.1294095362597
2018-09-08,872.1915428645639
2018-09-09,804.5232527125089
2018-09-10,728.475962390062
2018-09-11,704.8087819534395
2018-09-12,744.697152986291
2018-09-13,858.40063973549
2018-09-14,1040.9284363453794
2018-09-15,1215.2064113427214
2018-09-16,1474.3886982376264
2018-09-17,1834.8415419174269
2018-09-18,2226.4399200249245
2018-09-19,2731.5962801712517
2018-09-20,2953.017453667337
2018-09-21,2876.156943284754
2018-09-22,2775.838349917054
2018-09-23,2644.156602552324
2018-09-24,2555.782834332799
2018-09-25,2428.5086833297455
2018-09-26,2242.773470829053
2018-09-27,2141.4667663828996
2018-09-28,2138.563181905748
2018-09-29,2174.7819506908118
2018-09-30,2423.9757286663967
2018-10-01,2873.625
2018-10-02,3277.96875
2018-10-03,3589.46875
2018-10-04,3804.296875
2018-10-05,3883.484375
2018-10-06,3853.3671875
2018-10-07,3796.2734375
2018-10-08,3727.3359375
2018-10-09,3627.375
2018-10-10,3503.9375
2018-10-11,3378.5078125
2018-10-12,3254.8359375
2018-10-13,3098.5546875
2018-10-14,2900.3046875
2018-10-15,2677.734375
2018-10-16,2455.75
2018-10-17,2261.0234375
2018-10-18,2088.296875
2018-10-19,1924.921875
2018-10-20,1790.3125
2018-10-21,1700.0
2018-10-22,1601.8125
2018-10-23,1460.3984375
2018-10-24,1303.59375
2018-10-25,1160.984375
2018-10-26,1049.078125
2018-10-27,959.71875
2018-10-28,881.6796875
2018-10-29,810.421875
2018-10-30,744.53125
2018-10-31,683.4765625
2018-11-01,626.921875
2018-11-02,574.4765625
2018-11-03,525.71875
2018-11-04,480.5625
2018-11-05,438.609375
2018-11-06,399.671875
2018-11-07,363.7578125
2018-11-08,330.4453125
2018-11-09,299.5
2018-11-10,270.96875
2018-11-11,244.7421875
2018-11-12,220.578125
2018-11-13,198.3828125
2018-11-14,178.0
2018-11-15,159.2421875
2018-11-16,141.984375
2018-11-17,126.203125
2018-11-18,111.8671875
2018-11-19,98.984375
2018-11-20,87.4453125
2018-11-21,77.1328125
2018-11-22,67.9375
2018-11-23,59.765625
2018-11-24,52.515625
2018-11-25,46.15625
2018-11-26,40.59375
2018-11-27,35.71875
2018-11-28,31.46875
2018-11-29,27.75
2018-11-30,24.484375
2018-12-01,21.640625
2018-12-02,19.1875
2018-12-03,17.09375
2018-12-04,15.265625
2018-12-05,13.671875
2018-12-06,12.296875
2018-12-07,11.0625
2018-12-08,9.96875
2018-12-09,9.03125
2018-12-10,8.203125
2018-12-11,7.46875
2018-12-12,6.8125
2018-12-13,6.25
2018-12-14,5.75
2018-12-15,5.28125
2018-12-16,4.875
2018-12-17,4.5
2018-12-18,4.171875
2018-12-19,3.875
2018-12-20,3.59375
2018-12-21,3.34375
2018-12-22,3.109375
2018-12-23,2.875
2018-12-24,2.6875
2018-12-25,2.515625
2018-12-26,2.359375
2018-12-27,2.203125
2018-12-28,2.078125
2018-12-29,1.96875
2018-12-30,1.859375
2018-12-31,1.75
2019-01-01,1.65625
2019-01-02,1.5625
2019-01-03,1.5
2019-01-04,1.40625
2019-01-05,1.34375
2019-01-06,1.25
2019-01-07,1.15625
2019-01-08,1.0625
2019-01-09,1.0
2019-01-10,0.9375
2019-01-11,0.875
2019-01-12,0.8125
2019-01-13,0.78125
2019-01-14,0.75
2019-01-15,0.6875
2019-01-16,0.65625
2019-01-17,0.625
2019-01-18,0.59375
2019-01-19,0.5625
2019-01-20,0.53125
2019-01-21,0.53125
2019-01-22,0.5
2019-01-23,0.46875
2019-01-24,0.4375
2019-01-25,0.40625
2019-01-26,0.375
2019-01-27,0.375
2019-01-28,0.34375
2019-01-29,0.34375
2019-01-30,0.3125
2019-01-31,0.3125
2019-02-01,0.28125
2019-02-02,0.25
2019-02-03,0.21875
2019-02-04,0.1875
2019-02-05,0.15625
2019-02-06,0.15625
2019-02-07,0.125
2019-02-08,0.125
2019-02-09,0.09375
2019-02-10,0.09375
2019-02-11,0.09375
2019-02-12,0.09375
2019-02-13,0.06249999999999999
2019-02-14,0.06249999999999999
2019-02-15,0.06249999999999999
2019-02-16,0.06249999999999999
2019-02-17,0.03125
2019-02-18,0.03125
2019-02-19,0.03125
2019-02-20,0.03125
2019-02-21,0.03125
2019-02-22,0.0
2019-02-23,0.0
2019-02-24,0.0
2019-02-25,0.0
2019-02-26,0.0
2019-02-27,0.0
2019-02-28,0.0
2019-03-01,0.0
2019-03-02,0.0
2019-03-03,0.0
2019-03-04,0.0
2019-03-05,0.0
2019-03-06,0.0
2019-03-07,0.0
2019-03-08,0.0
2019-03-09,0.0
2019-03-10,0.0
2019-03-11,0.0
2019-03-12,0.0
2019-03-13,0.0
2019-03-14,0.0
2019-03-15,0.0
2019-03-16,0.0
2019-03-17,0.0
2019-03-18,0.0
2019-03-19,0.0
2019-03-20,0.0
2019-03-21,0.0
2019-03-22,0.0
2019-03-23,0.0
2019-03-24,0.0
2019-03-25,0.0
2019-03-26,0.0
2019-03-27,0.0
2019-03-28,0.0
2019-03-29,0.0
2019-03-30,0.0
2019-03-31,0.0
2019-04-01,0.0
2019-04-02,0.0
2019-04-03,0.0
2019-04-04,0.0
2019-04-05,0.0
2019-04-06,0.0
2019-04-07,0.0
2019-04-08,0.0
2019-04-09,0.0
2019-04-10,0.0
2019-04-11,0.0
2019-04-12,0.0
2019-04-13,0.0
2019-04-14,0.0
2019-04-15,0.0
2019-04-16,0.0
2019-04-17,0.0
2019-04-18,0.0
2019-04-19,0.03125
2019-04-20,0.375
2019-04-21,1.21875
2019-04-22,1.65625
2019-04-23,1.65625
2019-04-24,1.5
2019-04-25,1.25
2019-04-26,0.96875
2019-04-27,0.6875
2019-04-28,0.4375
2019-04-29,0.28125
2019-04-30,0.3125
2019-05-01,0.27382191448543514
2019-05-02,0.4745501547176765
2019-05-03,0.645940959409594
2019-05-04,0.8991344557742471
2019-05-05,0.9935346741957993
2019-05-06,28.36621663997491
2019-05-07,91.29711547301643
2019-05-08,102.3602009507095
2019-05-09,99.35142477605622
2019-05-10,91.5755250403877
2019-05-11,85.49984715454632
2019-05-12,81.89402571367776
2019-05-13,78.90092316477377
2019-05-14,81.64450288530897
2019-05-15,116.23987088025468
2019-05-16,187.9777324235408
2019-05-17,212.98550886254253
2019-05-18,170.7799209671036
2019-05-19,152.8668889664515
2019-05-20,137.97855495262277
2019-05-21,140.48390471178652
2019-05-22,117.75905689520295
2019-05-23,109.7209793946267
2019-05-24,123.38982818550049
2019-05-25,176.28134486765958
2019-05-26,327.6435314174968
2019-05-27,590.1721700212794
2019-05-28,1204.534609257095
2019-05-29,1809.5360073727543
2019-05-30,2640.0873953059668
2019-05-31,3824.87534207707
2019-06-01,5422.684379076082
2019-06-02,6669.198233193672
2019-06-03,8266.51975529671
2019-06-04,9405.637079115306
2019-06-05,9585.35436876643
2019-06-06,9026.485424331973
2019-06-07,8917.529976453543
2019-06-08,8573.252785918641
2019-06-09,8360.636426065485
2019-06-10,7985.579031860031
2019-06-11,7536.494325052824
2019-06-12,7096.098943314503
2019-06-13,6674.155739047994
2019-06-14,6242.544129492232
2019-06-15,5890.555028836008
2019-06-16,5498.605857834336
2019-06-17,5142.530473826941
2019-06-18,4781.231057631482
2019-06-19,4446.128312032404
2019-06-20,4140.011110833885
2019-06-21,3875.054446429621
2019-06-22,3628.3757067536085
2019-06-23,3418.262469281524
2019-06-24,3209.331390480957
2019-06-25,2969.3408722968193
2019-06-26,2772.1150008648965
2019-06-27,2617.6367946198798
2019-06-28,2514.764821429858
2019-06-29,2502.4050983665925
2019-06-30,2524.2535689777073
2019-07-01,2564.4667506657606
2019-07-02,2500.9154188502225
2019-07-03,2387.4049277805666
2019-07-04,2312.836315346687
2019-07-05,2224.0609832926966
2019-07-06,2113.573244148269
2019-07-07,1993.410017396721
2019-07-08,1899.9804059187982
2019-07-09,1752.6051973798196
2019-07-10,1612.3985968733355
2019-07-11,1503.200475820809
2019-07-12,1344.6666910472215
2019-07-13,1245.7191117907935
2019-07-14,1138.282581254159
2019-07-15,1025.3963768022593
2019-07-16,933.7033657810454
2019-07-17,889.6111954361531
2019-07-18,919.3528660982594
2019-07-19,994.6317010142114
2019-07-20,1066.7690128744257
2019-07-21,1152.072213061837
2019-07-22,1272.9049344864382
2019-07-23,1441.0778042901293
2019-07-24,1714.1440798833085
2019-07-25,2176.0268853617176
2019-07-26,2414.2092931022753
2019-07-27,2364.821537340326
2019-07-28,2216.7862190918095
2019-07-29,2110.292765465788
2019-07-30,2083.9126101144752
2019-07-31,2114.0000968472664
2019-08-01,2137.9511908051613
2019-08-02,2097.424228681501
2019-08-03,2013.5062932659184
2019-08-04,1878.9167393646399
2019-08-05,1802.6216796652095
2019-08-06,1793.2051674506072
2019-08-07,1744.0254230778198
2019-08-08,1687.3157152049425
2019-08-09,1633.0260076879895
2019-08-10,1543.6101027431898
2019-08-11,1466.8100969944157
2019-08-12,1418.2910107728692
2019-08-13,1364.7607858859997
2019-08-14,1341.699731034511
2019-08-15,1390.9886646241077
2019-08-16,1470.2060930518478
2019-08-17,1500.17948873481
2019-08-18,1485.283863081046
2019-08-19,1453.4216185018386
2019-08-20,1446.0430326897936
2019-08-21,1451.5842795567255
2019-08-22,1431.2495553215383
2019-08-23,1375.0806042727497
2019-08-24,1282.3468623791277
2019-08-25,1196.2891512253436
2019-08-26,1120.996190379772
2019-08-27,1038.3561436050793
2019-08-28,950.2549194643009
2019-08-29,878.4338912408459
2019-08-30,831.2759269165794
2019-08-31,819.6777766939388
2019-09-01,891.0823160278113
2019-09-02,1007.1631311499397
2019-09-03,1132.0316129226785
2019-09-04,1209.775150046643
2019-09-05,1252.150752026317
2019-09-06,1276.3188986903233
2019-09-07,1232.3863854887522
2019-09-08,1157.2538802249878
2019-09-09,1087.733161178183
2019-09-10,973.4597796677225
2019-09-11,890.3653601702366
2019-09-12,834.2036338986413
2019-09-13,799.1738201465054
2019-09-14,855.1513598494242
2019-09-15,908.1525463560905
2019-09-16,928.0262251537275
2019-09-17,905.3940737408371
2019-09-18,859.5988468870049
2019-09-19,828.5004480242753
2019-09-20,790.6636282064148
2019-09-21,761.0118549834741
2019-09-22,738.7410282145792
2019-09-23,689.7712164573521
2019-09-24,643.3503780428605
2019-09-25,593.5604820954671
2019-09-26,540.6376133630466
2019-09-27,508.61526299368035
2019-09-28,515.9080537120108
2019-09-29,579.0953749732001
2019-09-30,676.6620729588122
2019-10-01,728.3515625
2019-10-02,725.421875
2019-10-03,730.2421875
2019-10-04,744.2578125
2019-10-05,745.5546875
2019-10-06,717.515625
2019-10-07,668.5
2019-10-08,607.9609375
2019-10-09,548.609375
2019-10-10,498.0625
2019-10-11,454.296875
2019-10-12,414.8984375
2019-10-13,378.71875
2019-10-14,346.140625
2019-10-15,320.140625
2019-10-16,304.484375
2019-10-17,289.9921875
2019-10-18,268.5390625
2019-10-19,245.3203125
2019-10-20,223.4140625
2019-10-21,202.7421875
2019-10-22,183.6328125
2019-10-23,166.328125
2019-10-24,150.609375
2019-10-25,136.234375
2019-10-26,123.1171875
2019-10-27,111.1640625
2019-10-28,100.265625
2019-10-29,90.3359375
2019-10-30,81.2890625
2019-10-31,73.0390625
2019-11-01,65.5625
2019-11-02,58.796875
2019-11-03,52.6484375
2019-11-04,47.09375
2019-11-05,42.109375
2019-11-06,37.6171875
2019-11-07,33.5703125
2019-11-08,29.9375
2019-11-09,26.6875
2019-11-10,23.7421875
2019-11-11,21.125
2019-11-12,18.7890625
2019-11-13,16.703125
2019-11-14,14.8125
2019-11-15,13.140625
2019-11-16,11.7265625
2019-11-17,10.546875
2019-11-18,9.65625
2019-11-19,9.15625
2019-11-20,9.203125
2019-11-21,9.71875
2019-11-22,10.25
2019-11-23,10.390625
2019-11-24,10.0625
2019-11-25,9.453125
2019-11-26,8.671875
2019-11-27,7.84375
2019-11-28,7.078125
2019-11-29,6.390625
2019-11-30,5.78125
2019-12-01,5.234375
2019-12-02,4.75
2019-12-03,4.328125
2019-12-04,3.9375
2019-12-05,3.578125
2019-12-06,3.234375
2019-12-07,2.921875
2019-12-08,2.640625
2019-12-09,2.375
2019-12-10,2.140625
2019-12-11,1.9375
2019-12-12,1.765625
2019-12-13,1.625
2019-12-14,1.5
2019-12-15,1.375
2019-12-16,1.28125
2019-12-17,1.203125
2019-12-18,1.125
2019-12-19,1.0625
2019-12-20,1.0
2019-12-21,0.9375
2019-12-22,0.875
2019-12-23,0.8125
2019-12-24,0.765625
2019-12-25,0.71875
2019-12-26,0.6875
2019-12-27,0.640625
2019-12-28,0.609375
2019-12-29,0.578125
2019-12-30,0.546875
2019-12-31,0.53125
2020-01-01,0.5
2020-01-02,0.484375
2020-01-03,0.453125
2020-01-04,0.4375
2020-01-05,0.40625
2020-01-06,0.40625
2020-01-07,0.375
2020-01-08,0.375
2020-01-09,0.34375
2020-01-10,0.3125
2020-01-11,0.28125
2020-01-12,0.25
2020-01-13,0.21875
2020-01-14,0.21875
2020-01-15,0.1875
2020-01-16,0.15625
2020-01-17,0.15625
2020-01-18,0.125
2020-01-19,0.125
2020-01-20,0.125
2020-01-21,0.09375
2020-01-22,0.09375
2020-01-23,0.09375
2020-01-24,0.09375
2020-01-25,0.078125
2020-01-26,0.06249999999999999
2020-01-27,0.06249999999999999
2020-01-28,0.06249999999999999
2020-01-29,0.046875
2020-01-30,0.046875
2020-01-31,0.046875
2020-02-01,0.046875
2020-02-02,0.03125
2020-02-03,0.03125
2020-02-04,0.03125
2020-02-05,0.015625
2020-02-06,0.015625
2020-02-07,0.015625
2020-02-08,0.015625
2020-02-09,0.015625
2020-02-10,0.015625
2020-02-11,0.015625
2020-02-12,0.015625
2020-02-13,0.0
2020-02-14,0.0
2020-02-15,0.0
2020-02-16,0.0
2020-02-17,0.0
2020-02-18,0.0
2020-02-19,0.0
2020-02-20,0.0
2020-02-21,0.0
2020-02-22,0.0
2020-02-23,0.0
2020-02-24,0.0
2020-02-25,0.0
2020-02-26,0.0
2020-02-27,0.0
2020-02-28,0.0
2020-02-29,0.0
2020-03-01,0.0
2020-03-02,0.0
2020-03-03,0.0
2020-03-04,0.0
2020-03-05,0.0
2020-03-06,0.0
2020-03-07,0.0
2020-03-08,0.0
2020-03-09,0.0
2020-03-10,0.0
2020-03-11,0.0
2020-03-12,0.0
2020-03-13,0.0
2020-03-14,0.0
2020-03-15,0.0
2020-03-16,0.0
2020-03-17,0.0
2020-03-18,0.0
2020-03-19,0.0
2020-03-20,0.0
2020-03-21,0.0
2020-03-22,0.0
2020-03-23,0.0
2020-03-24,0.0
2020-03-25,0.0
2020-03-26,0.0
2020-03-27,0.0
2020-03-28,0.0
2020-03-29,0.0
2020-03-30,0.0
2020-03-31,0.0
2020-04-01,0.0
2020-04-02,0.0
2020-04-03,0.0
2020-04-04,0.0
2020-04-05,0.0
2020-04-06,0.0
2020-04-07,0.0
2020-04-08,0.0
2020-04-09,0.0
2020-04-10,0.0
2020-04-11,0.0
2020-04-12,0.0
2020-04-13,0.0
2020-04-14,0.0
2020-04-15,0.0
2020-04-16,0.0
2020-04-17,0.0
2020-04-18,0.0
2020-04-19,0.0
2020-04-20,0.0
2020-04-21,0.0
2020-04-22,0.0
2020-04-23,0.0
2020-04-24,0.0
2020-04-25,0.0
2020-04-26,0.0
2020-04-27,0.0
2020-04-28,0.0
2020-04-29,0.0
2020-04-30,0.0
2020-05-01,0.0
2020-05-02,0.0
2020-05-03,0.0
2020-05-04,0.0
2020-05-05,0.0
2020-05-06,0.0
2020-05-07,0.0
2020-05-08,0.0
2020-05-09,0.4535947978289419
2020-05-10,2.0024099016272876
2020-05-11,6.36435307029824
2020-05-12,15.089204365205251
2020-05-13,48.431335657610006
2020-05-14,196.0346058605035
2020-05-15,317.1382051906907
2020-05-16,443.95516492546074
2020-05-17,403.0136496647997
2020-05-18,333.8283500785322
2020-05-19,273.7291108677254
2020-05-20,264.8178658982685
2020-05-21,215.57270997379078
2020-05-22,190.53713497481084
2020-05-23,183.9229630454013
2020-05-24,192.68758786038927
2020-05-25,248.937941656058
2020-05-26,338.349089638368
2020-05-27,579.7645973553435
2020-05-28,794.0455928853085
2020-05-29,1132.0721654132326
2020-05-30,1654.6798681468126
2020-05-31,2382.2801333421603
2020-06-01,2964.7333445114296
2020-06-02,3701.226932659352
2020-06-03,4408.120495292225
2020-06-04,5062.161372272092
2020-06-05,5656.40103123923
2020-06-06,6721.923519289985
2020-06-07,7516.959940660026
2020-06-08,8234.457139219698
2020-06-09,8729.507520518071
2020-06-10,9074.612883409625
2020-06-11,9283.17805554398
2020-06-12,9300.840355363845
2020-06-13,9082.598682486436
2020-06-14,8821.61267799441
2020-06-15,8409.294616531124
2020-06-16,8003.091913595391
2020-06-17,7586.578130676367
2020-06-18,7214.052028155956
2020-06-19,6848.05626317093
2020-06-20,6484.040818966224
2020-06-21,6114.990885213637
2020-06-22,5787.550402190569
2020-06-23,5466.7663044527935
2020-06-24,5127.943284974706
2020-06-25,4876.882189688918
2020-06-26,4664.091472287548
2020-06-27,4477.7764368823555
2020-06-28,4399.908560225919
2020-06-29,4355.885852143096
2020-06-30,4271.646294225291
2020-07-01,4005.261424331323
2020-07-02,3782.8267792819224
2020-07-03,3736.695506973682
2020-07-04,3699.9862402275076
2020-07-05,3653.9118801699697
2020-07-06,3703.935361492075
2020-07-07,3922.354933789045
2020-07-08,3969.870587283873
2020-07-09,3873.36800953566
2020-07-10,3728.4083497915112
2020-07-11,3396.658397843447
2020-07-12,3197.8452102734527
2020-07-13,3020.75568920537
2020-07-14,2885.4340830023807
2020-07-15,2848.1740834822144
2020-07-16,2904.458327923137
2020-07-17,3014.6811962982156
2020-07-18,3034.2931986948456
2020-07-19,2951.667678242198
2020-07-20,2904.214541510734
2020-07-21,2906.3751933091894
2020-07-22,2883.619200920937
2020-07-23,2796.5041892262975
2020-07-24,2653.5758385323284
2020-07-25,2444.842402151684
2020-07-26,2258.154032066673
2020-07-27,2068.767151984568
2020-07-28,1891.75886838723
2020-07-29,1722.6572329734904
2020-07-30,1605.4897962226612
2020-07-31,1583.180230551126
2020-08-01,1643.7917943197428
2020-08-02,1807.626576428349
2020-08-03,1902.9978855654263
2020-08-04,1882.2381354074644
2020-08-05,1843.0033358298817
2020-08-06,1759.936775862731
2020-08-07,1697.237349905948
2020-08-08,1667.264661654893
2020-08-09,1626.5105184377014
2020-08-10,1587.837257155404
2020-08-11,1560.1073568488869
2020-08-12,1504.3317466157957
2020-08-13,1407.5705523790725
2020-08-14,1312.7130500860233
2020-08-15,1248.3108647992397
2020-08-16,1171.936013244892
2020-08-17,1082.5584587042267
2020-08-18,1009.6712440928327
2020-08-19,953.2234589763675
2020-08-20,898.6641175950172
2020-08-21,855.3328114087343
2020-08-22,836.0216022460833
2020-08-23,866.3524232721129
2020-08-24,984.3243699914351
2020-08-25,1144.419386050277
2020-08-26,1256.6755565523372
2020-08-27,1361.5855399382679
2020-08-28,1458.352346213037
2020-08-29,1484.5144222092983
2020-08-30,1451.5977661315892
2020-08-31,1430.6929954195623
2020-09-01,1395.2255703745136
2020-09-02,1367.5407780766473
2020-09-03,1324.4771868710836
2020-09-04,1286.9915634861268
2020-09-05,1308.0507670140182
2020-09-06,1344.1717726170436
2020-09-07,1361.2319085677673
2020-09-08,1433.1119257425344
2020-09-09,1412.762128812722
2020-09-10,1365.9385811239733
2020-09-11,1310.779829664858
2020-09-12,1230.2425764402653
2020-09-13,1218.0070118282404
2020-09-14,1210.8820023119167
2020-09-15,1265.220250176791
2020-09-16,1372.3490089322138
2020-09-17,1515.2972863849714
2020-09-18,1636.6188373199748
2020-09-19,1653.6168350270536
2020-09-20,1615.8104247913795
2020-09-21,1570.442055787607
2020-09-22,1477.3035628595446
2020-09-23,1400.6830779918062
2020-09-24,1309.5780425913567
2020-09-25,1187.8183421483884
2020-09-26,1095.4042161354173
2020-09-27,1035.911225589718
2020-09-28,951.8739040117471
2020-09-29,890.8299963698822
2020-09-30,823.2416264081963
2020-10-01,786.9375
2020-10-02,731.7890625
2020-10-03,676.1796875
2020-10-04,622.9921875
2020-10-05,574.6875
2020-10-06,530.9375
2020-10-07,490.4609375
2020-10-08,452.8359375
2020-10-09,426.6796875
2020-10-10,411.6171875
2020-10-11,402.1171875
2020-10-12,394.4453125
2020-10-13,382.078125
2020-10-14,361.171875
2020-10-15,343.59375
2020-10-16,334.9765625
2020-10-17,346.0
2020-10-18,402.6875
2020-10-19,491.734375
2020-10-20,528.34375
2020-10-21,522.0703125
2020-10-22,512.890625
2020-10-23,522.0234375
2020-10-24,531.1484375
2020-10-25,517.75
2020-10-26,489.125
2020-10-27,453.65625
2020-10-28,417.1640625
2020-10-29,383.015625
2020-10-30,351.7421875
2020-10-31,322.90625
2020-11-01,296.1796875
2020-11-02,271.28125
2020-11-03,248.0625
2020-11-04,226.28125
2020-11-05,207.4765625
2020-11-06,188.546875
2020-11-07,171.015625
2020-11-08,155.40625
2020-11-09,141.296875
2020-11-10,128.15625
2020-11-11,115.9140625
2020-11-12,104.5390625
2020-11-13,93.9765625
2020-11-14,84.3359375
2020-11-15,75.515625
2020-11-16,67.703125
2020-11-17,61.2265625
2020-11-18,55.3984375
2020-11-19,50.046875
2020-11-20,45.375
2020-11-21,41.6796875
2020-11-22,38.9296875
2020-11-23,36.578125
2020-11-24,34.0
2020-11-25,31.0390625
2020-11-26,28.0234375
2020-11-27,25.1171875
2020-11-28,22.4375
2020-11-29,20.03125
2020-11-30,17.8828125
2020-12-01,15.9765625
2020-12-02,14.28125
2020-12-03,12.7890625
2020-12-04,11.4609375
2020-12-05,10.2734375
2020-12-06,9.2265625
2020-12-07,8.296875
2020-12-08,7.46875
2020-12-09,6.7421875
2020-12-10,6.09375
2020-12-11,5.5234375
2020-12-12,4.9765625
2020-12-13,4.4765625
2020-12-14,4.0234375
2020-12-15,3.6328125
2020-12-16,3.296875
2020-12-17,2.984375
2020-12-18,2.71875
2020-12-19,2.5
2020-12-20,2.296875
2020-12-21,2.125
2020-12-22,1.96875
2020-12-23,1.828125
2020-12-24,1.703125
2020-12-25,1.59375
2020-12-26,1.484375
2020-12-27,1.390625
2020-12-28,1.265625
2020-12-29,1.140625
2020-12-30,1.046875
2020-12-31,0.96875
2021-01-01,0.890625
2021-01-02,0.8125
2021-01-03,0.734375
2021-01-04,0.671875
2021-01-05,0.625
2021-01-06,0.59375
2021-01-07,0.5625
2021-01-08,0.546875
2021-01-09,0.515625
2021-01-10,0.5
2021-01-11,0.46875
2021-01-12,0.453125
2021-01-13,0.421875
2021-01-14,0.40625
2021-01-15,0.390625
2021-01-16,0.375
2021-01-17,0.359375
2021-01-18,0.34375
2021-01-19,0.328125
2021-01-20,0.3125
2021-01-21,0.296875
2021-01-22,0.265625
2021-01-23,0.25
2021-01-24,0.234375
2021-01-25,0.21875
2021-01-26,0.203125
2021-01-27,0.1875
2021-01-28,0.171875
2021-01-29,0.15625
2021-01-30,0.140625
2021-01-31,0.125
2021-02-01,0.09375
2021-02-02,0.09375
2021-02-03,0.06249999999999999
2021-02-04,0.06249999999999999
2021-02-05,0.03125
2021-02-06,0.03125
2021-02-07,0.03125
2021-02-08,0.03125
2021-02-09,0.0
2021-02-10,0.0
2021-02-11,0.0
2021-02-12,0.0
2021-02-13,0.0
2021-02-14,0.0
2021-02-15,0.0
2021-02-16,0.0
2021-02-17,0.0
2021-02-18,0.0
2021-02-19,0.0
2021-02-20,0.0
2021-02-21,0.0
2021-02-22,0.0
2021-02-23,0.0
2021-02-24,0.0
2021-02-25,0.0
2021-02-26,0.0
2021-02-27,0.0
2021-02-28,0.0
2021-03-01,0.0
2021-03-02,0.0
2021-03-03,0.0
2021-03-04,0.0
2021-03-05,0.0
2021-03-06,0.0
2021-03-07,0.0
2021-03-08,0.0
2021-03-09,0.0
2021-03-10,0.0
2021-03-11,0.0
2021-03-12,0.0
2021-03-13,0.0
2021-03-14,0.0
2021-03-15,0.0
2021-03-16,0.0
2021-03-17,0.0
2021-03-18,0.0
2021-03-19,0.0
2021-03-20,0.0
2021-03-21,0.0
2021-03-22,0.0
2021-03-23,0.0
2021-03-24,0.0
2021-03-25,0.0
2021-03-26,0.0
2021-03-27,0.0
2021-03-28,0.0
2021-03-29,0.0
2021-03-30,0.0
2021-03-31,0.0
2021-04-01,0.0
2021-04-02,0.0
2021-04-03,0.0
2021-04-04,0.0
2021-04-05,0.0
2021-04-06,0.0
2021-04-07,0.0
2021-04-08,0.0
2021-04-09,0.0
2021-04-10,0.0
2021-04-11,0.0
2021-04-12,0.0
2021-04-13,0.0
2021-04-14,0.0
2021-04-15,0.0
2021-04-16,0.0
2021-04-17,0.0
2021-04-18,0.0
2021-04-19,0.0
2021-04-20,0.0
2021-04-21,0.0
2021-04-22,0.0
2021-04-23,0.0
2021-04-24,0.0
2021-04-25,0.0
2021-04-26,0.0
2021-04-27,0.0
2021-04-28,0.0
2021-04-29,0.0
2021-04-30,0.0
2021-05-01,0.0
2021-05-02,0.0
2021-05-03,0.0
2021-05-04,0.0
2021-05-05,0.0
2021-05-06,0.0
2021-05-07,0.0
2021-05-08,0.0
2021-05-09,0.0
2021-05-10,0.0
2021-05-11,0.0
2021-05-12,0.01898231624687819
2021-05-13,0.05882875452065222
2021-05-14,0.09449086318826644
2021-05-15,0.24660692176168852
2021-05-16,1.3758072377238937
2021-05-17,5.106159341304311
2021-05-18,16.401999208471747
2021-05-19,67.18987601073688
2021-05-20,109.5383586952313
2021-05-21,142.35216464940763
2021-05-22,139.24968880082682
2021-05-23,147.79052922085003
2021-05-24,176.4091036821279
2021-05-25,212.07969503281558
2021-05-26,303.136342712146
2021-05-27,452.10638103880524
2021-05-28,850.2902846381085
2021-05-29,1255.992915534488
2021-05-30,1863.9403575579117
2021-05-31,2765.5763230110992
2021-06-01,3931.551734080332
2021-06-02,4779.182073892891
2021-06-03,5900.771074072749
2021-06-04,7007.609345896079
2021-06-05,7895.023401823557
2021-06-06,8317.294440845626
2021-06-07,8949.167315703678
2021-06-08,9149.723911898081
2021-06-09,9410.254211190342
2021-06-10,9446.283964429866
2021-06-11,9330.446811875427
2021-06-12,9107.881507370554
2021-06-13,8839.600522556744
2021-06-14,8595.442119997007
2021-06-15,8462.878978194876
2021-06-16,8185.795186577196
2021-06-17,7911.016664400263
2021-06-18,7638.235852932099
2021-06-19,7429.167416579319
2021-06-20,7276.540110008073
2021-06-21,7167.601062213287
2021-06-22,6986.198815251357
2021-06-23,6763.047045202506
2021-06-24,6492.314338874238
2021-06-25,6143.948098322599
2021-06-26,5855.276397143938
2021-06-27,5582.7837680786315
2021-06-28,5333.888796907674
2021-06-29,5154.687206208113
2021-06-30,4948.05201481046
2021-07-01,4725.73777591972
2021-07-02,4333.611420772168
2021-07-03,3994.1072525026543
2021-07-04,3789.539994534747
2021-07-05,3537.374918863489
2021-07-06,3244.060659118991
2021-07-07,2966.674487932837
2021-07-08,2769.3452083840702
2021-07-09,2546.3096878203746
2021-07-10,2364.300001865633
2021-07-11,2229.6226656340223
2021-07-12,2009.4482536130906
2021-07-13,1879.6112886888475
2021-07-14,1740.104564502885
2021-07-15,1591.867673245013
2021-07-16,1455.8180784521096
2021-07-17,1339.2903214970174
2021-07-18,1297.1135257592969
2021-07-19,1301.6266470338326
2021-07-20,1321.2025018288232
2021-07-21,1381.7389999775141
2021-07-22,1459.361949292672
2021-07-23,1528.9748885959746
2021-07-24,1561.216034863586
2021-07-25,1556.393792129651
2021-07-26,1541.6713878084875
2021-07-27,1606.6929966611913
2021-07-28,1765.6619053279187
2021-07-29,2061.472253779698
2021-07-30,2395.4492342287976
2021-07-31,2600.0922163212053
2021-08-01,2618.5351488584706
2021-08-02,2513.7214622282645
2021-08-03,2406.989382228968
2021-08-04,2264.985563185156
2021-08-05,2185.639867914229
2021-08-06,2247.5526721149245
2021-08-07,2331.736810005522
2021-08-08,2448.329226641877
2021-08-09,2558.7228254570414
2021-08-10,2533.0291493092354
2021-08-11,2422.80918105556
2021-08-12,2274.554108471009
2021-08-13,2077.2870866789594
2021-08-14,1860.4272124135828
2021-08-15,1708.7564653463407
2021-08-16,1641.3891696347112
2021-08-17,1606.3677856134577
2021-08-18,1612.0106151341242
2021-08-19,1671.6269521367226
2021-08-20,1775.0663574637354
2021-08-21,1786.2530997345496
2021-08-22,1704.4737054921036
2021-08-23,1608.1180187513794
2021-08-24,1504.802803624766
2021-08-25,1433.6957001705207
2021-08-26,1420.290412494318
2021-08-27,1434.6306049426885
2021-08-28,1461.6355798575928
2021-08-29,1486.0258837947563
2021-08-30,1499.0247881514974
2021-08-31,1512.2421704485876
2021-09-01,1556.7382333665325
2021-09-02,1561.7704786512504
2021-09-03,1562.3297182540844
2021-09-04,1555.9798799723947
2021-09-05,1561.27558287006
2021-09-06,1598.2671143964446
2021-09-07,1594.2559625313409
2021-09-08,1552.3166958560294
2021-09-09,1534.822426863921
2021-09-10,1484.373394759536
2021-09-11,1471.0910455415096
2021-09-12,1468.7939319717966
2021-09-13,1418.8404817037065
2021-09-14,1395.903628158728
2021-09-15,1324.538300017204
2021-09-16,1267.3761858084008
2021-09-17,1214.5389842031611
2021-09-18,1195.562898354756
2021-09-19,1239.8275830628056
2021-09-20,1274.098966593965
2021-09-21,1295.613070608815
2021-09-22,1328.8314695237088
2021-09-23,1308.3153247328808
2021-09-24,1272.4028086696155
2021-09-25,1223.0101916474005
2021-09-26,1158.9590498827226
2021-09-27,1105.221032543764
2021-09-28,1056.1688696988801
2021-09-29,994.8735353583199
2021-09-30,973.9169927292803
2021-10-01,952.6015625
2021-10-02,884.078125
2021-10-03,812.7578125
2021-10-04,752.3515625
2021-10-05,708.09375
2021-10-06,691.34375
2021-10-07,693.984375
2021-10-08,675.8359375
2021-10-09,637.9453125
2021-10-10,593.1171875
2021-10-11,545.3046875
2021-10-12,498.640625
2021-10-13,455.34375
2021-10-14,415.3984375
2021-10-15,378.4609375
2021-10-16,344.2421875
2021-10-17,312.515625
2021-10-18,283.046875
2021-10-19,255.6953125
2021-10-20,230.6953125
2021-10-21,207.7421875
2021-10-22,186.859375
2021-10-23,168.015625
2021-10-24,150.953125
2021-10-25,135.5703125
2021-10-26,121.6640625
2021-10-27,109.0234375
2021-10-28,97.5546875
2021-10-29,87.1875
2021-10-30,77.7890625
2021-10-31,69.3125
2021-11-01,61.6875
2021-11-02,54.828125
2021-11-03,48.671875
2021-11-04,43.15625
2021-11-05,38.25
2021-11-06,33.8984375
2021-11-07,30.03125
2021-11-08,26.625
2021-11-09,23.609375
2021-11-10,20.96875
2021-11-11,18.671875
2021-11-12,16.640625
2021-11-13,14.8671875
2021-11-14,13.2890625
2021-11-15,11.875
2021-11-16,10.609375
2021-11-17,9.484375
2021-11-18,8.4921875
2021-11-19,7.6640625
2021-11-20,6.953125
2021-11-21,6.34375
2021-11-22,5.8046875
2021-11-23,5.3203125
2021-11-24,4.8828125
2021-11-25,4.4921875
2021-11-26,4.125
2021-11-27,3.796875
2021-11-28,3.5
2021-11-29,3.21875
2021-11-30,2.984375
2021-12-01,2.75
2021-12-02,2.546875
2021-12-03,2.34375
2021-12-04,2.15625
2021-12-05,1.9999999999999998
2021-12-06,1.84375
2021-12-07,1.71875
2021-12-08,1.609375
2021-12-09,1.5
2021-12-10,1.40625
2021-12-11,1.328125
2021-12-12,1.25
2021-12-13,1.1875
2021-12-14,1.109375
2021-12-15,1.015625
2021-12-16,0.9375
2021-12-17,0.890625
2021-12-18,0.84375
2021-12-19,0.78125
2021-12-20,0.734375
2021-12-21,0.703125
2021-12-22,0.65625
2021-12-23,0.609375
2021-12-24,0.5625
2021-12-25,0.53125
2021-12-26,0.5
2021-12-27,0.46875
2021-12-28,0.4375
2021-12-29,0.40625
2021-12-30,0.375
2021-12-31,0.34375
2022-01-01,0.328125
2022-01-02,0.296875
2022-01-03,0.25
2022-01-04,0.21875
2022-01-05,0.203125
2022-01-06,0.1875
2022-01-07,0.15625
2022-01-08,0.15625
2022-01-09,0.125
2022-01-10,0.125
2022-01-11,0.125
2022-01-12,0.09375
2022-01-13,0.09375
2022-01-14,0.09375
2022-01-15,0.078125
2022-01-16,0.203125
2022-01-17,1.875
2022-01-18,4.546875
2022-01-19,5.46875
2022-01-20,5.359375
2022-01-21,4.953125
2022-01-22,4.484375
2022-01-23,4.015625
2022-01-24,3.59375
2022-01-25,3.21875
2022-01-26,2.875
2022-01-27,2.5625
2022-01-28,2.28125
2022-01-29,2.046875
2022-01-30,1.828125
2022-01-31,1.640625
2022-02-01,1.4375
2022-02-02,1.234375
2022-02-03,1.078125
2022-02-04,0.953125
2022-02-05,0.875
2022-02-06,0.875
2022-02-07,0.953125
2022-02-08,1.0625
2022-02-09,1.1875
2022-02-10,1.25
2022-02-11,1.28125
2022-02-12,1.265625
2022-02-13,1.21875
2022-02-14,1.171875
2022-02-15,1.109375
2022-02-16,1.046875
2022-02-17,0.96875
2022-02-18,0.90625
2022-02-19,0.84375
2022-02-20,0.78125
2022-02-21,0.75
2022-02-22,0.6875
2022-02-23,0.625
2022-02-24,0.5625
2022-02-25,0.5
2022-02-26,0.4375
2022-02-27,0.375
2022-02-28,0.3125
2022-03-01,0.28125
2022-03-02,0.25
2022-03-03,0.21875
2022-03-04,0.1875
2022-03-05,0.15625
2022-03-06,0.125
2022-03-07,0.09375
2022-03-08,0.06249999999999999
2022-03-09,0.06249999999999999
2022-03-10,0.03125
2022-03-11,0.03125
2022-03-12,0.0
2022-03-13,0.0
2022-03-14,0.0
2022-03-15,0.0
2022-03-16,0.0
2022-03-17,0.0
2022-03-18,0.0
2022-03-19,0.0
2022-03-20,0.0
2022-03-21,0.0
2022-03-22,0.0
2022-03-23,0.0
2022-03-24,0.0
2022-03-25,0.0
2022-03-26,0.0
2022-03-27,0.0
2022-03-28,0.0
2022-03-29,0.0
2022-03-30,0.0
2022-03-31,0.0
2022-04-01,0.0
2022-04-02,0.0
2022-04-03,0.0
2022-04-04,0.0
2022-04-05,0.0
2022-04-06,0.0
2022-04-07,0.0
2022-04-08,0.0
2022-04-09,0.0
2022-04-10,0.0
2022-04-11,0.0
2022-04-12,0.0
2022-04-13,0.0
2022-04-14,0.0
2022-04-15,0.0
2022-04-16,0.0
2022-04-17,0.0
2022-04-18,0.0
2022-04-19,0.0
2022-04-20,0.0
2022-04-21,0.0
2022-04-22,0.0
2022-04-23,0.0
2022-04-24,0.0
2022-04-25,0.0
2022-04-26,0.0
2022-04-27,0.0
2022-04-28,0.0
2022-04-29,0.09375
2022-04-30,0.15625
2022-05-01,0.06648447695549063
2022-05-02,0.0
2022-05-03,0.07767527675276753
2022-05-04,23.501576950438697
2022-05-05,53.01531311465007
2022-05-06,58.90035781881712
2022-05-07,59.357966351015904
2022-05-08,62.72627642635488
2022-05-09,71.50919051089741
2022-05-10,84.66266954126519
2022-05-11,111.36467661119796
2022-05-12,168.0725039477663
2022-05-13,276.63847154368375
2022-05-14,446.4786727578745
2022-05-15,654.9795530923883
2022-05-16,886.0514499817225
2022-05-17,1091.1663022152163
2022-05-18,1047.9577929553984
2022-05-19,986.3899645151376
2022-05-20,872.1397246975657
2022-05-21,878.5160086508963
2022-05-22,733.850108348703
2022-05-23,657.4421506077723
2022-05-24,645.9819039849334
2022-05-25,704.4751147575269
2022-05-26,961.0938053284599
2022-05-27,1364.0643001906803
2022-05-28,2310.8374288510277
2022-05-29,2928.551384494072
2022-05-30,3676.406195553855
2022-05-31,4635.45814465389
2022-06-01,5743.888456083424
2022-06-02,6117.805118177977
2022-06-03,6491.528218365006
2022-06-04,6455.956336230156
2022-06-05,6032.95498914411
2022-06-06,5405.2100415027
2022-06-07,5155.610804202139
2022-06-08,4830.896416771886
2022-06-09,4650.402511222375
2022-06-10,4452.622536779034
2022-06-11,4262.2374490238535
2022-06-12,4090.418907617271
2022-06-13,3924.1232002954366
2022-06-14,3750.8132764469174
2022-06-15,3607.9247407797952
2022-06-16,3416.513651089304
2022-06-17,3248.1620976419986
2022-06-18,3116.0367887450107
2022-06-19,2993.1690102939892
2022-06-20,2867.985159710978
2022-06-21,2792.3125273755163
2022-06-22,2777.721037522826
2022-06-23,2816.3585055317867
2022-06-24,2857.6741733073563
2022-06-25,2845.3309189951588
2022-06-26,2835.3930392659945
2022-06-27,2876.947597251559
2022-06-28,2982.8400016564287
2022-06-29,3112.7632060928213
2022-06-30,3186.1363509397224
2022-07-01,3189.224889824776
2022-07-02,3006.8774250010397
2022-07-03,2860.377556920539
2022-07-04,2915.459605044289
2022-07-05,3049.6332531715716
2022-07-06,3165.9946294454517
2022-07-07,3143.4922298684914
2022-07-08,3026.3327276920136
2022-07-09,2822.172015684094
2022-07-10,2723.424587416396
2022-07-11,2747.497094355389
2022-07-12,2719.146383713932
2022-07-13,2824.6577362824314
2022-07-14,2794.2780658893557
2022-07-15,2630.120246910629
2022-07-16,2508.314758493219
2022-07-17,2508.5963273994844
2022-07-18,2560.999687771666
2022-07-19,2516.798147327999
2022-07-20,2406.9172432571036
2022-07-21,2312.3663547276055
2022-07-22,2202.8674664520727
2022-07-23,2062.538197094524
2022-07-24,1920.4522771249956
2022-07-25,1792.600651177016
2022-07-26,1681.1483253030103
2022-07-27,1619.6801795426109
2022-07-28,1546.9856528768034
2022-07-29,1495.3887906614
2022-07-30,1490.8399044601117
2022-07-31,1523.548434464292
2022-08-01,1545.779941095798
2022-08-02,1518.9931085231626
2022-08-03,1487.2770054125203
2022-08-04,1421.6831553928766
2022-08-05,1354.4193609257507
2022-08-06,1297.640453920964
2022-08-07,1214.163168775261
2022-08-08,1187.3732009863143
2022-08-09,1221.2691030611863
2022-08-10,1232.4032061269943
2022-08-11,1200.4476946752102
2022-08-12,1176.5083380434082
2022-08-13,1139.3338713949722
2022-08-14,1070.4521512599163
2022-08-15,1006.691422520537
2022-08-16,973.032227504983
2022-08-17,959.8907833057079
2022-08-18,967.8287044414071
2022-08-19,988.9402614052241
2022-08-20,987.763887665296
2022-08-21,959.3409549755114
2022-08-22,923.2114841963202
2022-08-23,889.6045868628672
2022-08-24,870.3827062104662
2022-08-25,892.1346099109101
2022-08-26,968.222085950999
2022-08-27,1107.2785404223441
2022-08-28,1275.8731534512674
2022-08-29,1435.5360120601645
2022-08-30,1568.1198731638722
2022-08-31,1744.5711482097352
2022-09-01,2170.454196807705
2022-09-02,2710.961019470617
2022-09-03,3141.545812086425
2022-09-04,3276.6453917893205
2022-09-05,3190.2717020114123
2022-09-06,3141.1499157082408
2022-09-07,3127.053168571665
2022-09-08,3093.9484215078737
2022-09-09,3031.5971738045428
2022-09-10,2810.8682279507175
2022-09-11,2654.982767244351
2022-09-12,2541.3765100242795
2022-09-13,2388.4027844574384
2022-09-14,2341.4838609371454
2022-09-15,2270.2789196610106
2022-09-16,2262.315576249422
2022-09-17,2250.038341728805
2022-09-18,2248.3084612352895
2022-09-19,2323.8994334940235
2022-09-20,2339.424440813731
2022-09-21,2298.719786288045
2022-09-22,2272.8207019645797
2022-09-23,2280.4752304871654
2022-09-24,2411.8021217374385
2022-09-25,2512.5801800208224
2022-09-26,2476.6891343700654
2022-09-27,2388.8785668472037
2022-09-28,2274.592593284404
2022-09-29,2099.035033917362
2022-09-30,2000.6058106126993
2022-10-01,1920.0
2022-10-02,1768.9765625
2022-10-03,1637.125
2022-10-04,1518.1015625
2022-10-05,1418.1171875
2022-10-06,1347.5
2022-10-07,1322.8046875
2022-10-08,1343.9375
2022-10-09,1346.9296875
2022-10-10,1283.5625
2022-10-11,1192.234375
2022-10-12,1098.671875
2022-10-13,1009.984375
2022-10-14,930.0
2022-10-15,858.6171875
2022-10-16,786.25
2022-10-17,713.7734375
2022-10-18,648.6328125
2022-10-19,599.75
2022-10-20,564.28125
2022-10-21,552.078125
2022-10-22,569.0234375
2022-10-23,574.046875
2022-10-24,556.0078125
2022-10-25,533.703125
2022-10-26,506.5703125
2022-10-27,472.4609375
2022-10-28,435.1328125
2022-10-29,398.2734375
2022-10-30,363.546875
2022-10-31,331.4375
2022-11-01,301.7578125
2022-11-02,274.3984375
2022-11-03,249.3046875
2022-11-04,226.359375
2022-11-05,205.0859375
2022-11-06,185.4765625
2022-11-07,167.65625
2022-11-08,151.375
2022-11-09,136.53125
2022-11-10,123.0546875
2022-11-11,110.7890625
2022-11-12,99.578125
2022-11-13,89.328125
2022-11-14,79.9453125
2022-11-15,71.3515625
2022-11-16,63.5390625
2022-11-17,56.453125
2022-11-18,50.0078125
2022-11-19,44.2421875
2022-11-20,39.109375
2022-11-21,34.5625
2022-11-22,30.5703125
2022-11-23,27.046875
2022-11-24,23.890625
2022-11-25,21.1171875
2022-11-26,18.7421875
2022-11-27,16.6953125
2022-11-28,14.8515625
2022-11-29,13.1640625
2022-11-30,11.734375
2022-12-01,10.484375
2022-12-02,9.3984375
2022-12-03,8.484375
2022-12-04,7.671875
2022-12-05,6.9609375
2022-12-06,6.3359375
2022-12-07,5.796875
2022-12-08,5.3515625
2022-12-09,4.96875
2022-12-10,4.625
2022-12-11,4.3203125
2022-12-12,4.0703125
2022-12-13,3.8984375
2022-12-14,3.7890625
2022-12-15,3.7578125
2022-12-16,3.7265625
2022-12-17,3.640625
2022-12-18,3.453125
2022-12-19,3.1953125
2022-12-20,2.90625
2022-12-21,2.6328125
2022-12-22,2.3828125
2022-12-23,2.15625
2022-12-24,1.953125
2022-12-25,1.78125
2022-12-26,1.6328125
2022-12-27,1.5
2022-12-28,1.3828125
2022-12-29,1.2890625
2022-12-30,1.203125
2022-12-31,1.1328125
2023-01-01,1.0546875
2023-01-02,1.0
2023-01-03,0.9375
2023-01-04,0.890625
2023-01-05,0.828125
2023-01-06,0.78125
2023-01-07,0.71875
2023-01-08,0.671875
2023-01-09,0.640625
2023-01-10,0.59375
2023-01-11,0.546875
2023-01-12,0.515625
2023-01-13,0.484375
2023-01-14,0.453125
2023-01-15,0.421875
2023-01-16,0.390625
2023-01-17,0.359375
2023-01-18,0.328125
2023-01-19,0.296875
2023-01-20,0.28125
2023-01-21,0.265625
2023-01-22,0.25
2023-01-23,0.234375
2023-01-24,0.21875
2023-01-25,0.203125
2023-01-26,0.203125
2023-01-27,0.1875
2023-01-28,0.171875
2023-01-29,0.140625
2023-01-30,0.125
2023-01-31,0.109375
2023-02-01,0.078125
2023-02-02,0.078125
2023-02-03,0.06249999999999999
2023-02-04,0.06249999999999999
2023-02-05,0.046875
2023-02-06,0.046875
2023-02-07,0.046875
2023-02-08,0.046875
2023-02-09,0.03125
2023-02-10,0.03125
2023-02-11,0.03125
2023-02-12,0.03125
2023-02-13,0.03125
2023-02-14,0.03125
2023-02-15,0.03125
2023-02-16,0.03125
2023-02-17,0.03125
2023-02-18,0.015625
2023-02-19,0.015625
2023-02-20,0.015625
2023-02-21,0.015625
2023-02-22,0.0
2023-02-23,0.0
2023-02-24,0.0
2023-02-25,0.0
2023-02-26,0.0
2023-02-27,0.0
2023-02-28,0.0
2023-03-01,0.0
2023-03-02,0.0
2023-03-03,0.0
2023-03-04,0.0
2023-03-05,0.0
2023-03-06,0.0
2023-03-07,0.0
2023-03-08,0.0
2023-03-09,0.0
2023-03-10,0.0
2023-03-11,0.0
2023-03-12,0.0
2023-03-13,0.0
2023-03-14,0.0
2023-03-15,0.0
2023-03-16,0.0
2023-03-17,0.0
2023-03-18,0.0
2023-03-19,0.0
2023-03-20,0.0
2023-03-21,0.0
2023-03-22,0.0
2023-03-23,0.0
2023-03-24,0.0
2023-03-25,0.0
2023-03-26,0.0
2023-03-27,0.0
2023-03-28,0.0
2023-03-29,0.0
2023-03-30,0.0
2023-03-31,0.0
2023-04-01,0.0
2023-04-02,0.0
2023-04-03,0.0
2023-04-04,0.0
2023-04-05,0.0
2023-04-06,0.0
2023-04-07,0.0
2023-04-08,0.0
2023-04-09,0.0
2023-04-10,0.0
2023-04-11,0.0
2023-04-12,0.0
2023-04-13,0.0
2023-04-14,0.0
2023-04-15,0.0
2023-04-16,0.0
2023-04-17,0.0
2023-04-18,0.0
2023-04-19,0.0
2023-04-20,0.0
2023-04-21,0.0
2023-04-22,0.0
2023-04-23,0.0
2023-04-24,0.0
2023-04-25,0.0
2023-04-26,0.0
2023-04-27,0.0
2023-04-28,0.0
2023-04-29,0.0
2023-04-30,0.0
2023-05-01,0.0
2023-05-02,0.0
2023-05-03,0.0
2023-05-04,0.0
2023-05-05,0.0
2023-05-06,0.0
2023-05-07,0.0
2023-05-08,0.0
2023-05-09,0.0
2023-05-10,0.0
2023-05-11,0.0
2023-05-12,0.0
2023-05-13,0.0
2023-05-14,0.0
2023-05-15,0.0
2023-05-16,0.0
2023-05-17,0.0
2023-05-18,0.0
2023-05-19,0.0021241056069407453
2023-05-20,0.6101851390894055
2023-05-21,12.867865256510633
2023-05-22,54.159002078467886
2023-05-23,135.34366146361
2023-05-24,261.8358440375795
2023-05-25,419.90144543815927
2023-05-26,638.5520264574757
2023-05-27,904.9556916178241
2023-05-28,1487.2575208093
2023-05-29,1862.1361461975164
2023-05-30,2387.3252578111433
2023-05-31,3220.161875234956
2023-06-01,4413.841927147696
2023-06-02,5218.02677497014
2023-06-03,6121.315874435101
2023-06-04,6783.001493707861
2023-06-05,7009.937342799427
2023-06-06,6814.844521662722
2023-06-07,7006.877332005073
2023-06-08,6988.906094090776
2023-06-09,6963.501809536111
2023-06-10,6717.972684795455
2023-06-11,6401.92240535114
2023-06-12,6117.481897633704
2023-06-13,5867.666949735311
2023-06-14,5637.818103037925
2023-06-15,5553.063190164385
2023-06-16,5469.802400874143
2023-06-17,5346.787134239126
2023-06-18,5112.644906137067
2023-06-19,4865.744097544259
2023-06-20,4612.355125902863
2023-06-21,4349.535856615091
2023-06-22,4094.4966527622596
2023-06-23,3898.4071065492285
2023-06-24,3741.7409605915086
2023-06-25,3594.097511518822
2023-06-26,3488.640207210866
2023-06-27,3387.444806300783
2023-06-28,3316.8162740528755
2023-06-29,3307.5442129972175
2023-06-30,3278.568167772317
2023-07-01,3212.2894920915023
2023-07-02,2990.771738755724
2023-07-03,2766.1727931907244
2023-07-04,2618.1723565696243
2023-07-05,2451.0965879533924
2023-07-06,2298.4299502032973
2023-07-07,2216.547908689333
2023-07-08,2284.890843130612
2023-07-09,2367.983574549185
2023-07-10,2374.7611183195836
2023-07-11,2277.9683748882057
2023-07-12,2013.4572004422594
2023-07-13,1832.5801084415743
2023-07-14,1703.864967253932
2023-07-15,1666.3464416261934
2023-07-16,1688.6239707753987
2023-07-17,1723.9592950965582
2023-07-18,1699.4504755024207
2023-07-19,1612.3140712615452
2023-07-20,1528.8462231309736
2023-07-21,1470.9363757849383
2023-07-22,1405.6653330349807
2023-07-23,1345.040823619436
2023-07-24,1300.8355153763082
2023-07-25,1252.9683804721863
2023-07-26,1190.9631610478975
2023-07-27,1149.3297941587252
2023-07-28,1115.1390837036765
2023-07-29,1110.0584570018075
2023-07-30,1142.711499231832
2023-07-31,1230.366287895625
2023-08-01,1311.463362528356
2023-08-02,1408.1986031963384
2023-08-03,1583.4001671315305
2023-08-04,1686.8839574446995
2023-08-05,1735.233390551681
2023-08-06,1817.2318540896597
2023-08-07,1934.8337974118856
2023-08-08,2129.055564056655
2023-08-09,2390.7848925163044
2023-08-10,2546.888972792466
2023-08-11,2538.9961102264842
2023-08-12,2454.2965887526866
2023-08-13,2320.0769297842307
2023-08-14,2150.7364142223787
2023-08-15,1984.2877327434917
2023-08-16,1862.6583219407792
2023-08-17,1727.8954659054682
2023-08-18,1571.7475531371342
2023-08-19,1435.6627475717087
2023-08-20,1354.6907529420516
2023-08-21,1328.6094679191588
2023-08-22,1307.123105926262
2023-08-23,1270.4086985073811
2023-08-24,1237.9027049843858
2023-08-25,1217.9521160499194
2023-08-26,1183.9976306359094
2023-08-27,1133.653834647745
2023-08-28,1069.9726926340725
2023-08-29,1008.1021103216577
2023-08-30,958.1205433239712
2023-08-31,936.1666734141997
2023-09-01,956.9492180068964
2023-09-02,976.002642826061
2023-09-03,1025.4787891643457
2023-09-04,1101.2002722665954
2023-09-05,1173.6110678597772
2023-09-06,1326.2719589480837
2023-09-07,1523.859659668721
2023-09-08,1636.8182487423765
2023-09-09,1715.5755094051033
2023-09-10,1721.4055585592491
2023-09-11,1758.080911584128
2023-09-12,1814.7458421933732
2023-09-13,1881.70482647343
2023-09-14,2017.144298867406
2023-09-15,2007.801868150828
2023-09-16,1949.2637611209202
2023-09-17,1857.7982017420734
2023-09-18,1771.0218245700562
2023-09-19,1738.4804578106382
2023-09-20,1671.6145896125404
2023-09-21,1593.4995716717376
2023-09-22,1534.426508427118
2023-09-23,1465.0517663651972
2023-09-24,1471.916154074305
2023-09-25,1491.7517499369808
2023-09-26,1473.2589421114083
2023-09-27,1467.1672747850894
2023-09-28,1458.795119821555
2023-09-29,1403.5903557708127
2023-09-30,1393.0933760946048
2023-10-01,1387.62890625
2023-10-02,1312.02734375
2023-10-03,1220.40625
2023-10-04,1124.23046875
2023-10-05,1030.35546875
2023-10-06,942.4453125
2023-10-07,861.8671875
2023-10-08,789.046875
2023-10-09,724.9765625
2023-10-10,672.609375
2023-10-11,634.6015625
2023-10-12,607.96875
2023-10-13,586.0703125
2023-10-14,567.65625
2023-10-15,559.296875
2023-10-16,547.4921875
2023-10-17,523.7578125
2023-10-18,494.04296875
2023-10-19,460.24609375
2023-10-20,424.05859375
2023-10-21,387.98828125
2023-10-22,353.3515625
2023-10-23,329.6484375
2023-10-24,317.83203125
2023-10-25,333.62890625
2023-10-26,401.84375
2023-10-27,474.38671875
2023-10-28,486.796875
2023-10-29,465.375
2023-10-30,432.515625
2023-10-31,397.3203125
2023-11-01,363.75
2023-11-02,332.66015625
2023-11-03,303.9921875
2023-11-04,277.30078125
2023-11-05,252.41796875
2023-11-06,229.27734375
2023-11-07,207.9609375
2023-11-08,188.46875
2023-11-09,170.578125
2023-11-10,154.234375
2023-11-11,139.30078125
2023-11-12,125.69921875
2023-11-13,113.13671875
2023-11-14,101.54296875
2023-11-15,91.01171875
2023-11-16,81.44921875
2023-11-17,72.734375
2023-11-18,64.85546875
2023-11-19,57.7734375
2023-11-20,51.3984375
2023-11-21,45.59765625
2023-11-22,41.2890625
2023-11-23,38.03125
2023-11-24,35.38671875
2023-11-25,33.1953125
2023-11-26,31.46484375
2023-11-27,30.671875
2023-11-28,31.8828125
2023-11-29,33.88671875
2023-11-30,34.02734375
2023-12-01,32.26953125
2023-12-02,29.95703125
2023-12-03,27.8828125
2023-12-04,26.140625
2023-12-05,24.4765625
2023-12-06,22.7109375
2023-12-07,20.82421875
2023-12-08,18.91796875
2023-12-09,17.10546875
2023-12-10,15.4453125
2023-12-11,13.9453125
2023-12-12,12.578125
2023-12-13,11.34375
2023-12-14,10.2265625
2023-12-15,9.1796875
2023-12-16,8.1875
2023-12-17,7.296875
2023-12-18,6.546875
2023-12-19,5.8984375
2023-12-20,5.3203125
2023-12-21,4.8125
2023-12-22,4.359375
2023-12-23,3.96875
2023-12-24,3.609375
2023-12-25,3.2890625
2023-12-26,2.9921875
2023-12-27,2.6953125
2023-12-28,2.4375
2023-12-29,2.2265625
2023-12-30,2.046875
2023-12-31,1.8671875
2024-01-01,1.6796875
2024-01-02,1.515625
2024-01-03,1.375
2024-01-04,1.25
2024-01-05,1.1328125
2024-01-06,1.0390625
2024-01-07,0.953125
2024-01-08,0.8828125
2024-01-09,0.8125
2024-01-10,0.75
2024-01-11,0.703125
2024-01-12,0.65625
2024-01-13,0.609375
2024-01-14,0.5625
2024-01-15,0.515625
2024-01-16,0.484375
2024-01-17,0.453125
2024-01-18,0.421875
2024-01-19,0.390625
2024-01-20,0.359375
2024-01-21,0.328125
2024-01-22,0.3125
2024-01-23,0.28125
2024-01-24,0.265625
2024-01-25,0.25
2024-01-26,0.25
2024-01-27,0.234375
2024-01-28,0.21875
2024-01-29,0.203125
2024-01-30,0.203125
2024-01-31,0.1875
2024-02-01,0.171875
2024-02-02,0.171875
2024-02-03,0.15625
2024-02-04,0.140625
2024-02-05,0.125
2024-02-06,0.109375
2024-02-07,0.09375
2024-02-08,0.078125
2024-02-09,0.078125
2024-02-10,0.06249999999999999
2024-02-11,0.046875
2024-02-12,0.046875
2024-02-13,0.046875
2024-02-14,0.046875
2024-02-15,0.03125
2024-02-16,0.03125
2024-02-17,0.03125
2024-02-18,0.03125
2024-02-19,0.015625
2024-02-20,0.015625
2024-02-21,0.015625
2024-02-22,0.0
2024-02-23,0.0
2024-02-24,0.0
2024-02-25,0.0
2024-02-26,0.0
2024-02-27,0.0
2024-02-28,0.0
2024-02-29,0.0
2024-03-01,0.0
2024-03-02,0.0
2024-03-03,0.0
2024-03-04,0.0
2024-03-05,0.0
2024-03-06,0.0
2024-03-07,0.0
2024-03-08,0.0
2024-03-09,0.0
2024-03-10,0.0
2024-03-11,0.0
2024-03-12,0.0
2024-03-13,0.0
2024-03-14,0.0
2024-03-15,0.0
2024-03-16,0.0
2024-03-17,0.0
2024-03-18,0.0
2024-03-19,0.0
2024-03-20,0.0
2024-03-21,0.0
2024-03-22,0.0
2024-03-23,0.0
2024-03-24,0.0
2024-03-25,0.0
2024-03-26,0.0
2024-03-27,0.0
2024-03-28,0.0
2024-03-29,0.0
2024-03-30,0.0
2024-03-31,0.0
2024-04-01,0.0
2024-04-02,0.0
2024-04-03,0.0
2024-04-04,0.0
2024-04-05,0.0
2024-04-06,0.0
2024-04-07,0.0
2024-04-08,0.0
2024-04-09,0.0
2024-04-10,0.0
2024-04-11,0.0
2024-04-12,0.0
2024-04-13,0.0
2024-04-14,0.0
2024-04-15,0.0
2024-04-16,0.0
2024-04-17,0.0
2024-04-18,0.0
2024-04-19,0.0
2024-04-20,0.0
2024-04-21,0.0
2024-04-22,0.0
2024-04-23,0.0
2024-04-24,0.0
2024-04-25,0.0
2024-04-26,0.0
2024-04-27,0.0
2024-04-28,0.0
2024-04-29,0.0
2024-04-30,0.0
2024-05-01,0.0
2024-05-02,0.0
2024-05-03,0.0
2024-05-04,0.0
2024-05-05,0.0
2024-05-06,0.0
2024-05-07,0.0
2024-05-08,0.0
2024-05-09,0.0
2024-05-10,0.0
2024-05-11,0.0
2024-05-12,0.0
2024-05-13,0.0
2024-05-14,0.0
2024-05-15,0.00508712075057877
2024-05-16,0.06191789780826052
2024-05-17,0.1713331854214887
2024-05-18,0.3419664597408858
2024-05-19,8.449291968824502
2024-05-20,22.316463657249937
2024-05-21,17.73624763745582
2024-05-22,14.104680619687818
2024-05-23,12.887950017948425
2024-05-24,14.168131904856363
2024-05-25,22.423677709183675
2024-05-26,48.814517362237844
2024-05-27,133.88558825474908
2024-05-28,265.1985454444367
2024-05-29,514.7997129083997
2024-05-30,1062.0803304788635
2024-05-31,2049.5947296777426
2024-06-01,3223.655593399823
2024-06-02,4575.384918174066
2024-06-03,5223.6527836108835
2024-06-04,5324.731423505224
2024-06-05,5371.8161269336215
2024-06-06,6016.429519108858
2024-06-07,6625.128466093953
2024-06-08,7326.591697904494
2024-06-09,7697.417008585376
2024-06-10,7635.831278404515
2024-06-11,7344.090443533901
2024-06-12,7058.678799283739
2024-06-13,6829.558515004364
2024-06-14,6705.5019834833665
2024-06-15,6495.099620763969
2024-06-16,6293.809956665289
2024-06-17,6061.72228923136
2024-06-18,5798.4879169280275
2024-06-19,5497.195510590284
2024-06-20,5208.893462816776
2024-06-21,4936.241615184905
2024-06-22,4719.504625611909
2024-06-23,4528.130847025925
2024-06-24,4327.38410028011
2024-06-25,4224.81284333824
2024-06-26,4183.137522198812
2024-06-27,4227.912320254192
2024-06-28,4321.540130404028
2024-06-29,4294.079814253034
2024-06-30,4182.636688278327
2024-07-01,3884.169136817121
2024-07-02,3608.9597904855023
2024-07-03,3519.248581967503
2024-07-04,3526.8159818876443
2024-07-05,3575.3528018879647
2024-07-06,3600.8292713379446
2024-07-07,3628.7248107126316
2024-07-08,3551.8329233598593
2024-07-09,3462.249596841257
2024-07-10,3390.82992666532
2024-07-11,3156.0070467553473
2024-07-12,3012.8796626044495
2024-07-13,2792.943508165151
2024-07-14,2528.2295832787822
2024-07-15,2298.3866146278356
2024-07-16,2170.686735206156
2024-07-17,2227.920552548114
2024-07-18,2311.4617419749015
2024-07-19,2312.9138875934414
2024-07-20,2242.103639320815
2024-07-21,2067.2421357747853
2024-07-22,1874.203069507161
2024-07-23,1755.2312924856922
2024-07-24,1661.7079745146254
2024-07-25,1535.3535688457875
2024-07-26,1449.5800993593884
2024-07-27,1414.5922919779828
2024-07-28,1469.596822223466
2024-07-29,1659.13156974266
2024-07-30,2013.5755128052206
2024-07-31,2341.212420894969
2024-08-01,2339.483564763356
2024-08-02,2234.4967061933908
2024-08-03,2148.3061759214274
2024-08-04,2199.201761098326
2024-08-05,2413.3797147219548
2024-08-06,2638.35710210977
2024-08-07,2767.66676241187
2024-08-08,2755.0513292723117
2024-08-09,2587.319442331629
2024-08-10,2375.0769473155447
2024-08-11,2192.4164893758693
2024-08-12,2031.333912420157
2024-08-13,1893.4254635980649
2024-08-14,1842.5883042744429
2024-08-15,1877.6563190601166
2024-08-16,1884.5684211558194
2024-08-17,1856.2023286211647
2024-08-18,1794.0135496083608
2024-08-19,1672.7622344731626
2024-08-20,1520.7968988587943
2024-08-21,1424.0040790127507
2024-08-22,1411.8483504539383
2024-08-23,1420.1015412882557
2024-08-24,1415.2512329770252
2024-08-25,1385.2433828357857
2024-08-26,1345.340330223101
2024-08-27,1303.5751981922647
2024-08-28,1265.9095509317308
2024-08-29,1213.063758380674
2024-08-30,1146.5815705760829
2024-08-31,1127.3719632718214
2024-09-01,1120.362457019009
2024-09-02,1113.2443846609738
2024-09-03,1094.5467713659662
2024-09-04,1082.9335547008734
2024-09-05,1108.5557096944221
2024-09-06,1125.8567550926098
2024-09-07,1146.413660437969
2024-09-08,1185.2303195474933
2024-09-09,1212.8973186445146
2024-09-10,1313.2568403594119
2024-09-11,1409.2442361559888
2024-09-12,1428.5456067104874
2024-09-13,1517.9348716033962
2024-09-14,1585.321682500876
2024-09-15,1628.406462864114
2024-09-16,1624.707523422682
2024-09-17,1581.4324492993028
2024-09-18,1559.8157792907964
2024-09-19,1511.4532050176363
2024-09-20,1462.1449843163102
2024-09-21,1427.7081849406745
2024-09-22,1351.7189180383739
2024-09-23,1287.8933128732303
2024-09-24,1214.1977603691657
2024-09-25,1121.8193606823704
2024-09-26,1075.1657907225672
2024-09-27,1126.8922735825552
2024-09-28,1267.7798207278584
2024-09-29,1453.313739907967
2024-09-30,1534.2895436873573
2024-10-01,1599.28125
2024-10-02,1578.0234375
2024-10-03,1547.625
2024-10-04,1543.28125
2024-10-05,1556.140625
2024-10-06,1556.96875
2024-10-07,1537.625
2024-10-08,1489.9140625
2024-10-09,1402.9765625
2024-10-10,1290.9296875
2024-10-11,1174.390625
2024-10-12,1064.9609375
2024-10-13,967.4921875
2024-10-14,883.75
2024-10-15,810.671875
2024-10-16,744.60546875
2024-10-17,687.671875
2024-10-18,647.44140625
2024-10-19,632.1328125
2024-10-20,649.81640625
2024-10-21,706.9609375
2024-10-22,779.8515625
2024-10-23,843.671875
2024-10-24,862.78515625
2024-10-25,832.65234375
2024-10-26,778.671875
2024-10-27,717.68359375
2024-10-28,657.23046875
2024-10-29,601.2734375
2024-10-30,550.6015625
2024-10-31,504.0078125
2024-11-01,460.6640625
2024-11-02,420.41015625
2024-11-03,383.36328125
2024-11-04,349.5234375
2024-11-05,318.6640625
2024-11-06,290.43359375
2024-11-07,264.484375
2024-11-08,240.58984375
2024-11-09,218.51953125
2024-11-10,198.1015625
2024-11-11,179.26953125
2024-11-12,161.88671875
2024-11-13,145.84375
2024-11-14,130.9609375
2024-11-15,117.2265625
2024-11-16,104.73046875
2024-11-17,93.40625
2024-11-18,83.12890625
2024-11-19,73.81640625
2024-11-20,65.37109375
2024-11-21,57.81640625
2024-11-22,51.16796875
2024-11-23,45.28125
2024-11-24,39.9765625
2024-11-25,35.2734375
2024-11-26,31.25
2024-11-27,27.87890625
2024-11-28,25.03515625
2024-11-29,22.59765625
2024-11-30,20.43359375
2024-12-01,18.43359375
2024-12-02,16.63671875
2024-12-03,15.0625
2024-12-04,13.65625
2024-12-05,12.421875
2024-12-06,11.3515625
2024-12-07,10.3984375
2024-12-08,9.5390625
2024-12-09,8.7578125
2024-12-10,8.0390625
2024-12-11,7.359375
2024-12-12,6.7109375
2024-12-13,6.125
2024-12-14,5.6015625
2024-12-15,5.1171875
2024-12-16,4.671875
2024-12-17,4.265625
2024-12-18,3.8828125
2024-12-19,3.53125
2024-12-20,3.2109375
2024-12-21,2.9453125
2024-12-22,2.703125
2024-12-23,2.4921875
2024-12-24,2.3203125
2024-12-25,2.171875
2024-12-26,2.0390625
2024-12-27,1.9140625
2024-12-28,1.8125
2024-12-29,1.703125
2024-12-30,1.59375
2024-12-31,1.4765625
2025-01-01,1.34375
2025-01-02,1.234375
2025-01-03,1.15625
2025-01-04,1.078125
2025-01-05,1.0
2025-01-06,0.921875
2025-01-07,0.859375
2025-01-08,0.8125
2025-01-09,0.78125
2025-01-10,0.734375
2025-01-11,0.703125
2025-01-12,0.65625
2025-01-13,0.609375
2025-01-14,0.578125
2025-01-15,0.546875
2025-01-16,0.515625
2025-01-17,0.484375
2025-01-18,0.46875
2025-01-19,0.453125
2025-01-20,0.421875
2025-01-21,0.40625
2025-01-22,0.390625
2025-01-23,0.375
2025-01-24,0.34375
2025-01-25,0.328125
2025-01-26,0.296875
2025-01-27,0.296875
2025-01-28,0.28125
2025-01-29,0.265625
2025-01-30,0.265625
2025-01-31,0.25
2025-02-01,0.234375
2025-02-02,0.21875
2025-02-03,0.1875
2025-02-04,0.171875
2025-02-05,0.171875
2025-02-06,0.15625
2025-02-07,0.15625
2025-02-08,0.140625
2025-02-09,0.125
2025-02-10,0.109375
2025-02-11,0.09375
2025-02-12,0.09375
2025-02-13,0.09375
2025-02-14,0.078125
2025-02-15,0.078125
2025-02-16,0.06249999999999999
2025-02-17,0.06249999999999999
2025-02-18,0.06249999999999999
2025-02-19,0.06249999999999999
2025-02-20,0.046875
2025-02-21,0.03125
2025-02-22,0.03125
2025-02-23,0.03125
2025-02-24,0.03125
2025-02-25,0.03125
2025-02-26,0.03125
2025-02-27,0.03125
2025-02-28,0.03125
2025-03-01,0.0
2025-03-02,0.0
2025-03-03,0.0
2025-03-04,0.0
2025-03-05,0.0
2025-03-06,0.0
2025-03-07,0.0
2025-03-08,0.0
2025-03-09,0.0
2025-03-10,0.0
2025-03-11,0.0
2025-03-12,0.03125
2025-03-13,0.06249999999999999
2025-03-14,0.06249999999999999
2025-03-15,0.09375
2025-03-16,0.09375
2025-03-17,0.09375
2025-03-18,0.09375
2025-03-19,0.09375
2025-03-20,0.06249999999999999
2025-03-21,0.06249999999999999
2025-03-22,0.06249999999999999
2025-03-23,0.03125
2025-03-24,0.03125
2025-03-25,0.03125
2025-03-26,0.0
2025-03-27,0.0
2025-03-28,0.0
2025-03-29,0.0
2025-03-30,0.0
2025-03-31,0.0
2025-04-01,0.0
2025-04-02,0.0
2025-04-03,0.0
2025-04-04,0.0
2025-04-05,0.0
2025-04-06,1.03125
2025-04-07,37.21875
2025-04-08,59.625
2025-04-09,56.6875
2025-04-10,51.21875
2025-04-11,45.9375
2025-04-12,41.03125
2025-04-13,36.625
2025-04-14,32.625
2025-04-15,28.9375
2025-04-16,25.5
2025-04-17,22.4375
2025-04-18,19.75
2025-04-19,17.40625
2025-04-20,15.21875
2025-04-21,13.21875
2025-04-22,11.40625
2025-04-23,9.90625
2025-04-24,8.625
2025-04-25,7.40625
2025-04-26,6.3125
2025-04-27,5.375
2025-04-28,4.59375
2025-04-29,3.875
2025-04-30,3.21875
2025-05-01,1.955558907783873
2025-05-02,1.5881973208136497
2025-05-03,1.1736162361623617
2025-05-04,0.9830803889020627
2025-05-05,0.7814605672228917
2025-05-06,0.6444305697102732
2025-05-07,0.4715718948239403
2025-05-08,0.339966411362025
2025-05-09,0.2284496743704888
2025-05-10,0.1341889331830174
2025-05-11,0.042270387055254224
2025-05-12,0.018982316246878184
2025-05-13,0.0
2025-05-14,0.0
2025-05-15,0.0
2025-05-16,0.0
2025-05-17,0.028622574748880643
2025-05-18,0.15297962414401012
2025-05-19,0.4613705301122719
2025-05-20,1.1170538712157667
2025-05-21,2.3336563514779685
2025-05-22,9.241955929629016
2025-05-23,28.736281258488095
2025-05-24,34.07198208835375
2025-05-25,39.279810005950786
2025-05-26,66.30080091859276
2025-05-27,142.34898230895365
2025-05-28,348.01733623597835
2025-05-29,628.9023063424204
2025-05-30,1171.4311392828995
2025-05-31,2007.1691867421016
2025-06-01,2994.9485482537607
2025-06-02,3607.1949007119442
2025-06-03,4130.972463064085
2025-06-04,4309.389268328031
2025-06-05,4234.450060509806
2025-06-06,4127.954195107787
2025-06-07,4538.356049628691
2025-06-08,5223.94350909029
2025-06-09,6425.762276301879
2025-06-10,7551.115034762583
2025-06-11,8465.41476591228
2025-06-12,9082.772387443812
2025-06-13,9119.950940176212
2025-06-14,8766.586547557166
2025-06-15,8427.864219881852
2025-06-16,7995.685955616097
2025-06-17,7582.798899130561
2025-06-18,7152.672647488912
2025-06-19,6731.361187425637
2025-06-20,6301.952578864754
2025-06-21,5905.812019384495
2025-06-22,5530.474593098346
2025-06-23,5211.510675695739
2025-06-24,4909.602185161135
2025-06-25,4567.672501162379
2025-06-26,4275.0836345686785
2025-06-27,4020.4778347826364
2025-06-28,3844.889485489859
2025-06-29,3814.5960331644187
2025-06-30,3848.4442342389
2025-07-01,3865.1659272593765
2025-07-02,3657.659514564682
2025-07-03,3456.3458670426458
2025-07-04,3546.706992170802
2025-07-05,3882.5524757014714
2025-07-06,4134.214269052647
2025-07-07,4092.541024348107
2025-07-08,3915.3598571052526
2025-07-09,3580.877591913121
2025-07-10,3280.946671278421
2025-07-11,3104.2248836692934
2025-07-12,2899.1071887229023
2025-07-13,2820.0404829684558
2025-07-14,2643.77490730131
2025-07-15,2435.069314695766
2025-07-16,2276.305528895468
2025-07-17,2154.2771147939134
2025-07-18,2103.2680995446426
2025-07-19,2106.125336621804
2025-07-20,2129.2725259655563
2025-07-21,2153.8866083566195
2025-07-22,2141.0767215588007
2025-07-23,2128.7472863401294
2025-07-24,2143.746326746442
2025-07-25,2135.5310913665944
2025-07-26,2095.56122660416
2025-07-27,2126.4169486907313
2025-07-28,2223.2400121109877
2025-07-29,2333.209064107934
2025-07-30,2329.6201065819955
2025-07-31,2222.862673670991
2025-08-01,2092.4349548684754
2025-08-02,1954.3059588906876
2025-08-03,1847.0072452883473
2025-08-04,1727.7896857206133
2025-08-05,1643.6835919455727
2025-08-06,1598.8321328605123
2025-08-07,1506.6053090229527
2025-08-08,1432.8449470795786
2025-08-09,1406.1030987293852
2025-08-10,1353.7807898127737
2025-08-11,1330.5850392328136
2025-08-12,1398.8998834645581
2025-08-13,1484.7318762782443
2025-08-14,1560.664004658154
2025-08-15,1603.9242854103938
2025-08-16,1584.6945144758058
2025-08-17,1516.8029069433514
2025-08-18,1477.5386229726626
2025-08-19,1489.8115376272726
2025-08-20,1533.6042897765553
2025-08-21,1596.3087928812809
2025-08-22,1702.711647732797
2025-08-23,1883.0031928964247
2025-08-24,2042.1433791106926
2025-08-25,2112.401274507521
2025-08-26,2128.720187294837
2025-08-27,2069.1427782510364
2025-08-28,1934.3470337272574
2025-08-29,1822.748051483541
2025-08-30,1771.4972152883515
2025-08-31,1732.534955300532
2025-09-01,1699.2401581623722
2025-09-02,1620.4106101128782
2025-09-03,1548.0796560305375
2025-09-04,1453.8223240549216
2025-09-05,1343.399536206456
2025-09-06,1268.3758087249919
2025-09-07,1219.7162576523224
2025-09-08,1182.3315015706514
2025-09-09,1137.3298367300033
2025-09-10,1032.8122465027013
2025-09-11,951.2437968629931
2025-09-12,892.0596598856692
2025-09-13,845.5893504794084
2025-09-14,873.2300625819677
2025-09-15,897.8308830674769
2025-09-16,927.2008504564776
2025-09-17,919.7410907856942
2025-09-18,879.1846444304508
2025-09-19,852.8447346824213
2025-09-20,806.1946098031661
2025-09-21,746.7406796792153
2025-09-22,693.7215940139682
2025-09-23,632.4369873084081
2025-09-24,587.679035491147
2025-09-25,545.4981435882346
2025-09-26,497.2154782310147
2025-09-27,462.8870423086695
2025-09-28,453.0989531945348
2025-09-29,457.43322418117174
2025-09-30,486.5928448458882
