date,q_cor
1979-01-01,0.0
1979-01-02,0.0
1979-01-03,0.0
1979-01-04,0.0
1979-01-05,0.0
1979-01-06,0.0
1979-01-07,0.0
1979-01-08,0.0
1979-01-09,0.0
1979-01-10,0.0
1979-01-11,0.0
1979-01-12,0.0
1979-01-13,0.0
1979-01-14,0.0
1979-01-15,0.0
1979-01-16,0.0
1979-01-17,0.0
1979-01-18,0.0
1979-01-19,0.0
1979-01-20,0.0
1979-01-21,0.0
1979-01-22,0.0
1979-01-23,0.0
1979-01-24,0.0
1979-01-25,0.0
1979-01-26,0.0
1979-01-27,0.0
1979-01-28,0.0
1979-01-29,0.0
1979-01-30,0.0
1979-01-31,0.0
1979-02-01,0.0
1979-02-02,0.0
1979-02-03,0.0
1979-02-04,0.0
1979-02-05,0.0
1979-02-06,0.0
1979-02-07,0.0
1979-02-08,0.0
1979-02-09,0.0
1979-02-10,0.0
1979-02-11,0.0
1979-02-12,0.0
1979-02-13,0.0
1979-02-14,0.0
1979-02-15,0.0
1979-02-16,0.0
1979-02-17,0.0
1979-02-18,0.0
1979-02-19,0.0
1979-02-20,0.0
1979-02-21,0.0
1979-02-22,0.0
1979-02-23,0.0
1979-02-24,0.0
1979-02-25,0.0
1979-02-26,0.0
1979-02-27,0.0
1979-02-28,0.0
1979-03-01,0.0
1979-03-02,0.0
1979-03-03,0.0
1979-03-04,0.0
1979-03-05,0.0
1979-03-06,0.0
1979-03-07,0.0
1979-03-08,0.0
1979-03-09,0.0
1979-03-10,0.0
1979-03-11,0.0
1979-03-12,0.0
1979-03-13,0.0
1979-03-14,0.0
1979-03-15,0.0
1979-03-16,0.0
1979-03-17,0.0
1979-03-18,0.0
1979-03-19,0.0
1979-03-20,0.0
1979-03-21,0.0
1979-03-22,0.0
1979-03-23,0.0
1979-03-24,0.0
1979-03-25,0.0
1979-03-26,0.0
1979-03-27,0.0
1979-03-28,0.0
1979-03-29,0.0
1979-03-30,0.0
1979-03-31,0.0
1979-04-01,0.0
1979-04-02,0.0
1979-04-03,0.0
1979-04-04,0.0
1979-04-05,0.0
1979-04-06,0.0
1979-04-07,0.0
1979-04-08,0.0
1979-04-09,0.0
1979-04-10,0.0
1979-04-11,0.0
1979-04-12,0.0
1979-04-13,0.0
1979-04-14,0.0
1979-04-15,0.0
1979-04-16,0.0
1979-04-17,0.0
1979-04-18,0.0
1979-04-19,0.0
1979-04-20,0.0
1979-04-21,0.0
1979-04-22,0.0
1979-04-23,0.0
1979-04-24,0.0
1979-04-25,0.0
1979-04-26,0.0
1979-04-27,0.0
1979-04-28,0.0
1979-04-29,0.0
1979-04-30,0.0
1979-05-01,0.5419999999999999
1979-05-02,0.542
1979-05-03,0.5420000000000001
1979-05-04,0.5419999999999998
1979-05-05,0.5420000000000001
1979-05-06,0.542
1979-05-07,0.5420000000000001
1979-05-08,0.5420000000000001
1979-05-09,0.542
1979-05-10,0.542
1979-05-11,0.5420000000000001
1979-05-12,2.523091081593929
1979-05-13,2.22916306734484
1979-05-14,4.761104659396685
1979-05-15,5.058492910310474
1979-05-16,4.378947906026559
1979-05-17,29.83411286716002
1979-05-18,42.92422311436586
1979-05-19,22.942498004076583
1979-05-20,14.493009280576276
1979-05-21,19.393844415665008
1979-05-22,16.12632601232831
1979-05-23,17.65275391726187
1979-05-24,20.622617424777147
1979-05-25,25.923099987761596
1979-05-26,47.53074367583155
1979-05-27,131.86991667914666
1979-05-28,185.34760957468362
1979-05-29,216.4906050648106
1979-05-30,238.50586500158812
1979-05-31,283.6756732353461
1979-06-01,347.8532934776902
1979-06-02,511.83380855835316
1979-06-03,756.4414789830226
1979-06-04,829.6400138774418
1979-06-05,845.9309174254406
1979-06-06,813.2245363824799
1979-06-07,706.8476557005525
1979-06-08,699.8807806775329
1979-06-09,707.2706520177693
1979-06-10,709.5964182398802
1979-06-11,709.6322004164866
1979-06-12,736.3103853234303
1979-06-13,856.3757710423354
1979-06-14,881.6257548690262
1979-06-15,898.1387697453453
1979-06-16,883.8440700974447
1979-06-17,766.8926680983018
1979-06-18,745.1213110116199
1979-06-19,713.811024280947
1979-06-20,653.9593938991478
1979-06-21,632.3661345250047
1979-06-22,603.5433858117733
1979-06-23,568.0093743819149
1979-06-24,547.0000000000001
1979-06-25,505.28836232974544
1979-06-26,489.93678817750794
1979-06-27,477.3280202668135
1979-06-28,423.44536811509005
1979-06-29,394.5386904902697
1979-06-30,360.7959391362607
1979-07-01,345.15590352377916
1979-07-02,341.03757472830733
1979-07-03,356.0608460166911
1979-07-04,380.06362860303767
1979-07-05,361.176079280781
1979-07-06,332.8553233767557
1979-07-07,319.1110492835677
1979-07-08,306.4668459806247
1979-07-09,275.8119258932286
1979-07-10,265.46862057191805
1979-07-11,241.69760052855085
1979-07-12,228.96986357839597
1979-07-13,206.5809244863379
1979-07-14,195.4779630821061
1979-07-15,168.58653261211205
1979-07-16,162.70719931959175
1979-07-17,190.68065210847246
1979-07-18,222.67546655123598
1979-07-19,201.44348552383218
1979-07-20,191.90174438120314
1979-07-21,194.07214377715883
1979-07-22,188.88457808929766
1979-07-23,164.1374320889801
1979-07-24,125.42697995641086
1979-07-25,122.25182230213323
1979-07-26,104.3946863454788
1979-07-27,119.35529574000728
1979-07-28,125.8637463406096
1979-07-29,125.3091935758835
1979-07-30,132.51423598541172
1979-07-31,143.7059788010702
1979-08-01,132.51467396920535
1979-08-02,125.95639032262193
1979-08-03,136.78030244411005
1979-08-04,191.96688638667172
1979-08-05,220.743742417834
1979-08-06,214.33573547428816
1979-08-07,193.61743698671225
1979-08-08,179.15531261293816
1979-08-09,203.39175219541104
1979-08-10,237.81865017713307
1979-08-11,232.8983875308029
1979-08-12,202.68776675395858
1979-08-13,178.1405418262773
1979-08-14,166.7858889008861
1979-08-15,162.75252154949303
1979-08-16,133.61929983438327
1979-08-17,113.2502011056003
1979-08-18,91.6912296859053
1979-08-19,93.21698093270264
1979-08-20,115.4017773834457
1979-08-21,124.16164312471665
1979-08-22,111.04679071850356
1979-08-23,83.80757303453773
1979-08-24,106.99944028739783
1979-08-25,143.10343993151076
1979-08-26,174.12298031777937
1979-08-27,179.97979685727674
1979-08-28,181.2610596382319
1979-08-29,176.42917500655608
1979-08-30,156.87033766204635
1979-08-31,138.2567832465001
1979-09-01,133.0015702766888
1979-09-02,127.20555945659758
1979-09-03,123.78068674319235
1979-09-04,132.98873173832035
1979-09-05,146.66472229280046
1979-09-06,184.30955844043066
1979-09-07,198.80278383392476
1979-09-08,194.51148446697246
1979-09-09,200.38969073229197
1979-09-10,254.0078768906914
1979-09-11,321.4909233545046
1979-09-12,305.2487628911841
1979-09-13,290.69886368125657
1979-09-14,274.9481724456136
1979-09-15,257.08197002080794
1979-09-16,213.80884237940433
1979-09-17,198.05260392623086
1979-09-18,195.8341055413299
1979-09-19,184.46081076164762
1979-09-20,169.05175242095632
1979-09-21,155.72997591422464
1979-09-22,135.7187000580218
1979-09-23,128.32979192996805
1979-09-24,118.1202968359231
1979-09-25,112.68650113347164
1979-09-26,102.22601492369637
1979-09-27,94.01250376313935
1979-09-28,84.22901878732121
1979-09-29,79.07136991716787
1979-09-30,73.36623652843562
1979-10-01,47.1484375
1979-10-02,42.5078125
1979-10-03,38.1953125
1979-10-04,34.28125
1979-10-05,30.703125
1979-10-06,27.359375
1979-10-07,24.21875
1979-10-08,21.3671875
1979-10-09,18.7578125
1979-10-10,16.390625
1979-10-11,14.171875
1979-10-12,12.1171875
1979-10-13,10.203125
1979-10-14,8.453125
1979-10-15,6.8515625
1979-10-16,5.390625
1979-10-17,4.09375
1979-10-18,3.0
1979-10-19,2.171875
1979-10-20,1.578125
1979-10-21,1.15625
1979-10-22,0.84375
1979-10-23,0.625
1979-10-24,0.4609375
1979-10-25,0.3515625
1979-10-26,0.265625
1979-10-27,0.203125
1979-10-28,0.15625
1979-10-29,0.125
1979-10-30,0.1015625
1979-10-31,0.0859375
1979-11-01,0.0703125
1979-11-02,0.06249999999999999
1979-11-03,0.05468749999999999
1979-11-04,0.046875
1979-11-05,0.0390625
1979-11-06,0.03125
1979-11-07,0.0234375
1979-11-08,0.015625
1979-11-09,0.007812500000000002
1979-11-10,0.007812500000000002
1979-11-11,0.007812500000000002
1979-11-12,0.0
1979-11-13,0.0
1979-11-14,0.0
1979-11-15,0.0
1979-11-16,0.0
1979-11-17,0.0
1979-11-18,0.0
1979-11-19,0.0
1979-11-20,0.0
1979-11-21,0.0
1979-11-22,0.0
1979-11-23,0.0
1979-11-24,0.0
1979-11-25,0.0
1979-11-26,0.0
1979-11-27,0.0
1979-11-28,0.0
1979-11-29,0.0
1979-11-30,0.0
1979-12-01,0.0
1979-12-02,0.0
1979-12-03,0.0
1979-12-04,0.0
1979-12-05,0.0
1979-12-06,0.0
1979-12-07,0.0
1979-12-08,0.0
1979-12-09,0.0
1979-12-10,0.0
1979-12-11,0.0
1979-12-12,0.0
1979-12-13,0.0
1979-12-14,0.0
1979-12-15,0.0
1979-12-16,0.0
1979-12-17,0.0
1979-12-18,0.0
1979-12-19,0.0
1979-12-20,0.0
1979-12-21,0.0
1979-12-22,0.0
1979-12-23,0.0
1979-12-24,0.0
1979-12-25,0.0
1979-12-26,0.0
1979-12-27,0.0
1979-12-28,0.0
1979-12-29,0.0
1979-12-30,0.0
1979-12-31,0.0
1980-01-01,0.0
1980-01-02,0.0
1980-01-03,0.0
1980-01-04,0.0
1980-01-05,0.0
1980-01-06,0.0
1980-01-07,0.0
1980-01-08,0.0
1980-01-09,0.0
1980-01-10,0.0
1980-01-11,0.0
1980-01-12,0.0
1980-01-13,0.0
1980-01-14,0.0
1980-01-15,0.0
1980-01-16,0.0
1980-01-17,0.0
1980-01-18,0.0
1980-01-19,0.0
1980-01-20,0.0
1980-01-21,0.0
1980-01-22,0.0
1980-01-23,0.0
1980-01-24,0.0
1980-01-25,0.0
1980-01-26,0.0
1980-01-27,0.0
1980-01-28,0.0
1980-01-29,0.0
1980-01-30,0.0
1980-01-31,0.0
1980-02-01,0.0
1980-02-02,0.0
1980-02-03,0.0
1980-02-04,0.0
1980-02-05,0.0
1980-02-06,0.0
1980-02-07,0.0
1980-02-08,0.0
1980-02-09,0.0
1980-02-10,0.0
1980-02-11,0.0
1980-02-12,0.0
1980-02-13,0.0
1980-02-14,0.0
1980-02-15,0.0
1980-02-16,0.0
1980-02-17,0.0
1980-02-18,0.0
1980-02-19,0.0
1980-02-20,0.0
1980-02-21,0.0
1980-02-22,0.0
1980-02-23,0.0
1980-02-24,0.0
1980-02-25,0.0
1980-02-26,0.0
1980-02-27,0.0
1980-02-28,0.0
1980-02-29,0.0
1980-03-01,0.0
1980-03-02,0.0
1980-03-03,0.0
1980-03-04,0.0
1980-03-05,0.0
1980-03-06,0.0
1980-03-07,0.0
1980-03-08,0.0
1980-03-09,0.0
1980-03-10,0.0
1980-03-11,0.0
1980-03-12,0.0
1980-03-13,0.0
1980-03-14,0.0
1980-03-15,0.0
1980-03-16,0.0
1980-03-17,0.0
1980-03-18,0.0
1980-03-19,0.0
1980-03-20,0.0
1980-03-21,0.0
1980-03-22,0.0
1980-03-23,0.0
1980-03-24,0.0
1980-03-25,0.0
1980-03-26,0.0
1980-03-27,0.0
1980-03-28,0.0
1980-03-29,0.0
1980-03-30,0.0
1980-03-31,0.0
1980-04-01,0.0
1980-04-02,0.0
1980-04-03,0.0
1980-04-04,0.0
1980-04-05,0.0
1980-04-06,0.0
1980-04-07,0.0
1980-04-08,0.0
1980-04-09,0.0
1980-04-10,0.0
1980-04-11,0.0
1980-04-12,0.0
1980-04-13,0.0
1980-04-14,0.0
1980-04-15,0.0
1980-04-16,0.0
1980-04-17,0.0
1980-04-18,0.0
1980-04-19,0.0
1980-04-20,0.0
1980-04-21,0.0
1980-04-22,0.0
1980-04-23,0.0
1980-04-24,0.0
1980-04-25,0.0
1980-04-26,0.0
1980-04-27,0.0
1980-04-28,0.0
1980-04-29,0.0
1980-04-30,0.0
1980-05-01,0.542
1980-05-02,0.542
1980-05-03,0.542
1980-05-04,0.542
1980-05-05,0.5420000000000001
1980-05-06,0.5420000000000001
1980-05-07,0.5420000000000001
1980-05-08,0.542
1980-05-09,0.5420000000000001
1980-05-10,0.542
1980-05-11,0.6
1980-05-12,0.6
1980-05-13,0.7420000000000001
1980-05-14,0.742
1980-05-15,0.7420000000000003
1980-05-16,0.5774468085106383
1980-05-17,2.876760563380282
1980-05-18,5.084229691876751
1980-05-19,3.2560862445414847
1980-05-20,3.1370379448965613
1980-05-21,16.537793704414845
1980-05-22,82.01328601475446
1980-05-23,187.80476164077552
1980-05-24,312.76140442717593
1980-05-25,400.02979483624966
1980-05-26,412.7347322041365
1980-05-27,399.38456162631024
1980-05-28,473.6244040581826
1980-05-29,580.1001475193635
1980-05-30,622.2481154395572
1980-05-31,752.5051406173343
1980-06-01,770.8872445193516
1980-06-02,747.9039886984723
1980-06-03,617.7800848138838
1980-06-04,617.566651193266
1980-06-05,624.0188669538691
1980-06-06,597.3147968177916
1980-06-07,575.2136976946663
1980-06-08,576.800022049877
1980-06-09,575.7034662527426
1980-06-10,567.0145724533336
1980-06-11,509.1360732760467
1980-06-12,485.510600093833
1980-06-13,458.3256677918837
1980-06-14,444.62975547063735
1980-06-15,446.12764191195913
1980-06-16,428.1095729750144
1980-06-17,370.50485607462736
1980-06-18,336.4243980337026
1980-06-19,328.7524760072524
1980-06-20,314.1993257246527
1980-06-21,341.2924567360911
1980-06-22,335.219233540845
1980-06-23,316.92411558882753
1980-06-24,282.0
1980-06-25,267.1098774776075
1980-06-26,263.4401185589358
1980-06-27,260.3467323459829
1980-06-28,248.32808500959342
1980-06-29,257.83091306904527
1980-06-30,287.29937480826163
1980-07-01,319.1711516113541
1980-07-02,308.39657174685686
1980-07-03,293.21984483901207
1980-07-04,283.14203701119305
1980-07-05,263.41627669930233
1980-07-06,224.9465948561536
1980-07-07,190.57306771064447
1980-07-08,180.59216752321416
1980-07-09,200.8405261595218
1980-07-10,255.8169889176597
1980-07-11,269.2529800834378
1980-07-12,266.7471547263887
1980-07-13,269.9269929992425
1980-07-14,258.32016096922814
1980-07-15,247.0634333009726
1980-07-16,233.48986701217424
1980-07-17,274.79890860827834
1980-07-18,518.5927202978271
1980-07-19,757.4083932970848
1980-07-20,785.4303935519622
1980-07-21,787.9612399032715
1980-07-22,843.4641133152203
1980-07-23,938.4232896269982
1980-07-24,1008.8513981505728
1980-07-25,1055.7969478609523
1980-07-26,1068.6896347874745
1980-07-27,1095.1720708004248
1980-07-28,1076.4293878717497
1980-07-29,1011.0760116466195
1980-07-30,944.1598296302016
1980-07-31,878.2908874488852
1980-08-01,822.0392217354307
1980-08-02,766.2625399302926
1980-08-03,707.7038095193021
1980-08-04,540.3412286573688
1980-08-05,698.9514182399382
1980-08-06,738.2617263091081
1980-08-07,685.754324979366
1980-08-08,503.61433040940415
1980-08-09,468.3289281385408
1980-08-10,338.99533685263066
1980-08-11,277.024190332644
1980-08-12,256.60901356403986
1980-08-13,234.3634719832222
1980-08-14,207.58923165256132
1980-08-15,186.74356487217466
1980-08-16,185.98216622472776
1980-08-17,189.88453315856052
1980-08-18,179.87022960261123
1980-08-19,170.83653797160918
1980-08-20,141.96468098836675
1980-08-21,124.76278732822173
1980-08-22,105.95410233036388
1980-08-23,77.92347356850205
1980-08-24,73.05260412773197
1980-08-25,74.52539727099497
1980-08-26,73.93035002078048
1980-08-27,69.90817877711459
1980-08-28,63.53321535473413
1980-08-29,45.01458351240735
1980-08-30,40.59983988998083
1980-08-31,39.474502169433244
1980-09-01,40.56010752568689
1980-09-02,40.03879065881698
1980-09-03,38.792565829055675
1980-09-04,36.72109620591281
1980-09-05,35.951004488295226
1980-09-06,32.26691677125437
1980-09-07,31.088858264822928
1980-09-08,28.96985166687891
1980-09-09,32.0639131624501
1980-09-10,38.088795705748765
1980-09-11,36.78135442122479
1980-09-12,34.85858981169206
1980-09-13,34.95281828887178
1980-09-14,33.33812043834993
1980-09-15,29.804096296850574
1980-09-16,27.49616015722091
1980-09-17,25.486265518906155
1980-09-18,27.270218707117557
1980-09-19,24.560977507891977
1980-09-20,22.058392202522622
1980-09-21,25.507030708640695
1980-09-22,24.79061398502804
1980-09-23,24.49891480840009
1980-09-24,23.977487807172317
1980-09-25,23.341122805699786
1980-09-26,21.070715952617736
1980-09-27,18.496473162130975
1980-09-28,16.722357801955646
1980-09-29,13.613901188534141
1980-09-30,13.784083294745729
1980-10-01,9.0078125
1980-10-02,7.46875
1980-10-03,6.109375
1980-10-04,4.953125
1980-10-05,4.0234375
1980-10-06,3.265625
1980-10-07,2.6171875
1980-10-08,2.078125
1980-10-09,1.6328125
1980-10-10,1.265625
1980-10-11,1.0
1980-10-12,0.8671875
1980-10-13,0.71875
1980-10-14,0.5703125
1980-10-15,0.4453125
1980-10-16,0.3515625
1980-10-17,0.2734375
1980-10-18,0.2109375
1980-10-19,0.15625
1980-10-20,0.125
1980-10-21,0.09375
1980-10-22,0.0703125
1980-10-23,0.05468749999999999
1980-10-24,0.03125
1980-10-25,0.015625
1980-10-26,0.015625
1980-10-27,0.0
1980-10-28,0.0
1980-10-29,0.0
1980-10-30,0.0
1980-10-31,0.0
1980-11-01,0.0
1980-11-02,0.0
1980-11-03,0.0
1980-11-04,0.0
1980-11-05,0.0
1980-11-06,0.0
1980-11-07,0.0
1980-11-08,0.0
1980-11-09,0.0
1980-11-10,0.0
1980-11-11,0.0
1980-11-12,0.0
1980-11-13,0.0
1980-11-14,0.0
1980-11-15,0.0
1980-11-16,0.0
1980-11-17,0.0
1980-11-18,0.0
1980-11-19,0.0
1980-11-20,0.0
1980-11-21,0.0
1980-11-22,0.0
1980-11-23,0.0
1980-11-24,0.0
1980-11-25,0.0
1980-11-26,0.0
1980-11-27,0.0
1980-11-28,0.0
1980-11-29,0.0
1980-11-30,0.0
1980-12-01,0.0
1980-12-02,0.0
1980-12-03,0.0
1980-12-04,0.0
1980-12-05,0.0
1980-12-06,0.0
1980-12-07,0.0
1980-12-08,0.0
1980-12-09,0.0
1980-12-10,0.0
1980-12-11,0.0
1980-12-12,0.0
1980-12-13,0.0
1980-12-14,0.0
1980-12-15,0.0
1980-12-16,0.0
1980-12-17,0.0
1980-12-18,0.0
1980-12-19,0.0
1980-12-20,0.0
1980-12-21,0.0
1980-12-22,0.0
1980-12-23,0.0
1980-12-24,0.0
1980-12-25,0.0
1980-12-26,0.0
1980-12-27,0.0
1980-12-28,0.0
1980-12-29,0.0
1980-12-30,0.0
1980-12-31,0.0
1981-01-01,0.0
1981-01-02,0.0
1981-01-03,0.0
1981-01-04,0.0
1981-01-05,0.0
1981-01-06,0.0
1981-01-07,0.0
1981-01-08,0.0
1981-01-09,0.0
1981-01-10,0.0
1981-01-11,0.0
1981-01-12,0.0
1981-01-13,0.0
1981-01-14,0.0
1981-01-15,0.0
1981-01-16,0.0
1981-01-17,0.0
1981-01-18,0.0
1981-01-19,0.0
1981-01-20,0.0
1981-01-21,0.0
1981-01-22,0.0
1981-01-23,0.0
1981-01-24,0.0
1981-01-25,0.0
1981-01-26,0.0
1981-01-27,0.0
1981-01-28,0.0
1981-01-29,0.0
1981-01-30,0.0
1981-01-31,0.0
1981-02-01,0.0
1981-02-02,0.0
1981-02-03,0.0
1981-02-04,0.0
1981-02-05,0.0
1981-02-06,0.0
1981-02-07,0.0
1981-02-08,0.0
1981-02-09,0.0
1981-02-10,0.0
1981-02-11,0.0
1981-02-12,0.0
1981-02-13,0.0
1981-02-14,0.0
1981-02-15,0.0
1981-02-16,0.0
1981-02-17,0.0
1981-02-18,0.0
1981-02-19,0.0
1981-02-20,0.0
1981-02-21,0.0
1981-02-22,0.0
1981-02-23,0.0
1981-02-24,0.0
1981-02-25,0.0
1981-02-26,0.0
1981-02-27,0.0
1981-02-28,0.0
1981-03-01,0.0
1981-03-02,0.0
1981-03-03,0.0
1981-03-04,0.0
1981-03-05,0.0
1981-03-06,0.0
1981-03-07,0.0
1981-03-08,0.0
1981-03-09,0.0
1981-03-10,0.0
1981-03-11,0.0
1981-03-12,0.0
1981-03-13,0.0
1981-03-14,0.0
1981-03-15,0.0
1981-03-16,0.0
1981-03-17,0.0
1981-03-18,0.0
1981-03-19,0.0
1981-03-20,0.0
1981-03-21,0.0
1981-03-22,0.0
1981-03-23,0.0
1981-03-24,0.0
1981-03-25,0.0
1981-03-26,0.0
1981-03-27,0.0
1981-03-28,0.0
1981-03-29,0.0
1981-03-30,0.0
1981-03-31,0.0
1981-04-01,0.0
1981-04-02,0.0
1981-04-03,0.0
1981-04-04,0.0
1981-04-05,0.0
1981-04-06,0.0
1981-04-07,0.0
1981-04-08,0.0
1981-04-09,0.0
1981-04-10,0.0
1981-04-11,0.0
1981-04-12,0.0
1981-04-13,0.0
1981-04-14,0.0
1981-04-15,0.0
1981-04-16,0.0
1981-04-17,0.0
1981-04-18,0.0
1981-04-19,0.0
1981-04-20,0.0
1981-04-21,0.0
1981-04-22,0.0
1981-04-23,0.0
1981-04-24,0.0
1981-04-25,0.0
1981-04-26,0.0
1981-04-27,0.0
1981-04-28,0.0
1981-04-29,0.0
1981-04-30,0.0
1981-05-01,0.5419999999999999
1981-05-02,0.542
1981-05-03,0.5420000000000001
1981-05-04,0.5419999999999999
1981-05-05,0.542
1981-05-06,0.5419999999999999
1981-05-07,0.5420000000000001
1981-05-08,0.542
1981-05-09,2.327123287671236
1981-05-10,2.236275862068966
1981-05-11,2.2932601156069365
1981-05-12,7.203166982922203
1981-05-13,23.144675521821625
1981-05-14,2.3714488681469357
1981-05-15,2.8130121938436816
1981-05-16,2.0714197797206766
1981-05-17,1.985725520324063
1981-05-18,2.0541153846153852
1981-05-19,1.569754972002317
1981-05-20,1.854239165329053
1981-05-21,15.872615266339496
1981-05-22,23.55841409663852
1981-05-23,75.8368713377561
1981-05-24,54.176212732559904
1981-05-25,78.26550651784954
1981-05-26,85.27461400663505
1981-05-27,127.18079059509063
1981-05-28,153.99315682810933
1981-05-29,212.0537708990277
1981-05-30,277.12939626120846
1981-05-31,311.6545150750729
1981-06-01,366.8999965467037
1981-06-02,475.4448139554036
1981-06-03,579.2295577885428
1981-06-04,786.8874800996076
1981-06-05,856.10523888267
1981-06-06,861.8447143484304
1981-06-07,834.2628868949523
1981-06-08,691.4086381714098
1981-06-09,628.9483858433174
1981-06-10,596.0254863897671
1981-06-11,538.8614498795223
1981-06-12,496.00406320407336
1981-06-13,479.03717634148904
1981-06-14,460.97424231305496
1981-06-15,445.03895591170055
1981-06-16,437.97386718154235
1981-06-17,411.27205702936334
1981-06-18,364.8352776790337
1981-06-19,369.6414280855006
1981-06-20,399.2278303492857
1981-06-21,366.7875735539356
1981-06-22,345.6149494387624
1981-06-23,306.65488373799116
1981-06-24,294.11779296805156
1981-06-25,281.23160165109397
1981-06-26,271.2616197798357
1981-06-27,235.30664260274756
1981-06-28,217.98753803791385
1981-06-29,158.08344380894664
1981-06-30,110.19808992320105
1981-07-01,109.407321571587
1981-07-02,151.9385823062352
1981-07-03,146.81568800808634
1981-07-04,138.2953305278735
1981-07-05,131.79949640612273
1981-07-06,117.00952858980642
1981-07-07,116.13140568254065
1981-07-08,127.28429282901763
1981-07-09,174.66496206179437
1981-07-10,165.7707691218728
1981-07-11,140.76054861541675
1981-07-12,140.14669416163656
1981-07-13,201.9890933954548
1981-07-14,285.9355059189339
1981-07-15,347.5515676803931
1981-07-16,389.34836247151867
1981-07-17,386.52990849637894
1981-07-18,334.47953066345343
1981-07-19,320.52390808768433
1981-07-20,289.4733195072452
1981-07-21,260.71465893970066
1981-07-22,229.35520148575105
1981-07-23,205.97710830847768
1981-07-24,241.83794947575566
1981-07-25,268.13433876206585
1981-07-26,260.3896383277152
1981-07-27,262.7305017524246
1981-07-28,259.49446202019465
1981-07-29,223.48472960826905
1981-07-30,204.49975015573625
1981-07-31,206.06234866165315
1981-08-01,215.7065775015769
1981-08-02,181.80203871736958
1981-08-03,155.84420637193264
1981-08-04,154.80579305135225
1981-08-05,194.63317770964844
1981-08-06,212.7511477903335
1981-08-07,196.3286068300539
1981-08-08,174.07023544033774
1981-08-09,166.91787084720306
1981-08-10,167.3762944643076
1981-08-11,166.075761024568
1981-08-12,144.76698690098183
1981-08-13,140.75548453504484
1981-08-14,124.65486124569537
1981-08-15,107.92205560876701
1981-08-16,127.89132818585377
1981-08-17,160.88689413639358
1981-08-18,169.29811052089437
1981-08-19,168.84937010744625
1981-08-20,152.8528536083522
1981-08-21,136.91734656122227
1981-08-22,112.96689634533183
1981-08-23,82.07836418176392
1981-08-24,74.76672138097082
1981-08-25,43.31805994261327
1981-08-26,40.41293866144496
1981-08-27,38.05162521570839
1981-08-28,44.65199397296596
1981-08-29,96.64861237147605
1981-08-30,140.26044227549443
1981-08-31,160.42927882555458
1981-09-01,188.32624609414373
1981-09-02,213.6310758444972
1981-09-03,224.25796327799623
1981-09-04,217.05446243224026
1981-09-05,198.09014496254323
1981-09-06,184.5503722245972
1981-09-07,171.21436664297937
1981-09-08,163.8805194144185
1981-09-09,148.85264149672912
1981-09-10,138.10555018947204
1981-09-11,135.71959837742648
1981-09-12,131.15776089749693
1981-09-13,128.98482687160808
1981-09-14,125.03781462950334
1981-09-15,120.13990661340002
1981-09-16,113.66620825862547
1981-09-17,99.72046510843637
1981-09-18,104.71672878279698
1981-09-19,103.21768202585129
1981-09-20,94.56249968700578
1981-09-21,82.47929160088077
1981-09-22,77.06154021379203
1981-09-23,77.02960936657786
1981-09-24,74.4525717579574
1981-09-25,87.35319930839624
1981-09-26,117.46445260978048
1981-09-27,133.51316841971197
1981-09-28,128.35098711113085
1981-09-29,124.33860990488951
1981-09-30,137.1116068720025
1981-10-01,118.6875
1981-10-02,121.4765625
1981-10-03,112.6015625
1981-10-04,103.046875
1981-10-05,94.125
1981-10-06,85.921875
1981-10-07,78.40625
1981-10-08,72.0390625
1981-10-09,68.40625
1981-10-10,68.1171875
1981-10-11,67.3515625
1981-10-12,63.875
1981-10-13,58.328125
1981-10-14,52.9140625
1981-10-15,47.8828125
1981-10-16,43.25
1981-10-17,39.0078125
1981-10-18,35.0703125
1981-10-19,31.375
1981-10-20,27.921875
1981-10-21,24.734375
1981-10-22,21.8046875
1981-10-23,19.1484375
1981-10-24,16.71875
1981-10-25,14.4453125
1981-10-26,12.359375
1981-10-27,10.46875
1981-10-28,8.765625
1981-10-29,7.234375
1981-10-30,5.875
1981-10-31,4.6875
1981-11-01,3.6953125
1981-11-02,2.890625
1981-11-03,2.2421875
1981-11-04,1.7265625
1981-11-05,1.328125
1981-11-06,1.015625
1981-11-07,0.765625
1981-11-08,0.5703125
1981-11-09,0.4140625
1981-11-10,0.3046875
1981-11-11,0.21875
1981-11-12,0.1640625
1981-11-13,0.1328125
1981-11-14,0.1015625
1981-11-15,0.078125
1981-11-16,0.06249999999999999
1981-11-17,0.05468749999999999
1981-11-18,0.06249999999999999
1981-11-19,0.125
1981-11-20,0.15625
1981-11-21,0.1328125
1981-11-22,0.109375
1981-11-23,0.0859375
1981-11-24,0.0703125
1981-11-25,0.046875
1981-11-26,0.0390625
1981-11-27,0.0234375
1981-11-28,0.015625
1981-11-29,0.015625
1981-11-30,0.0
1981-12-01,0.0
1981-12-02,0.0
1981-12-03,0.0
1981-12-04,0.0
1981-12-05,0.0
1981-12-06,0.0
1981-12-07,0.0
1981-12-08,0.0
1981-12-09,0.0
1981-12-10,0.0
1981-12-11,0.0
1981-12-12,0.0
1981-12-13,0.0
1981-12-14,0.0
1981-12-15,0.0
1981-12-16,0.0
1981-12-17,0.0
1981-12-18,0.0
1981-12-19,0.0
1981-12-20,0.0
1981-12-21,0.0
1981-12-22,0.0
1981-12-23,0.0
1981-12-24,0.0
1981-12-25,0.0
1981-12-26,0.0
1981-12-27,0.0
1981-12-28,0.0
1981-12-29,0.0
1981-12-30,0.0
1981-12-31,0.0
1982-01-01,0.0
1982-01-02,0.0
1982-01-03,0.0
1982-01-04,0.0
1982-01-05,0.0
1982-01-06,0.0
1982-01-07,0.0
1982-01-08,0.0
1982-01-09,0.0
1982-01-10,0.0
1982-01-11,0.0
1982-01-12,0.0
1982-01-13,0.0
1982-01-14,0.0
1982-01-15,0.0
1982-01-16,0.0
1982-01-17,0.0
1982-01-18,0.0
1982-01-19,0.0
1982-01-20,0.0
1982-01-21,0.0
1982-01-22,0.0
1982-01-23,0.0
1982-01-24,0.0
1982-01-25,0.0
1982-01-26,0.0
1982-01-27,0.0
1982-01-28,0.0
1982-01-29,0.0
1982-01-30,0.0
1982-01-31,0.0
1982-02-01,0.0
1982-02-02,0.0
1982-02-03,0.0
1982-02-04,0.0
1982-02-05,0.0
1982-02-06,0.0
1982-02-07,0.0
1982-02-08,0.0
1982-02-09,0.0
1982-02-10,0.0
1982-02-11,0.0
1982-02-12,0.0
1982-02-13,0.0
1982-02-14,0.0
1982-02-15,0.0
1982-02-16,0.0
1982-02-17,0.0
1982-02-18,0.0
1982-02-19,0.0
1982-02-20,0.0
1982-02-21,0.0
1982-02-22,0.0
1982-02-23,0.0
1982-02-24,0.0
1982-02-25,0.0
1982-02-26,0.0
1982-02-27,0.0
1982-02-28,0.0
1982-03-01,0.0
1982-03-02,0.0
1982-03-03,0.0
1982-03-04,0.0
1982-03-05,0.0
1982-03-06,0.0
1982-03-07,0.0
1982-03-08,0.0
1982-03-09,0.0
1982-03-10,0.0
1982-03-11,0.0
1982-03-12,0.0
1982-03-13,0.0
1982-03-14,0.0
1982-03-15,0.0
1982-03-16,0.0
1982-03-17,0.0
1982-03-18,0.0
1982-03-19,0.0
1982-03-20,0.0
1982-03-21,0.0
1982-03-22,0.0
1982-03-23,0.0
1982-03-24,0.0
1982-03-25,0.0
1982-03-26,0.0
1982-03-27,0.0
1982-03-28,0.0
1982-03-29,0.0
1982-03-30,0.0
1982-03-31,0.0
1982-04-01,0.0
1982-04-02,0.0
1982-04-03,0.0
1982-04-04,0.0
1982-04-05,0.0
1982-04-06,0.0
1982-04-07,0.0
1982-04-08,0.0
1982-04-09,0.0
1982-04-10,0.0
1982-04-11,0.0
1982-04-12,0.0
1982-04-13,0.0
1982-04-14,0.0
1982-04-15,0.0
1982-04-16,0.0
1982-04-17,0.0
1982-04-18,0.0
1982-04-19,0.0
1982-04-20,0.0
1982-04-21,0.0
1982-04-22,0.0
1982-04-23,0.0
1982-04-24,0.0
1982-04-25,0.0
1982-04-26,0.0
1982-04-27,0.0
1982-04-28,0.0
1982-04-29,0.0
1982-04-30,0.0
1982-05-01,0.5419999999999999
1982-05-02,0.542
1982-05-03,0.5420000000000001
1982-05-04,0.5419999999999999
1982-05-05,0.5420000000000001
1982-05-06,0.5420000000000001
1982-05-07,0.542
1982-05-08,0.5420000000000001
1982-05-09,0.542
1982-05-10,0.542
1982-05-11,0.5420000000000001
1982-05-12,0.6
1982-05-13,0.6000000000000001
1982-05-14,0.742
1982-05-15,0.742
1982-05-16,0.7420000000000002
1982-05-17,0.5129999999999999
1982-05-18,0.513
1982-05-19,0.513
1982-05-20,0.513
1982-05-21,0.44027785419532295
1982-05-22,2.196936689930209
1982-05-23,10.296236904510584
1982-05-24,20.073165544021258
1982-05-25,25.196465140945623
1982-05-26,22.062991297664873
1982-05-27,21.723657176775262
1982-05-28,17.02244807763031
1982-05-29,9.902775540745338
1982-05-30,12.770086158244414
1982-05-31,24.42598836216708
1982-06-01,70.80790073463157
1982-06-02,35.912753945605466
1982-06-03,55.395259341927165
1982-06-04,62.78902718072721
1982-06-05,111.79024057653174
1982-06-06,172.94301327948642
1982-06-07,165.57949196960152
1982-06-08,152.65264651126373
1982-06-09,153.0434884725015
1982-06-10,154.60783133783767
1982-06-11,174.89505411427663
1982-06-12,177.00776224226462
1982-06-13,221.44825638535218
1982-06-14,276.21827216506335
1982-06-15,393.49222664353664
1982-06-16,546.8070348710611
1982-06-17,666.6685893741234
1982-06-18,764.3816982022287
1982-06-19,762.3122161057233
1982-06-20,745.6862270781656
1982-06-21,744.4464255152812
1982-06-22,857.6308084001017
1982-06-23,1319.0649620629733
1982-06-24,1428.8405461527022
1982-06-25,1421.220958189753
1982-06-26,1367.3483507923443
1982-06-27,1260.7292851550294
1982-06-28,1097.11370613234
1982-06-29,797.953015783816
1982-06-30,730.2163250948342
1982-07-01,622.2009120914753
1982-07-02,586.360165253195
1982-07-03,569.6272641996889
1982-07-04,573.1329236798131
1982-07-05,561.3248552366102
1982-07-06,541.2995380858425
1982-07-07,522.8476093585443
1982-07-08,508.9937690782644
1982-07-09,508.84007436728643
1982-07-10,505.0322212698592
1982-07-11,477.9095526694749
1982-07-12,452.1428841564469
1982-07-13,411.4969451819166
1982-07-14,361.50442223977655
1982-07-15,346.12789812753067
1982-07-16,345.01043431162435
1982-07-17,381.4347697747015
1982-07-18,335.7518104416985
1982-07-19,321.16564594400097
1982-07-20,291.4060152383664
1982-07-21,261.96409082573234
1982-07-22,229.92205066664255
1982-07-23,206.102407651715
1982-07-24,182.14639854121995
1982-07-25,156.15206867229122
1982-07-26,127.37035048976625
1982-07-27,118.04292281231372
1982-07-28,97.11366404734443
1982-07-29,80.74726573442456
1982-07-30,73.57965976500769
1982-07-31,39.931912537319995
1982-08-01,37.905003084043784
1982-08-02,37.374232839149386
1982-08-03,58.16413752828079
1982-08-04,55.83541660640273
1982-08-05,33.652405790756475
1982-08-06,33.796011993831556
1982-08-07,52.57906926564151
1982-08-08,104.33984781710846
1982-08-09,156.5129910209081
1982-08-10,181.17088356433328
1982-08-11,180.59057867359903
1982-08-12,161.38775763895748
1982-08-13,146.267065403629
1982-08-14,125.89285208485515
1982-08-15,92.20257030273048
1982-08-16,47.881558474684354
1982-08-17,87.85764686136787
1982-08-18,182.82030269963965
1982-08-19,278.27720575404385
1982-08-20,374.89904249126306
1982-08-21,291.051521491765
1982-08-22,285.07370736084073
1982-08-23,286.97095085947063
1982-08-24,284.45315081629826
1982-08-25,285.99529007339146
1982-08-26,285.88857230864
1982-08-27,272.15011972260584
1982-08-28,233.26082740078309
1982-08-29,225.83547206160225
1982-08-30,220.22691988566487
1982-08-31,197.7947947130359
1982-09-01,186.54174827729972
1982-09-02,196.87134661893856
1982-09-03,230.5760544377311
1982-09-04,240.13953309261098
1982-09-05,233.93484714482744
1982-09-06,223.36690660108732
1982-09-07,207.8190272271401
1982-09-08,189.21608656411868
1982-09-09,183.29241341224522
1982-09-10,180.0591373867992
1982-09-11,155.97777793417256
1982-09-12,149.70021223714895
1982-09-13,142.90626798905853
1982-09-14,132.88864678948528
1982-09-15,129.90039034411484
1982-09-16,123.43428924312013
1982-09-17,114.8460345769029
1982-09-18,107.2550799598011
1982-09-19,92.02413445505285
1982-09-20,83.48800328047021
1982-09-21,78.5763738928498
1982-09-22,73.37279151943461
1982-09-23,69.7916056008023
1982-09-24,64.36481097646167
1982-09-25,68.11654653931899
1982-09-26,73.36055328339691
1982-09-27,69.51270095393201
1982-09-28,66.04378696527354
1982-09-29,71.56108649945602
1982-09-30,75.50513825556303
1982-10-01,54.1953125
1982-10-02,50.8984375
1982-10-03,46.4609375
1982-10-04,41.9609375
1982-10-05,37.7109375
1982-10-06,33.8203125
1982-10-07,30.25
1982-10-08,26.9765625
1982-10-09,24.0
1982-10-10,21.21875
1982-10-11,18.6328125
1982-10-12,16.25
1982-10-13,14.0703125
1982-10-14,12.1015625
1982-10-15,10.3828125
1982-10-16,8.890625
1982-10-17,7.5546875
1982-10-18,6.390625
1982-10-19,5.359375
1982-10-20,4.9375
1982-10-21,9.0703125
1982-10-22,17.4140625
1982-10-23,20.1171875
1982-10-24,19.03125
1982-10-25,17.1875
1982-10-26,15.34375
1982-10-27,13.6328125
1982-10-28,12.0625
1982-10-29,10.6484375
1982-10-30,9.375
1982-10-31,8.1953125
1982-11-01,7.125
1982-11-02,6.15625
1982-11-03,5.2890625
1982-11-04,4.5078125
1982-11-05,3.8125
1982-11-06,3.1796875
1982-11-07,2.625
1982-11-08,2.1171875
1982-11-09,1.6953125
1982-11-10,1.34375
1982-11-11,1.0625
1982-11-12,0.8203125
1982-11-13,0.625
1982-11-14,0.4765625
1982-11-15,0.359375
1982-11-16,0.28125
1982-11-17,0.21875
1982-11-18,0.1640625
1982-11-19,0.1328125
1982-11-20,0.1015625
1982-11-21,0.0859375
1982-11-22,0.078125
1982-11-23,0.06249999999999999
1982-11-24,0.046875
1982-11-25,0.046875
1982-11-26,0.03125
1982-11-27,0.03125
1982-11-28,0.03125
1982-11-29,0.015625
1982-11-30,0.015625
1982-12-01,0.015625
1982-12-02,0.015625
1982-12-03,0.015625
1982-12-04,0.0
1982-12-05,0.0
1982-12-06,0.0
1982-12-07,0.0
1982-12-08,0.0
1982-12-09,0.0
1982-12-10,0.0
1982-12-11,0.0
1982-12-12,0.0
1982-12-13,0.0
1982-12-14,0.0
1982-12-15,0.0
1982-12-16,0.0
1982-12-17,0.0
1982-12-18,0.0
1982-12-19,0.0
1982-12-20,0.0
1982-12-21,0.0
1982-12-22,0.0
1982-12-23,0.0
1982-12-24,0.0
1982-12-25,0.0
1982-12-26,0.0
1982-12-27,0.0
1982-12-28,0.0
1982-12-29,0.0
1982-12-30,0.0
1982-12-31,0.0
1983-01-01,0.0
1983-01-02,0.0
1983-01-03,0.0
1983-01-04,0.0
1983-01-05,0.0
1983-01-06,0.0
1983-01-07,0.0
1983-01-08,0.0
1983-01-09,0.0
1983-01-10,0.0
1983-01-11,0.0
1983-01-12,0.0
1983-01-13,0.0
1983-01-14,0.0
1983-01-15,0.0
1983-01-16,0.0
1983-01-17,0.0
1983-01-18,0.0
1983-01-19,0.0
1983-01-20,0.0
1983-01-21,0.0
1983-01-22,0.0
1983-01-23,0.0
1983-01-24,0.0
1983-01-25,0.0
1983-01-26,0.0
1983-01-27,0.0
1983-01-28,0.0
1983-01-29,0.0
1983-01-30,0.0
1983-01-31,0.0
1983-02-01,0.0
1983-02-02,0.0
1983-02-03,0.0
1983-02-04,0.0
1983-02-05,0.0
1983-02-06,0.0
1983-02-07,0.0
1983-02-08,0.0
1983-02-09,0.0
1983-02-10,0.0
1983-02-11,0.0
1983-02-12,0.0
1983-02-13,0.0
1983-02-14,0.0
1983-02-15,0.0
1983-02-16,0.0
1983-02-17,0.0
1983-02-18,0.0
1983-02-19,0.0
1983-02-20,0.0
1983-02-21,0.0
1983-02-22,0.0
1983-02-23,0.0
1983-02-24,0.0
1983-02-25,0.0
1983-02-26,0.0
1983-02-27,0.0
1983-02-28,0.0
1983-03-01,0.0
1983-03-02,0.0
1983-03-03,0.0
1983-03-04,0.0
1983-03-05,0.0
1983-03-06,0.0
1983-03-07,0.0
1983-03-08,0.0
1983-03-09,0.0
1983-03-10,0.0
1983-03-11,0.0
1983-03-12,0.0
1983-03-13,0.0
1983-03-14,0.0
1983-03-15,0.0
1983-03-16,0.0
1983-03-17,0.0
1983-03-18,0.0
1983-03-19,0.0
1983-03-20,0.0
1983-03-21,0.0
1983-03-22,0.0
1983-03-23,0.0
1983-03-24,0.0
1983-03-25,0.0
1983-03-26,0.0
1983-03-27,0.0
1983-03-28,0.0
1983-03-29,0.0
1983-03-30,0.0
1983-03-31,0.0
1983-04-01,0.0
1983-04-02,0.0
1983-04-03,0.0
1983-04-04,0.0
1983-04-05,0.0
1983-04-06,0.0
1983-04-07,0.0
1983-04-08,0.0
1983-04-09,0.0
1983-04-10,0.0
1983-04-11,0.0
1983-04-12,0.0
1983-04-13,0.0
1983-04-14,0.0
1983-04-15,0.0
1983-04-16,0.0
1983-04-17,0.0
1983-04-18,0.0
1983-04-19,0.0
1983-04-20,0.0
1983-04-21,0.0
1983-04-22,0.0
1983-04-23,0.0
1983-04-24,0.0
1983-04-25,0.0
1983-04-26,0.0
1983-04-27,0.0
1983-04-28,0.0
1983-04-29,0.0
1983-04-30,0.0
1983-05-01,0.5419999999999999
1983-05-02,0.5420000000000001
1983-05-03,0.542
1983-05-04,0.542
1983-05-05,0.542
1983-05-06,0.542
1983-05-07,0.542
1983-05-08,0.542
1983-05-09,0.5419999999999999
1983-05-10,0.542
1983-05-11,0.5420000000000001
1983-05-12,1.175178147268409
1983-05-13,2.0843339658444022
1983-05-14,15.106459962756054
1983-05-15,3.681421170935095
1983-05-16,3.107742987349729
1983-05-17,66.62007904209393
1983-05-18,127.52103711131694
1983-05-19,161.63125250468445
1983-05-20,164.84627065436553
1983-05-21,167.45989497616696
1983-05-22,135.01673141621276
1983-05-23,130.77889476586674
1983-05-24,117.12391711255086
1983-05-25,170.76520600438053
1983-05-26,282.8941489585578
1983-05-27,319.8418746801208
1983-05-28,297.67223517418466
1983-05-29,307.6677714950103
1983-05-30,306.40555669973156
1983-05-31,275.6388215705257
1983-06-01,257.1275391419658
1983-06-02,234.2452419236507
1983-06-03,197.19000689944068
1983-06-04,202.18595618622683
1983-06-05,175.03515845352317
1983-06-06,170.5412061016652
1983-06-07,184.09948690023273
1983-06-08,270.4546977564544
1983-06-09,316.2779247444334
1983-06-10,388.7141417006757
1983-06-11,511.04635324270106
1983-06-12,674.0636626276444
1983-06-13,911.4756177696981
1983-06-14,946.7204191262609
1983-06-15,924.7537987457832
1983-06-16,915.2541339975359
1983-06-17,874.1993071284138
1983-06-18,741.2031034887234
1983-06-19,680.7926992455117
1983-06-20,670.2140393918846
1983-06-21,627.9637747729345
1983-06-22,587.6359427142434
1983-06-23,545.554326281725
1983-06-24,526.2562671868442
1983-06-25,487.0106914753254
1983-06-26,480.8950817569758
1983-06-27,473.02144428540703
1983-06-28,419.375051701238
1983-06-29,392.0579000263967
1983-06-30,362.13892359644757
1983-07-01,358.1791646773295
1983-07-02,353.5560273986673
1983-07-03,351.11899131842904
1983-07-04,349.88864092579945
1983-07-05,336.1019064934582
1983-07-06,319.5534577110472
1983-07-07,322.1386777162834
1983-07-08,310.5513997987945
1983-07-09,273.84619407372395
1983-07-10,259.58011762424087
1983-07-11,236.1868429509415
1983-07-12,249.18389540541497
1983-07-13,269.61038405780687
1983-07-14,263.7233896761945
1983-07-15,244.31935420425802
1983-07-16,234.02077893844722
1983-07-17,240.00147487075802
1983-07-18,223.58077022706672
1983-07-19,218.96815964655116
1983-07-20,211.05215664617643
1983-07-21,207.84296688729205
1983-07-22,189.61501634025305
1983-07-23,179.74294772491345
1983-07-24,159.92069355368815
1983-07-25,138.12675542832454
1983-07-26,136.54494874203272
1983-07-27,139.6510815943674
1983-07-28,138.32657320158313
1983-07-29,170.25165120888965
1983-07-30,245.5828347181511
1983-07-31,291.03767110073755
1983-08-01,408.46052586404403
1983-08-02,505.24571936191717
1983-08-03,532.6201501237396
1983-08-04,725.5665972141958
1983-08-05,749.1334562296239
1983-08-06,724.7396327865596
1983-08-07,685.510881373135
1983-08-08,500.20695218414556
1983-08-09,469.9271098827361
1983-08-10,339.49014711958034
1983-08-11,272.45002331435876
1983-08-12,276.1711485612765
1983-08-13,302.0382606859118
1983-08-14,266.3702701995628
1983-08-15,239.31364818934128
1983-08-16,208.5299988703226
1983-08-17,190.7834600317695
1983-08-18,180.67136539772054
1983-08-19,182.41171453609192
1983-08-20,177.8756660516059
1983-08-21,156.14561543577142
1983-08-22,141.31199750030606
1983-08-23,128.2023190314461
1983-08-24,105.53124822990668
1983-08-25,75.66636746230058
1983-08-26,69.82779252302527
1983-08-27,95.58396595770007
1983-08-28,130.55765543554716
1983-08-29,121.90171398830222
1983-08-30,98.40656472116864
1983-08-31,98.13144080969461
1983-09-01,95.7895449152557
1983-09-02,88.4102697275746
1983-09-03,56.85399731438636
1983-09-04,50.864625908123394
1983-09-05,49.763486222526055
1983-09-06,46.52765981539135
1983-09-07,43.656349281078334
1983-09-08,43.15526451579797
1983-09-09,41.58631117480861
1983-09-10,46.83556380155699
1983-09-11,68.6207865380214
1983-09-12,63.9855626688125
1983-09-13,57.93062416083803
1983-09-14,40.5434629625436
1983-09-15,37.18531239395788
1983-09-16,32.97294290261714
1983-09-17,30.4697792082503
1983-09-18,28.88679005018314
1983-09-19,27.685852123064564
1983-09-20,26.914045534064424
1983-09-21,26.369236379943324
1983-09-22,25.72903242783338
1983-09-23,25.13822338629211
1983-09-24,24.681951256817683
1983-09-25,23.78930636991514
1983-09-26,25.6759416831325
1983-09-27,26.411870936764043
1983-09-28,27.73294208800241
1983-09-29,28.96604988336395
1983-09-30,25.465107707900895
1983-10-01,19.328125
1983-10-02,16.8046875
1983-10-03,14.5234375
1983-10-04,12.453125
1983-10-05,10.5625
1983-10-06,8.828125
1983-10-07,7.2265625
1983-10-08,5.75
1983-10-09,4.453125
1983-10-10,3.390625
1983-10-11,2.5859375
1983-10-12,1.96875
1983-10-13,1.484375
1983-10-14,1.125
1983-10-15,0.859375
1983-10-16,0.671875
1983-10-17,0.5234375
1983-10-18,0.40625
1983-10-19,0.3203125
1983-10-20,0.2578125
1983-10-21,0.2109375
1983-10-22,0.1640625
1983-10-23,0.1328125
1983-10-24,0.109375
1983-10-25,0.0859375
1983-10-26,0.0703125
1983-10-27,0.05468749999999999
1983-10-28,0.046875
1983-10-29,0.0390625
1983-10-30,0.03125
1983-10-31,0.0234375
1983-11-01,0.0234375
1983-11-02,0.015625
1983-11-03,0.015625
1983-11-04,0.015625
1983-11-05,0.007812500000000002
1983-11-06,0.015625
1983-11-07,0.0
1983-11-08,0.0
1983-11-09,0.0
1983-11-10,0.0
1983-11-11,0.0
1983-11-12,0.0
1983-11-13,0.0
1983-11-14,0.0
1983-11-15,0.0
1983-11-16,0.0
1983-11-17,0.0
1983-11-18,0.0
1983-11-19,0.0
1983-11-20,0.0
1983-11-21,0.0
1983-11-22,0.0
1983-11-23,0.0
1983-11-24,0.0
1983-11-25,0.0
1983-11-26,0.0
1983-11-27,0.0
1983-11-28,0.0
1983-11-29,0.0
1983-11-30,0.0
1983-12-01,0.0
1983-12-02,0.0
1983-12-03,0.0
1983-12-04,0.0
1983-12-05,0.0
1983-12-06,0.0
1983-12-07,0.0
1983-12-08,0.0
1983-12-09,0.0
1983-12-10,0.0
1983-12-11,0.0
1983-12-12,0.0
1983-12-13,0.0
1983-12-14,0.0
1983-12-15,0.0
1983-12-16,0.0
1983-12-17,0.0
1983-12-18,0.0
1983-12-19,0.0
1983-12-20,0.0
1983-12-21,0.0
1983-12-22,0.0
1983-12-23,0.0
1983-12-24,0.0
1983-12-25,0.0
1983-12-26,0.0
1983-12-27,0.0
1983-12-28,0.0
1983-12-29,0.0
1983-12-30,0.0
1983-12-31,0.0
1984-01-01,0.0
1984-01-02,0.0
1984-01-03,0.0
1984-01-04,0.0
1984-01-05,0.0
1984-01-06,0.0
1984-01-07,0.0
1984-01-08,0.0
1984-01-09,0.0
1984-01-10,0.0
1984-01-11,0.0
1984-01-12,0.0
1984-01-13,0.0
1984-01-14,0.0
1984-01-15,0.0
1984-01-16,0.0
1984-01-17,0.0
1984-01-18,0.0
1984-01-19,0.0
1984-01-20,0.0
1984-01-21,0.0
1984-01-22,0.0
1984-01-23,0.0
1984-01-24,0.0
1984-01-25,0.0
1984-01-26,0.0
1984-01-27,0.0
1984-01-28,0.0
1984-01-29,0.0
1984-01-30,0.0
1984-01-31,0.0
1984-02-01,0.0
1984-02-02,0.0
1984-02-03,0.0
1984-02-04,0.0
1984-02-05,0.0
1984-02-06,0.0
1984-02-07,0.0
1984-02-08,0.0
1984-02-09,0.0
1984-02-10,0.0
1984-02-11,0.0
1984-02-12,0.0
1984-02-13,0.0
1984-02-14,0.0
1984-02-15,0.0
1984-02-16,0.0
1984-02-17,0.0
1984-02-18,0.0
1984-02-19,0.0
1984-02-20,0.0
1984-02-21,0.0
1984-02-22,0.0
1984-02-23,0.0
1984-02-24,0.0
1984-02-25,0.0
1984-02-26,0.0
1984-02-27,0.0
1984-02-28,0.0
1984-02-29,0.0
1984-03-01,0.0
1984-03-02,0.0
1984-03-03,0.0
1984-03-04,0.0
1984-03-05,0.0
1984-03-06,0.0
1984-03-07,0.0
1984-03-08,0.0
1984-03-09,0.0
1984-03-10,0.0
1984-03-11,0.0
1984-03-12,0.0
1984-03-13,0.0
1984-03-14,0.0
1984-03-15,0.0
1984-03-16,0.0
1984-03-17,0.0
1984-03-18,0.0
1984-03-19,0.0
1984-03-20,0.0
1984-03-21,0.0
1984-03-22,0.0
1984-03-23,0.0
1984-03-24,0.0
1984-03-25,0.0
1984-03-26,0.0
1984-03-27,0.0
1984-03-28,0.0
1984-03-29,0.0
1984-03-30,0.0
1984-03-31,0.0
1984-04-01,0.0
1984-04-02,0.0
1984-04-03,0.0
1984-04-04,0.0
1984-04-05,0.0
1984-04-06,0.0
1984-04-07,0.0
1984-04-08,0.0
1984-04-09,0.0
1984-04-10,0.0
1984-04-11,0.0
1984-04-12,0.0
1984-04-13,0.0
1984-04-14,0.0
1984-04-15,0.0
1984-04-16,0.0
1984-04-17,0.0
1984-04-18,0.0
1984-04-19,0.0
1984-04-20,0.0
1984-04-21,0.0
1984-04-22,0.0
1984-04-23,0.0
1984-04-24,0.0
1984-04-25,0.0
1984-04-26,0.0
1984-04-27,0.0
1984-04-28,0.0
1984-04-29,0.0
1984-04-30,0.0
1984-05-01,0.542
1984-05-02,0.542
1984-05-03,0.5419999999999999
1984-05-04,0.542
1984-05-05,0.5420000000000001
1984-05-06,1.1963333333333332
1984-05-07,3.514069364161848
1984-05-08,10.838924855491328
1984-05-09,2.789206524744265
1984-05-10,6.381617362455078
1984-05-11,5.438113407525172
1984-05-12,5.811617643094013
1984-05-13,6.784861917575413
1984-05-14,6.560000000000001
1984-05-15,6.825685423363331
1984-05-16,86.19856834439322
1984-05-17,117.00932881799564
1984-05-18,138.62541997465533
1984-05-19,158.80708201351953
1984-05-20,258.17869199124067
1984-05-21,332.9409274634942
1984-05-22,366.1905821124178
1984-05-23,318.67780454495
1984-05-24,327.75394811390595
1984-05-25,358.39772856423303
1984-05-26,299.254914284859
1984-05-27,340.9817040385747
1984-05-28,290.9788728995233
1984-05-29,328.79320879977865
1984-05-30,278.3059965186309
1984-05-31,258.9818580692475
1984-06-01,269.5618309942912
1984-06-02,333.7818679199713
1984-06-03,425.38019893697265
1984-06-04,540.76416035785
1984-06-05,620.5760367114758
1984-06-06,626.1885933191702
1984-06-07,630.7961954081782
1984-06-08,620.7608203297542
1984-06-09,597.9969030562531
1984-06-10,548.0894005829447
1984-06-11,540.5848888378458
1984-06-12,513.6972856781009
1984-06-13,528.1555654524884
1984-06-14,551.4437103306434
1984-06-15,528.6756490996593
1984-06-16,511.7052262711976
1984-06-17,481.3985322114484
1984-06-18,470.00000000000006
1984-06-19,429.86249106281844
1984-06-20,403.45254099262587
1984-06-21,406.0660080227427
1984-06-22,427.4558289963405
1984-06-23,405.6268995548571
1984-06-24,350.0697733561097
1984-06-25,311.98512668794393
1984-06-26,301.40069374001234
1984-06-27,294.2642738742859
1984-06-28,284.1884522425945
1984-06-29,278.06535808246633
1984-06-30,281.3481692817875
1984-07-01,277.3955307149559
1984-07-02,252.10104711443793
1984-07-03,248.1789044067882
1984-07-04,238.96601021993098
1984-07-05,256.0878635555435
1984-07-06,288.7926496196759
1984-07-07,331.4800643453936
1984-07-08,318.82550783661696
1984-07-09,285.0353443011976
1984-07-10,261.517258019142
1984-07-11,232.20810885906496
1984-07-12,203.06298937638715
1984-07-13,233.62115971658213
1984-07-14,256.45618969821606
1984-07-15,265.3342451000179
1984-07-16,247.1818930951201
1984-07-17,224.99530722055215
1984-07-18,196.13843487570307
1984-07-19,191.16122154346021
1984-07-20,206.80793010720933
1984-07-21,203.47956640783752
1984-07-22,182.04205054211295
1984-07-23,176.21886670155325
1984-07-24,194.01120305638977
1984-07-25,206.59529056313576
1984-07-26,225.08046460463305
1984-07-27,272.0071958669892
1984-07-28,383.391557161076
1984-07-29,291.818570966438
1984-07-30,272.37100928535205
1984-07-31,245.59703385663454
1984-08-01,221.90443525860292
1984-08-02,193.82274292506196
1984-08-03,191.61247624343832
1984-08-04,236.19656747948838
1984-08-05,271.48297655787155
1984-08-06,276.55773076475293
1984-08-07,271.21780872382703
1984-08-08,269.2097560922069
1984-08-09,261.5135048353255
1984-08-10,259.10435458549256
1984-08-11,265.32286987287597
1984-08-12,270.49275118507353
1984-08-13,435.2986415503414
1984-08-14,729.7488990236646
1984-08-15,753.5278078069929
1984-08-16,742.3292389848854
1984-08-17,715.5525920889951
1984-08-18,674.4622040594194
1984-08-19,398.091784008914
1984-08-20,376.2742934070088
1984-08-21,364.44725124330154
1984-08-22,291.40440980204926
1984-08-23,276.4248193161066
1984-08-24,257.9379186573024
1984-08-25,221.9091937135994
1984-08-26,201.2641606112863
1984-08-27,184.20170670894035
1984-08-28,178.4658135510782
1984-08-29,159.25537724846362
1984-08-30,140.5636612080093
1984-08-31,136.77027087412557
1984-09-01,134.44271884349774
1984-09-02,142.77869488795525
1984-09-03,146.52880167317926
1984-09-04,187.21486949731312
1984-09-05,344.00000000000006
1984-09-06,753.4482794768345
1984-09-07,668.8332003222229
1984-09-08,583.720973018203
1984-09-09,539.3286639197826
1984-09-10,501.31972466279075
1984-09-11,486.5529692170421
1984-09-12,466.9180526353323
1984-09-13,457.15468502376586
1984-09-14,449.6631259423145
1984-09-15,430.5961614931335
1984-09-16,410.7448821942696
1984-09-17,368.80152764346036
1984-09-18,288.1008028064111
1984-09-19,267.8835171712431
1984-09-20,269.6119688005896
1984-09-21,269.6838116175986
1984-09-22,276.6381955085151
1984-09-23,283.54433081023836
1984-09-24,286.9557089117241
1984-09-25,276.76134871134354
1984-09-26,256.1700335805744
1984-09-27,240.86837350735365
1984-09-28,227.7224866710718
1984-09-29,274.51876610385585
1984-09-30,326.58285747332434
1984-10-01,255.90625
1984-10-02,248.125
1984-10-03,229.796875
1984-10-04,211.3125
1984-10-05,194.359375
1984-10-06,178.734375
1984-10-07,164.5
1984-10-08,151.109375
1984-10-09,139.1875
1984-10-10,127.609375
1984-10-11,115.75
1984-10-12,105.484375
1984-10-13,96.140625
1984-10-14,87.703125
1984-10-15,79.9375
1984-10-16,72.859375
1984-10-17,66.5
1984-10-18,60.4375
1984-10-19,54.875
1984-10-20,49.75
1984-10-21,45.046875
1984-10-22,40.71875
1984-10-23,36.671875
1984-10-24,32.90625
1984-10-25,29.484375
1984-10-26,26.296875
1984-10-27,23.359375
1984-10-28,20.671875
1984-10-29,18.25
1984-10-30,16.265625
1984-10-31,14.234375
1984-11-01,12.296875
1984-11-02,10.5
1984-11-03,8.921875
1984-11-04,7.484375
1984-11-05,6.171875
1984-11-06,4.984375
1984-11-07,3.96875
1984-11-08,3.078125
1984-11-09,2.359375
1984-11-10,1.78125
1984-11-11,1.34375
1984-11-12,1.0
1984-11-13,0.75
1984-11-14,0.5625
1984-11-15,0.421875
1984-11-16,0.3125
1984-11-17,0.234375
1984-11-18,0.1875
1984-11-19,0.140625
1984-11-20,0.109375
1984-11-21,0.09375
1984-11-22,0.078125
1984-11-23,0.06249999999999999
1984-11-24,0.06249999999999999
1984-11-25,0.046875
1984-11-26,0.046875
1984-11-27,0.03125
1984-11-28,0.03125
1984-11-29,0.03125
1984-11-30,0.015625
1984-12-01,0.015625
1984-12-02,0.015625
1984-12-03,0.015625
1984-12-04,0.015625
1984-12-05,0.015625
1984-12-06,0.015625
1984-12-07,0.0
1984-12-08,0.0
1984-12-09,0.0
1984-12-10,0.0
1984-12-11,0.0
1984-12-12,0.0
1984-12-13,0.0
1984-12-14,0.0
1984-12-15,0.0
1984-12-16,0.0
1984-12-17,0.0
1984-12-18,0.0
1984-12-19,0.0
1984-12-20,0.0
1984-12-21,0.0
1984-12-22,0.0
1984-12-23,0.0
1984-12-24,0.0
1984-12-25,0.0
1984-12-26,0.0
1984-12-27,0.0
1984-12-28,0.0
1984-12-29,0.0
1984-12-30,0.0
1984-12-31,0.0
1985-01-01,0.0
1985-01-02,0.0
1985-01-03,0.0
1985-01-04,0.0
1985-01-05,0.0
1985-01-06,0.0
1985-01-07,0.0
1985-01-08,0.0
1985-01-09,0.0
1985-01-10,0.0
1985-01-11,0.0
1985-01-12,0.0
1985-01-13,0.0
1985-01-14,0.0
1985-01-15,0.0
1985-01-16,0.0
1985-01-17,0.0
1985-01-18,0.0
1985-01-19,0.0
1985-01-20,0.0
1985-01-21,0.0
1985-01-22,0.0
1985-01-23,0.0
1985-01-24,0.0
1985-01-25,0.0
1985-01-26,0.0
1985-01-27,0.0
1985-01-28,0.0
1985-01-29,0.0
1985-01-30,0.0
1985-01-31,0.0
1985-02-01,0.0
1985-02-02,0.0
1985-02-03,0.0
1985-02-04,0.0
1985-02-05,0.0
1985-02-06,0.0
1985-02-07,0.0
1985-02-08,0.0
1985-02-09,0.0
1985-02-10,0.0
1985-02-11,0.0
1985-02-12,0.0
1985-02-13,0.0
1985-02-14,0.0
1985-02-15,0.0
1985-02-16,0.0
1985-02-17,0.0
1985-02-18,0.0
1985-02-19,0.0
1985-02-20,0.0
1985-02-21,0.0
1985-02-22,0.0
1985-02-23,0.0
1985-02-24,0.0
1985-02-25,0.0
1985-02-26,0.0
1985-02-27,0.0
1985-02-28,0.0
1985-03-01,0.0
1985-03-02,0.0
1985-03-03,0.0
1985-03-04,0.0
1985-03-05,0.0
1985-03-06,0.0
1985-03-07,0.0
1985-03-08,0.0
1985-03-09,0.0
1985-03-10,0.0
1985-03-11,0.0
1985-03-12,0.0
1985-03-13,0.0
1985-03-14,0.0
1985-03-15,0.0
1985-03-16,0.0
1985-03-17,0.0
1985-03-18,0.0
1985-03-19,0.0
1985-03-20,0.0
1985-03-21,0.0
1985-03-22,0.0
1985-03-23,0.0
1985-03-24,0.0
1985-03-25,0.0
1985-03-26,0.0
1985-03-27,0.0
1985-03-28,0.0
1985-03-29,0.0
1985-03-30,0.0
1985-03-31,0.0
1985-04-01,0.0
1985-04-02,0.0
1985-04-03,0.0
1985-04-04,0.0
1985-04-05,0.0
1985-04-06,0.0
1985-04-07,0.0
1985-04-08,0.0
1985-04-09,0.0
1985-04-10,0.0
1985-04-11,0.0
1985-04-12,0.0
1985-04-13,0.0
1985-04-14,0.0
1985-04-15,0.0
1985-04-16,0.0
1985-04-17,0.0
1985-04-18,0.0
1985-04-19,0.0
1985-04-20,0.0
1985-04-21,0.0
1985-04-22,0.0
1985-04-23,0.0
1985-04-24,0.0
1985-04-25,0.0
1985-04-26,0.0
1985-04-27,0.0
1985-04-28,0.0
1985-04-29,0.0
1985-04-30,0.0
1985-05-01,0.5419999999999999
1985-05-02,0.542
1985-05-03,0.5420000000000001
1985-05-04,0.5419999999999999
1985-05-05,0.542
1985-05-06,0.542
1985-05-07,0.5420000000000003
1985-05-08,0.5420000000000001
1985-05-09,0.542
1985-05-10,0.542
1985-05-11,0.542
1985-05-12,0.6
1985-05-13,0.6
1985-05-14,0.742
1985-05-15,0.742
1985-05-16,0.7420000000000003
1985-05-17,0.5129999999999998
1985-05-18,0.513
1985-05-19,0.513
1985-05-20,0.5129999999999999
1985-05-21,0.4547619047619051
1985-05-22,1.0621212121212116
1985-05-23,0.5931034482758619
1985-05-24,1.9288472307147686
1985-05-25,2.7329806613027268
1985-05-26,8.713600453838719
1985-05-27,14.785354009730804
1985-05-28,21.960818692698282
1985-05-29,142.3899031415281
1985-05-30,243.60984052366592
1985-05-31,288.49337139654045
1985-06-01,342.12958134999013
1985-06-02,314.00844347430876
1985-06-03,310.3974213892827
1985-06-04,296.8735045672532
1985-06-05,267.99767244206515
1985-06-06,261.9997614259035
1985-06-07,252.1936122322018
1985-06-08,260.94993725930783
1985-06-09,311.6983631848213
1985-06-10,404.7913384257623
1985-06-11,492.38336080419816
1985-06-12,561.2166573804119
1985-06-13,644.755333287803
1985-06-14,770.7854387091807
1985-06-15,925.346066428686
1985-06-16,928.6311259173393
1985-06-17,876.7731073220403
1985-06-18,846.6864516264816
1985-06-19,860.4531632730705
1985-06-20,879.5494068154701
1985-06-21,898.9342478261505
1985-06-22,1216.2155624496847
1985-06-23,1198.3673178373203
1985-06-24,863.2722387535355
1985-06-25,810.8494397611722
1985-06-26,688.0998682892606
1985-06-27,613.5964033451098
1985-06-28,581.7530915968916
1985-06-29,551.6255990765698
1985-06-30,522.778847933738
1985-07-01,480.8642273219431
1985-07-02,445.6861106342805
1985-07-03,419.83934265909767
1985-07-04,399.3331573595092
1985-07-05,366.30797661504465
1985-07-06,350.61072467601895
1985-07-07,346.6134977225011
1985-07-08,343.1365932824714
1985-07-09,357.20396724928185
1985-07-10,367.7272463833486
1985-07-11,333.72250545963016
1985-07-12,300.87834957737
1985-07-13,271.82159086820906
1985-07-14,256.75145016175986
1985-07-15,280.8377288016044
1985-07-16,342.7785108396581
1985-07-17,389.87865691415993
1985-07-18,390.2378679020583
1985-07-19,544.9374462526151
1985-07-20,744.7092641410391
1985-07-21,766.3003713272005
1985-07-22,739.960923270037
1985-07-23,714.1234532289524
1985-07-24,527.0742274949553
1985-07-25,418.17542580458615
1985-07-26,309.31898124499463
1985-07-27,267.50949433676726
1985-07-28,232.38180663241326
1985-07-29,212.0109439177453
1985-07-30,217.30062605599568
1985-07-31,204.49017621995029
1985-08-01,178.94296300123744
1985-08-02,174.4885550402668
1985-08-03,193.57305177494402
1985-08-04,210.89137117097783
1985-08-05,241.21731654193215
1985-08-06,362.83981675662676
1985-08-07,503.9608600475512
1985-08-08,680.8394050293463
1985-08-09,682.5299833682395
1985-08-10,512.205924366589
1985-08-11,469.13337958506463
1985-08-12,336.1992069321806
1985-08-13,271.7329858112701
1985-08-14,265.4524126550763
1985-08-15,255.82804363571532
1985-08-16,227.47971141363874
1985-08-17,206.56485401821723
1985-08-18,201.83265201264538
1985-08-19,201.0495010663182
1985-08-20,190.42896877242967
1985-08-21,175.95744269107138
1985-08-22,170.10098247450006
1985-08-23,188.86869710024405
1985-08-24,225.55286388060702
1985-08-25,222.90145167021868
1985-08-26,199.15691905925655
1985-08-27,192.7972962094918
1985-08-28,192.72924210859912
1985-08-29,188.90728414912317
1985-08-30,194.80875589826942
1985-08-31,203.57803251857152
1985-09-01,200.4184362319487
1985-09-02,188.59720110595768
1985-09-03,185.7202100880562
1985-09-04,164.36709190923506
1985-09-05,144.3242041505475
1985-09-06,146.9394232711602
1985-09-07,147.28722632965906
1985-09-08,143.09931138261615
1985-09-09,133.99143303228936
1985-09-10,128.6566260261649
1985-09-11,125.21315492489644
1985-09-12,110.09707914673918
1985-09-13,101.30148407537101
1985-09-14,92.48303099693857
1985-09-15,88.18517763148027
1985-09-16,81.83299412824293
1985-09-17,75.47854633035179
1985-09-18,73.00347522121756
1985-09-19,76.67718282179928
1985-09-20,78.56190136254595
1985-09-21,74.60037345119079
1985-09-22,68.47750749657695
1985-09-23,61.04344056723535
1985-09-24,53.06644489304136
1985-09-25,47.279516680836714
1985-09-26,41.91718966813695
1985-09-27,36.561031366025894
1985-09-28,30.109555123129567
1985-09-29,30.15386252836449
1985-09-30,26.432993189722804
1985-10-01,20.109375
1985-10-02,17.59375
1985-10-03,15.25
1985-10-04,13.046875
1985-10-05,11.078125
1985-10-06,9.3125
1985-10-07,7.703125
1985-10-08,6.234375
1985-10-09,4.921875
1985-10-10,3.765625
1985-10-11,2.796875
1985-10-12,2.03125
1985-10-13,1.421875
1985-10-14,0.96875
1985-10-15,0.640625
1985-10-16,0.4375
1985-10-17,0.3125
1985-10-18,0.21875
1985-10-19,0.15625
1985-10-20,0.125
1985-10-21,0.09375
1985-10-22,0.06249999999999999
1985-10-23,0.06249999999999999
1985-10-24,0.046875
1985-10-25,0.03125
1985-10-26,0.03125
1985-10-27,0.015625
1985-10-28,0.015625
1985-10-29,0.015625
1985-10-30,0.015625
1985-10-31,0.0
1985-11-01,0.0
1985-11-02,0.0
1985-11-03,0.0
1985-11-04,0.0
1985-11-05,0.0
1985-11-06,0.0
1985-11-07,0.0
1985-11-08,0.0
1985-11-09,0.0
1985-11-10,0.0
1985-11-11,0.0
1985-11-12,0.0
1985-11-13,0.0
1985-11-14,0.0
1985-11-15,0.0
1985-11-16,0.0
1985-11-17,0.0
1985-11-18,0.0
1985-11-19,0.0
1985-11-20,0.0
1985-11-21,0.0
1985-11-22,0.0
1985-11-23,0.0
1985-11-24,0.0
1985-11-25,0.0
1985-11-26,0.0
1985-11-27,0.0
1985-11-28,0.0
1985-11-29,0.0
1985-11-30,0.0
1985-12-01,0.0
1985-12-02,0.0
1985-12-03,0.0
1985-12-04,0.0
1985-12-05,0.0
1985-12-06,0.0
1985-12-07,0.0
1985-12-08,0.0
1985-12-09,0.0
1985-12-10,0.0
1985-12-11,0.0
1985-12-12,0.0
1985-12-13,0.0
1985-12-14,0.0
1985-12-15,0.0
1985-12-16,0.0
1985-12-17,0.0
1985-12-18,0.0
1985-12-19,0.0
1985-12-20,0.0
1985-12-21,0.0
1985-12-22,0.0
1985-12-23,0.0
1985-12-24,0.0
1985-12-25,0.0
1985-12-26,0.0
1985-12-27,0.0
1985-12-28,0.0
1985-12-29,0.0
1985-12-30,0.0
1985-12-31,0.0
1986-01-01,0.0
1986-01-02,0.0
1986-01-03,0.0
1986-01-04,0.0
1986-01-05,0.0
1986-01-06,0.0
1986-01-07,0.0
1986-01-08,0.0
1986-01-09,0.0
1986-01-10,0.0
1986-01-11,0.0
1986-01-12,0.0
1986-01-13,0.0
1986-01-14,0.0
1986-01-15,0.0
1986-01-16,0.0
1986-01-17,0.0
1986-01-18,0.0
1986-01-19,0.0
1986-01-20,0.0
1986-01-21,0.0
1986-01-22,0.0
1986-01-23,0.0
1986-01-24,0.0
1986-01-25,0.0
1986-01-26,0.0
1986-01-27,0.0
1986-01-28,0.0
1986-01-29,0.0
1986-01-30,0.0
1986-01-31,0.0
1986-02-01,0.0
1986-02-02,0.0
1986-02-03,0.0
1986-02-04,0.0
1986-02-05,0.0
1986-02-06,0.0
1986-02-07,0.0
1986-02-08,0.0
1986-02-09,0.0
1986-02-10,0.0
1986-02-11,0.0
1986-02-12,0.0
1986-02-13,0.0
1986-02-14,0.0
1986-02-15,0.0
1986-02-16,0.0
1986-02-17,0.0
1986-02-18,0.0
1986-02-19,0.0
1986-02-20,0.0
1986-02-21,0.0
1986-02-22,0.0
1986-02-23,0.0
1986-02-24,0.0
1986-02-25,0.0
1986-02-26,0.0
1986-02-27,0.0
1986-02-28,0.0
1986-03-01,0.0
1986-03-02,0.0
1986-03-03,0.0
1986-03-04,0.0
1986-03-05,0.0
1986-03-06,0.0
1986-03-07,0.0
1986-03-08,0.0
1986-03-09,0.0
1986-03-10,0.0
1986-03-11,0.0
1986-03-12,0.0
1986-03-13,0.0
1986-03-14,0.0
1986-03-15,0.0
1986-03-16,0.0
1986-03-17,0.0
1986-03-18,0.0
1986-03-19,0.0
1986-03-20,0.0
1986-03-21,0.0
1986-03-22,0.0
1986-03-23,0.0
1986-03-24,0.0
1986-03-25,0.0
1986-03-26,0.0
1986-03-27,0.0
1986-03-28,0.0
1986-03-29,0.0
1986-03-30,0.0
1986-03-31,0.0
1986-04-01,0.0
1986-04-02,0.0
1986-04-03,0.0
1986-04-04,0.0
1986-04-05,0.0
1986-04-06,0.0
1986-04-07,0.0
1986-04-08,0.0
1986-04-09,0.0
1986-04-10,0.0
1986-04-11,0.0
1986-04-12,0.0
1986-04-13,0.0
1986-04-14,0.0
1986-04-15,0.0
1986-04-16,0.0
1986-04-17,0.0
1986-04-18,0.0
1986-04-19,0.0
1986-04-20,0.0
1986-04-21,0.0
1986-04-22,0.0
1986-04-23,0.0
1986-04-24,0.0
1986-04-25,0.0
1986-04-26,0.0
1986-04-27,0.0
1986-04-28,0.0
1986-04-29,0.0
1986-04-30,0.09375
1986-05-01,3.2762183908045985
1986-05-02,2.7562471264367825
1986-05-03,2.756247126436782
1986-05-04,2.2362758620689664
1986-05-05,1.1963333333333335
1986-05-06,1.1963333333333332
1986-05-07,2.327123287671236
1986-05-08,2.3271232876712356
1986-05-09,0.542
1986-05-10,0.542
1986-05-11,0.5420000000000001
1986-05-12,0.6000000000000001
1986-05-13,0.6
1986-05-14,0.7420000000000001
1986-05-15,0.742
1986-05-16,2.0157674418604654
1986-05-17,3.358212290502793
1986-05-18,1.0394519230769232
1986-05-19,2.355978181116046
1986-05-20,3.6883316801413155
1986-05-21,4.994540989592843
1986-05-22,4.9442970954756325
1986-05-23,4.505014904576447
1986-05-24,5.490631742924207
1986-05-25,8.780230892158487
1986-05-26,10.229533834797104
1986-05-27,13.234736911314412
1986-05-28,15.363280771141548
1986-05-29,19.261638231145966
1986-05-30,15.60503886272861
1986-05-31,29.8119539608468
1986-06-01,91.53317449884982
1986-06-02,138.56573942882972
1986-06-03,151.56973465462724
1986-06-04,194.4200405750811
1986-06-05,260.54495688082295
1986-06-06,342.16358502988965
1986-06-07,375.4420746947271
1986-06-08,440.0
1986-06-09,491.8241513194017
1986-06-10,507.3455531831721
1986-06-11,548.7599437136431
1986-06-12,622.524923443849
1986-06-13,674.7083868555671
1986-06-14,747.9291722720128
1986-06-15,921.7184268709071
1986-06-16,1305.7200585375867
1986-06-17,1443.0620023547515
1986-06-18,1480.9401277049167
1986-06-19,1424.7558732563402
1986-06-20,1367.7480471810272
1986-06-21,1282.458301160251
1986-06-22,904.2084568459875
1986-06-23,842.8529812217594
1986-06-24,713.7326116847292
1986-06-25,635.3633512357692
1986-06-26,584.7268474044176
1986-06-27,557.4026778690885
1986-06-28,504.7054612163491
1986-06-29,461.2193617496992
1986-06-30,426.34248968455427
1986-07-01,403.0087364415573
1986-07-02,392.6308527179452
1986-07-03,365.44760913070814
1986-07-04,347.99306379655656
1986-07-05,311.48853316759374
1986-07-06,276.9968703528635
1986-07-07,263.3954196832976
1986-07-08,254.55717821477387
1986-07-09,243.66457029018866
1986-07-10,218.22200357577069
1986-07-11,228.69483681566783
1986-07-12,228.4323410824145
1986-07-13,216.66489522844037
1986-07-14,196.08462100407414
1986-07-15,185.3392578554914
1986-07-16,162.0297678607164
1986-07-17,183.36090844558257
1986-07-18,220.52537032113813
1986-07-19,238.96101323127652
1986-07-20,232.11323282059135
1986-07-21,220.8342675593757
1986-07-22,269.7062310954107
1986-07-23,301.08773605067637
1986-07-24,313.8828549451583
1986-07-25,308.0863690930068
1986-07-26,404.1193116237269
1986-07-27,718.8944608155044
1986-07-28,784.0635798346121
1986-07-29,760.6101691110294
1986-07-30,714.7347418572515
1986-07-31,540.7824865586197
1986-08-01,499.32695545121885
1986-08-02,372.1349697094602
1986-08-03,272.155183897296
1986-08-04,249.13805138808743
1986-08-05,236.11175752910927
1986-08-06,208.493568760718
1986-08-07,192.43130018025025
1986-08-08,175.33777667104457
1986-08-09,164.41971185398472
1986-08-10,157.7898157775865
1986-08-11,150.53596044807966
1986-08-12,124.65571928437572
1986-08-13,107.19225778489731
1986-08-14,87.69656866830078
1986-08-15,84.87146452663477
1986-08-16,116.43537524813875
1986-08-17,182.08011139158015
1986-08-18,208.99773624677132
1986-08-19,205.09918556059006
1986-08-20,200.73071229618193
1986-08-21,191.6658772785712
1986-08-22,200.023067481912
1986-08-23,377.37421357145183
1986-08-24,760.6198156423644
1986-08-25,753.7428923213766
1986-08-26,703.3370852007878
1986-08-27,408.8499207947489
1986-08-28,377.9869458792205
1986-08-29,366.9234110499751
1986-08-30,366.8185847437257
1986-08-31,347.05040551737903
1986-09-01,283.26919058607206
1986-09-02,264.8065279195311
1986-09-03,229.09469408107003
1986-09-04,198.577535285731
1986-09-05,187.16260134032484
1986-09-06,173.73186140906245
1986-09-07,151.1054659793868
1986-09-08,139.11970526423025
1986-09-09,133.2993150790908
1986-09-10,124.1362923739513
1986-09-11,113.63925796711348
1986-09-12,104.13611153817216
1986-09-13,103.13366058029013
1986-09-14,103.6171936722299
1986-09-15,124.48909026451592
1986-09-16,132.89019488095678
1986-09-17,132.0503242802125
1986-09-18,126.36225631318713
1986-09-19,120.32823729502667
1986-09-20,112.37925215787878
1986-09-21,108.31952528110766
1986-09-22,93.15148325044603
1986-09-23,110.56425060470458
1986-09-24,116.07665289715676
1986-09-25,108.63433359938436
1986-09-26,102.96704965741245
1986-09-27,97.95032791140795
1986-09-28,104.07516192242615
1986-09-29,110.33125945310648
1986-09-30,103.64668309094411
1986-10-01,66.75
1986-10-02,60.59375
1986-10-03,54.859375
1986-10-04,49.625
1986-10-05,44.90625
1986-10-06,40.5
1986-10-07,36.375
1986-10-08,32.59375
1986-10-09,29.171875
1986-10-10,26.0
1986-10-11,23.109375
1986-10-12,20.40625
1986-10-13,17.921875
1986-10-14,15.671875
1986-10-15,13.65625
1986-10-16,11.859375
1986-10-17,10.21875
1986-10-18,8.765625
1986-10-19,7.453125
1986-10-20,6.25
1986-10-21,5.203125
1986-10-22,4.3125
1986-10-23,3.53125
1986-10-24,2.828125
1986-10-25,2.21875
1986-10-26,1.71875
1986-10-27,1.28125
1986-10-28,0.9375
1986-10-29,0.6875
1986-10-30,0.515625
1986-10-31,0.390625
1986-11-01,0.296875
1986-11-02,0.234375
1986-11-03,0.1875
1986-11-04,0.140625
1986-11-05,0.125
1986-11-06,0.09375
1986-11-07,0.078125
1986-11-08,0.06249999999999999
1986-11-09,0.046875
1986-11-10,0.03125
1986-11-11,0.03125
1986-11-12,0.03125
1986-11-13,0.015625
1986-11-14,0.015625
1986-11-15,0.015625
1986-11-16,0.0
1986-11-17,0.0
1986-11-18,0.0
1986-11-19,0.0
1986-11-20,0.0
1986-11-21,0.0
1986-11-22,0.0
1986-11-23,0.0
1986-11-24,0.0
1986-11-25,0.0
1986-11-26,0.0
1986-11-27,0.0
1986-11-28,0.0
1986-11-29,0.0
1986-11-30,0.0
1986-12-01,0.0
1986-12-02,0.0
1986-12-03,0.0
1986-12-04,0.0
1986-12-05,0.0
1986-12-06,0.0
1986-12-07,0.0
1986-12-08,0.0
1986-12-09,0.0
1986-12-10,0.0
1986-12-11,0.0
1986-12-12,0.0
1986-12-13,0.0
1986-12-14,0.0
1986-12-15,0.0
1986-12-16,0.0
1986-12-17,0.0
1986-12-18,0.0
1986-12-19,0.0
1986-12-20,0.0
1986-12-21,0.0
1986-12-22,0.0
1986-12-23,0.0
1986-12-24,0.0
1986-12-25,0.0
1986-12-26,0.0
1986-12-27,0.0
1986-12-28,0.0
1986-12-29,0.0
1986-12-30,0.0
1986-12-31,0.0
1987-01-01,0.0
1987-01-02,0.0
1987-01-03,0.0
1987-01-04,0.0
1987-01-05,0.0
1987-01-06,0.0
1987-01-07,0.0
1987-01-08,0.0
1987-01-09,0.0
1987-01-10,0.0
1987-01-11,0.0
1987-01-12,0.0
1987-01-13,0.0
1987-01-14,0.0
1987-01-15,0.0
1987-01-16,0.0
1987-01-17,0.0
1987-01-18,0.0
1987-01-19,0.0
1987-01-20,0.0
1987-01-21,0.0
1987-01-22,0.0
1987-01-23,0.0
1987-01-24,0.0
1987-01-25,0.0
1987-01-26,0.0
1987-01-27,0.0
1987-01-28,0.0
1987-01-29,0.0
1987-01-30,0.0
1987-01-31,0.0
1987-02-01,0.0
1987-02-02,0.0
1987-02-03,0.0
1987-02-04,0.0
1987-02-05,0.0
1987-02-06,0.0
1987-02-07,0.0
1987-02-08,0.0
1987-02-09,0.0
1987-02-10,0.0
1987-02-11,0.0
1987-02-12,0.0
1987-02-13,0.0
1987-02-14,0.0
1987-02-15,0.0
1987-02-16,0.0
1987-02-17,0.0
1987-02-18,0.0
1987-02-19,0.0
1987-02-20,0.0
1987-02-21,0.0
1987-02-22,0.0
1987-02-23,0.0
1987-02-24,0.0
1987-02-25,0.0
1987-02-26,0.0
1987-02-27,0.0
1987-02-28,0.0
1987-03-01,0.0
1987-03-02,0.0
1987-03-03,0.0
1987-03-04,0.0
1987-03-05,0.0
1987-03-06,0.0
1987-03-07,0.0
1987-03-08,0.0
1987-03-09,0.0
1987-03-10,0.0
1987-03-11,0.0
1987-03-12,0.0
1987-03-13,0.0
1987-03-14,0.0
1987-03-15,0.0
1987-03-16,0.0
1987-03-17,0.0
1987-03-18,0.0
1987-03-19,0.0
1987-03-20,0.0
1987-03-21,0.0
1987-03-22,0.0
1987-03-23,0.0
1987-03-24,0.0
1987-03-25,0.0
1987-03-26,0.0
1987-03-27,0.0
1987-03-28,0.0
1987-03-29,0.0
1987-03-30,0.0
1987-03-31,0.0
1987-04-01,0.0
1987-04-02,0.0
1987-04-03,0.0
1987-04-04,0.0
1987-04-05,0.0
1987-04-06,0.0
1987-04-07,0.0
1987-04-08,0.0
1987-04-09,0.0
1987-04-10,0.0
1987-04-11,0.0
1987-04-12,0.0
1987-04-13,0.0
1987-04-14,0.0
1987-04-15,0.0
1987-04-16,0.0
1987-04-17,0.0
1987-04-18,0.0
1987-04-19,0.0
1987-04-20,0.0
1987-04-21,0.0
1987-04-22,0.0
1987-04-23,0.0
1987-04-24,0.0
1987-04-25,0.0
1987-04-26,0.0
1987-04-27,0.0
1987-04-28,0.0
1987-04-29,0.0
1987-04-30,0.0
1987-05-01,0.5419999999999999
1987-05-02,0.5420000000000001
1987-05-03,0.5420000000000001
1987-05-04,0.542
1987-05-05,0.5420000000000001
1987-05-06,0.5420000000000001
1987-05-07,0.5420000000000003
1987-05-08,0.542
1987-05-09,0.5419999999999999
1987-05-10,0.542
1987-05-11,0.5419999999999999
1987-05-12,0.5999999999999999
1987-05-13,0.6000000000000001
1987-05-14,0.742
1987-05-15,1.175178147268409
1987-05-16,2.5692558139534887
1987-05-17,2.390335195530726
1987-05-18,0.9972331460674164
1987-05-19,0.8421930015214082
1987-05-20,0.8612670644738759
1987-05-21,1.0264388665555453
1987-05-22,1.5347981056829507
1987-05-23,1.6194531949167708
1987-05-24,1.9014520644932902
1987-05-25,1.8627513009192394
1987-05-26,1.7708207770254516
1987-05-27,4.891771501574744
1987-05-28,6.943305629281119
1987-05-29,9.49677264916074
1987-05-30,14.435247852036184
1987-05-31,108.4820070810546
1987-06-01,151.38303016320185
1987-06-02,179.75974046627024
1987-06-03,197.3752199196708
1987-06-04,222.53333333333327
1987-06-05,239.63417787810306
1987-06-06,243.81396222833334
1987-06-07,234.1532949875972
1987-06-08,259.91181140917104
1987-06-09,264.8454688286992
1987-06-10,292.334790480433
1987-06-11,351.2648856379382
1987-06-12,552.1419029355177
1987-06-13,686.7579051474852
1987-06-14,916.147618966711
1987-06-15,1233.9808633822154
1987-06-16,1252.1193621543066
1987-06-17,1219.7295162491773
1987-06-18,1199.7557779410147
1987-06-19,900.7956395108819
1987-06-20,835.0990020366435
1987-06-21,751.0227778314629
1987-06-22,729.6406363423101
1987-06-23,680.5227479248758
1987-06-24,616.7708085928201
1987-06-25,587.0232316713129
1987-06-26,590.326200080266
1987-06-27,533.9532364723412
1987-06-28,484.35652701119534
1987-06-29,454.1397111419125
1987-06-30,436.13498181734093
1987-07-01,472.2568205574587
1987-07-02,517.9900083019744
1987-07-03,522.5363053550982
1987-07-04,515.0571848046245
1987-07-05,486.23868017331887
1987-07-06,451.19010060861973
1987-07-07,428.3370878278311
1987-07-08,411.2395130795157
1987-07-09,389.6175242741519
1987-07-10,377.9316512972319
1987-07-11,372.70673568767006
1987-07-12,350.3794075106107
1987-07-13,322.4938076975414
1987-07-14,302.58509810337677
1987-07-15,272.70299939358813
1987-07-16,249.81223213626592
1987-07-17,243.03545440217863
1987-07-18,236.15160638357142
1987-07-19,219.98079882732551
1987-07-20,230.7146052013909
1987-07-21,279.1775177486939
1987-07-22,295.54714661526765
1987-07-23,297.12298296688726
1987-07-24,268.70173011410884
1987-07-25,237.58631031978123
1987-07-26,196.26537535391697
1987-07-27,195.63050264197298
1987-07-28,223.32456884295414
1987-07-29,228.80469627743244
1987-07-30,246.84231574728403
1987-07-31,246.31834494897097
1987-08-01,241.74540081266647
1987-08-02,221.5441483957175
1987-08-03,193.63547456247352
1987-08-04,153.0507629757067
1987-08-05,148.63135267435717
1987-08-06,154.70076664549296
1987-08-07,167.97210899321396
1987-08-08,156.65224139571998
1987-08-09,149.74238356001814
1987-08-10,134.2291708454518
1987-08-11,122.59948670563963
1987-08-12,105.27256158381508
1987-08-13,103.26665496418116
1987-08-14,106.9872312397675
1987-08-15,131.64548288700487
1987-08-16,147.7430713088076
1987-08-17,143.46749658414416
1987-08-18,132.0731457121713
1987-08-19,129.69833818980064
1987-08-20,137.1420795937662
1987-08-21,139.7537448704245
1987-08-22,153.75241086453133
1987-08-23,163.41966673182856
1987-08-24,162.65779248723945
1987-08-25,169.5005184755514
1987-08-26,170.63142821737873
1987-08-27,166.2240185119408
1987-08-28,180.85073679115632
1987-08-29,200.0467622368471
1987-08-30,229.31102347594717
1987-08-31,267.4323675022542
1987-09-01,287.0438326927316
1987-09-02,291.2112568274114
1987-09-03,273.89305677718323
1987-09-04,259.65835416396055
1987-09-05,251.1224482538348
1987-09-06,239.09566690642876
1987-09-07,208.60304839176757
1987-09-08,190.32118191806626
1987-09-09,184.24430042095608
1987-09-10,161.69715368485925
1987-09-11,150.2336653452728
1987-09-12,146.36558774804888
1987-09-13,138.34232933425028
1987-09-14,128.69923128272853
1987-09-15,123.02128716954086
1987-09-16,110.83322639820764
1987-09-17,100.42595928040171
1987-09-18,92.5247749951086
1987-09-19,85.55280753279816
1987-09-20,83.29720843320875
1987-09-21,85.50968203283749
1987-09-22,81.48225992843966
1987-09-23,77.40002675835092
1987-09-24,71.70923006272758
1987-09-25,69.68706277023372
1987-09-26,65.90414078313674
1987-09-27,60.88969976979154
1987-09-28,53.33377861618836
1987-09-29,51.076510890934166
1987-09-30,45.78672538686146
1987-10-01,29.3671875
1987-10-02,26.125
1987-10-03,23.15625
1987-10-04,20.3671875
1987-10-05,18.140625
1987-10-06,18.03125
1987-10-07,19.9375
1987-10-08,19.828125
1987-10-09,17.78125
1987-10-10,15.78125
1987-10-11,13.875
1987-10-12,11.96875
1987-10-13,10.15625
1987-10-14,8.578125
1987-10-15,7.25
1987-10-16,6.125
1987-10-17,5.203125
1987-10-18,4.4375
1987-10-19,3.796875
1987-10-20,3.25
1987-10-21,2.765625
1987-10-22,2.375
1987-10-23,2.03125
1987-10-24,1.71875
1987-10-25,1.453125
1987-10-26,1.21875
1987-10-27,1.015625
1987-10-28,0.84375
1987-10-29,0.6875
1987-10-30,0.546875
1987-10-31,0.421875
1987-11-01,0.328125
1987-11-02,0.25
1987-11-03,0.203125
1987-11-04,0.15625
1987-11-05,0.125
1987-11-06,0.09375
1987-11-07,0.078125
1987-11-08,0.06249999999999999
1987-11-09,0.046875
1987-11-10,0.046875
1987-11-11,0.03125
1987-11-12,0.03125
1987-11-13,0.015625
1987-11-14,0.015625
1987-11-15,0.015625
1987-11-16,0.015625
1987-11-17,0.015625
1987-11-18,0.0
1987-11-19,0.0
1987-11-20,0.0
1987-11-21,0.0
1987-11-22,0.0
1987-11-23,0.0
1987-11-24,0.0
1987-11-25,0.0
1987-11-26,0.0
1987-11-27,0.0
1987-11-28,0.0
1987-11-29,0.0
1987-11-30,0.0
1987-12-01,0.0
1987-12-02,0.0
1987-12-03,0.0
1987-12-04,0.0
1987-12-05,0.0
1987-12-06,0.0
1987-12-07,0.0
1987-12-08,0.0
1987-12-09,0.0
1987-12-10,0.0
1987-12-11,0.0
1987-12-12,0.0
1987-12-13,0.0
1987-12-14,0.0
1987-12-15,0.0
1987-12-16,0.0
1987-12-17,0.0
1987-12-18,0.0
1987-12-19,0.0
1987-12-20,0.0
1987-12-21,0.0
1987-12-22,0.0
1987-12-23,0.0
1987-12-24,0.0
1987-12-25,0.0
1987-12-26,0.0
1987-12-27,0.0
1987-12-28,0.0
1987-12-29,0.0
1987-12-30,0.0
1987-12-31,0.0
1988-01-01,0.0
1988-01-02,0.0
1988-01-03,0.0
1988-01-04,0.0
1988-01-05,0.0
1988-01-06,0.0
1988-01-07,0.0
1988-01-08,0.0
1988-01-09,0.0
1988-01-10,0.0
1988-01-11,0.0
1988-01-12,0.0
1988-01-13,0.0
1988-01-14,0.0
1988-01-15,0.0
1988-01-16,0.0
1988-01-17,0.0
1988-01-18,0.0
1988-01-19,0.0
1988-01-20,0.0
1988-01-21,0.0
1988-01-22,0.0
1988-01-23,0.0
1988-01-24,0.0
1988-01-25,0.0
1988-01-26,0.0
1988-01-27,0.0
1988-01-28,0.0
1988-01-29,0.0
1988-01-30,0.0
1988-01-31,0.0
1988-02-01,0.0
1988-02-02,0.0
1988-02-03,0.0
1988-02-04,0.0
1988-02-05,0.0
1988-02-06,0.0
1988-02-07,0.0
1988-02-08,0.0
1988-02-09,0.0
1988-02-10,0.0
1988-02-11,0.0
1988-02-12,0.0
1988-02-13,0.0
1988-02-14,0.0
1988-02-15,0.0
1988-02-16,0.0
1988-02-17,0.0
1988-02-18,0.0
1988-02-19,0.0
1988-02-20,0.0
1988-02-21,0.0
1988-02-22,0.0
1988-02-23,0.0
1988-02-24,0.0
1988-02-25,0.0
1988-02-26,0.0
1988-02-27,0.0
1988-02-28,0.0
1988-02-29,0.0
1988-03-01,0.0
1988-03-02,0.0
1988-03-03,0.0
1988-03-04,0.0
1988-03-05,0.0
1988-03-06,0.0
1988-03-07,0.0
1988-03-08,0.0
1988-03-09,0.0
1988-03-10,0.0
1988-03-11,0.0
1988-03-12,0.0
1988-03-13,0.0
1988-03-14,0.0
1988-03-15,0.0
1988-03-16,0.0
1988-03-17,0.0
1988-03-18,0.0
1988-03-19,0.0
1988-03-20,0.0
1988-03-21,0.0
1988-03-22,0.0
1988-03-23,0.0
1988-03-24,0.0
1988-03-25,0.0
1988-03-26,0.0
1988-03-27,0.0
1988-03-28,0.0
1988-03-29,0.0
1988-03-30,0.0
1988-03-31,0.0
1988-04-01,0.0
1988-04-02,0.0
1988-04-03,0.0
1988-04-04,0.0
1988-04-05,0.0
1988-04-06,0.0
1988-04-07,0.0
1988-04-08,0.0
1988-04-09,0.0
1988-04-10,0.0
1988-04-11,0.0
1988-04-12,0.0
1988-04-13,0.0
1988-04-14,0.0
1988-04-15,0.0
1988-04-16,0.0
1988-04-17,0.0
1988-04-18,0.0
1988-04-19,0.0
1988-04-20,0.0
1988-04-21,0.0
1988-04-22,0.0
1988-04-23,0.0
1988-04-24,0.0
1988-04-25,0.0
1988-04-26,0.0
1988-04-27,0.0
1988-04-28,0.0
1988-04-29,0.0
1988-04-30,0.0
1988-05-01,0.542
1988-05-02,0.5420000000000001
1988-05-03,0.542
1988-05-04,0.542
1988-05-05,0.542
1988-05-06,0.5420000000000001
1988-05-07,0.5420000000000001
1988-05-08,0.542
1988-05-09,0.5420000000000001
1988-05-10,0.542
1988-05-11,0.6
1988-05-12,0.6
1988-05-13,0.742
1988-05-14,0.7420000000000001
1988-05-15,2.569255813953489
1988-05-16,0.8355048543689316
1988-05-17,0.9750288461538464
1988-05-18,1.04929735470168
1988-05-19,2.9362707029544475
1988-05-20,1.4926104712414947
1988-05-21,4.2308082364055375
1988-05-22,10.2360439544784
1988-05-23,18.415617333903906
1988-05-24,25.555866455574854
1988-05-25,54.461107246201465
1988-05-26,139.3342398333583
1988-05-27,149.38839878678328
1988-05-28,197.5540278961212
1988-05-29,301.3552739010174
1988-05-30,306.25948319208374
1988-05-31,377.76534838233783
1988-06-01,429.412112748656
1988-06-02,482.2663608928516
1988-06-03,516.1126448998572
1988-06-04,553.0985830813997
1988-06-05,617.9480934425047
1988-06-06,627.1397301450979
1988-06-07,618.0611585042626
1988-06-08,636.161241176694
1988-06-09,660.6623119738022
1988-06-10,679.3672750157232
1988-06-11,673.7377763221589
1988-06-12,649.5686361412547
1988-06-13,633.8373116607212
1988-06-14,606.3989499842028
1988-06-15,559.0188392384981
1988-06-16,478.12249323768657
1988-06-17,435.55023793036264
1988-06-18,408.5055042902896
1988-06-19,389.22543466258173
1988-06-20,395.08966520226
1988-06-21,361.3117356279195
1988-06-22,333.05269031366964
1988-06-23,292.0335749228236
1988-06-24,268.49071385501975
1988-06-25,261.7188091150126
1988-06-26,234.54475039313374
1988-06-27,220.21216350527752
1988-06-28,161.54707918260672
1988-06-29,151.88934063608997
1988-06-30,109.18728553166584
1988-07-01,143.19450686858943
1988-07-02,137.5221923995734
1988-07-03,131.26084803502198
1988-07-04,171.0249525460563
1988-07-05,247.30944353307305
1988-07-06,260.6547508063061
1988-07-07,253.83680474319985
1988-07-08,247.20361862353118
1988-07-09,256.8727599471479
1988-07-10,256.9189502475405
1988-07-11,245.98851614220723
1988-07-12,220.15698517703547
1988-07-13,191.62754239369679
1988-07-14,160.68001107686382
1988-07-15,138.1033689376808
1988-07-16,109.91372223932491
1988-07-17,105.18253239359565
1988-07-18,158.8057881315269
1988-07-19,230.39408637199082
1988-07-20,225.83150654643393
1988-07-21,208.40180538621146
1988-07-22,182.8440631527639
1988-07-23,157.94680553485188
1988-07-24,133.71282614010457
1988-07-25,118.12335373896227
1988-07-26,100.43813308488745
1988-07-27,99.08069714149542
1988-07-28,117.26079799672551
1988-07-29,118.23087874171384
1988-07-30,112.51224873635445
1988-07-31,93.13719047834249
1988-08-01,68.55736501157213
1988-08-02,60.36610003022062
1988-08-03,33.90700892594601
1988-08-04,33.212322265203824
1988-08-05,33.52269696217254
1988-08-06,50.080821095449096
1988-08-07,99.97595888700106
1988-08-08,124.62978758529606
1988-08-09,120.96700037145091
1988-08-10,101.27350412140707
1988-08-11,88.17842375582892
1988-08-12,128.66132600364014
1988-08-13,173.7186136486782
1988-08-14,203.13058916833072
1988-08-15,220.4228123187068
1988-08-16,210.23832536624155
1988-08-17,191.3679413707062
1988-08-18,189.44253133470426
1988-08-19,191.027343200026
1988-08-20,176.8856389284966
1988-08-21,165.5945778010334
1988-08-22,161.40675420468747
1988-08-23,180.45350588477302
1988-08-24,221.75366510797798
1988-08-25,222.70052878473552
1988-08-26,221.38802375675445
1988-08-27,228.84993539365485
1988-08-28,222.61694046372392
1988-08-29,189.35123052547357
1988-08-30,172.1092412226579
1988-08-31,154.86325669833175
1988-09-01,137.21405022024183
1988-09-02,123.15363175908168
1988-09-03,109.51802587087738
1988-09-04,101.62905738062042
1988-09-05,97.5630964429797
1988-09-06,96.05548652823569
1988-09-07,92.39302401974629
1988-09-08,88.71854639696019
1988-09-09,86.99284560155765
1988-09-10,85.87928423251564
1988-09-11,83.89047739337637
1988-09-12,79.14607580886188
1988-09-13,75.97532891227091
1988-09-14,71.17291652350191
1988-09-15,67.46991263196213
1988-09-16,47.338619274374
1988-09-17,43.22675321895539
1988-09-18,38.581275177431706
1988-09-19,35.69473427338505
1988-09-20,34.69070788401427
1988-09-21,32.70711168570218
1988-09-22,30.892820336365777
1988-09-23,30.725337890081345
1988-09-24,31.53787564526496
1988-09-25,41.646649780230845
1988-09-26,53.7004665607072
1988-09-27,54.269049391273604
1988-09-28,52.96047133733043
1988-09-29,48.36099083334182
1988-09-30,38.909557989367855
1988-10-01,27.828125
1988-10-02,24.6484375
1988-10-03,21.7578125
1988-10-04,19.1328125
1988-10-05,16.703125
1988-10-06,14.3984375
1988-10-07,12.3125
1988-10-08,10.4296875
1988-10-09,8.8515625
1988-10-10,9.390625
1988-10-11,18.40625
1988-10-12,29.0390625
1988-10-13,30.296875
1988-10-14,27.71875
1988-10-15,24.71875
1988-10-16,21.9296875
1988-10-17,19.421875
1988-10-18,17.1640625
1988-10-19,15.125
1988-10-20,13.328125
1988-10-21,11.7265625
1988-10-22,10.265625
1988-10-23,8.9140625
1988-10-24,7.6796875
1988-10-25,6.59375
1988-10-26,5.640625
1988-10-27,4.8046875
1988-10-28,4.0546875
1988-10-29,3.3984375
1988-10-30,2.8046875
1988-10-31,2.296875
1988-11-01,1.84375
1988-11-02,1.46875
1988-11-03,1.1484375
1988-11-04,0.890625
1988-11-05,0.6875
1988-11-06,0.53125
1988-11-07,0.421875
1988-11-08,0.328125
1988-11-09,0.265625
1988-11-10,0.21875
1988-11-11,0.171875
1988-11-12,0.140625
1988-11-13,0.109375
1988-11-14,0.09375
1988-11-15,0.078125
1988-11-16,0.06249999999999999
1988-11-17,0.046875
1988-11-18,0.046875
1988-11-19,0.03125
1988-11-20,0.03125
1988-11-21,0.03125
1988-11-22,0.015625
1988-11-23,0.015625
1988-11-24,0.015625
1988-11-25,0.015625
1988-11-26,0.015625
1988-11-27,0.015625
1988-11-28,0.015625
1988-11-29,0.015625
1988-11-30,0.0
1988-12-01,0.0
1988-12-02,0.0
1988-12-03,0.0
1988-12-04,0.0
1988-12-05,0.0
1988-12-06,0.0
1988-12-07,0.0
1988-12-08,0.0
1988-12-09,0.0
1988-12-10,0.0
1988-12-11,0.0
1988-12-12,0.0
1988-12-13,0.0
1988-12-14,0.0
1988-12-15,0.0
1988-12-16,0.0
1988-12-17,0.0
1988-12-18,0.0
1988-12-19,0.0
1988-12-20,0.0
1988-12-21,0.0
1988-12-22,0.0
1988-12-23,0.0
1988-12-24,0.0
1988-12-25,0.0
1988-12-26,0.0
1988-12-27,0.0
1988-12-28,0.0
1988-12-29,0.0
1988-12-30,0.0
1988-12-31,0.0
1989-01-01,0.0
1989-01-02,0.0
1989-01-03,0.0
1989-01-04,0.0
1989-01-05,0.0
1989-01-06,0.0
1989-01-07,0.0
1989-01-08,0.0
1989-01-09,0.0
1989-01-10,0.0
1989-01-11,0.0
1989-01-12,0.0
1989-01-13,0.0
1989-01-14,0.0
1989-01-15,0.0
1989-01-16,0.0
1989-01-17,0.0
1989-01-18,0.0
1989-01-19,0.0
1989-01-20,0.0
1989-01-21,0.0
1989-01-22,0.0
1989-01-23,0.0
1989-01-24,0.0
1989-01-25,0.0
1989-01-26,0.0
1989-01-27,0.0
1989-01-28,0.0
1989-01-29,0.0
1989-01-30,0.0
1989-01-31,0.0
1989-02-01,0.0
1989-02-02,0.0
1989-02-03,0.0
1989-02-04,0.0
1989-02-05,0.0
1989-02-06,0.0
1989-02-07,0.0
1989-02-08,0.0
1989-02-09,0.0
1989-02-10,0.0
1989-02-11,0.0
1989-02-12,0.0
1989-02-13,0.0
1989-02-14,0.0
1989-02-15,0.0
1989-02-16,0.0
1989-02-17,0.0
1989-02-18,0.0
1989-02-19,0.0
1989-02-20,0.0
1989-02-21,0.0
1989-02-22,0.0
1989-02-23,0.0
1989-02-24,0.0
1989-02-25,0.0
1989-02-26,0.0
1989-02-27,0.0
1989-02-28,0.0
1989-03-01,0.0
1989-03-02,0.0
1989-03-03,0.0
1989-03-04,0.0
1989-03-05,0.0
1989-03-06,0.0
1989-03-07,0.0
1989-03-08,0.0
1989-03-09,0.0
1989-03-10,0.0
1989-03-11,0.0
1989-03-12,0.0
1989-03-13,0.0
1989-03-14,0.0
1989-03-15,0.0
1989-03-16,0.0
1989-03-17,0.0
1989-03-18,0.0
1989-03-19,0.0
1989-03-20,0.0
1989-03-21,0.0
1989-03-22,0.0
1989-03-23,0.0
1989-03-24,0.0
1989-03-25,0.0
1989-03-26,0.0
1989-03-27,0.0
1989-03-28,0.0
1989-03-29,0.0
1989-03-30,0.0
1989-03-31,0.0
1989-04-01,0.0
1989-04-02,0.0
1989-04-03,0.0
1989-04-04,0.0
1989-04-05,0.0
1989-04-06,0.0
1989-04-07,0.0
1989-04-08,0.0
1989-04-09,0.0
1989-04-10,0.0
1989-04-11,0.0
1989-04-12,0.0
1989-04-13,0.0
1989-04-14,0.0
1989-04-15,0.0
1989-04-16,0.0
1989-04-17,0.0
1989-04-18,0.0
1989-04-19,0.0
1989-04-20,0.0
1989-04-21,0.0
1989-04-22,0.0
1989-04-23,0.0
1989-04-24,0.0
1989-04-25,0.0
1989-04-26,0.0
1989-04-27,0.0
1989-04-28,0.0
1989-04-29,0.0
1989-04-30,0.0
1989-05-01,0.5419999999999999
1989-05-02,0.5419999999999999
1989-05-03,0.5420000000000001
1989-05-04,0.542
1989-05-05,0.5420000000000001
1989-05-06,0.542
1989-05-07,0.5420000000000001
1989-05-08,0.5420000000000001
1989-05-09,0.5420000000000001
1989-05-10,2.3271232876712356
1989-05-11,3.2762183908045976
1989-05-12,2.961848197343454
1989-05-13,4.42437191650854
1989-05-14,4.4853240223463695
1989-05-15,7.827395348837212
1989-05-16,6.997162790697675
1989-05-17,2.2827932960893853
1989-05-18,0.6285533707865174
1989-05-19,6.151456582633054
1989-05-20,1.6893558951965062
1989-05-21,5.594060522696008
1989-05-22,1.2900947158524427
1989-05-23,3.1695583497404685
1989-05-24,13.874453972706053
1989-05-25,31.447515603965243
1989-05-26,168.7991148586099
1989-05-27,311.4427560853107
1989-05-28,389.4758347922212
1989-05-29,417.8129096296484
1989-05-30,493.16786811266195
1989-05-31,508.31623185784684
1989-06-01,496.4339650319353
1989-06-02,485.18944225375327
1989-06-03,490.9903685393684
1989-06-04,473.12035242376044
1989-06-05,452.4642268331116
1989-06-06,458.01037423642606
1989-06-07,488.39328030344836
1989-06-08,609.7585053213644
1989-06-09,766.2098113008101
1989-06-10,956.2475631465853
1989-06-11,957.5641654252669
1989-06-12,913.3304952154442
1989-06-13,766.4454524405901
1989-06-14,681.9638840878999
1989-06-15,632.1476643566251
1989-06-16,580.5898217563071
1989-06-17,526.2700708338762
1989-06-18,473.00000000000006
1989-06-19,426.0726598989951
1989-06-20,387.02303400317146
1989-06-21,353.49351638436247
1989-06-22,305.19674609122876
1989-06-23,290.6854423225058
1989-06-24,276.6899186655083
1989-06-25,264.6348804681438
1989-06-26,242.90615365163504
1989-06-27,225.2404303787595
1989-06-28,168.8132459119847
1989-06-29,154.00000000000003
1989-06-30,106.38006211227636
1989-07-01,98.9006006653524
1989-07-02,96.1321601211108
1989-07-03,101.72606771036428
1989-07-04,124.71440380124396
1989-07-05,128.55805988999472
1989-07-06,117.81698675336281
1989-07-07,110.30712691443992
1989-07-08,101.22972688511958
1989-07-09,94.3475536827339
1989-07-10,86.68129197711029
1989-07-11,77.76833845350352
1989-07-12,73.88851996845888
1989-07-13,71.05134708987455
1989-07-14,65.64437063954229
1989-07-15,63.85785806192765
1989-07-16,87.67246430800827
1989-07-17,94.41783903794683
1989-07-18,87.4171308555822
1989-07-19,84.46459122330317
1989-07-20,101.6872657625395
1989-07-21,101.95348850906433
1989-07-22,102.59672953283176
1989-07-23,101.92181246964154
1989-07-24,101.02552096257483
1989-07-25,99.6752613782703
1989-07-26,122.27049167568646
1989-07-27,134.65179884545014
1989-07-28,173.85914332602883
1989-07-29,262.4579807229335
1989-07-30,275.5188249998902
1989-07-31,248.87060035556257
1989-08-01,223.6586588128936
1989-08-02,245.2562674537765
1989-08-03,385.1314464100811
1989-08-04,539.1348985225044
1989-08-05,689.4514717414091
1989-08-06,697.9401157086983
1989-08-07,671.1569099619859
1989-08-08,485.3633348594156
1989-08-09,457.59004430086344
1989-08-10,333.9822541680137
1989-08-11,268.1158993863346
1989-08-12,262.06580129129105
1989-08-13,257.50473857184846
1989-08-14,237.4310681252497
1989-08-15,234.04726534548726
1989-08-16,220.0000487784574
1989-08-17,201.44766030634054
1989-08-18,186.8295140838172
1989-08-19,175.31473774071196
1989-08-20,175.26150227001798
1989-08-21,171.39269956150855
1989-08-22,154.136715435286
1989-08-23,136.69219104785464
1989-08-24,122.03790427676867
1989-08-25,144.3615950834868
1989-08-26,195.00639767678547
1989-08-27,224.3963328905524
1989-08-28,226.76056549554144
1989-08-29,231.23668600746703
1989-08-30,226.7917477839053
1989-08-31,205.78365174170378
1989-09-01,190.72218807131983
1989-09-02,199.78168001000753
1989-09-03,226.91727283392981
1989-09-04,230.30627201147044
1989-09-05,212.82557165591757
1989-09-06,192.54883005584205
1989-09-07,177.2810524045016
1989-09-08,160.05404634022653
1989-09-09,147.968499149122
1989-09-10,142.8528788844323
1989-09-11,131.43470934928084
1989-09-12,122.14725100886187
1989-09-13,120.25471431190176
1989-09-14,106.92318351273947
1989-09-15,117.1517737293534
1989-09-16,136.31943971733236
1989-09-17,141.2382899864144
1989-09-18,136.7077885235891
1989-09-19,133.4992858682528
1989-09-20,124.05654328026442
1989-09-21,116.58008452286734
1989-09-22,106.09224431240625
1989-09-23,89.55786388773188
1989-09-24,84.41031556079886
1989-09-25,77.21264413720989
1989-09-26,76.2834888102569
1989-09-27,95.33565977785622
1989-09-28,134.64669805937882
1989-09-29,185.63230171800677
1989-09-30,190.06605912011034
1989-10-01,139.9453125
1989-10-02,128.15625
1989-10-03,116.6015625
1989-10-04,106.390625
1989-10-05,97.2109375
1989-10-06,88.8515625
1989-10-07,81.15625
1989-10-08,74.0
1989-10-09,67.3203125
1989-10-10,61.125
1989-10-11,55.46875
1989-10-12,50.1796875
1989-10-13,45.234375
1989-10-14,40.796875
1989-10-15,36.734375
1989-10-16,32.953125
1989-10-17,29.484375
1989-10-18,26.21875
1989-10-19,23.171875
1989-10-20,20.4375
1989-10-21,17.921875
1989-10-22,15.53125
1989-10-23,13.3125
1989-10-24,11.375
1989-10-25,9.59375
1989-10-26,7.921875
1989-10-27,6.421875
1989-10-28,5.109375
1989-10-29,3.953125
1989-10-30,2.96875
1989-10-31,2.171875
1989-11-01,1.5625
1989-11-02,1.125
1989-11-03,0.8125
1989-11-04,0.59375
1989-11-05,0.453125
1989-11-06,0.34375
1989-11-07,0.265625
1989-11-08,0.21875
1989-11-09,0.171875
1989-11-10,0.140625
1989-11-11,0.109375
1989-11-12,0.09375
1989-11-13,0.078125
1989-11-14,0.06249999999999999
1989-11-15,0.046875
1989-11-16,0.046875
1989-11-17,0.03125
1989-11-18,0.03125
1989-11-19,0.03125
1989-11-20,0.015625
1989-11-21,0.015625
1989-11-22,0.015625
1989-11-23,0.015625
1989-11-24,0.015625
1989-11-25,0.0
1989-11-26,0.0
1989-11-27,0.0
1989-11-28,0.0
1989-11-29,0.0
1989-11-30,0.0
1989-12-01,0.0
1989-12-02,0.0
1989-12-03,0.0
1989-12-04,0.0
1989-12-05,0.0
1989-12-06,0.0
1989-12-07,0.0
1989-12-08,0.0
1989-12-09,0.0
1989-12-10,0.0
1989-12-11,0.0
1989-12-12,0.0
1989-12-13,0.0
1989-12-14,0.0
1989-12-15,0.0
1989-12-16,0.0
1989-12-17,0.0
1989-12-18,0.0
1989-12-19,0.0
1989-12-20,0.0
1989-12-21,0.0
1989-12-22,0.0
1989-12-23,0.0
1989-12-24,0.0
1989-12-25,0.0
1989-12-26,0.0
1989-12-27,0.0
1989-12-28,0.0
1989-12-29,0.0
1989-12-30,0.0
1989-12-31,0.0
1990-01-01,0.0
1990-01-02,0.0
1990-01-03,0.0
1990-01-04,0.0
1990-01-05,0.0
1990-01-06,0.0
1990-01-07,0.0
1990-01-08,0.0
1990-01-09,0.0
1990-01-10,0.0
1990-01-11,0.0
1990-01-12,0.0
1990-01-13,0.0
1990-01-14,0.0
1990-01-15,0.0
1990-01-16,0.0
1990-01-17,0.0
1990-01-18,0.0
1990-01-19,0.0
1990-01-20,0.0
1990-01-21,0.0
1990-01-22,0.0
1990-01-23,0.0
1990-01-24,0.0
1990-01-25,0.0
1990-01-26,0.0
1990-01-27,0.0
1990-01-28,0.0
1990-01-29,0.0
1990-01-30,0.0
1990-01-31,0.0
1990-02-01,0.0
1990-02-02,0.0
1990-02-03,0.0
1990-02-04,0.0
1990-02-05,0.0
1990-02-06,0.0
1990-02-07,0.0
1990-02-08,0.0
1990-02-09,0.0
1990-02-10,0.0
1990-02-11,0.0
1990-02-12,0.0
1990-02-13,0.0
1990-02-14,0.0
1990-02-15,0.0
1990-02-16,0.0
1990-02-17,0.0
1990-02-18,0.0
1990-02-19,0.0
1990-02-20,0.0
1990-02-21,0.0
1990-02-22,0.0
1990-02-23,0.0
1990-02-24,0.0
1990-02-25,0.0
1990-02-26,0.0
1990-02-27,0.0
1990-02-28,0.0
1990-03-01,0.0
1990-03-02,0.0
1990-03-03,0.0
1990-03-04,0.0
1990-03-05,0.0
1990-03-06,0.0
1990-03-07,0.0
1990-03-08,0.0
1990-03-09,0.0
1990-03-10,0.0
1990-03-11,0.0
1990-03-12,0.0
1990-03-13,0.0
1990-03-14,0.0
1990-03-15,0.0
1990-03-16,0.0
1990-03-17,0.0
1990-03-18,0.0
1990-03-19,0.0
1990-03-20,0.0
1990-03-21,0.0
1990-03-22,0.0
1990-03-23,0.0
1990-03-24,0.0
1990-03-25,0.0
1990-03-26,0.0
1990-03-27,0.0
1990-03-28,0.0
1990-03-29,0.0
1990-03-30,0.0
1990-03-31,0.0
1990-04-01,0.0
1990-04-02,0.0
1990-04-03,0.0
1990-04-04,0.0
1990-04-05,0.0
1990-04-06,0.0
1990-04-07,0.0
1990-04-08,0.0
1990-04-09,0.0
1990-04-10,0.0
1990-04-11,0.0
1990-04-12,0.0
1990-04-13,0.0
1990-04-14,0.0
1990-04-15,0.0
1990-04-16,0.0
1990-04-17,0.0
1990-04-18,0.0
1990-04-19,0.0
1990-04-20,0.0
1990-04-21,0.0
1990-04-22,0.0
1990-04-23,0.0
1990-04-24,0.0
1990-04-25,0.03125
1990-04-26,0.25
1990-04-27,0.46875
1990-04-28,0.46875
1990-04-29,0.40625
1990-04-30,0.3125
1990-05-01,1.682855491329479
1990-05-02,3.2762183908045985
1990-05-03,2.2362758620689664
1990-05-04,1.7163045977011493
1990-05-05,4.097671232876717
1990-05-06,4.097671232876716
1990-05-07,2.327123287671236
1990-05-08,2.3271232876712356
1990-05-09,2.9036647398843924
1990-05-10,18.57071676300577
1990-05-11,4.433732374896326
1990-05-12,4.780455749867514
1990-05-13,7.494370871640021
1990-05-14,6.930563274041788
1990-05-15,7.286159850903147
1990-05-16,8.837797754345875
1990-05-17,128.56949482645535
1990-05-18,163.26871924740595
1990-05-19,191.10380116325672
1990-05-20,176.78170855994287
1990-05-21,167.13241797631096
1990-05-22,123.14193427510709
1990-05-23,98.89548613188327
1990-05-24,62.324965537365564
1990-05-25,82.92715344636622
1990-05-26,51.112206728975735
1990-05-27,65.84326405206852
1990-05-28,92.64143116044629
1990-05-29,147.3503313579303
1990-05-30,169.09828644460387
1990-05-31,221.25913379437625
1990-06-01,258.3926352325412
1990-06-02,325.11245242626075
1990-06-03,370.96945309369227
1990-06-04,518.363229718765
1990-06-05,599.8550619277423
1990-06-06,634.8914118871875
1990-06-07,632.642736066537
1990-06-08,608.0750029907751
1990-06-09,592.2823610570134
1990-06-10,565.8165634481707
1990-06-11,546.5567305699194
1990-06-12,504.7901153430282
1990-06-13,471.91647758010214
1990-06-14,444.0930960815585
1990-06-15,396.4886249484662
1990-06-16,335.0
1990-06-17,295.30110785717625
1990-06-18,267.0705507811848
1990-06-19,261.64115504051307
1990-06-20,251.10488660164046
1990-06-21,222.5833799998164
1990-06-22,207.0
1990-06-23,194.69401281830122
1990-06-24,180.60606002527706
1990-06-25,183.7078109248992
1990-06-26,229.4850048621766
1990-06-27,222.30829975388227
1990-06-28,169.49574609759264
1990-06-29,222.12720093759876
1990-06-30,284.6162124920165
1990-07-01,288.8864661093887
1990-07-02,277.98562860388665
1990-07-03,257.6219161893051
1990-07-04,278.30887729832807
1990-07-05,276.1071681242683
1990-07-06,260.5533790393518
1990-07-07,234.19080357927317
1990-07-08,230.1959627490278
1990-07-09,241.14233808247056
1990-07-10,263.24858727670187
1990-07-11,274.17538529000313
1990-07-12,259.0940296935703
1990-07-13,268.13624618420545
1990-07-14,310.05764804995454
1990-07-15,331.23535482736344
1990-07-16,377.5499662437767
1990-07-17,389.6626086291418
1990-07-18,356.0133821341836
1990-07-19,308.26506955035387
1990-07-20,279.4903870117847
1990-07-21,279.67231486607164
1990-07-22,541.610911838532
1990-07-23,772.978739971205
1990-07-24,820.6637916982992
1990-07-25,882.5612640817484
1990-07-26,893.1399430962194
1990-07-27,849.4948423639911
1990-07-28,792.2488869959762
1990-07-29,740.8652036727997
1990-07-30,725.1934498582153
1990-07-31,759.472848738603
1990-08-01,811.0806644221341
1990-08-02,822.344568533634
1990-08-03,813.0145274774218
1990-08-04,806.3986801830167
1990-08-05,757.6927586924983
1990-08-06,704.7908747912921
1990-08-07,673.0164017129757
1990-08-08,505.17175489926046
1990-08-09,492.7219160303827
1990-08-10,492.3064160772801
1990-08-11,684.4766747378885
1990-08-12,716.9047288068584
1990-08-13,790.2908242858559
1990-08-14,860.4620908896529
1990-08-15,884.2023600372839
1990-08-16,888.0643476098919
1990-08-17,891.6234652218224
1990-08-18,846.0085867241088
1990-08-19,792.7724137232598
1990-08-20,746.31050952329
1990-08-21,707.4128126448517
1990-08-22,710.5065133527135
1990-08-23,405.86670416883294
1990-08-24,404.85334035137754
1990-08-25,396.0790346228061
1990-08-26,378.8072979423486
1990-08-27,358.2098096546145
1990-08-28,295.7138671554619
1990-08-29,286.22324570023943
1990-08-30,295.14580424859923
1990-08-31,356.31278849324104
1990-09-01,673.5233273653776
1990-09-02,789.7247637203191
1990-09-03,810.5925364612003
1990-09-04,820.7792422273043
1990-09-05,871.9259972557508
1990-09-06,907.0292715442146
1990-09-07,879.8934070895049
1990-09-08,728.3716630486407
1990-09-09,637.6722452795425
1990-09-10,587.9477976427931
1990-09-11,551.056104268527
1990-09-12,553.9229102708152
1990-09-13,543.4022731492103
1990-09-14,508.5949210270884
1990-09-15,469.2709971843801
1990-09-16,431.5968390599698
1990-09-17,322.975083084407
1990-09-18,297.90758670704093
1990-09-19,286.06728336450936
1990-09-20,268.17072805027516
1990-09-21,257.9584141039566
1990-09-22,223.3832783919837
1990-09-23,190.19794694987522
1990-09-24,171.82986355798545
1990-09-25,157.6701006603177
1990-09-26,145.52005938829285
1990-09-27,135.3591895870728
1990-09-28,126.1800929587443
1990-09-29,121.70543631507832
1990-09-30,112.71954573594633
1990-10-01,73.3046875
1990-10-02,67.1640625
1990-10-03,61.0859375
1990-10-04,55.421875
1990-10-05,50.140625
1990-10-06,45.3828125
1990-10-07,40.9921875
1990-10-08,36.859375
1990-10-09,33.0
1990-10-10,29.5078125
1990-10-11,26.2734375
1990-10-12,23.2890625
1990-10-13,20.5390625
1990-10-14,17.9609375
1990-10-15,15.5703125
1990-10-16,13.390625
1990-10-17,11.40625
1990-10-18,9.5703125
1990-10-19,7.921875
1990-10-20,6.453125
1990-10-21,5.1328125
1990-10-22,3.9453125
1990-10-23,2.9296875
1990-10-24,2.1171875
1990-10-25,1.5
1990-10-26,1.046875
1990-10-27,0.71875
1990-10-28,0.5
1990-10-29,0.3671875
1990-10-30,0.2734375
1990-10-31,0.21875
1990-11-01,0.171875
1990-11-02,0.140625
1990-11-03,0.109375
1990-11-04,0.0859375
1990-11-05,0.0703125
1990-11-06,0.05468749999999999
1990-11-07,0.046875
1990-11-08,0.0390625
1990-11-09,0.03125
1990-11-10,0.0234375
1990-11-11,0.015625
1990-11-12,0.015625
1990-11-13,0.007812500000000002
1990-11-14,0.007812500000000002
1990-11-15,0.007812500000000002
1990-11-16,0.007812500000000002
1990-11-17,0.0
1990-11-18,0.0
1990-11-19,0.0
1990-11-20,0.0
1990-11-21,0.0
1990-11-22,0.0
1990-11-23,0.0
1990-11-24,0.0
1990-11-25,0.0
1990-11-26,0.0
1990-11-27,0.0
1990-11-28,0.0
1990-11-29,0.0
1990-11-30,0.0
1990-12-01,0.0
1990-12-02,0.0
1990-12-03,0.0
1990-12-04,0.0
1990-12-05,0.0
1990-12-06,0.0
1990-12-07,0.0
1990-12-08,0.0
1990-12-09,0.0
1990-12-10,0.0
1990-12-11,0.0
1990-12-12,0.0
1990-12-13,0.0
1990-12-14,0.0
1990-12-15,0.0
1990-12-16,0.0
1990-12-17,0.0
1990-12-18,0.0
1990-12-19,0.0
1990-12-20,0.0
1990-12-21,0.0
1990-12-22,0.0
1990-12-23,0.0
1990-12-24,0.0
1990-12-25,0.0
1990-12-26,0.0
1990-12-27,0.0
1990-12-28,0.0
1990-12-29,0.0
1990-12-30,0.0
1990-12-31,0.0
1991-01-01,0.0
1991-01-02,0.0
1991-01-03,0.0
1991-01-04,0.0
1991-01-05,0.0
1991-01-06,0.0
1991-01-07,0.0
1991-01-08,0.0
1991-01-09,0.0
1991-01-10,0.0
1991-01-11,0.0
1991-01-12,0.0
1991-01-13,0.0
1991-01-14,0.0
1991-01-15,0.0
1991-01-16,0.0
1991-01-17,0.0
1991-01-18,0.0
1991-01-19,0.0
1991-01-20,0.0
1991-01-21,0.0
1991-01-22,0.0
1991-01-23,0.0
1991-01-24,0.0
1991-01-25,0.0
1991-01-26,0.0
1991-01-27,0.0
1991-01-28,0.0
1991-01-29,0.0
1991-01-30,0.0
1991-01-31,0.0
1991-02-01,0.0
1991-02-02,0.0
1991-02-03,0.0
1991-02-04,0.0
1991-02-05,0.0
1991-02-06,0.0
1991-02-07,0.0
1991-02-08,0.0
1991-02-09,0.0
1991-02-10,0.0
1991-02-11,0.0
1991-02-12,0.0
1991-02-13,0.0
1991-02-14,0.0
1991-02-15,0.0
1991-02-16,0.0
1991-02-17,0.0
1991-02-18,0.0
1991-02-19,0.0
1991-02-20,0.0
1991-02-21,0.0
1991-02-22,0.0
1991-02-23,0.0
1991-02-24,0.0
1991-02-25,0.0
1991-02-26,0.0
1991-02-27,0.0
1991-02-28,0.0
1991-03-01,0.0
1991-03-02,0.0
1991-03-03,0.0
1991-03-04,0.0
1991-03-05,0.0
1991-03-06,0.0
1991-03-07,0.0
1991-03-08,0.0
1991-03-09,0.0
1991-03-10,0.0
1991-03-11,0.0
1991-03-12,0.0
1991-03-13,0.0
1991-03-14,0.0
1991-03-15,0.0
1991-03-16,0.0
1991-03-17,0.0
1991-03-18,0.0
1991-03-19,0.0
1991-03-20,0.0
1991-03-21,0.0
1991-03-22,0.0
1991-03-23,0.0
1991-03-24,0.0
1991-03-25,0.0
1991-03-26,0.0
1991-03-27,0.0
1991-03-28,0.0
1991-03-29,0.0
1991-03-30,0.0
1991-03-31,0.0
1991-04-01,0.0
1991-04-02,0.0
1991-04-03,0.0
1991-04-04,0.0
1991-04-05,0.0
1991-04-06,0.0
1991-04-07,0.0
1991-04-08,0.0
1991-04-09,0.0
1991-04-10,0.0
1991-04-11,0.0
1991-04-12,0.0
1991-04-13,0.0
1991-04-14,0.0
1991-04-15,0.0
1991-04-16,0.0
1991-04-17,0.0
1991-04-18,0.0
1991-04-19,0.0
1991-04-20,0.0
1991-04-21,0.0
1991-04-22,0.0
1991-04-23,0.0
1991-04-24,0.0
1991-04-25,0.0
1991-04-26,0.0
1991-04-27,0.0
1991-04-28,0.0
1991-04-29,0.0
1991-04-30,0.0
1991-05-01,0.5419999999999999
1991-05-02,0.542
1991-05-03,0.542
1991-05-04,0.542
1991-05-05,0.5420000000000001
1991-05-06,0.542
1991-05-07,0.5420000000000001
1991-05-08,4.097671232876716
1991-05-09,4.836132183908047
1991-05-10,4.32794219653179
1991-05-11,6.362624277456647
1991-05-12,5.009381404174573
1991-05-13,6.618157495256168
1991-05-14,13.958229050279328
1991-05-15,2.6568937260519667
1991-05-16,4.4972060860679
1991-05-17,6.773901817306089
1991-05-18,6.587467889908259
1991-05-19,10.214620122934186
1991-05-20,15.85675261687694
1991-05-21,25.496194891532532
1991-05-22,32.56502229004168
1991-05-23,144.83424796175305
1991-05-24,186.3555883582402
1991-05-25,257.85050901664
1991-05-26,337.9461120173661
1991-05-27,365.95303576562833
1991-05-28,359.1864942813022
1991-05-29,311.11865363106165
1991-05-30,366.2930098109205
1991-05-31,340.69316152994065
1991-06-01,340.3559564708403
1991-06-02,370.77162991327
1991-06-03,530.6449487508083
1991-06-04,677.461821008591
1991-06-05,910.5034038053861
1991-06-06,944.9733600902142
1991-06-07,1211.75145774814
1991-06-08,1212.915977799122
1991-06-09,946.4998498616181
1991-06-10,901.3275497786661
1991-06-11,767.7326548164715
1991-06-12,692.9324797152451
1991-06-13,649.4136127474488
1991-06-14,608.4525136921897
1991-06-15,581.032092238245
1991-06-16,528.3643521040779
1991-06-17,463.9436312879605
1991-06-18,388.58585195088216
1991-06-19,347.5480605929085
1991-06-20,323.32945926532994
1991-06-21,280.7061493005328
1991-06-22,275.61109975624896
1991-06-23,256.9364776516842
1991-06-24,203.3763040997413
1991-06-25,240.5625812147394
1991-06-26,235.4367863924842
1991-06-27,175.60631381767425
1991-06-28,158.68641883363958
1991-06-29,149.27851809590547
1991-06-30,105.97025590716814
1991-07-01,110.38373149873708
1991-07-02,198.59529142836152
1991-07-03,278.0439005078679
1991-07-04,287.8342755164263
1991-07-05,280.37507559370135
1991-07-06,262.172714052612
1991-07-07,234.56170554675387
1991-07-08,203.18064449187713
1991-07-09,168.84631347695733
1991-07-10,151.7928901094591
1991-07-11,139.4800560628235
1991-07-12,129.36207635951013
1991-07-13,100.90331970969491
1991-07-14,98.37768381844438
1991-07-15,100.9711655919577
1991-07-16,111.87276444293185
1991-07-17,95.54374275742546
1991-07-18,86.28360904285701
1991-07-19,82.2924775443833
1991-07-20,54.38354512846494
1991-07-21,49.74925169536163
1991-07-22,46.57548908787485
1991-07-23,47.94965282557946
1991-07-24,49.341337316479766
1991-07-25,52.17743619412999
1991-07-26,73.31029751497925
1991-07-27,44.83048118931239
1991-07-28,41.6623004396372
1991-07-29,38.389353333894945
1991-07-30,34.79804381906068
1991-07-31,31.48851437504504
1991-08-01,28.830664479944147
1991-08-02,26.323324062982035
1991-08-03,22.475879689225486
1991-08-04,20.03309567294184
1991-08-05,17.98079982291863
1991-08-06,16.336277174800856
1991-08-07,14.676131915811206
1991-08-08,14.888419700517336
1991-08-09,15.606994178912675
1991-08-10,14.740159261886392
1991-08-11,14.054461028431145
1991-08-12,12.882446626410365
1991-08-13,11.365704876499478
1991-08-14,9.860531807213007
1991-08-15,9.521331148816252
1991-08-16,9.897000494646235
1991-08-17,9.693316063349057
1991-08-18,8.981853585032262
1991-08-19,8.46079544537842
1991-08-20,8.058757428864977
1991-08-21,7.915887194682346
1991-08-22,7.814109804334853
1991-08-23,8.139975938537567
1991-08-24,8.39566218579039
1991-08-25,9.18885476222251
1991-08-26,15.06028887162269
1991-08-27,25.77870155257092
1991-08-28,31.873931255890962
1991-08-29,34.555143734790896
1991-08-30,63.831428659740574
1991-08-31,190.0955119050459
1991-09-01,234.74834945157323
1991-09-02,262.1565909682027
1991-09-03,275.24904560810097
1991-09-04,357.40535407690567
1991-09-05,352.59589151979276
1991-09-06,361.44733997517045
1991-09-07,368.34954211529026
1991-09-08,358.4319733730529
1991-09-09,342.22417656146325
1991-09-10,313.90016818475755
1991-09-11,299.3722302094681
1991-09-12,251.01332350485254
1991-09-13,234.89871559793414
1991-09-14,197.9966872761443
1991-09-15,185.83404578412578
1991-09-16,163.6495555175145
1991-09-17,152.07043744291664
1991-09-18,141.5035135626768
1991-09-19,131.88336487366035
1991-09-20,127.55774129992352
1991-09-21,119.70459766004717
1991-09-22,109.2944394205578
1991-09-23,92.69391467337842
1991-09-24,88.7001038267403
1991-09-25,81.69865066513695
1991-09-26,81.40877506395235
1991-09-27,101.77396750823006
1991-09-28,121.66238085227727
1991-09-29,137.10298357755644
1991-09-30,119.24366665980203
1991-10-01,89.125
1991-10-02,81.4921875
1991-10-03,74.296875
1991-10-04,67.4921875
1991-10-05,61.3671875
1991-10-06,55.7421875
1991-10-07,50.4609375
1991-10-08,46.328125
1991-10-09,47.8984375
1991-10-10,49.5234375
1991-10-11,45.90625
1991-10-12,41.453125
1991-10-13,37.3125
1991-10-14,33.3828125
1991-10-15,29.765625
1991-10-16,26.53125
1991-10-17,23.53125
1991-10-18,20.734375
1991-10-19,18.1171875
1991-10-20,15.703125
1991-10-21,13.5234375
1991-10-22,11.578125
1991-10-23,9.8359375
1991-10-24,8.265625
1991-10-25,6.859375
1991-10-26,5.609375
1991-10-27,4.5234375
1991-10-28,3.59375
1991-10-29,2.96875
1991-10-30,3.0546875
1991-10-31,3.03125
1991-11-01,2.59375
1991-11-02,2.984375
1991-11-03,8.75
1991-11-04,15.1796875
1991-11-05,16.2578125
1991-11-06,15.1484375
1991-11-07,13.734375
1991-11-08,12.375
1991-11-09,11.125
1991-11-10,9.96875
1991-11-11,8.921875
1991-11-12,7.9609375
1991-11-13,7.0703125
1991-11-14,6.234375
1991-11-15,5.46875
1991-11-16,4.7734375
1991-11-17,4.1484375
1991-11-18,3.6015625
1991-11-19,3.125
1991-11-20,2.7109375
1991-11-21,2.34375
1991-11-22,2.0078125
1991-11-23,1.703125
1991-11-24,1.4296875
1991-11-25,1.1953125
1991-11-26,0.984375
1991-11-27,0.796875
1991-11-28,0.65625
1991-11-29,0.53125
1991-11-30,0.421875
1991-12-01,0.328125
1991-12-02,0.25
1991-12-03,0.1875
1991-12-04,0.125
1991-12-05,0.09375
1991-12-06,0.06249999999999999
1991-12-07,0.046875
1991-12-08,0.03125
1991-12-09,0.03125
1991-12-10,0.015625
1991-12-11,0.015625
1991-12-12,0.015625
1991-12-13,0.015625
1991-12-14,0.015625
1991-12-15,0.015625
1991-12-16,0.0
1991-12-17,0.0
1991-12-18,0.0
1991-12-19,0.0
1991-12-20,0.0
1991-12-21,0.0
1991-12-22,0.0
1991-12-23,0.0
1991-12-24,0.0
1991-12-25,0.0
1991-12-26,0.0
1991-12-27,0.0
1991-12-28,0.0
1991-12-29,0.0
1991-12-30,0.0
1991-12-31,0.0
1992-01-01,0.0
1992-01-02,0.0
1992-01-03,0.0
1992-01-04,0.0
1992-01-05,0.0
1992-01-06,0.0
1992-01-07,0.0
1992-01-08,0.0
1992-01-09,0.0
1992-01-10,0.0
1992-01-11,0.0
1992-01-12,0.0
1992-01-13,0.0
1992-01-14,0.0
1992-01-15,0.0
1992-01-16,0.0
1992-01-17,0.0
1992-01-18,0.0
1992-01-19,0.0
1992-01-20,0.0
1992-01-21,0.0
1992-01-22,0.0
1992-01-23,0.0
1992-01-24,0.0
1992-01-25,0.0
1992-01-26,0.0
1992-01-27,0.0
1992-01-28,0.0
1992-01-29,0.0
1992-01-30,0.0
1992-01-31,0.0
1992-02-01,0.0
1992-02-02,0.0
1992-02-03,0.0
1992-02-04,0.0
1992-02-05,0.0
1992-02-06,0.0
1992-02-07,0.0
1992-02-08,0.0
1992-02-09,0.0
1992-02-10,0.0
1992-02-11,0.0
1992-02-12,0.0
1992-02-13,0.0
1992-02-14,0.0
1992-02-15,0.0
1992-02-16,0.0
1992-02-17,0.0
1992-02-18,0.0
1992-02-19,0.0
1992-02-20,0.0
1992-02-21,0.0
1992-02-22,0.0
1992-02-23,0.0
1992-02-24,0.0
1992-02-25,0.0
1992-02-26,0.0
1992-02-27,0.0
1992-02-28,0.0
1992-02-29,0.0
1992-03-01,0.0
1992-03-02,0.0
1992-03-03,0.0
1992-03-04,0.0
1992-03-05,0.0
1992-03-06,0.0
1992-03-07,0.0
1992-03-08,0.0
1992-03-09,0.0
1992-03-10,0.0
1992-03-11,0.0
1992-03-12,0.0
1992-03-13,0.0
1992-03-14,0.0
1992-03-15,0.0
1992-03-16,0.0
1992-03-17,0.0
1992-03-18,0.0
1992-03-19,0.0
1992-03-20,0.0
1992-03-21,0.0
1992-03-22,0.0
1992-03-23,0.0
1992-03-24,0.0
1992-03-25,0.0
1992-03-26,0.0
1992-03-27,0.0
1992-03-28,0.0
1992-03-29,0.0
1992-03-30,0.0
1992-03-31,0.0
1992-04-01,0.0
1992-04-02,0.0
1992-04-03,0.0
1992-04-04,0.0
1992-04-05,0.0
1992-04-06,0.0
1992-04-07,0.0
1992-04-08,0.0
1992-04-09,0.0
1992-04-10,0.0
1992-04-11,0.0
1992-04-12,0.0
1992-04-13,0.0
1992-04-14,0.0
1992-04-15,0.0
1992-04-16,0.0
1992-04-17,0.0
1992-04-18,0.0
1992-04-19,0.0
1992-04-20,0.0
1992-04-21,0.0
1992-04-22,0.0
1992-04-23,0.0
1992-04-24,0.0
1992-04-25,0.0
1992-04-26,0.03125
1992-04-27,0.15625
1992-04-28,0.375
1992-04-29,0.4375
1992-04-30,0.4375
1992-05-01,2.903664739884392
1992-05-02,3.1071329479768783
1992-05-03,3.107132947976878
1992-05-04,2.700196531791907
1992-05-05,2.2932601156069365
1992-05-06,4.316160919540231
1992-05-07,3.2762183908045976
1992-05-08,2.236275862068966
1992-05-09,1.7163045977011493
1992-05-10,2.236275862068966
1992-05-11,1.4622790697674422
1992-05-12,1.4622790697674422
1992-05-13,1.1855348837209305
1992-05-14,1.7885636147443513
1992-05-15,1.2468275862068963
1992-05-16,0.6696648044692736
1992-05-17,1.8083286516853943
1992-05-18,2.4836839817430993
1992-05-19,1.4194262254599332
1992-05-20,5.775100602519628
1992-05-21,20.972501052458643
1992-05-22,30.9060953107428
1992-05-23,57.16963213024362
1992-05-24,88.93948269006846
1992-05-25,57.70923066452921
1992-05-26,69.02762184573643
1992-05-27,38.57997947796975
1992-05-28,27.240481192090016
1992-05-29,26.149385344751575
1992-05-30,121.19436984735937
1992-05-31,99.05957565221077
1992-06-01,123.02063631784827
1992-06-02,68.91154573971926
1992-06-03,162.47013059064528
1992-06-04,189.04362614082842
1992-06-05,249.53341320007388
1992-06-06,309.5632101557787
1992-06-07,365.81318339685953
1992-06-08,536.7531919076715
1992-06-09,662.9927177249757
1992-06-10,911.0259685885951
1992-06-11,1219.9078410794814
1992-06-12,1236.3431448640097
1992-06-13,1213.1503279401124
1992-06-14,934.840857720219
1992-06-15,881.9964192797922
1992-06-16,773.1077309472485
1992-06-17,742.6249003113778
1992-06-18,676.2992765540475
1992-06-19,660.7179857928927
1992-06-20,646.390146518713
1992-06-21,609.3231799739561
1992-06-22,567.6424618312582
1992-06-23,546.9101780969928
1992-06-24,496.78946109059336
1992-06-25,452.5203530242369
1992-06-26,474.50943067100934
1992-06-27,491.27313817923647
1992-06-28,503.4518765369106
1992-06-29,505.41527371297957
1992-06-30,484.00438874742275
1992-07-01,456.8460325293968
1992-07-02,441.06738344385855
1992-07-03,464.7671764751345
1992-07-04,461.85614451734955
1992-07-05,452.39153521301677
1992-07-06,438.71135809213746
1992-07-07,418.56884353221574
1992-07-08,385.65441287395424
1992-07-09,337.8144022146635
1992-07-10,312.90202516928775
1992-07-11,271.23453359354926
1992-07-12,257.73223465321075
1992-07-13,251.78572181372374
1992-07-14,247.79502995772407
1992-07-15,265.8922265170458
1992-07-16,279.77599371095056
1992-07-17,320.1256049601769
1992-07-18,486.5897628235398
1992-07-19,498.64168281943984
1992-07-20,508.5191183195457
1992-07-21,399.11937157634156
1992-07-22,408.8926301817344
1992-07-23,410.52200249034274
1992-07-24,311.1284856628094
1992-07-25,267.6258408843821
1992-07-26,229.6117835430027
1992-07-27,203.45922638345982
1992-07-28,167.5829815731615
1992-07-29,142.78214825448885
1992-07-30,130.1579847144006
1992-07-31,122.15783050093783
1992-08-01,125.8706542412172
1992-08-02,136.35016972138
1992-08-03,192.05934120664566
1992-08-04,229.83582120105464
1992-08-05,206.8769692043602
1992-08-06,184.32859939844496
1992-08-07,164.12376484173222
1992-08-08,150.9268742821177
1992-08-09,131.5292128422425
1992-08-10,103.69151309803755
1992-08-11,86.07533766374947
1992-08-12,49.22802218766992
1992-08-13,47.903098378608874
1992-08-14,44.822769057005026
1992-08-15,28.315366396787187
1992-08-16,27.189862538093475
1992-08-17,30.245736890359407
1992-08-18,45.47441233556177
1992-08-19,87.49001499565993
1992-08-20,128.39849621817666
1992-08-21,186.9785913189899
1992-08-22,227.23424053113743
1992-08-23,240.60134525994508
1992-08-24,238.14052556581444
1992-08-25,221.48714834232683
1992-08-26,202.90855163146952
1992-08-27,183.34686744419955
1992-08-28,165.41697982838974
1992-08-29,141.91458583902462
1992-08-30,143.57195476592335
1992-08-31,160.1867723510371
1992-09-01,189.80484199453656
1992-09-02,192.61500984299855
1992-09-03,193.28749651215128
1992-09-04,171.75462270099447
1992-09-05,158.50650767684613
1992-09-06,150.62521327075945
1992-09-07,145.44025615813732
1992-09-08,141.22830329623002
1992-09-09,134.7627251471305
1992-09-10,129.0058319279853
1992-09-11,113.89584867129852
1992-09-12,107.10623019843256
1992-09-13,106.18661582806637
1992-09-14,145.04098500409864
1992-09-15,180.05390453790721
1992-09-16,173.16087446495771
1992-09-17,164.37924859232734
1992-09-18,148.56277639579878
1992-09-19,137.66914653298193
1992-09-20,129.90967571245935
1992-09-21,118.74545668403857
1992-09-22,112.46158631833565
1992-09-23,103.66780019528221
1992-09-24,88.58892212960004
1992-09-25,83.73291477107365
1992-09-26,76.97875951680567
1992-09-27,70.42270595052874
1992-09-28,65.59840107175465
1992-09-29,59.18759567320972
1992-09-30,54.53889302659163
1992-10-01,35.078125
1992-10-02,31.421875
1992-10-03,28.015625
1992-10-04,24.828125
1992-10-05,21.890625
1992-10-06,19.203125
1992-10-07,16.71875
1992-10-08,14.484375
1992-10-09,12.4375
1992-10-10,10.5
1992-10-11,8.71875
1992-10-12,7.078125
1992-10-13,5.609375
1992-10-14,4.296875
1992-10-15,3.1875
1992-10-16,2.3125
1992-10-17,1.828125
1992-10-18,1.796875
1992-10-19,1.640625
1992-10-20,1.34375
1992-10-21,1.09375
1992-10-22,0.890625
1992-10-23,0.734375
1992-10-24,0.609375
1992-10-25,0.515625
1992-10-26,0.421875
1992-10-27,0.359375
1992-10-28,0.28125
1992-10-29,0.234375
1992-10-30,0.1875
1992-10-31,0.140625
1992-11-01,0.109375
1992-11-02,0.078125
1992-11-03,0.06249999999999999
1992-11-04,0.046875
1992-11-05,0.03125
1992-11-06,0.015625
1992-11-07,0.015625
1992-11-08,0.007812500000000002
1992-11-09,0.007812500000000002
1992-11-10,0.0
1992-11-11,0.0
1992-11-12,0.0
1992-11-13,0.0
1992-11-14,0.0
1992-11-15,0.0
1992-11-16,0.0
1992-11-17,0.0
1992-11-18,0.0
1992-11-19,0.0
1992-11-20,0.0
1992-11-21,0.0
1992-11-22,0.0
1992-11-23,0.0
1992-11-24,0.0
1992-11-25,0.0
1992-11-26,0.0
1992-11-27,0.0
1992-11-28,0.0
1992-11-29,0.0
1992-11-30,0.0
1992-12-01,0.0
1992-12-02,0.0
1992-12-03,0.0
1992-12-04,0.0
1992-12-05,0.0
1992-12-06,0.0
1992-12-07,0.0
1992-12-08,0.0
1992-12-09,0.0
1992-12-10,0.0
1992-12-11,0.0
1992-12-12,0.0
1992-12-13,0.0
1992-12-14,0.0
1992-12-15,0.0
1992-12-16,0.0
1992-12-17,0.0
1992-12-18,0.0
1992-12-19,0.0
1992-12-20,0.0
1992-12-21,0.0
1992-12-22,0.0
1992-12-23,0.0
1992-12-24,0.0
1992-12-25,0.0
1992-12-26,0.0
1992-12-27,0.0
1992-12-28,0.0
1992-12-29,0.0
1992-12-30,0.0
1992-12-31,0.0
1993-01-01,0.0
1993-01-02,0.0
1993-01-03,0.0
1993-01-04,0.0
1993-01-05,0.0
1993-01-06,0.0
1993-01-07,0.0
1993-01-08,0.0
1993-01-09,0.0
1993-01-10,0.0
1993-01-11,0.0
1993-01-12,0.0
1993-01-13,0.0
1993-01-14,0.0
1993-01-15,0.0
1993-01-16,0.0
1993-01-17,0.0
1993-01-18,0.0
1993-01-19,0.0
1993-01-20,0.0
1993-01-21,0.0
1993-01-22,0.0
1993-01-23,0.0
1993-01-24,0.0
1993-01-25,0.0
1993-01-26,0.0
1993-01-27,0.0
1993-01-28,0.0
1993-01-29,0.0
1993-01-30,0.0
1993-01-31,0.0
1993-02-01,0.0
1993-02-02,0.0
1993-02-03,0.0
1993-02-04,0.0
1993-02-05,0.0
1993-02-06,0.0
1993-02-07,0.0
1993-02-08,0.0
1993-02-09,0.0
1993-02-10,0.0
1993-02-11,0.0
1993-02-12,0.0
1993-02-13,0.0
1993-02-14,0.0
1993-02-15,0.0
1993-02-16,0.0
1993-02-17,0.0
1993-02-18,0.0
1993-02-19,0.0
1993-02-20,0.0
1993-02-21,0.0
1993-02-22,0.0
1993-02-23,0.0
1993-02-24,0.0
1993-02-25,0.0
1993-02-26,0.0
1993-02-27,0.0
1993-02-28,0.0
1993-03-01,0.0
1993-03-02,0.0
1993-03-03,0.0
1993-03-04,0.0
1993-03-05,0.0
1993-03-06,0.0
1993-03-07,0.0
1993-03-08,0.0
1993-03-09,0.0
1993-03-10,0.0
1993-03-11,0.0
1993-03-12,0.0
1993-03-13,0.0
1993-03-14,0.0
1993-03-15,0.0
1993-03-16,0.0
1993-03-17,0.0
1993-03-18,0.0
1993-03-19,0.0
1993-03-20,0.0
1993-03-21,0.0
1993-03-22,0.0
1993-03-23,0.0
1993-03-24,0.0
1993-03-25,0.0
1993-03-26,0.0
1993-03-27,0.0
1993-03-28,0.0
1993-03-29,0.0
1993-03-30,0.0
1993-03-31,0.0
1993-04-01,0.0
1993-04-02,0.0
1993-04-03,0.0
1993-04-04,0.0
1993-04-05,0.0
1993-04-06,0.0
1993-04-07,0.0
1993-04-08,0.0
1993-04-09,0.0
1993-04-10,0.0
1993-04-11,0.0
1993-04-12,0.0
1993-04-13,0.0
1993-04-14,0.0
1993-04-15,0.0
1993-04-16,0.0
1993-04-17,0.0
1993-04-18,0.0
1993-04-19,0.0
1993-04-20,0.0
1993-04-21,0.0
1993-04-22,0.0
1993-04-23,0.0
1993-04-24,0.0
1993-04-25,0.0
1993-04-26,0.0
1993-04-27,0.0
1993-04-28,0.0
1993-04-29,0.0
1993-04-30,0.0
1993-05-01,0.5419999999999999
1993-05-02,0.542
1993-05-03,0.542
1993-05-04,0.5420000000000001
1993-05-05,0.542
1993-05-06,0.542
1993-05-07,0.5420000000000001
1993-05-08,0.5420000000000001
1993-05-09,0.5419999999999999
1993-05-10,0.542
1993-05-11,0.5420000000000001
1993-05-12,0.6
1993-05-13,1.7885636147443518
1993-05-14,1.4712178770949722
1993-05-15,3.952976744186047
1993-05-16,3.6762325581395356
1993-05-17,2.390335195530726
1993-05-18,3.7991994382022494
1993-05-19,2.079139022977409
1993-05-20,2.7963338683788126
1993-05-21,5.388214533503742
1993-05-22,5.883841830686747
1993-05-23,5.938418287515561
1993-05-24,7.2269038070879015
1993-05-25,10.219513785566027
1993-05-26,10.382830468826603
1993-05-27,13.499046643999023
1993-05-28,16.78766025124039
1993-05-29,22.451556167839986
1993-05-30,19.197968395569628
1993-05-31,131.1461390906865
1993-06-01,174.58060277831743
1993-06-02,242.221032745592
1993-06-03,316.4277944201193
1993-06-04,376.9818851264
1993-06-05,472.34401806246143
1993-06-06,573.8824767423425
1993-06-07,663.5207137368351
1993-06-08,727.1536537649723
1993-06-09,905.605103900545
1993-06-10,924.9947378598689
1993-06-11,905.8173139548069
1993-06-12,806.9348898269817
1993-06-13,799.8278940130642
1993-06-14,799.8691120548556
1993-06-15,799.7263054712323
1993-06-16,789.115615007489
1993-06-17,762.7994143402591
1993-06-18,710.0438654839804
1993-06-19,666.9366745697421
1993-06-20,612.350358915443
1993-06-21,581.5028342053301
1993-06-22,552.1764120134279
1993-06-23,495.43278983884585
1993-06-24,436.6108696344626
1993-06-25,396.1925827203004
1993-06-26,354.2406600465129
1993-06-27,329.9864955498476
1993-06-28,294.67799176191386
1993-06-29,280.28306167014557
1993-06-30,286.5514746602911
1993-07-01,302.498233380753
1993-07-02,302.70190453583984
1993-07-03,277.18152390324803
1993-07-04,247.95498175170943
1993-07-05,226.41588430193605
1993-07-06,194.99413653717113
1993-07-07,162.76595595564413
1993-07-08,147.09099470111775
1993-07-09,115.64560068137499
1993-07-10,101.85550917148274
1993-07-11,86.7157947730323
1993-07-12,80.16564109595272
1993-07-13,78.75052272571469
1993-07-14,90.9256620487566
1993-07-15,91.65033993511695
1993-07-16,95.72635384574076
1993-07-17,94.56284178969787
1993-07-18,84.58746326469154
1993-07-19,78.46821562319617
1993-07-20,52.21259405132129
1993-07-21,48.270089829476255
1993-07-22,44.82603669758308
1993-07-23,42.85731475487627
1993-07-24,39.79440628973432
1993-07-25,41.5682373403845
1993-07-26,42.60568705609403
1993-07-27,43.70321848790025
1993-07-28,43.35959210443846
1993-07-29,39.96674431513896
1993-07-30,35.279897402088416
1993-07-31,31.261707586803233
1993-08-01,28.882077163253495
1993-08-02,28.42458937653501
1993-08-03,27.511991462848854
1993-08-04,26.700633180211316
1993-08-05,25.332510928729643
1993-08-06,25.559501378751534
1993-08-07,25.95108217293857
1993-08-08,48.942774219288694
1993-08-09,118.07228153202728
1993-08-10,121.97972527056412
1993-08-11,117.97624240153367
1993-08-12,100.92383458145984
1993-08-13,85.01065002686298
1993-08-14,89.4819681953109
1993-08-15,89.53573211908446
1993-08-16,85.39607634890294
1993-08-17,45.72051544406785
1993-08-18,42.62334365071281
1993-08-19,30.637969700392045
1993-08-20,30.274657062708375
1993-08-21,31.414867405376427
1993-08-22,41.46878920937616
1993-08-23,81.84957654893537
1993-08-24,135.0598711430315
1993-08-25,173.20478280216315
1993-08-26,167.05553910972202
1993-08-27,144.58355436480787
1993-08-28,132.44392159642572
1993-08-29,117.96696178605183
1993-08-30,117.21943363291643
1993-08-31,132.42374928517205
1993-09-01,142.02824110559538
1993-09-02,142.45218576037655
1993-09-03,140.07207041275615
1993-09-04,131.30546724549777
1993-09-05,125.29595452753017
1993-09-06,117.9124350542193
1993-09-07,104.60173759041282
1993-09-08,99.22629185956553
1993-09-09,98.4664156534441
1993-09-10,106.56199323624003
1993-09-11,105.30592556103129
1993-09-12,99.50673275391145
1993-09-13,91.614891678772
1993-09-14,84.95407375185692
1993-09-15,78.89442387644308
1993-09-16,73.11370586093919
1993-09-17,63.917723526266286
1993-09-18,45.787483439309455
1993-09-19,40.89759598015718
1993-09-20,36.30295986139186
1993-09-21,32.806302891172315
1993-09-22,30.28531275719242
1993-09-23,31.434829355028523
1993-09-24,29.049333613746256
1993-09-25,26.649047767717764
1993-09-26,22.595153845542736
1993-09-27,19.782126631778713
1993-09-28,17.368165928178772
1993-09-29,15.841854976849257
1993-09-30,13.920691903328713
1993-10-01,9.921875
1993-10-02,8.1875
1993-10-03,6.625
1993-10-04,5.25
1993-10-05,4.109375
1993-10-06,3.203125
1993-10-07,2.484375
1993-10-08,1.9375
1993-10-09,1.5
1993-10-10,1.171875
1993-10-11,0.90625
1993-10-12,0.6875
1993-10-13,0.53125
1993-10-14,0.390625
1993-10-15,0.2890625
1993-10-16,0.2109375
1993-10-17,0.15625
1993-10-18,0.125
1993-10-19,0.09375
1993-10-20,0.078125
1993-10-21,0.06249999999999999
1993-10-22,0.046875
1993-10-23,0.03125
1993-10-24,0.03125
1993-10-25,0.015625
1993-10-26,0.015625
1993-10-27,0.015625
1993-10-28,0.0
1993-10-29,0.0
1993-10-30,0.0
1993-10-31,0.0
1993-11-01,0.0
1993-11-02,0.0
1993-11-03,0.0
1993-11-04,0.0
1993-11-05,0.0
1993-11-06,0.0
1993-11-07,0.0
1993-11-08,0.0
1993-11-09,0.0
1993-11-10,0.0
1993-11-11,0.0
1993-11-12,0.0
1993-11-13,0.0
1993-11-14,0.0
1993-11-15,0.0
1993-11-16,0.0
1993-11-17,0.0
1993-11-18,0.0
1993-11-19,0.0
1993-11-20,0.0
1993-11-21,0.0
1993-11-22,0.0
1993-11-23,0.0
1993-11-24,0.0
1993-11-25,0.0
1993-11-26,0.0
1993-11-27,0.0
1993-11-28,0.0
1993-11-29,0.0
1993-11-30,0.0
1993-12-01,0.0
1993-12-02,0.0
1993-12-03,0.0
1993-12-04,0.0
1993-12-05,0.0
1993-12-06,0.0
1993-12-07,0.0
1993-12-08,0.0
1993-12-09,0.0
1993-12-10,0.0
1993-12-11,0.0
1993-12-12,0.0
1993-12-13,0.0
1993-12-14,0.0
1993-12-15,0.0
1993-12-16,0.0
1993-12-17,0.0
1993-12-18,0.0
1993-12-19,0.0
1993-12-20,0.0
1993-12-21,0.0
1993-12-22,0.0
1993-12-23,0.0
1993-12-24,0.0
1993-12-25,0.0
1993-12-26,0.0
1993-12-27,0.0
1993-12-28,0.0
1993-12-29,0.0
1993-12-30,0.0
1993-12-31,0.0
1994-01-01,0.0
1994-01-02,0.0
1994-01-03,0.0
1994-01-04,0.0
1994-01-05,0.0
1994-01-06,0.0
1994-01-07,0.0
1994-01-08,0.0
1994-01-09,0.0
1994-01-10,0.0
1994-01-11,0.0
1994-01-12,0.0
1994-01-13,0.0
1994-01-14,0.0
1994-01-15,0.0
1994-01-16,0.0
1994-01-17,0.0
1994-01-18,0.0
1994-01-19,0.0
1994-01-20,0.0
1994-01-21,0.0
1994-01-22,0.0
1994-01-23,0.0
1994-01-24,0.0
1994-01-25,0.0
1994-01-26,0.0
1994-01-27,0.0
1994-01-28,0.0
1994-01-29,0.0
1994-01-30,0.0
1994-01-31,0.0
1994-02-01,0.0
1994-02-02,0.0
1994-02-03,0.0
1994-02-04,0.0
1994-02-05,0.0
1994-02-06,0.0
1994-02-07,0.0
1994-02-08,0.0
1994-02-09,0.0
1994-02-10,0.0
1994-02-11,0.0
1994-02-12,0.0
1994-02-13,0.0
1994-02-14,0.0
1994-02-15,0.0
1994-02-16,0.0
1994-02-17,0.0
1994-02-18,0.0
1994-02-19,0.0
1994-02-20,0.0
1994-02-21,0.0
1994-02-22,0.0
1994-02-23,0.0
1994-02-24,0.0
1994-02-25,0.0
1994-02-26,0.0
1994-02-27,0.0
1994-02-28,0.0
1994-03-01,0.0
1994-03-02,0.0
1994-03-03,0.0
1994-03-04,0.0
1994-03-05,0.0
1994-03-06,0.0
1994-03-07,0.0
1994-03-08,0.0
1994-03-09,0.0
1994-03-10,0.0
1994-03-11,0.0
1994-03-12,0.0
1994-03-13,0.0
1994-03-14,0.0
1994-03-15,0.0
1994-03-16,0.0
1994-03-17,0.0
1994-03-18,0.0
1994-03-19,0.0
1994-03-20,0.0
1994-03-21,0.0
1994-03-22,0.0
1994-03-23,0.0
1994-03-24,0.0
1994-03-25,0.0
1994-03-26,0.0
1994-03-27,0.0
1994-03-28,0.0
1994-03-29,0.0
1994-03-30,0.0
1994-03-31,0.0
1994-04-01,0.0
1994-04-02,0.0
1994-04-03,0.0
1994-04-04,0.0
1994-04-05,0.0
1994-04-06,0.0
1994-04-07,0.0
1994-04-08,0.0
1994-04-09,0.0
1994-04-10,0.0
1994-04-11,0.0
1994-04-12,0.0
1994-04-13,0.0
1994-04-14,0.0
1994-04-15,0.0
1994-04-16,0.0
1994-04-17,0.0
1994-04-18,0.0
1994-04-19,0.0
1994-04-20,0.0
1994-04-21,0.0
1994-04-22,0.0
1994-04-23,0.0
1994-04-24,0.0
1994-04-25,0.0
1994-04-26,0.0
1994-04-27,0.0
1994-04-28,0.0
1994-04-29,0.0
1994-04-30,0.0
1994-05-01,0.5419999999999999
1994-05-02,0.542
1994-05-03,0.542
1994-05-04,0.542
1994-05-05,0.5420000000000001
1994-05-06,0.542
1994-05-07,0.5420000000000003
1994-05-08,0.542
1994-05-09,0.5419999999999999
1994-05-10,0.542
1994-05-11,0.5420000000000001
1994-05-12,0.6
1994-05-13,0.6
1994-05-14,0.742
1994-05-15,0.742
1994-05-16,0.7420000000000002
1994-05-17,0.5129999999999999
1994-05-18,0.6930000000000001
1994-05-19,4.017002801120449
1994-05-20,1.0840075680395869
1994-05-21,1.4966790580259672
1994-05-22,9.816180235958484
1994-05-23,21.381409852475162
1994-05-24,23.379866862752127
1994-05-25,27.04789091502468
1994-05-26,27.097462013532255
1994-05-27,32.015223038241004
1994-05-28,41.01054151679695
1994-05-29,145.18809341744728
1994-05-30,159.69525942609656
1994-05-31,174.67194653373343
1994-06-01,212.58309249283926
1994-06-02,286.52152711703144
1994-06-03,375.86047084625324
1994-06-04,439.8331114886227
1994-06-05,535.9498390462344
1994-06-06,679.7393384642353
1994-06-07,778.1537215552678
1994-06-08,970.4858016883443
1994-06-09,1306.0771024519977
1994-06-10,1334.9565001579172
1994-06-11,1288.5318226918678
1994-06-12,979.2446713210868
1994-06-13,921.1353738761907
1994-06-14,782.2640644162122
1994-06-15,703.485888771304
1994-06-16,651.8150854825409
1994-06-17,584.989904397663
1994-06-18,519.7549347930183
1994-06-19,464.93558834603226
1994-06-20,413.762523388553
1994-06-21,365.0960831784829
1994-06-22,311.6189389049749
1994-06-23,291.31837750055854
1994-06-24,270.4644671772068
1994-06-25,251.24627603179462
1994-06-26,227.3746122080038
1994-06-27,167.7652175310365
1994-06-28,157.24763465857416
1994-06-29,154.9844016325139
1994-06-30,152.03745708268016
1994-07-01,109.00850624922992
1994-07-02,105.92679781158853
1994-07-03,104.31527965012462
1994-07-04,104.20338973735599
1994-07-05,105.92455506782358
1994-07-06,103.64830301907232
1994-07-07,96.59060519879831
1994-07-08,88.0500002439179
1994-07-09,80.45488676923601
1994-07-10,72.2838004976988
1994-07-11,63.39748789426043
1994-07-12,59.63124124910912
1994-07-13,64.97982412041164
1994-07-14,69.33900399107873
1994-07-15,88.62150552707465
1994-07-16,89.73515015135953
1994-07-17,85.38502056122049
1994-07-18,57.40612542467746
1994-07-19,52.58157399314193
1994-07-20,49.334254420951076
1994-07-21,76.79775765618842
1994-07-22,120.19869765359707
1994-07-23,182.12225180317802
1994-07-24,195.934472312092
1994-07-25,172.97221416171908
1994-07-26,134.69515296963016
1994-07-27,123.5526263966824
1994-07-28,117.18370459981239
1994-07-29,93.50533655522719
1994-07-30,76.19530931494927
1994-07-31,67.67187464777237
1994-08-01,37.6119507891805
1994-08-02,35.87920055004446
1994-08-03,33.937705914256036
1994-08-04,54.47581852217647
1994-08-05,54.00401362264528
1994-08-06,149.59532701219823
1994-08-07,259.4797626935708
1994-08-08,325.40423575162333
1994-08-09,320.36053175840755
1994-08-10,259.6059088456239
1994-08-11,250.84806306319732
1994-08-12,255.08636861646625
1994-08-13,294.9379472171634
1994-08-14,305.59946483507076
1994-08-15,293.914203062754
1994-08-16,270.7857886308469
1994-08-17,255.6248128333763
1994-08-18,248.80935177028377
1994-08-19,220.94129693239506
1994-08-20,203.36679423397095
1994-08-21,190.78081391851538
1994-08-22,184.41884335699962
1994-08-23,178.2547721875407
1994-08-24,169.8947425213321
1994-08-25,156.12128253613943
1994-08-26,133.0930149988795
1994-08-27,121.95023037092743
1994-08-28,134.04958617965298
1994-08-29,179.93288368908145
1994-08-30,234.8828521963025
1994-08-31,262.5952767376395
1994-09-01,232.19636628293378
1994-09-02,259.84736019633067
1994-09-03,260.4260444153286
1994-09-04,232.39443594516732
1994-09-05,204.9714798356142
1994-09-06,183.91854197636135
1994-09-07,182.37638679409463
1994-09-08,182.13103912318536
1994-09-09,196.47781123661068
1994-09-10,203.89842075375464
1994-09-11,198.53493993554056
1994-09-12,211.579683814395
1994-09-13,261.95195074444825
1994-09-14,254.6855063348011
1994-09-15,246.5401325265302
1994-09-16,269.55710908444803
1994-09-17,222.44341313957236
1994-09-18,207.21013512200585
1994-09-19,197.41951392004833
1994-09-20,174.0994410578549
1994-09-21,161.39349527460908
1994-09-22,146.05686132798584
1994-09-23,139.30064756647587
1994-09-24,131.0138902309799
1994-09-25,126.94830777230344
1994-09-26,117.39263346545005
1994-09-27,110.81459440116949
1994-09-28,102.69200939136286
1994-09-29,98.07309946588099
1994-09-30,93.07941327123878
1994-10-01,65.078125
1994-10-02,75.96875
1994-10-03,80.71875
1994-10-04,74.84375
1994-10-05,68.09375
1994-10-06,61.921875
1994-10-07,56.140625
1994-10-08,50.796875
1994-10-09,45.9375
1994-10-10,41.390625
1994-10-11,37.1875
1994-10-12,33.3125
1994-10-13,29.765625
1994-10-14,26.484375
1994-10-15,23.46875
1994-10-16,20.671875
1994-10-17,18.046875
1994-10-18,15.625
1994-10-19,13.40625
1994-10-20,11.390625
1994-10-21,9.53125
1994-10-22,7.796875
1994-10-23,6.234375
1994-10-24,4.890625
1994-10-25,3.703125
1994-10-26,2.703125
1994-10-27,1.90625
1994-10-28,1.328125
1994-10-29,0.9375
1994-10-30,0.671875
1994-10-31,0.5
1994-11-01,0.375
1994-11-02,0.28125
1994-11-03,0.21875
1994-11-04,0.171875
1994-11-05,0.140625
1994-11-06,0.109375
1994-11-07,0.09375
1994-11-08,0.06249999999999999
1994-11-09,0.046875
1994-11-10,0.046875
1994-11-11,0.03125
1994-11-12,0.03125
1994-11-13,0.03125
1994-11-14,0.015625
1994-11-15,0.015625
1994-11-16,0.015625
1994-11-17,0.015625
1994-11-18,0.015625
1994-11-19,0.015625
1994-11-20,0.015625
1994-11-21,0.0
1994-11-22,0.0
1994-11-23,0.0
1994-11-24,0.0
1994-11-25,0.0
1994-11-26,0.0
1994-11-27,0.0
1994-11-28,0.0
1994-11-29,0.0
1994-11-30,0.0
1994-12-01,0.0
1994-12-02,0.0
1994-12-03,0.0
1994-12-04,0.0
1994-12-05,0.0
1994-12-06,0.0
1994-12-07,0.0
1994-12-08,0.0
1994-12-09,0.0
1994-12-10,0.0
1994-12-11,0.0
1994-12-12,0.0
1994-12-13,0.0
1994-12-14,0.0
1994-12-15,0.0
1994-12-16,0.0
1994-12-17,0.0
1994-12-18,0.0
1994-12-19,0.0
1994-12-20,0.0
1994-12-21,0.0
1994-12-22,0.0
1994-12-23,0.0
1994-12-24,0.0
1994-12-25,0.0
1994-12-26,0.0
1994-12-27,0.0
1994-12-28,0.0
1994-12-29,0.0
1994-12-30,0.0
1994-12-31,0.0
1995-01-01,0.0
1995-01-02,0.0
1995-01-03,0.0
1995-01-04,0.0
1995-01-05,0.0
1995-01-06,0.0
1995-01-07,0.0
1995-01-08,0.0
1995-01-09,0.0
1995-01-10,0.0
1995-01-11,0.0
1995-01-12,0.0
1995-01-13,0.0
1995-01-14,0.0
1995-01-15,0.0
1995-01-16,0.0
1995-01-17,0.0
1995-01-18,0.0
1995-01-19,0.0
1995-01-20,0.0
1995-01-21,0.0
1995-01-22,0.0
1995-01-23,0.0
1995-01-24,0.0
1995-01-25,0.0
1995-01-26,0.0
1995-01-27,0.0
1995-01-28,0.0
1995-01-29,0.0
1995-01-30,0.0
1995-01-31,0.0
1995-02-01,0.0
1995-02-02,0.0
1995-02-03,0.0
1995-02-04,0.0
1995-02-05,0.0
1995-02-06,0.0
1995-02-07,0.0
1995-02-08,0.0
1995-02-09,0.0
1995-02-10,0.0
1995-02-11,0.0
1995-02-12,0.0
1995-02-13,0.0
1995-02-14,0.0
1995-02-15,0.0
1995-02-16,0.0
1995-02-17,0.0
1995-02-18,0.0
1995-02-19,0.0
1995-02-20,0.0
1995-02-21,0.0
1995-02-22,0.0
1995-02-23,0.0
1995-02-24,0.0
1995-02-25,0.0
1995-02-26,0.0
1995-02-27,0.0
1995-02-28,0.0
1995-03-01,0.0
1995-03-02,0.0
1995-03-03,0.0
1995-03-04,0.0
1995-03-05,0.0
1995-03-06,0.0
1995-03-07,0.0
1995-03-08,0.0
1995-03-09,0.0
1995-03-10,0.0
1995-03-11,0.0
1995-03-12,0.0
1995-03-13,0.0
1995-03-14,0.0
1995-03-15,0.0
1995-03-16,0.0
1995-03-17,0.0
1995-03-18,0.0
1995-03-19,0.0
1995-03-20,0.0
1995-03-21,0.0
1995-03-22,0.0
1995-03-23,0.0
1995-03-24,0.0
1995-03-25,0.0
1995-03-26,0.0
1995-03-27,0.0
1995-03-28,0.0
1995-03-29,0.0
1995-03-30,0.0
1995-03-31,0.0
1995-04-01,0.0
1995-04-02,0.0
1995-04-03,0.0
1995-04-04,0.0
1995-04-05,0.0
1995-04-06,0.0
1995-04-07,0.0
1995-04-08,0.0
1995-04-09,0.0
1995-04-10,0.0
1995-04-11,0.0
1995-04-12,0.0
1995-04-13,0.0
1995-04-14,0.0
1995-04-15,0.0
1995-04-16,0.0
1995-04-17,0.0
1995-04-18,0.0
1995-04-19,0.0
1995-04-20,0.0
1995-04-21,0.0
1995-04-22,0.0
1995-04-23,0.0
1995-04-24,0.0
1995-04-25,0.0
1995-04-26,0.0
1995-04-27,0.0
1995-04-28,0.0
1995-04-29,0.0
1995-04-30,0.0
1995-05-01,0.542
1995-05-02,0.542
1995-05-03,0.542
1995-05-04,0.5419999999999999
1995-05-05,0.542
1995-05-06,0.542
1995-05-07,0.5420000000000003
1995-05-08,0.5420000000000001
1995-05-09,2.3271232876712356
1995-05-10,1.7163045977011493
1995-05-11,5.345283236994219
1995-05-12,3.2237965953094183
1995-05-13,5.384389727340949
1995-05-14,5.443444271349666
1995-05-15,4.881845017405825
1995-05-16,4.656419030407795
1995-05-17,38.766752031457
1995-05-18,59.88444558607094
1995-05-19,31.527707208071106
1995-05-20,45.190028559166
1995-05-21,27.12698315053894
1995-05-22,22.644496753635686
1995-05-23,20.175441926234562
1995-05-24,21.255374476216307
1995-05-25,21.538624543132602
1995-05-26,18.064695129638192
1995-05-27,26.07530946788566
1995-05-28,39.692636766855095
1995-05-29,67.54815393795883
1995-05-30,111.44176363818825
1995-05-31,186.6013718153166
1995-06-01,280.089899690079
1995-06-02,335.3024441076265
1995-06-03,357.16700274873625
1995-06-04,393.5811356234623
1995-06-05,430.6123603138102
1995-06-06,493.6907311210722
1995-06-07,551.8538242836075
1995-06-08,605.6322741189399
1995-06-09,651.9058368079008
1995-06-10,678.7840685843262
1995-06-11,698.5527037224027
1995-06-12,687.0339375859608
1995-06-13,656.263339881011
1995-06-14,622.4174154023846
1995-06-15,593.0614671777289
1995-06-16,537.2674461777044
1995-06-17,484.23712745350593
1995-06-18,449.8091838399982
1995-06-19,430.3942924289323
1995-06-20,473.67777044280825
1995-06-21,513.8930871458446
1995-06-22,500.4675523663599
1995-06-23,444.1514351739868
1995-06-24,410.15448673198256
1995-06-25,398.92201722712485
1995-06-26,389.37141276235945
1995-06-27,374.68085390925677
1995-06-28,342.7486333452519
1995-06-29,327.5022601786398
1995-06-30,312.965252660904
1995-07-01,287.9417689063369
1995-07-02,279.1658243817482
1995-07-03,258.98032415580747
1995-07-04,274.70195035437234
1995-07-05,274.1494124043449
1995-07-06,307.64512082936534
1995-07-07,322.0929579260421
1995-07-08,321.4303251114219
1995-07-09,311.8297345448701
1995-07-10,320.2750103950813
1995-07-11,321.16175823657875
1995-07-12,305.9023924764823
1995-07-13,277.8155087124372
1995-07-14,265.7740771666221
1995-07-15,246.88406655459792
1995-07-16,235.19944661807457
1995-07-17,217.00996797535817
1995-07-18,193.03359203327886
1995-07-19,172.3279312983121
1995-07-20,150.0417715810184
1995-07-21,169.75397997645106
1995-07-22,183.58213745273238
1995-07-23,173.5674506229007
1995-07-24,152.2388745759242
1995-07-25,123.43446926825473
1995-07-26,117.06975653341608
1995-07-27,99.29290183793482
1995-07-28,95.0964515375263
1995-07-29,78.91814786914289
1995-07-30,93.8140125143681
1995-07-31,128.77189052587622
1995-08-01,195.03366942147355
1995-08-02,212.04567655601184
1995-08-03,186.59730526852385
1995-08-04,147.5021678903966
1995-08-05,133.69127055372576
1995-08-06,134.34176685517488
1995-08-07,130.25144908931483
1995-08-08,121.84623886018382
1995-08-09,96.97382737599096
1995-08-10,81.05957849523985
1995-08-11,48.063992104094055
1995-08-12,31.478059284564452
1995-08-13,28.666871143182988
1995-08-14,26.70074713760755
1995-08-15,28.07276652698478
1995-08-16,30.2029350542364
1995-08-17,30.10595361721754
1995-08-18,31.312927142472887
1995-08-19,43.44324994608582
1995-08-20,43.43199284759088
1995-08-21,108.16563819005222
1995-08-22,153.73703868170116
1995-08-23,170.53872360892615
1995-08-24,177.52587237292076
1995-08-25,180.99475041190868
1995-08-26,177.44440738062093
1995-08-27,174.04940395117742
1995-08-28,165.03360500309324
1995-08-29,157.2761985326142
1995-08-30,137.3171539629219
1995-08-31,122.30508684633594
1995-09-01,114.95550423053807
1995-09-02,97.68786239493896
1995-09-03,137.55763229082558
1995-09-04,168.99511014673766
1995-09-05,182.27693246440134
1995-09-06,181.74774852213594
1995-09-07,193.54955002852412
1995-09-08,209.44200048289213
1995-09-09,215.38858389811034
1995-09-10,203.889525498767
1995-09-11,189.6284467387964
1995-09-12,167.5909324254774
1995-09-13,155.47971057450957
1995-09-14,145.4851462774664
1995-09-15,137.89373208606048
1995-09-16,130.6821863848645
1995-09-17,122.38289682076133
1995-09-18,127.48659154215201
1995-09-19,139.5873505456588
1995-09-20,148.58562966596088
1995-09-21,144.90735401181362
1995-09-22,132.57057262584277
1995-09-23,123.05669329531543
1995-09-24,116.37841794880177
1995-09-25,110.84857009433675
1995-09-26,99.26503791386448
1995-09-27,87.53964152547918
1995-09-28,101.2774215755027
1995-09-29,102.65860505987892
1995-09-30,95.71445199692666
1995-10-01,61.59375
1995-10-02,55.8515625
1995-10-03,50.59375
1995-10-04,45.734375
1995-10-05,41.234375
1995-10-06,37.078125
1995-10-07,33.2109375
1995-10-08,29.6640625
1995-10-09,26.4453125
1995-10-10,23.484375
1995-10-11,20.7421875
1995-10-12,18.2109375
1995-10-13,15.875
1995-10-14,13.703125
1995-10-15,11.71875
1995-10-16,9.9453125
1995-10-17,8.3671875
1995-10-18,6.9765625
1995-10-19,5.7890625
1995-10-20,4.7578125
1995-10-21,3.90625
1995-10-22,3.1953125
1995-10-23,2.59375
1995-10-24,2.09375
1995-10-25,1.671875
1995-10-26,1.3203125
1995-10-27,1.03125
1995-10-28,0.7890625
1995-10-29,0.59375
1995-10-30,0.4296875
1995-10-31,0.3046875
1995-11-01,0.2109375
1995-11-02,0.140625
1995-11-03,0.0859375
1995-11-04,0.05468749999999999
1995-11-05,0.0390625
1995-11-06,0.0234375
1995-11-07,0.0234375
1995-11-08,0.015625
1995-11-09,0.007812500000000002
1995-11-10,0.007812500000000002
1995-11-11,0.007812500000000002
1995-11-12,0.007812500000000002
1995-11-13,0.0
1995-11-14,0.0
1995-11-15,0.0
1995-11-16,0.0
1995-11-17,0.0
1995-11-18,0.0
1995-11-19,0.0
1995-11-20,0.0
1995-11-21,0.0
1995-11-22,0.0
1995-11-23,0.0
1995-11-24,0.0
1995-11-25,0.0
1995-11-26,0.0
1995-11-27,0.0
1995-11-28,0.0
1995-11-29,0.0
1995-11-30,0.0
1995-12-01,0.0
1995-12-02,0.0
1995-12-03,0.0
1995-12-04,0.0
1995-12-05,0.03125
1995-12-06,0.046875
1995-12-07,0.046875
1995-12-08,0.046875
1995-12-09,0.03125
1995-12-10,0.03125
1995-12-11,0.015625
1995-12-12,0.015625
1995-12-13,0.015625
1995-12-14,0.015625
1995-12-15,0.0
1995-12-16,0.0
1995-12-17,0.0
1995-12-18,0.0
1995-12-19,0.0
1995-12-20,0.0
1995-12-21,0.0
1995-12-22,0.0
1995-12-23,0.0
1995-12-24,0.0
1995-12-25,0.0
1995-12-26,0.0
1995-12-27,0.0
1995-12-28,0.0
1995-12-29,0.0
1995-12-30,0.0
1995-12-31,0.0
1996-01-01,0.0
1996-01-02,0.0
1996-01-03,0.0
1996-01-04,0.0
1996-01-05,0.0
1996-01-06,0.0
1996-01-07,0.0
1996-01-08,0.0
1996-01-09,0.0
1996-01-10,0.0
1996-01-11,0.0
1996-01-12,0.0
1996-01-13,0.0
1996-01-14,0.0
1996-01-15,0.0
1996-01-16,0.0
1996-01-17,0.0
1996-01-18,0.0
1996-01-19,0.0
1996-01-20,0.0
1996-01-21,0.0
1996-01-22,0.0
1996-01-23,0.0
1996-01-24,0.0
1996-01-25,0.0
1996-01-26,0.0
1996-01-27,0.0
1996-01-28,0.0
1996-01-29,0.0
1996-01-30,0.0
1996-01-31,0.0
1996-02-01,0.0
1996-02-02,0.0
1996-02-03,0.0
1996-02-04,0.0
1996-02-05,0.0
1996-02-06,0.0
1996-02-07,0.0
1996-02-08,0.0
1996-02-09,0.0
1996-02-10,0.0
1996-02-11,0.0
1996-02-12,0.0
1996-02-13,0.0
1996-02-14,0.0
1996-02-15,0.0
1996-02-16,0.0
1996-02-17,0.0
1996-02-18,0.0
1996-02-19,0.0
1996-02-20,0.0
1996-02-21,0.0
1996-02-22,0.0
1996-02-23,0.0
1996-02-24,0.0
1996-02-25,0.0
1996-02-26,0.0
1996-02-27,0.0
1996-02-28,0.0
1996-02-29,0.0
1996-03-01,0.0
1996-03-02,0.0
1996-03-03,0.0
1996-03-04,0.0
1996-03-05,0.0
1996-03-06,0.0
1996-03-07,0.0
1996-03-08,0.0
1996-03-09,0.0
1996-03-10,0.0
1996-03-11,0.0
1996-03-12,0.0
1996-03-13,0.0
1996-03-14,0.0
1996-03-15,0.0
1996-03-16,0.0
1996-03-17,0.0
1996-03-18,0.0
1996-03-19,0.0
1996-03-20,0.0
1996-03-21,0.0
1996-03-22,0.0
1996-03-23,0.0
1996-03-24,0.0
1996-03-25,0.0
1996-03-26,0.0
1996-03-27,0.0
1996-03-28,0.0
1996-03-29,0.0
1996-03-30,0.0
1996-03-31,0.0
1996-04-01,0.0
1996-04-02,0.0
1996-04-03,0.0
1996-04-04,0.0
1996-04-05,0.0
1996-04-06,0.0
1996-04-07,0.0
1996-04-08,0.0
1996-04-09,0.0
1996-04-10,0.0
1996-04-11,0.0
1996-04-12,0.0
1996-04-13,0.0
1996-04-14,0.0
1996-04-15,0.0
1996-04-16,0.0
1996-04-17,0.0
1996-04-18,0.0
1996-04-19,0.0
1996-04-20,0.0
1996-04-21,0.0
1996-04-22,0.0
1996-04-23,0.0
1996-04-24,0.0
1996-04-25,0.0
1996-04-26,0.0
1996-04-27,0.0
1996-04-28,0.0
1996-04-29,0.0
1996-04-30,0.0
1996-05-01,0.542
1996-05-02,0.542
1996-05-03,0.5419999999999999
1996-05-04,0.5420000000000001
1996-05-05,0.5419999999999999
1996-05-06,0.5420000000000001
1996-05-07,0.5420000000000001
1996-05-08,0.542
1996-05-09,0.542
1996-05-10,0.542
1996-05-11,1.2468275862068965
1996-05-12,6.1794003795066414
1996-05-13,22.713489757914342
1996-05-14,6.270980975701633
1996-05-15,4.811765061031631
1996-05-16,4.552009708737862
1996-05-17,3.189572115384617
1996-05-18,4.063952426179475
1996-05-19,4.436262925470482
1996-05-20,16.431359500389668
1996-05-21,14.450567870013847
1996-05-22,16.3355962244064
1996-05-23,21.23089381119637
1996-05-24,20.35776380806312
1996-05-25,15.07541076606295
1996-05-26,16.573849867563354
1996-05-27,16.928532947074345
1996-05-28,22.386786260495946
1996-05-29,18.35643506644906
1996-05-30,33.123952452765764
1996-05-31,101.85430549224556
1996-06-01,147.43843349447613
1996-06-02,143.18264701567952
1996-06-03,166.3864629566405
1996-06-04,238.35604243365333
1996-06-05,336.2986966191992
1996-06-06,382.77435145611776
1996-06-07,469.58451101603566
1996-06-08,555.5230284941048
1996-06-09,626.8124433313874
1996-06-10,650.4989509748498
1996-06-11,646.0701667620112
1996-06-12,708.2388952468427
1996-06-13,899.7209962005732
1996-06-14,911.1686587692036
1996-06-15,799.2309615105869
1996-06-16,783.0651972321199
1996-06-17,870.7527113422259
1996-06-18,905.1218161257473
1996-06-19,864.8764576651777
1996-06-20,890.7709816362114
1996-06-21,1338.9333438142999
1996-06-22,1372.9870841567952
1996-06-23,1344.1279821716291
1996-06-24,1245.4076845529034
1996-06-25,863.9031420974587
1996-06-26,787.4250623539026
1996-06-27,638.0089630338501
1996-06-28,593.1955163063618
1996-06-29,566.8312548078279
1996-06-30,519.2611087199253
1996-07-01,466.990151059995
1996-07-02,448.3588150568903
1996-07-03,466.4420146948499
1996-07-04,448.33505527485596
1996-07-05,418.7958638678422
1996-07-06,398.7332038671677
1996-07-07,365.8789816790714
1996-07-08,340.47262688535915
1996-07-09,326.2351418502563
1996-07-10,323.0518232808056
1996-07-11,315.56891093716126
1996-07-12,300.2040783075149
1996-07-13,280.0737839916645
1996-07-14,286.5609242421175
1996-07-15,292.5283950377658
1996-07-16,315.3972994821338
1996-07-17,283.35208814941006
1996-07-18,254.84696099551988
1996-07-19,225.4260445162895
1996-07-20,207.6586452689212
1996-07-21,198.627444793828
1996-07-22,195.15959834231955
1996-07-23,241.06103478490584
1996-07-24,292.7873526227783
1996-07-25,259.721430433969
1996-07-26,225.44418251272964
1996-07-27,200.98639526897642
1996-07-28,182.63363536961353
1996-07-29,196.67651372311258
1996-07-30,199.72741852890914
1996-07-31,209.803003951999
1996-08-01,244.7945862333017
1996-08-02,268.78589469718617
1996-08-03,259.8905202681137
1996-08-04,243.5071852021682
1996-08-05,233.04291968944295
1996-08-06,201.65612192151633
1996-08-07,188.65488664064975
1996-08-08,230.18156278983255
1996-08-09,245.13567620302342
1996-08-10,228.05338851500338
1996-08-11,198.84158169977343
1996-08-12,180.58749950722242
1996-08-13,183.28920661391336
1996-08-14,190.70262806338903
1996-08-15,189.45138662468443
1996-08-16,169.216060424386
1996-08-17,157.55501297142553
1996-08-18,131.5686636772702
1996-08-19,113.36672513523644
1996-08-20,88.5887867296263
1996-08-21,83.25864859657011
1996-08-22,81.76444626695266
1996-08-23,100.59576332235817
1996-08-24,117.54796012702307
1996-08-25,132.64246183977946
1996-08-26,131.16211702885644
1996-08-27,134.28610923224278
1996-08-28,178.50033284844298
1996-08-29,227.17791413086064
1996-08-30,233.05306589856505
1996-08-31,218.28451359278105
1996-09-01,205.24701538974745
1996-09-02,200.68600429394732
1996-09-03,192.7258729355328
1996-09-04,182.2243983904667
1996-09-05,181.24939516104916
1996-09-06,199.02441508771582
1996-09-07,221.83863988562092
1996-09-08,220.4029284055764
1996-09-09,202.75982811533288
1996-09-10,191.0667069240279
1996-09-11,170.93608103743463
1996-09-12,156.79209010363073
1996-09-13,147.72250054970877
1996-09-14,144.48474392957277
1996-09-15,139.2797634782028
1996-09-16,136.62061362692742
1996-09-17,136.88754576753058
1996-09-18,131.10454976402985
1996-09-19,126.60286911274378
1996-09-20,133.21155183672036
1996-09-21,134.96931484468712
1996-09-22,126.64824792245628
1996-09-23,119.10807520406581
1996-09-24,109.79591011288782
1996-09-25,97.66171904179917
1996-09-26,84.17357491039266
1996-09-27,78.58322655140593
1996-09-28,79.17461929409647
1996-09-29,91.73433074180812
1996-09-30,96.42596121408972
1996-10-01,64.65625
1996-10-02,61.15625
1996-10-03,60.140625
1996-10-04,57.3125
1996-10-05,52.546875
1996-10-06,48.03125
1996-10-07,43.703125
1996-10-08,39.421875
1996-10-09,35.4375
1996-10-10,31.75
1996-10-11,28.3125
1996-10-12,25.109375
1996-10-13,22.15625
1996-10-14,19.421875
1996-10-15,16.953125
1996-10-16,14.703125
1996-10-17,12.609375
1996-10-18,10.671875
1996-10-19,8.90625
1996-10-20,7.3125
1996-10-21,5.921875
1996-10-22,4.6875
1996-10-23,3.625
1996-10-24,2.75
1996-10-25,2.078125
1996-10-26,1.578125
1996-10-27,1.1875
1996-10-28,0.890625
1996-10-29,0.671875
1996-10-30,0.515625
1996-10-31,0.390625
1996-11-01,0.296875
1996-11-02,0.234375
1996-11-03,0.1875
1996-11-04,0.140625
1996-11-05,0.109375
1996-11-06,0.09375
1996-11-07,0.078125
1996-11-08,0.06249999999999999
1996-11-09,0.046875
1996-11-10,0.046875
1996-11-11,0.03125
1996-11-12,0.03125
1996-11-13,0.015625
1996-11-14,0.015625
1996-11-15,0.015625
1996-11-16,0.015625
1996-11-17,0.0
1996-11-18,0.0
1996-11-19,0.0
1996-11-20,0.0
1996-11-21,0.0
1996-11-22,0.0
1996-11-23,0.0
1996-11-24,0.0
1996-11-25,0.0
1996-11-26,0.0
1996-11-27,0.0
1996-11-28,0.0
1996-11-29,0.0
1996-11-30,0.0
1996-12-01,0.0
1996-12-02,0.0
1996-12-03,0.0
1996-12-04,0.0
1996-12-05,0.0
1996-12-06,0.0
1996-12-07,0.0
1996-12-08,0.0
1996-12-09,0.0
1996-12-10,0.0
1996-12-11,0.0
1996-12-12,0.0
1996-12-13,0.0
1996-12-14,0.0
1996-12-15,0.0
1996-12-16,0.0
1996-12-17,0.0
1996-12-18,0.0
1996-12-19,0.0
1996-12-20,0.0
1996-12-21,0.0
1996-12-22,0.0
1996-12-23,0.0
1996-12-24,0.0
1996-12-25,0.0
1996-12-26,0.0
1996-12-27,0.0
1996-12-28,0.0
1996-12-29,0.0
1996-12-30,0.0
1996-12-31,0.0
1997-01-01,0.0
1997-01-02,0.0
1997-01-03,0.0
1997-01-04,0.0
1997-01-05,0.0
1997-01-06,0.0
1997-01-07,0.0
1997-01-08,0.0
1997-01-09,0.0
1997-01-10,0.0
1997-01-11,0.0
1997-01-12,0.0
1997-01-13,0.0
1997-01-14,0.0
1997-01-15,0.0
1997-01-16,0.0
1997-01-17,0.0
1997-01-18,0.0
1997-01-19,0.0
1997-01-20,0.0
1997-01-21,0.0
1997-01-22,0.0
1997-01-23,0.0
1997-01-24,0.0
1997-01-25,0.0
1997-01-26,0.0
1997-01-27,0.0
1997-01-28,0.0
1997-01-29,0.0
1997-01-30,0.0
1997-01-31,0.0
1997-02-01,0.0
1997-02-02,0.0
1997-02-03,0.0
1997-02-04,0.0
1997-02-05,0.0
1997-02-06,0.0
1997-02-07,0.0
1997-02-08,0.0
1997-02-09,0.0
1997-02-10,0.0
1997-02-11,0.0
1997-02-12,0.0
1997-02-13,0.0
1997-02-14,0.0
1997-02-15,0.0
1997-02-16,0.0
1997-02-17,0.0
1997-02-18,0.0
1997-02-19,0.0
1997-02-20,0.0
1997-02-21,0.0
1997-02-22,0.0
1997-02-23,0.0
1997-02-24,0.0
1997-02-25,0.0
1997-02-26,0.0
1997-02-27,0.0
1997-02-28,0.0
1997-03-01,0.0
1997-03-02,0.0
1997-03-03,0.0
1997-03-04,0.0
1997-03-05,0.0
1997-03-06,0.0
1997-03-07,0.0
1997-03-08,0.0
1997-03-09,0.0
1997-03-10,0.0
1997-03-11,0.0
1997-03-12,0.0
1997-03-13,0.0
1997-03-14,0.0
1997-03-15,0.0
1997-03-16,0.0
1997-03-17,0.0
1997-03-18,0.0
1997-03-19,0.0
1997-03-20,0.0
1997-03-21,0.0
1997-03-22,0.0
1997-03-23,0.0
1997-03-24,0.0
1997-03-25,0.0
1997-03-26,0.0
1997-03-27,0.0
1997-03-28,0.0
1997-03-29,0.0
1997-03-30,0.0
1997-03-31,0.0
1997-04-01,0.0
1997-04-02,0.0
1997-04-03,0.0
1997-04-04,0.0
1997-04-05,0.0
1997-04-06,0.0
1997-04-07,0.0
1997-04-08,0.0
1997-04-09,0.0
1997-04-10,0.0
1997-04-11,0.0
1997-04-12,0.0
1997-04-13,0.0
1997-04-14,0.0
1997-04-15,0.0
1997-04-16,0.0
1997-04-17,0.0
1997-04-18,0.0
1997-04-19,0.0
1997-04-20,0.0
1997-04-21,0.0
1997-04-22,0.0
1997-04-23,0.0
1997-04-24,0.0
1997-04-25,0.0
1997-04-26,0.0
1997-04-27,0.0
1997-04-28,0.0
1997-04-29,0.0
1997-04-30,0.0
1997-05-01,0.5419999999999999
1997-05-02,0.542
1997-05-03,0.542
1997-05-04,0.542
1997-05-05,0.5420000000000001
1997-05-06,0.542
1997-05-07,2.3271232876712364
1997-05-08,2.2362758620689656
1997-05-09,3.7961896551724146
1997-05-10,5.356103448275862
1997-05-11,4.836132183908045
1997-05-12,2.292511627906977
1997-05-13,2.0157674418604663
1997-05-14,1.462279069767442
1997-05-15,1.1855348837209305
1997-05-16,1.7885636147443518
1997-05-17,1.4675177304964537
1997-05-18,0.9049295774647886
1997-05-19,0.6675053763440859
1997-05-20,0.6263282674772037
1997-05-21,1.9071428571428588
1997-05-22,0.5999999999999999
1997-05-23,1.9863636363636357
1997-05-24,3.51929183581416
1997-05-25,0.7734524068830321
1997-05-26,1.5225733634311511
1997-05-27,3.031923222533505
1997-05-28,2.191845018302322
1997-05-29,5.301992422859228
1997-05-30,27.298393856559702
1997-05-31,200.41439056241288
1997-06-01,304.43960223881743
1997-06-02,349.66496652892573
1997-06-03,386.9831588809074
1997-06-04,370.1237032298565
1997-06-05,330.7943206015899
1997-06-06,336.83186829289826
1997-06-07,345.55234650383886
1997-06-08,339.63311614251444
1997-06-09,413.5425874169903
1997-06-10,488.75306994744625
1997-06-11,547.4164669704637
1997-06-12,660.3479499146102
1997-06-13,809.5925960519761
1997-06-14,1352.0972056041714
1997-06-15,1628.0738266089395
1997-06-16,1768.3550242158474
1997-06-17,1800.6998842238856
1997-06-18,1783.3803138440599
1997-06-19,1693.2787175737024
1997-06-20,1602.6389380310611
1997-06-21,1506.0719429268513
1997-06-22,1435.9887237213356
1997-06-23,1441.6495475722718
1997-06-24,1426.243226974037
1997-06-25,1315.311441973463
1997-06-26,1202.2528599295779
1997-06-27,825.3387009753144
1997-06-28,672.7024448099444
1997-06-29,632.6136800063917
1997-06-30,590.3169871719024
1997-07-01,571.763813296061
1997-07-02,532.2172946981942
1997-07-03,509.11880875029954
1997-07-04,507.78958324407375
1997-07-05,517.698082824769
1997-07-06,511.07469999186117
1997-07-07,489.7776127697826
1997-07-08,452.36513437391847
1997-07-09,408.74655804046074
1997-07-10,381.42020538676735
1997-07-11,365.49145990150595
1997-07-12,345.15213504217695
1997-07-13,328.42786607990723
1997-07-14,304.38152930265494
1997-07-15,319.3821060782507
1997-07-16,327.21973996986503
1997-07-17,321.91073596277323
1997-07-18,303.86325958953296
1997-07-19,275.25647124355396
1997-07-20,244.88727003387882
1997-07-21,220.33454366066982
1997-07-22,213.8322546859519
1997-07-23,207.81425043503108
1997-07-24,232.34405195357152
1997-07-25,263.6444117763337
1997-07-26,297.563396124366
1997-07-27,522.1680893623301
1997-07-28,748.1818659925499
1997-07-29,777.983065943313
1997-07-30,766.4902132832431
1997-07-31,759.0993321381605
1997-08-01,783.7012348499039
1997-08-02,800.4953087510859
1997-08-03,767.2125077469252
1997-08-04,717.8481087040566
1997-08-05,666.6377667333584
1997-08-06,501.5608118020524
1997-08-07,348.7761829171382
1997-08-08,280.5043524030863
1997-08-09,253.2025673869092
1997-08-10,227.46025948997567
1997-08-11,187.2108570124766
1997-08-12,173.5473253886682
1997-08-13,175.76180989129898
1997-08-14,174.03232665063325
1997-08-15,162.3316904108311
1997-08-16,132.43229848071212
1997-08-17,161.36757032042118
1997-08-18,184.3117293345537
1997-08-19,180.445660153588
1997-08-20,173.35300233131272
1997-08-21,163.76495129392612
1997-08-22,147.38832717283435
1997-08-23,131.56952423998297
1997-08-24,131.9075211289047
1997-08-25,132.24424159833336
1997-08-26,169.85552775062303
1997-08-27,203.43335727620888
1997-08-28,266.59893920033505
1997-08-29,292.4125382864055
1997-08-30,275.366658076565
1997-08-31,235.8828879472053
1997-09-01,213.9603198903641
1997-09-02,195.03565317574873
1997-09-03,204.091487184643
1997-09-04,235.95502316544534
1997-09-05,235.20401624926708
1997-09-06,221.4976276277671
1997-09-07,202.57102578643747
1997-09-08,192.42695416732067
1997-09-09,177.45277676632932
1997-09-10,167.61671320025852
1997-09-11,171.93820505618694
1997-09-12,216.6823114680306
1997-09-13,300.4783113110398
1997-09-14,302.831926714857
1997-09-15,252.01812138366475
1997-09-16,231.9535497854266
1997-09-17,213.01794270224008
1997-09-18,201.07332328131537
1997-09-19,183.54807869788806
1997-09-20,166.21511025517123
1997-09-21,155.3461664996811
1997-09-22,141.81481768951235
1997-09-23,135.0656379218399
1997-09-24,127.10643201049669
1997-09-25,117.22428960083762
1997-09-26,104.72248868993287
1997-09-27,90.37063974799415
1997-09-28,84.13640693955026
1997-09-29,79.63105784330993
1997-09-30,72.19424113361244
1997-10-01,49.3515625
1997-10-02,48.6875
1997-10-03,72.6875
1997-10-04,93.9765625
1997-10-05,89.71875
1997-10-06,81.875
1997-10-07,74.578125
1997-10-08,67.84375
1997-10-09,61.6328125
1997-10-10,55.875
1997-10-11,50.5
1997-10-12,45.6484375
1997-10-13,41.2109375
1997-10-14,37.0546875
1997-10-15,33.2109375
1997-10-16,29.6796875
1997-10-17,26.40625
1997-10-18,23.375
1997-10-19,20.6015625
1997-10-20,18.0703125
1997-10-21,15.75
1997-10-22,13.6015625
1997-10-23,11.609375
1997-10-24,9.8203125
1997-10-25,8.1953125
1997-10-26,6.6953125
1997-10-27,5.359375
1997-10-28,4.171875
1997-10-29,3.15625
1997-10-30,2.3203125
1997-10-31,1.6875
1997-11-01,1.234375
1997-11-02,0.9140625
1997-11-03,0.6796875
1997-11-04,0.5078125
1997-11-05,0.375
1997-11-06,0.28125
1997-11-07,0.21875
1997-11-08,0.1640625
1997-11-09,0.1328125
1997-11-10,0.109375
1997-11-11,0.0859375
1997-11-12,0.0703125
1997-11-13,0.05468749999999999
1997-11-14,0.046875
1997-11-15,0.0390625
1997-11-16,0.03125
1997-11-17,0.0234375
1997-11-18,0.0234375
1997-11-19,0.0234375
1997-11-20,0.015625
1997-11-21,0.007812500000000002
1997-11-22,0.007812500000000002
1997-11-23,0.007812500000000002
1997-11-24,0.007812500000000002
1997-11-25,0.007812500000000002
1997-11-26,0.0
1997-11-27,0.0
1997-11-28,0.0
1997-11-29,0.0
1997-11-30,0.0
1997-12-01,0.0
1997-12-02,0.0
1997-12-03,0.0
1997-12-04,0.0
1997-12-05,0.0
1997-12-06,0.0
1997-12-07,0.0
1997-12-08,0.0
1997-12-09,0.0
1997-12-10,0.0
1997-12-11,0.0
1997-12-12,0.0
1997-12-13,0.0
1997-12-14,0.0
1997-12-15,0.0
1997-12-16,0.0
1997-12-17,0.0
1997-12-18,0.0
1997-12-19,0.0
1997-12-20,0.0
1997-12-21,0.0
1997-12-22,0.0
1997-12-23,0.0
1997-12-24,0.0
1997-12-25,0.0
1997-12-26,0.0
1997-12-27,0.0
1997-12-28,0.0
1997-12-29,0.0
1997-12-30,0.0
1997-12-31,0.0
1998-01-01,0.0
1998-01-02,0.0
1998-01-03,0.0
1998-01-04,0.0
1998-01-05,0.0
1998-01-06,0.0
1998-01-07,0.0
1998-01-08,0.0
1998-01-09,0.0
1998-01-10,0.0
1998-01-11,0.0
1998-01-12,0.0
1998-01-13,0.0
1998-01-14,0.0
1998-01-15,0.0
1998-01-16,0.0
1998-01-17,0.0
1998-01-18,0.0
1998-01-19,0.0
1998-01-20,0.0
1998-01-21,0.0
1998-01-22,0.0
1998-01-23,0.0
1998-01-24,0.0
1998-01-25,0.0
1998-01-26,0.0
1998-01-27,0.0
1998-01-28,0.0
1998-01-29,0.0
1998-01-30,0.0
1998-01-31,0.0
1998-02-01,0.0
1998-02-02,0.0
1998-02-03,0.0
1998-02-04,0.0
1998-02-05,0.0
1998-02-06,0.0
1998-02-07,0.0
1998-02-08,0.0
1998-02-09,0.0
1998-02-10,0.0
1998-02-11,0.0
1998-02-12,0.0
1998-02-13,0.0
1998-02-14,0.0
1998-02-15,0.0
1998-02-16,0.0
1998-02-17,0.0
1998-02-18,0.0
1998-02-19,0.0
1998-02-20,0.0
1998-02-21,0.0
1998-02-22,0.0
1998-02-23,0.0
1998-02-24,0.0
1998-02-25,0.0
1998-02-26,0.0
1998-02-27,0.0
1998-02-28,0.0
1998-03-01,0.0
1998-03-02,0.0
1998-03-03,0.0
1998-03-04,0.0
1998-03-05,0.0
1998-03-06,0.0
1998-03-07,0.0
1998-03-08,0.0
1998-03-09,0.0
1998-03-10,0.0
1998-03-11,0.0
1998-03-12,0.0
1998-03-13,0.0
1998-03-14,0.0
1998-03-15,0.0
1998-03-16,0.0
1998-03-17,0.0
1998-03-18,0.0
1998-03-19,0.0
1998-03-20,0.0
1998-03-21,0.0
1998-03-22,0.0
1998-03-23,0.0
1998-03-24,0.0
1998-03-25,0.0
1998-03-26,0.0
1998-03-27,0.0
1998-03-28,0.0
1998-03-29,0.0
1998-03-30,0.0
1998-03-31,0.0
1998-04-01,0.0
1998-04-02,0.0
1998-04-03,0.0
1998-04-04,0.0
1998-04-05,0.0
1998-04-06,0.0
1998-04-07,0.0
1998-04-08,0.0
1998-04-09,0.0
1998-04-10,0.0
1998-04-11,0.0
1998-04-12,0.0
1998-04-13,0.0
1998-04-14,0.0
1998-04-15,0.0
1998-04-16,0.0
1998-04-17,0.0
1998-04-18,0.0
1998-04-19,0.0
1998-04-20,0.0
1998-04-21,0.0
1998-04-22,0.0
1998-04-23,0.0
1998-04-24,0.0
1998-04-25,0.0
1998-04-26,0.0
1998-04-27,0.0
1998-04-28,0.0
1998-04-29,0.0
1998-04-30,0.0
1998-05-01,0.5419999999999999
1998-05-02,0.542
1998-05-03,0.542
1998-05-04,0.5419999999999999
1998-05-05,0.542
1998-05-06,0.542
1998-05-07,0.5420000000000001
1998-05-08,0.5420000000000001
1998-05-09,0.542
1998-05-10,0.542
1998-05-11,0.5420000000000001
1998-05-12,0.6
1998-05-13,0.6
1998-05-14,0.742
1998-05-15,0.742
1998-05-16,0.7420000000000002
1998-05-17,0.5129999999999998
1998-05-18,0.5130000000000001
1998-05-19,0.513
1998-05-20,0.6263282674772037
1998-05-21,2.6102916093535065
1998-05-22,2.1393594217347958
1998-05-23,2.1883753731547664
1998-05-24,2.400146073982964
1998-05-25,3.3847351167961843
1998-05-26,2.4391819885214265
1998-05-27,5.691654335157441
1998-05-28,17.171147034343925
1998-05-29,26.111055932778306
1998-05-30,31.35371801588249
1998-05-31,171.54811434380034
1998-06-01,183.15918426259648
1998-06-02,275.38432147954325
1998-06-03,352.1372962670997
1998-06-04,477.4018361821845
1998-06-05,523.1610330740048
1998-06-06,546.0388145639918
1998-06-07,614.7319551437133
1998-06-08,641.7120397529397
1998-06-09,647.6070171474087
1998-06-10,625.5474509703923
1998-06-11,575.5337730036767
1998-06-12,551.7798049076159
1998-06-13,532.8021176433977
1998-06-14,508.66389337344964
1998-06-15,553.8277172373635
1998-06-16,540.7539725282155
1998-06-17,484.6211382979777
1998-06-18,441.4299227974833
1998-06-19,392.1776729117869
1998-06-20,378.36297708931744
1998-06-21,327.10128876744477
1998-06-22,301.8649317743228
1998-06-23,291.75656339305664
1998-06-24,290.6849632464996
1998-06-25,293.2210552538661
1998-06-26,317.9492314542987
1998-06-27,344.28369663608186
1998-06-28,329.21748678440986
1998-06-29,306.1652056202148
1998-06-30,307.6995135036357
1998-07-01,290.86403225444394
1998-07-02,279.76875048565574
1998-07-03,272.4191456389288
1998-07-04,269.442395065186
1998-07-05,267.0492849934227
1998-07-06,290.48492941660874
1998-07-07,322.45144534996695
1998-07-08,325.9877649965951
1998-07-09,306.51353104132977
1998-07-10,269.5588129171929
1998-07-11,245.42318081853665
1998-07-12,222.1000638736569
1998-07-13,210.88398227982975
1998-07-14,202.2931488444427
1998-07-15,178.7874155083797
1998-07-16,154.72728637182308
1998-07-17,197.33372428733196
1998-07-18,251.1628911449182
1998-07-19,248.78712493222238
1998-07-20,290.6485279533884
1998-07-21,684.032432915321
1998-07-22,822.9901516592008
1998-07-23,860.7971073966348
1998-07-24,832.5051634344627
1998-07-25,777.3304540890174
1998-07-26,724.87407609822
1998-07-27,698.040903832934
1998-07-28,536.8838097375947
1998-07-29,495.813878882789
1998-07-30,374.3922538020304
1998-07-31,270.84152489079537
1998-08-01,268.95399493964567
1998-08-02,272.1212720319721
1998-08-03,269.4033037129131
1998-08-04,262.9651973404226
1998-08-05,256.4107916093569
1998-08-06,238.324953847895
1998-08-07,207.4337229015989
1998-08-08,179.92057170680337
1998-08-09,156.90782126160795
1998-08-10,153.87887205853525
1998-08-11,157.44428444909366
1998-08-12,154.45142635757153
1998-08-13,173.83394871523805
1998-08-14,221.59449740855695
1998-08-15,226.22774009893277
1998-08-16,208.25644343353608
1998-08-17,203.22825122175848
1998-08-18,211.03269626564958
1998-08-19,255.5928705866487
1998-08-20,283.5163782779874
1998-08-21,273.57195998452
1998-08-22,261.7501267235776
1998-08-23,241.42323491867486
1998-08-24,226.3430408491837
1998-08-25,199.84689049318496
1998-08-26,196.26884793062044
1998-08-27,193.00721846738756
1998-08-28,182.8168671000602
1998-08-29,176.27383816841458
1998-08-30,156.24529280491632
1998-08-31,137.9446878020463
1998-09-01,135.025434900674
1998-09-02,133.79696577524334
1998-09-03,146.1419560701554
1998-09-04,149.4165346190843
1998-09-05,146.78536755786507
1998-09-06,142.5728256635259
1998-09-07,131.88359680228896
1998-09-08,127.22196700914644
1998-09-09,128.8537071086332
1998-09-10,132.53365285366596
1998-09-11,132.29994106212354
1998-09-12,124.33820615360742
1998-09-13,142.72484678183778
1998-09-14,175.04350751749357
1998-09-15,201.5558183993056
1998-09-16,202.80630460257765
1998-09-17,188.88074871206823
1998-09-18,177.2046091437655
1998-09-19,170.70913772130413
1998-09-20,158.41576026353445
1998-09-21,153.70129307290068
1998-09-22,174.75930966514306
1998-09-23,196.6003676577243
1998-09-24,198.4321374732511
1998-09-25,184.67145544487616
1998-09-26,176.63772388749337
1998-09-27,164.460785494356
1998-09-28,153.59509307634846
1998-09-29,148.43366454330655
1998-09-30,137.9734505191154
1998-10-01,93.1015625
1998-10-02,100.7578125
1998-10-03,101.9453125
1998-10-04,93.7578125
1998-10-05,85.7890625
1998-10-06,80.1484375
1998-10-07,76.3203125
1998-10-08,72.828125
1998-10-09,67.1796875
1998-10-10,60.9921875
1998-10-11,55.3203125
1998-10-12,50.0390625
1998-10-13,45.1875
1998-10-14,40.7890625
1998-10-15,36.6875
1998-10-16,32.84375
1998-10-17,29.3125
1998-10-18,26.0859375
1998-10-19,23.1484375
1998-10-20,20.4609375
1998-10-21,17.9765625
1998-10-22,15.6875
1998-10-23,13.5859375
1998-10-24,11.6875
1998-10-25,9.9921875
1998-10-26,8.46875
1998-10-27,7.1328125
1998-10-28,6.0
1998-10-29,5.0078125
1998-10-30,4.1640625
1998-10-31,3.4453125
1998-11-01,2.8359375
1998-11-02,2.3125
1998-11-03,1.8671875
1998-11-04,1.4921875
1998-11-05,1.171875
1998-11-06,0.90625
1998-11-07,0.6796875
1998-11-08,0.4921875
1998-11-09,0.3515625
1998-11-10,0.25
1998-11-11,0.1796875
1998-11-12,0.1328125
1998-11-13,0.1015625
1998-11-14,0.078125
1998-11-15,0.06249999999999999
1998-11-16,0.046875
1998-11-17,0.03125
1998-11-18,0.015625
1998-11-19,0.015625
1998-11-20,0.015625
1998-11-21,0.015625
1998-11-22,0.0
1998-11-23,0.0
1998-11-24,0.0
1998-11-25,0.0
1998-11-26,0.0
1998-11-27,0.0
1998-11-28,0.0
1998-11-29,0.0
1998-11-30,0.0
1998-12-01,0.0
1998-12-02,0.0
1998-12-03,0.0
1998-12-04,0.0
1998-12-05,0.0
1998-12-06,0.0
1998-12-07,0.0
1998-12-08,0.0
1998-12-09,0.0
1998-12-10,0.0
1998-12-11,0.0
1998-12-12,0.0
1998-12-13,0.0
1998-12-14,0.0
1998-12-15,0.0
1998-12-16,0.0
1998-12-17,0.0
1998-12-18,0.0
1998-12-19,0.0
1998-12-20,0.0
1998-12-21,0.0
1998-12-22,0.0
1998-12-23,0.0
1998-12-24,0.0
1998-12-25,0.0
1998-12-26,0.0
1998-12-27,0.0
1998-12-28,0.0
1998-12-29,0.0
1998-12-30,0.0
1998-12-31,0.0
1999-01-01,0.0
1999-01-02,0.0
1999-01-03,0.0
1999-01-04,0.0
1999-01-05,0.0
1999-01-06,0.0
1999-01-07,0.0
1999-01-08,0.0
1999-01-09,0.0
1999-01-10,0.0
1999-01-11,0.0
1999-01-12,0.0
1999-01-13,0.0
1999-01-14,0.0
1999-01-15,0.0
1999-01-16,0.0
1999-01-17,0.0
1999-01-18,0.0
1999-01-19,0.0
1999-01-20,0.0
1999-01-21,0.0
1999-01-22,0.0
1999-01-23,0.0
1999-01-24,0.0
1999-01-25,0.0
1999-01-26,0.0
1999-01-27,0.0
1999-01-28,0.0
1999-01-29,0.0
1999-01-30,0.0
1999-01-31,0.0
1999-02-01,0.0
1999-02-02,0.0
1999-02-03,0.0
1999-02-04,0.0
1999-02-05,0.0
1999-02-06,0.0
1999-02-07,0.0
1999-02-08,0.0
1999-02-09,0.0
1999-02-10,0.0
1999-02-11,0.0
1999-02-12,0.0
1999-02-13,0.0
1999-02-14,0.0
1999-02-15,0.0
1999-02-16,0.0
1999-02-17,0.0
1999-02-18,0.0
1999-02-19,0.0
1999-02-20,0.0
1999-02-21,0.0
1999-02-22,0.0
1999-02-23,0.0
1999-02-24,0.0
1999-02-25,0.0
1999-02-26,0.0
1999-02-27,0.0
1999-02-28,0.0
1999-03-01,0.0
1999-03-02,0.0
1999-03-03,0.0
1999-03-04,0.0
1999-03-05,0.0
1999-03-06,0.0
1999-03-07,0.0
1999-03-08,0.0
1999-03-09,0.0
1999-03-10,0.0
1999-03-11,0.0
1999-03-12,0.0
1999-03-13,0.0
1999-03-14,0.0
1999-03-15,0.0
1999-03-16,0.0
1999-03-17,0.0
1999-03-18,0.0
1999-03-19,0.0
1999-03-20,0.0
1999-03-21,0.0
1999-03-22,0.0
1999-03-23,0.0
1999-03-24,0.0
1999-03-25,0.0
1999-03-26,0.0
1999-03-27,0.0
1999-03-28,0.0
1999-03-29,0.0
1999-03-30,0.0
1999-03-31,0.0
1999-04-01,0.0
1999-04-02,0.0
1999-04-03,0.0
1999-04-04,0.0
1999-04-05,0.0
1999-04-06,0.0
1999-04-07,0.0
1999-04-08,0.0
1999-04-09,0.0
1999-04-10,0.0
1999-04-11,0.0
1999-04-12,0.0
1999-04-13,0.0
1999-04-14,0.0
1999-04-15,0.0
1999-04-16,0.0
1999-04-17,0.0
1999-04-18,0.0
1999-04-19,0.0
1999-04-20,0.0
1999-04-21,0.0
1999-04-22,0.0
1999-04-23,0.0
1999-04-24,0.0
1999-04-25,0.0
1999-04-26,0.0
1999-04-27,0.0
1999-04-28,0.0
1999-04-29,0.0
1999-04-30,0.0
1999-05-01,0.542
1999-05-02,0.542
1999-05-03,0.542
1999-05-04,0.542
1999-05-05,0.542
1999-05-06,0.542
1999-05-07,0.5420000000000001
1999-05-08,0.5420000000000001
1999-05-09,2.3271232876712356
1999-05-10,2.2362758620689656
1999-05-11,2.4967283236994215
1999-05-12,2.2305863377609114
1999-05-13,1.7918292220113852
1999-05-14,2.2925116279069777
1999-05-15,1.4622790697674422
1999-05-16,1.2468275862068963
1999-05-17,1.9125531914893616
1999-05-18,7.214788732394367
1999-05-19,0.7385198869810912
1999-05-20,4.021233624454148
1999-05-21,0.9253995489753903
1999-05-22,2.0817821535393817
1999-05-23,2.4866448899230353
1999-05-24,3.189024876902778
1999-05-25,3.2424936386768444
1999-05-26,2.2135568661692826
1999-05-27,2.7426972285300786
1999-05-28,6.623308504971167
1999-05-29,10.958383058865303
1999-05-30,15.181288037426764
1999-05-31,27.579264881629868
1999-06-01,45.483392176608795
1999-06-02,42.8769588591869
1999-06-03,75.73822994468928
1999-06-04,149.25459201092522
1999-06-05,111.26104874927825
1999-06-06,41.457540082005444
1999-06-07,69.66725560620536
1999-06-08,104.82090880296754
1999-06-09,63.12603148593636
1999-06-10,88.82264732386352
1999-06-11,115.58459864335356
1999-06-12,148.3830740510267
1999-06-13,190.2786238223477
1999-06-14,287.27583204023574
1999-06-15,460.52527218358097
1999-06-16,621.3416387099177
1999-06-17,914.7412236535569
1999-06-18,1427.8567691381772
1999-06-19,1622.0189349795614
1999-06-20,1624.6828520858846
1999-06-21,1577.3539248302122
1999-06-22,1516.5722161876076
1999-06-23,1442.3377261580717
1999-06-24,1359.1791138223546
1999-06-25,1240.453361676967
1999-06-26,857.046257338135
1999-06-27,780.0419634832057
1999-06-28,644.7587757412889
1999-06-29,611.4744427832795
1999-06-30,596.7010779603131
1999-07-01,547.1114917537564
1999-07-02,512.2101732035103
1999-07-03,489.63566825553215
1999-07-04,464.9466234272469
1999-07-05,426.9984792834043
1999-07-06,387.95261792431063
1999-07-07,358.7971788096874
1999-07-08,340.4606882384322
1999-07-09,312.7644516443937
1999-07-10,321.2831918352601
1999-07-11,318.43827868466116
1999-07-12,289.68419817414923
1999-07-13,275.4640861679761
1999-07-14,262.3004641726846
1999-07-15,236.55514304530567
1999-07-16,217.9187387301888
1999-07-17,201.1597602498539
1999-07-18,193.86691395084162
1999-07-19,185.4214307956034
1999-07-20,205.6786873896361
1999-07-21,244.02471695591836
1999-07-22,245.76554718067453
1999-07-23,256.17359354955056
1999-07-24,261.7157529605269
1999-07-25,303.96536234437883
1999-07-26,400.22209164427534
1999-07-27,389.097007348525
1999-07-28,371.41546522383396
1999-07-29,276.5290202167574
1999-07-30,251.89681198262016
1999-07-31,234.24100563934772
1999-08-01,208.02870589065043
1999-08-02,195.02090033736232
1999-08-03,187.53364708146617
1999-08-04,165.56587120698106
1999-08-05,167.69883642111597
1999-08-06,187.892231685748
1999-08-07,198.8393413882905
1999-08-08,204.56248218651697
1999-08-09,201.95863229399004
1999-08-10,181.5978143423255
1999-08-11,165.41577627973018
1999-08-12,156.15586673654457
1999-08-13,176.52362600119397
1999-08-14,200.53524239213425
1999-08-15,199.22826916404927
1999-08-16,185.25707518607882
1999-08-17,182.43338384561
1999-08-18,206.25908182839422
1999-08-19,265.3611410887276
1999-08-20,289.3303619382607
1999-08-21,358.6862769345849
1999-08-22,287.8412204419211
1999-08-23,273.2810232459854
1999-08-24,237.05432864544525
1999-08-25,223.9962634680483
1999-08-26,222.68294356093247
1999-08-27,225.7135806769492
1999-08-28,215.3672492989916
1999-08-29,193.43538729761065
1999-08-30,181.69530130227474
1999-08-31,159.49731363646612
1999-09-01,141.49299862694278
1999-09-02,130.53670028430028
1999-09-03,113.64880397599892
1999-09-04,107.64022257802873
1999-09-05,93.95515496965733
1999-09-06,89.29441626390603
1999-09-07,83.3635986163782
1999-09-08,84.28089617235848
1999-09-09,81.57181541177916
1999-09-10,77.59299549787409
1999-09-11,94.55182133375887
1999-09-12,117.40502590026364
1999-09-13,135.68382960465667
1999-09-14,128.29258724682904
1999-09-15,122.97507052827953
1999-09-16,123.56504866165629
1999-09-17,138.92389436912111
1999-09-18,144.02093314457662
1999-09-19,137.38582479149983
1999-09-20,127.37870276482731
1999-09-21,111.08943400988666
1999-09-22,99.57816539276098
1999-09-23,97.11223876919287
1999-09-24,87.90102554024351
1999-09-25,82.4857502364545
1999-09-26,76.68038493753053
1999-09-27,70.94459923629255
1999-09-28,62.21885097949823
1999-09-29,59.77088007746404
1999-09-30,48.972538036884615
1999-10-01,34.9609375
1999-10-02,31.2890625
1999-10-03,27.8203125
1999-10-04,24.625
1999-10-05,21.765625
1999-10-06,19.1328125
1999-10-07,16.6796875
1999-10-08,14.3828125
1999-10-09,12.2578125
1999-10-10,10.3203125
1999-10-11,8.578125
1999-10-12,7.015625
1999-10-13,5.6015625
1999-10-14,4.3515625
1999-10-15,3.2734375
1999-10-16,2.375
1999-10-17,1.65625
1999-10-18,1.1015625
1999-10-19,0.7109375
1999-10-20,0.46875
1999-10-21,0.3359375
1999-10-22,0.2421875
1999-10-23,0.1875
1999-10-24,0.1484375
1999-10-25,0.11718750000000001
1999-10-26,0.09375
1999-10-27,0.0703125
1999-10-28,0.06249999999999999
1999-10-29,0.046875
1999-10-30,0.0390625
1999-10-31,0.03125
1999-11-01,0.03125
1999-11-02,0.0234375
1999-11-03,0.015625
1999-11-04,0.015625
1999-11-05,0.015625
1999-11-06,0.007812500000000002
1999-11-07,0.007812500000000002
1999-11-08,0.007812500000000002
1999-11-09,0.007812500000000002
1999-11-10,0.0
1999-11-11,0.0
1999-11-12,0.0
1999-11-13,0.0
1999-11-14,0.0
1999-11-15,0.0
1999-11-16,0.0
1999-11-17,0.0
1999-11-18,0.0
1999-11-19,0.0
1999-11-20,0.0
1999-11-21,0.0
1999-11-22,0.0
1999-11-23,0.0
1999-11-24,0.0
1999-11-25,0.0
1999-11-26,0.0
1999-11-27,0.0
1999-11-28,0.0
1999-11-29,0.0
1999-11-30,0.0
1999-12-01,0.0
1999-12-02,0.0
1999-12-03,0.0
1999-12-04,0.0
1999-12-05,0.0
1999-12-06,0.0
1999-12-07,0.0
1999-12-08,0.0
1999-12-09,0.0
1999-12-10,0.0
1999-12-11,0.0
1999-12-12,0.0
1999-12-13,0.0
1999-12-14,0.0
1999-12-15,0.0
1999-12-16,0.0
1999-12-17,0.0
1999-12-18,0.0
1999-12-19,0.0
1999-12-20,0.0
1999-12-21,0.0
1999-12-22,0.0
1999-12-23,0.0
1999-12-24,0.0
1999-12-25,0.0
1999-12-26,0.0
1999-12-27,0.0
1999-12-28,0.0
1999-12-29,0.0
1999-12-30,0.0
1999-12-31,0.0
2000-01-01,0.0
2000-01-02,0.0
2000-01-03,0.0
2000-01-04,0.0
2000-01-05,0.0
2000-01-06,0.0
2000-01-07,0.0
2000-01-08,0.0
2000-01-09,0.0
2000-01-10,0.0
2000-01-11,0.0
2000-01-12,0.0
2000-01-13,0.0
2000-01-14,0.0
2000-01-15,0.0
2000-01-16,0.0
2000-01-17,0.0
2000-01-18,0.0
2000-01-19,0.0
2000-01-20,0.0
2000-01-21,0.0
2000-01-22,0.0
2000-01-23,0.0
2000-01-24,0.0
2000-01-25,0.0
2000-01-26,0.0
2000-01-27,0.0
2000-01-28,0.0
2000-01-29,0.0
2000-01-30,0.0
2000-01-31,0.0
2000-02-01,0.0
2000-02-02,0.0
2000-02-03,0.0
2000-02-04,0.0
2000-02-05,0.0
2000-02-06,0.0
2000-02-07,0.0
2000-02-08,0.0
2000-02-09,0.0
2000-02-10,0.0
2000-02-11,0.0
2000-02-12,0.0
2000-02-13,0.0
2000-02-14,0.0
2000-02-15,0.0
2000-02-16,0.0
2000-02-17,0.0
2000-02-18,0.0
2000-02-19,0.0
2000-02-20,0.0
2000-02-21,0.0
2000-02-22,0.0
2000-02-23,0.0
2000-02-24,0.0
2000-02-25,0.0
2000-02-26,0.0
2000-02-27,0.0
2000-02-28,0.0
2000-02-29,0.0
2000-03-01,0.0
2000-03-02,0.0
2000-03-03,0.0
2000-03-04,0.0
2000-03-05,0.0
2000-03-06,0.0
2000-03-07,0.0
2000-03-08,0.0
2000-03-09,0.0
2000-03-10,0.0
2000-03-11,0.0
2000-03-12,0.0
2000-03-13,0.0
2000-03-14,0.0
2000-03-15,0.0
2000-03-16,0.0
2000-03-17,0.0
2000-03-18,0.0
2000-03-19,0.0
2000-03-20,0.0
2000-03-21,0.0
2000-03-22,0.0
2000-03-23,0.0
2000-03-24,0.0
2000-03-25,0.0
2000-03-26,0.0
2000-03-27,0.0
2000-03-28,0.0
2000-03-29,0.0
2000-03-30,0.0
2000-03-31,0.0
2000-04-01,0.0
2000-04-02,0.0
2000-04-03,0.0
2000-04-04,0.0
2000-04-05,0.0
2000-04-06,0.0
2000-04-07,0.0
2000-04-08,0.0
2000-04-09,0.0
2000-04-10,0.0
2000-04-11,0.0
2000-04-12,0.0
2000-04-13,0.0
2000-04-14,0.0
2000-04-15,0.0
2000-04-16,0.0
2000-04-17,0.0
2000-04-18,0.0
2000-04-19,0.0
2000-04-20,0.0
2000-04-21,0.0
2000-04-22,0.0
2000-04-23,0.0
2000-04-24,0.0
2000-04-25,0.0
2000-04-26,0.0
2000-04-27,0.0
2000-04-28,0.0
2000-04-29,0.0
2000-04-30,0.0
2000-05-01,0.542
2000-05-02,0.542
2000-05-03,0.542
2000-05-04,0.542
2000-05-05,0.542
2000-05-06,1.7163045977011497
2000-05-07,2.7562471264367816
2000-05-08,2.756247126436782
2000-05-09,5.356103448275862
2000-05-10,9.618115606936415
2000-05-11,23.144675521821632
2000-05-12,4.6858155590761275
2000-05-13,5.652798470471604
2000-05-14,4.207793847111765
2000-05-15,6.161961394345407
2000-05-16,5.774350123191494
2000-05-17,5.389334948601539
2000-05-18,5.529824772962534
2000-05-19,5.194955771451867
2000-05-20,6.603172539711521
2000-05-21,6.583202197498029
2000-05-22,6.528239775232133
2000-05-23,9.351552517182945
2000-05-24,28.28805403867679
2000-05-25,116.91865225160984
2000-05-26,231.41193421809766
2000-05-27,299.6468357785756
2000-05-28,382.8029289950371
2000-05-29,403.7154118519673
2000-05-30,363.6202680374945
2000-05-31,351.85191076101427
2000-06-01,349.85803698858234
2000-06-02,335.4569715396481
2000-06-03,333.7924343320764
2000-06-04,319.8993193775319
2000-06-05,330.8003637341769
2000-06-06,344.979133084912
2000-06-07,357.44460898294363
2000-06-08,409.2417406002885
2000-06-09,382.40614514400085
2000-06-10,356.64611183782324
2000-06-11,385.64438500541746
2000-06-12,406.2399458900711
2000-06-13,412.3576218806351
2000-06-14,424.84478451706826
2000-06-15,400.93452896068305
2000-06-16,384.59314931337036
2000-06-17,352.1268705300701
2000-06-18,336.21744617213596
2000-06-19,298.83731559635623
2000-06-20,280.3896250006689
2000-06-21,273.0260399901789
2000-06-22,249.013374731193
2000-06-23,191.9704818406233
2000-06-24,180.94402879284277
2000-06-25,174.91738297277348
2000-06-26,154.60202448945859
2000-06-27,103.6604487818008
2000-06-28,94.45027430904727
2000-06-29,87.686069055924
2000-06-30,84.68764771169603
2000-07-01,82.26106100547686
2000-07-02,78.90773343677803
2000-07-03,76.76998425558328
2000-07-04,74.54710683150945
2000-07-05,72.93414113949312
2000-07-06,70.0213919159488
2000-07-07,65.82700500519546
2000-07-08,59.65679531216207
2000-07-09,52.978794026131055
2000-07-10,46.98237621512499
2000-07-11,42.713909999140704
2000-07-12,38.884388115749964
2000-07-13,34.541740074615824
2000-07-14,30.479341202596906
2000-07-15,25.419976962817138
2000-07-16,22.16212268979095
2000-07-17,19.8351045772318
2000-07-18,18.191689968530945
2000-07-19,18.09939088968777
2000-07-20,27.67276084702242
2000-07-21,43.04545526120069
2000-07-22,48.61275120899593
2000-07-23,48.005023956073934
2000-07-24,43.8789649245534
2000-07-25,37.79694884531285
2000-07-26,32.75749765718837
2000-07-27,28.89141655399658
2000-07-28,28.538818619988323
2000-07-29,73.08312968095096
2000-07-30,175.53701698258945
2000-07-31,243.71326573032698
2000-08-01,235.95424582643125
2000-08-02,214.66199960420673
2000-08-03,207.15907869563839
2000-08-04,185.65945425029176
2000-08-05,164.290556004308
2000-08-06,148.26848809438772
2000-08-07,122.71988553970913
2000-08-08,119.57558331499007
2000-08-09,117.42246322455469
2000-08-10,99.6264545286298
2000-08-11,83.09508501065194
2000-08-12,81.78038216869948
2000-08-13,154.7561899813069
2000-08-14,209.2259485138612
2000-08-15,272.3335233207094
2000-08-16,359.8401440769651
2000-08-17,381.3822818452254
2000-08-18,656.3974872570748
2000-08-19,403.26738178923
2000-08-20,379.8223709874607
2000-08-21,367.1489456031458
2000-08-22,370.23505988838707
2000-08-23,396.00069463958437
2000-08-24,393.5071200465121
2000-08-25,379.67199336024055
2000-08-26,363.6640422905484
2000-08-27,340.9602446515391
2000-08-28,282.692050557035
2000-08-29,275.71399918007387
2000-08-30,262.5000584155015
2000-08-31,226.09996204673942
2000-09-01,198.25883114258775
2000-09-02,190.97442550945829
2000-09-03,174.63471707003325
2000-09-04,165.4366990040492
2000-09-05,150.74749175139718
2000-09-06,144.82940509939613
2000-09-07,142.81505380273146
2000-09-08,140.9278731349057
2000-09-09,134.48383519200902
2000-09-10,134.08276646988693
2000-09-11,157.8435128069382
2000-09-12,168.66277461864917
2000-09-13,163.59326725331013
2000-09-14,155.679095554405
2000-09-15,146.20032115555233
2000-09-16,136.7112939711083
2000-09-17,130.10374161293578
2000-09-18,124.25979810610401
2000-09-19,112.77164317457265
2000-09-20,98.34427680347775
2000-09-21,91.94174056048182
2000-09-22,86.84066460813455
2000-09-23,79.11568266645784
2000-09-24,73.23194070512562
2000-09-25,66.32302785477317
2000-09-26,57.68574011887687
2000-09-27,50.232005425103814
2000-09-28,43.43909011167822
2000-09-29,38.590358494102624
2000-09-30,37.089285936382126
2000-10-01,26.53125
2000-10-02,23.546875
2000-10-03,20.75
2000-10-04,18.125
2000-10-05,15.765625
2000-10-06,13.625
2000-10-07,11.65625
2000-10-08,9.84375
2000-10-09,8.203125
2000-10-10,6.734375
2000-10-11,5.421875
2000-10-12,4.3125
2000-10-13,3.359375
2000-10-14,2.5625
2000-10-15,1.90625
2000-10-16,1.390625
2000-10-17,0.984375
2000-10-18,0.6875
2000-10-19,0.453125
2000-10-20,0.3125
2000-10-21,0.21875
2000-10-22,0.15625
2000-10-23,0.125
2000-10-24,0.09375
2000-10-25,0.078125
2000-10-26,0.06249999999999999
2000-10-27,0.046875
2000-10-28,0.03125
2000-10-29,0.03125
2000-10-30,0.015625
2000-10-31,0.015625
2000-11-01,0.015625
2000-11-02,0.015625
2000-11-03,0.015625
2000-11-04,0.015625
2000-11-05,0.0
2000-11-06,0.0
2000-11-07,0.0
2000-11-08,0.0
2000-11-09,0.0
2000-11-10,0.0
2000-11-11,0.0
2000-11-12,0.0
2000-11-13,0.0
2000-11-14,0.0
2000-11-15,0.0
2000-11-16,0.0
2000-11-17,0.0
2000-11-18,0.0
2000-11-19,0.0
2000-11-20,0.0
2000-11-21,0.0
2000-11-22,0.0
2000-11-23,0.0
2000-11-24,0.0
2000-11-25,0.0
2000-11-26,0.0
2000-11-27,0.0
2000-11-28,0.0
2000-11-29,0.0
2000-11-30,0.0
2000-12-01,0.0
2000-12-02,0.0
2000-12-03,0.0
2000-12-04,0.0
2000-12-05,0.0
2000-12-06,0.0
2000-12-07,0.0
2000-12-08,0.0
2000-12-09,0.0
2000-12-10,0.0
2000-12-11,0.0
2000-12-12,0.0
2000-12-13,0.0
2000-12-14,0.0
2000-12-15,0.0
2000-12-16,0.0
2000-12-17,0.0
2000-12-18,0.0
2000-12-19,0.0
2000-12-20,0.0
2000-12-21,0.0
2000-12-22,0.0
2000-12-23,0.0
2000-12-24,0.0
2000-12-25,0.0
2000-12-26,0.0
2000-12-27,0.0
2000-12-28,0.0
2000-12-29,0.0
2000-12-30,0.0
2000-12-31,0.0
2001-01-01,0.0
2001-01-02,0.0
2001-01-03,0.0
2001-01-04,0.0
2001-01-05,0.0
2001-01-06,0.0
2001-01-07,0.0
2001-01-08,0.0
2001-01-09,0.0
2001-01-10,0.0
2001-01-11,0.0
2001-01-12,0.0
2001-01-13,0.0
2001-01-14,0.0
2001-01-15,0.0
2001-01-16,0.0
2001-01-17,0.0
2001-01-18,0.0
2001-01-19,0.0
2001-01-20,0.0
2001-01-21,0.0
2001-01-22,0.0
2001-01-23,0.0
2001-01-24,0.0
2001-01-25,0.0
2001-01-26,0.0
2001-01-27,0.0
2001-01-28,0.0
2001-01-29,0.0
2001-01-30,0.0
2001-01-31,0.0
2001-02-01,0.0
2001-02-02,0.0
2001-02-03,0.0
2001-02-04,0.0
2001-02-05,0.0
2001-02-06,0.0
2001-02-07,0.0
2001-02-08,0.0
2001-02-09,0.0
2001-02-10,0.0
2001-02-11,0.0
2001-02-12,0.0
2001-02-13,0.0
2001-02-14,0.0
2001-02-15,0.0
2001-02-16,0.0
2001-02-17,0.0
2001-02-18,0.0
2001-02-19,0.0
2001-02-20,0.0
2001-02-21,0.0
2001-02-22,0.0
2001-02-23,0.0
2001-02-24,0.0
2001-02-25,0.0
2001-02-26,0.0
2001-02-27,0.0
2001-02-28,0.0
2001-03-01,0.0
2001-03-02,0.0
2001-03-03,0.0
2001-03-04,0.0
2001-03-05,0.0
2001-03-06,0.0
2001-03-07,0.0
2001-03-08,0.0
2001-03-09,0.0
2001-03-10,0.0
2001-03-11,0.0
2001-03-12,0.0
2001-03-13,0.0
2001-03-14,0.0
2001-03-15,0.0
2001-03-16,0.0
2001-03-17,0.0
2001-03-18,0.0
2001-03-19,0.0
2001-03-20,0.0
2001-03-21,0.0
2001-03-22,0.0
2001-03-23,0.0
2001-03-24,0.0
2001-03-25,0.0
2001-03-26,0.0
2001-03-27,0.0
2001-03-28,0.0
2001-03-29,0.0
2001-03-30,0.0
2001-03-31,0.0
2001-04-01,0.0
2001-04-02,0.0
2001-04-03,0.0
2001-04-04,0.0
2001-04-05,0.0
2001-04-06,0.0
2001-04-07,0.0
2001-04-08,0.0
2001-04-09,0.0
2001-04-10,0.0
2001-04-11,0.0
2001-04-12,0.0
2001-04-13,0.0
2001-04-14,0.0
2001-04-15,0.0
2001-04-16,0.0
2001-04-17,0.0
2001-04-18,0.0
2001-04-19,0.0
2001-04-20,0.0
2001-04-21,0.0
2001-04-22,0.0
2001-04-23,0.0
2001-04-24,0.0
2001-04-25,0.0
2001-04-26,0.0
2001-04-27,0.0
2001-04-28,0.0
2001-04-29,0.0
2001-04-30,0.0
2001-05-01,0.542
2001-05-02,0.542
2001-05-03,0.542
2001-05-04,4.097671232876716
2001-05-05,1.7163045977011493
2001-05-06,2.756247126436782
2001-05-07,10.22852023121387
2001-05-08,2.0866906275919286
2001-05-09,3.3001271772186915
2001-05-10,5.120282001658836
2001-05-11,5.663135194912915
2001-05-12,5.090743333089794
2001-05-13,3.486596570221518
2001-05-14,2.67376549832808
2001-05-15,6.851692974194758
2001-05-16,4.6296742354639715
2001-05-17,4.623480955937264
2001-05-18,2.7547163461538475
2001-05-19,3.1698853060436387
2001-05-20,6.846861471567362
2001-05-21,33.770818754373686
2001-05-22,142.61782027456124
2001-05-23,238.32651714637504
2001-05-24,396.65230412832716
2001-05-25,401.49988039327076
2001-05-26,378.03877109699926
2001-05-27,376.0319780794004
2001-05-28,367.25585526683653
2001-05-29,392.5814753894629
2001-05-30,383.475581172063
2001-05-31,349.87813486116414
2001-06-01,351.57981716834746
2001-06-02,359.9458402711704
2001-06-03,357.80285382613704
2001-06-04,379.6991185340289
2001-06-05,400.4750157258405
2001-06-06,524.87601806256
2001-06-07,701.702063463364
2001-06-08,962.4876302692004
2001-06-09,1328.7298417582447
2001-06-10,1363.1419266375656
2001-06-11,1334.2794430196057
2001-06-12,1276.0800166228216
2001-06-13,981.298651754152
2001-06-14,825.3173262323212
2001-06-15,771.0504855983679
2001-06-16,693.9381423496443
2001-06-17,633.4675532277594
2001-06-18,561.9139328987766
2001-06-19,495.0164472217544
2001-06-20,440.06472752307343
2001-06-21,412.7782478772772
2001-06-22,391.62230782258837
2001-06-23,389.54345517323253
2001-06-24,373.92507229315993
2001-06-25,351.01075777304857
2001-06-26,346.5612335511402
2001-06-27,340.3726869186518
2001-06-28,322.60655517896987
2001-06-29,305.3209368444591
2001-06-30,308.2455901569821
2001-07-01,289.44068846851246
2001-07-02,282.20611133123936
2001-07-03,272.1488484941972
2001-07-04,273.15697695294585
2001-07-05,270.2730560788966
2001-07-06,257.15672510909883
2001-07-07,232.9374107236486
2001-07-08,203.28891249122037
2001-07-09,191.3043977046675
2001-07-10,191.63309923528493
2001-07-11,216.88607057793354
2001-07-12,219.2026865172688
2001-07-13,231.31822075236295
2001-07-14,226.56182961324106
2001-07-15,216.29094749501274
2001-07-16,214.275617370462
2001-07-17,196.97252508807287
2001-07-18,175.15878420471307
2001-07-19,149.84449046543352
2001-07-20,129.92051370215788
2001-07-21,121.05069696519894
2001-07-22,99.10505734218026
2001-07-23,95.1149137390011
2001-07-24,115.03574828832095
2001-07-25,118.59335364992559
2001-07-26,98.79485043033898
2001-07-27,91.5949561518969
2001-07-28,79.66675654824907
2001-07-29,78.62080358562419
2001-07-30,73.26046185382836
2001-07-31,65.56959065804867
2001-08-01,60.887972505894695
2001-08-02,36.26451815032923
2001-08-03,31.661632562713596
2001-08-04,28.284349046309067
2001-08-05,25.406630259349036
2001-08-06,23.18305034076726
2001-08-07,21.071758055241542
2001-08-08,24.48023171724629
2001-08-09,28.042704953982515
2001-08-10,29.478320760480685
2001-08-11,31.670344910127895
2001-08-12,45.92989143670733
2001-08-13,46.61673685766887
2001-08-14,29.980896693487455
2001-08-15,27.69699595265004
2001-08-16,26.208104475169314
2001-08-17,25.216671571304477
2001-08-18,24.3973462576318
2001-08-19,24.619153450250874
2001-08-20,25.11602383743444
2001-08-21,25.612583803786592
2001-08-22,26.862697901763056
2001-08-23,31.726303308848248
2001-08-24,37.65924610860053
2001-08-25,38.92065078484798
2001-08-26,38.60561991267908
2001-08-27,37.32304162286381
2001-08-28,41.40085222378285
2001-08-29,63.870347207113646
2001-08-30,63.93899405088745
2001-08-31,58.25181286213134
2001-09-01,44.75501920906294
2001-09-02,43.64953848775103
2001-09-03,44.35064716795381
2001-09-04,44.90471204188481
2001-09-05,43.75600707757163
2001-09-06,48.591385323886385
2001-09-07,81.47454745702842
2001-09-08,97.5818372158707
2001-09-09,98.39474014420526
2001-09-10,99.22894244030395
2001-09-11,96.65220141296624
2001-09-12,90.39809336731616
2001-09-13,87.29714736210421
2001-09-14,98.23730540730682
2001-09-15,101.08216210808581
2001-09-16,96.65496831443465
2001-09-17,103.29185044818975
2001-09-18,101.24779603688579
2001-09-19,93.93763831478135
2001-09-20,85.8992535422764
2001-09-21,81.71241018698753
2001-09-22,84.54832508911294
2001-09-23,81.61179498140656
2001-09-24,73.41602612229606
2001-09-25,60.50375682338931
2001-09-26,53.730764773370325
2001-09-27,47.133487613461575
2001-09-28,39.1698853628464
2001-09-29,39.64722666802266
2001-09-30,35.07159725645103
2001-10-01,26.9765625
2001-10-02,23.9140625
2001-10-03,21.046875
2001-10-04,18.453125
2001-10-05,16.015625
2001-10-06,13.75
2001-10-07,11.765625
2001-10-08,10.0078125
2001-10-09,8.4765625
2001-10-10,7.1171875
2001-10-11,5.9765625
2001-10-12,5.0625
2001-10-13,4.296875
2001-10-14,3.640625
2001-10-15,3.09375
2001-10-16,2.625
2001-10-17,2.21875
2001-10-18,1.875
2001-10-19,1.5625
2001-10-20,1.3046875
2001-10-21,1.0859375
2001-10-22,0.890625
2001-10-23,0.7265625
2001-10-24,0.578125
2001-10-25,0.453125
2001-10-26,0.3359375
2001-10-27,0.2421875
2001-10-28,0.171875
2001-10-29,0.11718750000000001
2001-10-30,0.078125
2001-10-31,0.05468749999999999
2001-11-01,0.0390625
2001-11-02,0.03125
2001-11-03,0.0234375
2001-11-04,0.015625
2001-11-05,0.007812500000000002
2001-11-06,0.007812500000000002
2001-11-07,0.007812500000000002
2001-11-08,0.0
2001-11-09,0.0
2001-11-10,0.0
2001-11-11,0.0
2001-11-12,0.0
2001-11-13,0.0
2001-11-14,0.0
2001-11-15,0.0
2001-11-16,0.0
2001-11-17,0.0
2001-11-18,0.0
2001-11-19,0.0
2001-11-20,0.0
2001-11-21,0.0
2001-11-22,0.0
2001-11-23,0.0
2001-11-24,0.0
2001-11-25,0.0
2001-11-26,0.0
2001-11-27,0.0
2001-11-28,0.0
2001-11-29,0.0
2001-11-30,0.0
2001-12-01,0.0
2001-12-02,0.0
2001-12-03,0.0
2001-12-04,0.0
2001-12-05,0.0
2001-12-06,0.0
2001-12-07,0.0
2001-12-08,0.0
2001-12-09,0.0
2001-12-10,0.0
2001-12-11,0.0
2001-12-12,0.0
2001-12-13,0.0
2001-12-14,0.0
2001-12-15,0.0
2001-12-16,0.0
2001-12-17,0.0
2001-12-18,0.0
2001-12-19,0.0
2001-12-20,0.0
2001-12-21,0.0
2001-12-22,0.0
2001-12-23,0.0
2001-12-24,0.0
2001-12-25,0.0
2001-12-26,0.0
2001-12-27,0.0
2001-12-28,0.0
2001-12-29,0.0
2001-12-30,0.0
2001-12-31,0.0
2002-01-01,0.0
2002-01-02,0.0
2002-01-03,0.0
2002-01-04,0.0
2002-01-05,0.0
2002-01-06,0.0
2002-01-07,0.0
2002-01-08,0.0
2002-01-09,0.0
2002-01-10,0.0
2002-01-11,0.0
2002-01-12,0.0
2002-01-13,0.0
2002-01-14,0.0
2002-01-15,0.0
2002-01-16,0.0
2002-01-17,0.0
2002-01-18,0.0
2002-01-19,0.0
2002-01-20,0.0
2002-01-21,0.0
2002-01-22,0.0
2002-01-23,0.0
2002-01-24,0.0
2002-01-25,0.0
2002-01-26,0.0
2002-01-27,0.0
2002-01-28,0.0
2002-01-29,0.0
2002-01-30,0.0
2002-01-31,0.0
2002-02-01,0.0
2002-02-02,0.0
2002-02-03,0.0
2002-02-04,0.0
2002-02-05,0.0
2002-02-06,0.0
2002-02-07,0.0
2002-02-08,0.0
2002-02-09,0.0
2002-02-10,0.0
2002-02-11,0.0
2002-02-12,0.0
2002-02-13,0.0
2002-02-14,0.0
2002-02-15,0.0
2002-02-16,0.0
2002-02-17,0.0
2002-02-18,0.0
2002-02-19,0.0
2002-02-20,0.0
2002-02-21,0.0
2002-02-22,0.0
2002-02-23,0.0
2002-02-24,0.0
2002-02-25,0.0
2002-02-26,0.0
2002-02-27,0.0
2002-02-28,0.0
2002-03-01,0.0
2002-03-02,0.0
2002-03-03,0.0
2002-03-04,0.0
2002-03-05,0.0
2002-03-06,0.0
2002-03-07,0.0
2002-03-08,0.0
2002-03-09,0.0
2002-03-10,0.0
2002-03-11,0.0
2002-03-12,0.0
2002-03-13,0.0
2002-03-14,0.0
2002-03-15,0.0
2002-03-16,0.0
2002-03-17,0.0
2002-03-18,0.0
2002-03-19,0.0
2002-03-20,0.0
2002-03-21,0.0
2002-03-22,0.0
2002-03-23,0.0
2002-03-24,0.0
2002-03-25,0.0
2002-03-26,0.0
2002-03-27,0.0
2002-03-28,0.0
2002-03-29,0.0
2002-03-30,0.0
2002-03-31,0.0
2002-04-01,0.0
2002-04-02,0.0
2002-04-03,0.0
2002-04-04,0.0
2002-04-05,0.0
2002-04-06,0.0
2002-04-07,0.0
2002-04-08,0.0
2002-04-09,0.0
2002-04-10,0.0
2002-04-11,0.0
2002-04-12,0.0
2002-04-13,0.0
2002-04-14,0.0
2002-04-15,0.0
2002-04-16,0.0
2002-04-17,0.0
2002-04-18,0.0
2002-04-19,0.0
2002-04-20,0.0
2002-04-21,0.0
2002-04-22,0.0
2002-04-23,0.0
2002-04-24,0.0
2002-04-25,0.0
2002-04-26,0.0
2002-04-27,0.0
2002-04-28,0.0
2002-04-29,0.0
2002-04-30,0.0
2002-05-01,0.5419999999999999
2002-05-02,0.542
2002-05-03,0.542
2002-05-04,0.542
2002-05-05,0.542
2002-05-06,0.5420000000000001
2002-05-07,0.5420000000000001
2002-05-08,2.236275862068966
2002-05-09,2.9036647398843924
2002-05-10,6.362624277456645
2002-05-11,9.211179190751443
2002-05-12,6.325652751423151
2002-05-13,5.448138519924099
2002-05-14,4.915910614525141
2002-05-15,1.3639645884347325
2002-05-16,1.959008793804961
2002-05-17,3.0689813293502604
2002-05-18,1.8125288461538467
2002-05-19,1.5808285383278626
2002-05-20,1.5771524879614764
2002-05-21,1.9523607778869203
2002-05-22,4.357964666734862
2002-05-23,5.142845118037392
2002-05-24,7.165981980275139
2002-05-25,12.577286420161279
2002-05-26,16.625410065694552
2002-05-27,28.370484726910142
2002-05-28,115.20205649535377
2002-05-29,221.67056582570783
2002-05-30,259.3280119168523
2002-05-31,300.9151616416424
2002-06-01,320.25504231257753
2002-06-02,340.2441573501427
2002-06-03,344.3015186515418
2002-06-04,367.73849147538766
2002-06-05,351.2299427430819
2002-06-06,403.9448527197762
2002-06-07,399.7847049723052
2002-06-08,360.69591323159335
2002-06-09,389.57213348054796
2002-06-10,409.1664935457299
2002-06-11,455.8016228428204
2002-06-12,544.2959712106849
2002-06-13,642.9243975682846
2002-06-14,709.4789164802252
2002-06-15,796.3942559789629
2002-06-16,918.6168584856633
2002-06-17,916.5301060576379
2002-06-18,940.1118138268336
2002-06-19,1333.2503206541437
2002-06-20,1489.8442478875
2002-06-21,1516.7498106613627
2002-06-22,1464.5148360682117
2002-06-23,1378.159523204906
2002-06-24,1279.794384053928
2002-06-25,880.5557891345561
2002-06-26,796.2237488951708
2002-06-27,659.0274590974185
2002-06-28,616.8428836796596
2002-06-29,588.4118986439832
2002-06-30,568.3073797892007
2002-07-01,520.1502558610672
2002-07-02,465.91868723714714
2002-07-03,434.97011693122704
2002-07-04,434.4717408158912
2002-07-05,524.0632242735679
2002-07-06,565.8542410250413
2002-07-07,543.7946489668559
2002-07-08,504.3111723888351
2002-07-09,477.59236817655614
2002-07-10,467.7306006067346
2002-07-11,445.0368077039304
2002-07-12,487.85464484074936
2002-07-13,517.8270567962014
2002-07-14,523.1524379256415
2002-07-15,510.6172477033714
2002-07-16,488.9663048195412
2002-07-17,386.79996885265155
2002-07-18,360.9076244404948
2002-07-19,525.5862944559279
2002-07-20,798.5375548430166
2002-07-21,880.5499339515092
2002-07-22,877.0478696266487
2002-07-23,864.9301133790796
2002-07-24,823.967599834632
2002-07-25,765.1226271636568
2002-07-26,706.9917035662759
2002-07-27,532.1199175635928
2002-07-28,492.35177529225854
2002-07-29,369.2454634066868
2002-07-30,372.0571933796638
2002-07-31,387.41141829481535
2002-08-01,385.5898609090167
2002-08-02,372.64825341571174
2002-08-03,350.8598685896094
2002-08-04,259.82024193503236
2002-08-05,229.4626574193865
2002-08-06,199.19411982761034
2002-08-07,168.9909305011927
2002-08-08,151.81682665305613
2002-08-09,134.0771097753832
2002-08-10,130.0353274496038
2002-08-11,133.278642994729
2002-08-12,123.65424426095103
2002-08-13,122.76023524319683
2002-08-14,128.30081228849565
2002-08-15,141.57490240555202
2002-08-16,125.54493016115492
2002-08-17,108.56578280869705
2002-08-18,110.20110864256364
2002-08-19,109.18687857168753
2002-08-20,87.08207049943329
2002-08-21,44.28960597412094
2002-08-22,40.39368528703935
2002-08-23,37.40272536147497
2002-08-24,33.2698407415846
2002-08-25,34.30522574030056
2002-08-26,41.8966612913842
2002-08-27,44.84592867242644
2002-08-28,43.3263903205366
2002-08-29,40.93263997984179
2002-08-30,45.58573072116688
2002-08-31,57.546468532491225
2002-09-01,56.99760803086513
2002-09-02,56.80683000441674
2002-09-03,89.27160692146325
2002-09-04,113.27363245657465
2002-09-05,132.86015182358
2002-09-06,142.15181205699622
2002-09-07,139.0756885824088
2002-09-08,130.6367367896829
2002-09-09,116.19910165625481
2002-09-10,107.43315752690401
2002-09-11,102.14221601631334
2002-09-12,96.60282827863908
2002-09-13,87.5114236910538
2002-09-14,86.20259744256857
2002-09-15,84.19844995533259
2002-09-16,78.88618492901348
2002-09-17,68.7633445042686
2002-09-18,48.96417309104598
2002-09-19,43.7553053728688
2002-09-20,40.492958356549934
2002-09-21,40.02533640691577
2002-09-22,51.0607983451345
2002-09-23,75.90898333841187
2002-09-24,94.91156194937045
2002-09-25,110.616984898418
2002-09-26,103.87971851359089
2002-09-27,94.18421810959507
2002-09-28,99.80531147953542
2002-09-29,98.09403902270344
2002-09-30,89.72444078797713
2002-10-01,57.53125
2002-10-02,52.1328125
2002-10-03,47.1328125
2002-10-04,42.453125
2002-10-05,38.1796875
2002-10-06,34.2578125
2002-10-07,30.671875
2002-10-08,27.4453125
2002-10-09,24.3515625
2002-10-10,21.421875
2002-10-11,18.7421875
2002-10-12,16.234375
2002-10-13,13.9609375
2002-10-14,11.953125
2002-10-15,10.1171875
2002-10-16,8.40625
2002-10-17,6.8515625
2002-10-18,5.5078125
2002-10-19,4.3828125
2002-10-20,3.484375
2002-10-21,2.7734375
2002-10-22,2.2109375
2002-10-23,1.75
2002-10-24,1.3671875
2002-10-25,1.0546875
2002-10-26,0.8125
2002-10-27,0.625
2002-10-28,0.484375
2002-10-29,0.375
2002-10-30,0.2890625
2002-10-31,0.21875
2002-11-01,0.171875
2002-11-02,0.1328125
2002-11-03,0.109375
2002-11-04,0.0859375
2002-11-05,0.0703125
2002-11-06,0.046875
2002-11-07,0.03125
2002-11-08,0.0234375
2002-11-09,0.015625
2002-11-10,0.015625
2002-11-11,0.007812500000000002
2002-11-12,0.007812500000000002
2002-11-13,0.007812500000000002
2002-11-14,0.007812500000000002
2002-11-15,0.007812500000000002
2002-11-16,0.007812500000000002
2002-11-17,0.0
2002-11-18,0.0
2002-11-19,0.0
2002-11-20,0.0
2002-11-21,0.0
2002-11-22,0.0
2002-11-23,0.0
2002-11-24,0.0
2002-11-25,0.0
2002-11-26,0.0
2002-11-27,0.0
2002-11-28,0.0
2002-11-29,0.0
2002-11-30,0.0
2002-12-01,0.0
2002-12-02,0.0
2002-12-03,0.0
2002-12-04,0.0
2002-12-05,0.0
2002-12-06,0.0
2002-12-07,0.0
2002-12-08,0.0
2002-12-09,0.0
2002-12-10,0.0
2002-12-11,0.0
2002-12-12,0.0
2002-12-13,0.0
2002-12-14,0.0
2002-12-15,0.0
2002-12-16,0.0
2002-12-17,0.0
2002-12-18,0.0
2002-12-19,0.0
2002-12-20,0.0
2002-12-21,0.0
2002-12-22,0.0
2002-12-23,0.0
2002-12-24,0.0
2002-12-25,0.0
2002-12-26,0.0
2002-12-27,0.0
2002-12-28,0.0
2002-12-29,0.0
2002-12-30,0.0
2002-12-31,0.0
2003-01-01,0.0
2003-01-02,0.0
2003-01-03,0.0
2003-01-04,0.0
2003-01-05,0.0
2003-01-06,0.0
2003-01-07,0.0
2003-01-08,0.0
2003-01-09,0.0
2003-01-10,0.0
2003-01-11,0.0
2003-01-12,0.0
2003-01-13,0.0
2003-01-14,0.0
2003-01-15,0.0
2003-01-16,0.0
2003-01-17,0.0
2003-01-18,0.0
2003-01-19,0.0
2003-01-20,0.0
2003-01-21,0.0
2003-01-22,0.0
2003-01-23,0.0
2003-01-24,0.0
2003-01-25,0.0
2003-01-26,0.0
2003-01-27,0.0
2003-01-28,0.0
2003-01-29,0.0
2003-01-30,0.0
2003-01-31,0.0
2003-02-01,0.0
2003-02-02,0.0
2003-02-03,0.0
2003-02-04,0.0
2003-02-05,0.0
2003-02-06,0.0
2003-02-07,0.0
2003-02-08,0.0
2003-02-09,0.0
2003-02-10,0.0
2003-02-11,0.0
2003-02-12,0.0
2003-02-13,0.0
2003-02-14,0.0
2003-02-15,0.0
2003-02-16,0.0
2003-02-17,0.0
2003-02-18,0.0
2003-02-19,0.0
2003-02-20,0.0
2003-02-21,0.0
2003-02-22,0.0
2003-02-23,0.0
2003-02-24,0.0
2003-02-25,0.0
2003-02-26,0.0
2003-02-27,0.0
2003-02-28,0.0
2003-03-01,0.0
2003-03-02,0.0
2003-03-03,0.0
2003-03-04,0.0
2003-03-05,0.0
2003-03-06,0.0
2003-03-07,0.0
2003-03-08,0.0
2003-03-09,0.0
2003-03-10,0.0
2003-03-11,0.0
2003-03-12,0.0
2003-03-13,0.0
2003-03-14,0.0
2003-03-15,0.0
2003-03-16,0.0
2003-03-17,0.0
2003-03-18,0.0
2003-03-19,0.0
2003-03-20,0.0
2003-03-21,0.0
2003-03-22,0.0
2003-03-23,0.0
2003-03-24,0.0
2003-03-25,0.0
2003-03-26,0.0
2003-03-27,0.0
2003-03-28,0.0
2003-03-29,0.0
2003-03-30,0.0
2003-03-31,0.0
2003-04-01,0.0
2003-04-02,0.0
2003-04-03,0.0
2003-04-04,0.0
2003-04-05,0.0
2003-04-06,0.0
2003-04-07,0.0
2003-04-08,0.0
2003-04-09,0.0
2003-04-10,0.0
2003-04-11,0.0
2003-04-12,0.0
2003-04-13,0.0
2003-04-14,0.0
2003-04-15,0.0
2003-04-16,0.0
2003-04-17,0.0
2003-04-18,0.0
2003-04-19,0.0
2003-04-20,0.0
2003-04-21,0.0
2003-04-22,0.0
2003-04-23,0.0
2003-04-24,0.0
2003-04-25,0.0
2003-04-26,0.0
2003-04-27,0.0
2003-04-28,0.0
2003-04-29,0.0
2003-04-30,0.0
2003-05-01,0.5419999999999998
2003-05-02,4.097671232876717
2003-05-03,6.769560693641618
2003-05-04,3.3639922587779947
2003-05-05,10.069825822504844
2003-05-06,2.6913679762721894
2003-05-07,2.6852307353228255
2003-05-08,2.4949762658925327
2003-05-09,11.810149294995858
2003-05-10,10.628645286148748
2003-05-11,9.495040088471114
2003-05-12,8.105403229341713
2003-05-13,5.442604241363018
2003-05-14,4.165194207221727
2003-05-15,4.071717340414382
2003-05-16,3.029503446933446
2003-05-17,3.25176477161614
2003-05-18,3.680798076923078
2003-05-19,2.6051334234408183
2003-05-20,2.101485738980121
2003-05-21,2.147652943541616
2003-05-22,5.480029527362688
2003-05-23,3.99750271592766
2003-05-24,3.890837759995494
2003-05-25,3.765274739617322
2003-05-26,4.04145188384929
2003-05-27,2.83757594511483
2003-05-28,3.250500604066781
2003-05-29,4.671195453715537
2003-05-30,7.07363051388217
2003-05-31,28.9336923799226
2003-06-01,85.41797356174403
2003-06-02,138.35107747562859
2003-06-03,160.75877489650227
2003-06-04,196.01726698531922
2003-06-05,220.67666428545033
2003-06-06,268.0616944917602
2003-06-07,291.47544634343836
2003-06-08,348.9315922441885
2003-06-09,497.69043340813647
2003-06-10,650.4365863847759
2003-06-11,742.6105536314388
2003-06-12,835.4420004655198
2003-06-13,970.2375770635454
2003-06-14,978.6281141381382
2003-06-15,968.1744232485837
2003-06-16,949.3617680913995
2003-06-17,823.5299343830569
2003-06-18,772.0693205572784
2003-06-19,690.7659057070541
2003-06-20,626.3900911855986
2003-06-21,582.6364816134677
2003-06-22,543.4437812829889
2003-06-23,488.3743448653174
2003-06-24,442.1748924304481
2003-06-25,470.15044374397445
2003-06-26,481.05220461736405
2003-06-27,429.4920681878728
2003-06-28,398.15317171454274
2003-06-29,385.3301041488283
2003-06-30,362.2851892307253
2003-07-01,346.2842236445983
2003-07-02,324.0541159632676
2003-07-03,293.6664004347132
2003-07-04,272.4691813527121
2003-07-05,258.26952040956553
2003-07-06,217.23345282944658
2003-07-07,188.2594558801659
2003-07-08,169.1387956481839
2003-07-09,161.6707039348356
2003-07-10,156.62365564692448
2003-07-11,135.33846296302968
2003-07-12,131.3798435611983
2003-07-13,129.07903045620375
2003-07-14,136.02650807242998
2003-07-15,178.94903590783403
2003-07-16,195.47537486341824
2003-07-17,175.2391754770195
2003-07-18,150.75922686442223
2003-07-19,125.98373513925068
2003-07-20,102.81306861753352
2003-07-21,84.51843650670247
2003-07-22,79.14924415282887
2003-07-23,73.9892825003841
2003-07-24,50.921784848498184
2003-07-25,46.07006356022309
2003-07-26,39.37232688491846
2003-07-27,40.028342081296664
2003-07-28,43.48592772997383
2003-07-29,72.58381358691126
2003-07-30,72.66639907468908
2003-07-31,70.02300041587152
2003-08-01,62.99831967389985
2003-08-02,35.77131162196473
2003-08-03,30.535575220371545
2003-08-04,27.272270267974413
2003-08-05,25.327878470565935
2003-08-06,27.671902301404224
2003-08-07,29.006317589863883
2003-08-08,28.20525207215498
2003-08-09,29.181089316401945
2003-08-10,47.018260686825876
2003-08-11,31.044760656056347
2003-08-12,29.814140359247414
2003-08-13,27.505624385609394
2003-08-14,24.634796588600306
2003-08-15,22.762770434897476
2003-08-16,21.446589239513596
2003-08-17,20.805738850673585
2003-08-18,19.77128807225884
2003-08-19,19.35760656491504
2003-08-20,22.035173439006957
2003-08-21,27.271145906368698
2003-08-22,105.24674751470508
2003-08-23,197.59121637979896
2003-08-24,266.12148052897544
2003-08-25,269.4167895921209
2003-08-26,264.36880101647927
2003-08-27,221.49482763132713
2003-08-28,201.09592368888332
2003-08-29,194.98492829899422
2003-08-30,190.59866489639833
2003-08-31,182.29836577581904
2003-09-01,173.61659437179637
2003-09-02,158.8957584838017
2003-09-03,159.13103014926435
2003-09-04,157.44506687528192
2003-09-05,155.95440770277358
2003-09-06,149.05684065887814
2003-09-07,140.66463909197014
2003-09-08,128.9882272404584
2003-09-09,114.52688506079745
2003-09-10,107.13729040932003
2003-09-11,101.67820528308805
2003-09-12,95.5730326657417
2003-09-13,86.46575520577981
2003-09-14,81.42987212842966
2003-09-15,63.49143057122907
2003-09-16,56.642449697981014
2003-09-17,47.78130556822318
2003-09-18,43.185227864030736
2003-09-19,35.68875282509679
2003-09-20,33.80649757271401
2003-09-21,34.32224593498681
2003-09-22,48.51275161952001
2003-09-23,86.8393723208184
2003-09-24,121.38973527621401
2003-09-25,133.3212573342831
2003-09-26,130.60636291163848
2003-09-27,123.795615784815
2003-09-28,124.81197146010972
2003-09-29,123.98897086671703
2003-09-30,116.98003841352642
2003-10-01,76.0
2003-10-02,69.40625
2003-10-03,63.0625
2003-10-04,57.3203125
2003-10-05,51.96875
2003-10-06,46.953125
2003-10-07,42.40625
2003-10-08,38.09375
2003-10-09,34.171875
2003-10-10,30.6484375
2003-10-11,27.3515625
2003-10-12,24.2890625
2003-10-13,21.4296875
2003-10-14,18.765625
2003-10-15,16.3125
2003-10-16,14.03125
2003-10-17,11.921875
2003-10-18,10.0078125
2003-10-19,8.2890625
2003-10-20,6.7421875
2003-10-21,5.34375
2003-10-22,4.1015625
2003-10-23,3.046875
2003-10-24,2.203125
2003-10-25,1.5625
2003-10-26,1.09375
2003-10-27,0.78125
2003-10-28,0.5625
2003-10-29,0.421875
2003-10-30,0.3125
2003-10-31,0.25
2003-11-01,0.1875
2003-11-02,0.15625
2003-11-03,0.125
2003-11-04,0.09375
2003-11-05,0.078125
2003-11-06,0.06249999999999999
2003-11-07,0.046875
2003-11-08,0.0390625
2003-11-09,0.03125
2003-11-10,0.0234375
2003-11-11,0.015625
2003-11-12,0.015625
2003-11-13,0.015625
2003-11-14,0.015625
2003-11-15,0.015625
2003-11-16,0.0
2003-11-17,0.0
2003-11-18,0.0
2003-11-19,0.0
2003-11-20,0.0
2003-11-21,0.0
2003-11-22,0.0
2003-11-23,0.0
2003-11-24,0.0
2003-11-25,0.0
2003-11-26,0.0
2003-11-27,0.0
2003-11-28,0.0
2003-11-29,0.0
2003-11-30,0.0
2003-12-01,0.0
2003-12-02,0.0
2003-12-03,0.0
2003-12-04,0.0
2003-12-05,0.0
2003-12-06,0.0
2003-12-07,0.0
2003-12-08,0.0
2003-12-09,0.0
2003-12-10,0.0
2003-12-11,0.0
2003-12-12,0.0
2003-12-13,0.0
2003-12-14,0.0
2003-12-15,0.0
2003-12-16,0.0
2003-12-17,0.0
2003-12-18,0.0
2003-12-19,0.0
2003-12-20,0.0
2003-12-21,0.0
2003-12-22,0.0
2003-12-23,0.0
2003-12-24,0.0
2003-12-25,0.0
2003-12-26,0.0
2003-12-27,0.0
2003-12-28,0.0
2003-12-29,0.0
2003-12-30,0.0
2003-12-31,0.0
2004-01-01,0.0
2004-01-02,0.0
2004-01-03,0.0
2004-01-04,0.0
2004-01-05,0.0
2004-01-06,0.0
2004-01-07,0.0
2004-01-08,0.0
2004-01-09,0.0
2004-01-10,0.0
2004-01-11,0.0
2004-01-12,0.0
2004-01-13,0.0
2004-01-14,0.0
2004-01-15,0.0
2004-01-16,0.0
2004-01-17,0.0
2004-01-18,0.0
2004-01-19,0.0
2004-01-20,0.0
2004-01-21,0.0
2004-01-22,0.0
2004-01-23,0.0
2004-01-24,0.0
2004-01-25,0.0
2004-01-26,0.0
2004-01-27,0.0
2004-01-28,0.0
2004-01-29,0.0
2004-01-30,0.0
2004-01-31,0.0
2004-02-01,0.0
2004-02-02,0.0
2004-02-03,0.0
2004-02-04,0.0
2004-02-05,0.0
2004-02-06,0.0
2004-02-07,0.0
2004-02-08,0.0
2004-02-09,0.0
2004-02-10,0.0
2004-02-11,0.0
2004-02-12,0.0
2004-02-13,0.0
2004-02-14,0.0
2004-02-15,0.0
2004-02-16,0.0
2004-02-17,0.0
2004-02-18,0.0
2004-02-19,0.0
2004-02-20,0.0
2004-02-21,0.0
2004-02-22,0.0
2004-02-23,0.0
2004-02-24,0.0
2004-02-25,0.0
2004-02-26,0.0
2004-02-27,0.0
2004-02-28,0.0
2004-02-29,0.0
2004-03-01,0.0
2004-03-02,0.0
2004-03-03,0.0
2004-03-04,0.0
2004-03-05,0.0
2004-03-06,0.0
2004-03-07,0.0
2004-03-08,0.0
2004-03-09,0.0
2004-03-10,0.0
2004-03-11,0.0
2004-03-12,0.0
2004-03-13,0.0
2004-03-14,0.0
2004-03-15,0.0
2004-03-16,0.0
2004-03-17,0.0
2004-03-18,0.0
2004-03-19,0.0
2004-03-20,0.0
2004-03-21,0.0
2004-03-22,0.0
2004-03-23,0.0
2004-03-24,0.0
2004-03-25,0.0
2004-03-26,0.0
2004-03-27,0.0
2004-03-28,0.0
2004-03-29,0.0
2004-03-30,0.0
2004-03-31,0.0
2004-04-01,0.0
2004-04-02,0.0
2004-04-03,0.0
2004-04-04,0.0
2004-04-05,0.0
2004-04-06,0.0
2004-04-07,0.0
2004-04-08,0.0
2004-04-09,0.0
2004-04-10,0.0
2004-04-11,0.0
2004-04-12,0.0
2004-04-13,0.0
2004-04-14,0.0
2004-04-15,0.0
2004-04-16,0.0
2004-04-17,0.0
2004-04-18,0.0
2004-04-19,0.0
2004-04-20,0.0
2004-04-21,0.0
2004-04-22,0.0
2004-04-23,0.0
2004-04-24,0.0
2004-04-25,0.0
2004-04-26,0.0
2004-04-27,0.0
2004-04-28,0.0
2004-04-29,0.0
2004-04-30,0.0
2004-05-01,0.542
2004-05-02,0.542
2004-05-03,0.542
2004-05-04,0.542
2004-05-05,0.542
2004-05-06,2.236275862068966
2004-05-07,3.5140693641618483
2004-05-08,12.46667052023121
2004-05-09,19.181121387283227
2004-05-10,18.774184971098258
2004-05-11,12.02949525616698
2004-05-12,10.420719165085387
2004-05-13,8.79118994413408
2004-05-14,1.6833561876059508
2004-05-15,1.3115747473421704
2004-05-16,1.3715392083644506
2004-05-17,2.9143679775280913
2004-05-18,1.2741643121060635
2004-05-19,0.9667757240576337
2004-05-20,1.5765418178252784
2004-05-21,3.3227115296370924
2004-05-22,4.3783716301956375
2004-05-23,7.889428673676678
2004-05-24,13.25905200124906
2004-05-25,16.880904455743718
2004-05-26,23.82474686754457
2004-05-27,39.20652435908965
2004-05-28,75.64811457900196
2004-05-29,170.5977724807778
2004-05-30,182.01796104923466
2004-05-31,208.23566279715027
2004-06-01,285.5398281398668
2004-06-02,364.03423929133487
2004-06-03,436.4128500440484
2004-06-04,549.886358374946
2004-06-05,605.6784119081043
2004-06-06,655.1029658855927
2004-06-07,726.2925186514926
2004-06-08,818.8388555808828
2004-06-09,993.0379035933266
2004-06-10,1009.6884556373058
2004-06-11,981.5745908869645
2004-06-12,838.9880658576969
2004-06-13,791.8576372212092
2004-06-14,727.3510157631932
2004-06-15,699.2764995475873
2004-06-16,656.3256917439115
2004-06-17,595.12330212029
2004-06-18,560.4418171837997
2004-06-19,522.0046754247667
2004-06-20,486.9118306592164
2004-06-21,449.9221726761077
2004-06-22,402.4217481063425
2004-06-23,368.79294968183274
2004-06-24,321.65368622716943
2004-06-25,305.1916576596012
2004-06-26,301.2412213364193
2004-06-27,323.3411031351298
2004-06-28,326.1894640476683
2004-06-29,341.2362347705702
2004-06-30,349.72356088034803
2004-07-01,341.8319623157044
2004-07-02,321.7071818359682
2004-07-03,301.2451816039358
2004-07-04,287.7563706161382
2004-07-05,262.02789547419036
2004-07-06,245.42142136865903
2004-07-07,239.9229245422418
2004-07-08,232.8889604394142
2004-07-09,204.22851769393793
2004-07-10,178.5054091823008
2004-07-11,147.79191579679352
2004-07-12,144.10920059058165
2004-07-13,153.03240470646222
2004-07-14,154.7813149530057
2004-07-15,153.94651791074642
2004-07-16,170.03260998463352
2004-07-17,172.0313794357527
2004-07-18,166.69522627856105
2004-07-19,146.80545472877597
2004-07-20,125.67181117457574
2004-07-21,120.54271501821574
2004-07-22,116.9915979099683
2004-07-23,115.63045977816999
2004-07-24,128.54586429615145
2004-07-25,131.12353471725538
2004-07-26,127.27523478935542
2004-07-27,124.87435983322607
2004-07-28,119.39159625077598
2004-07-29,112.54411456894766
2004-07-30,91.96722991135465
2004-07-31,68.42373975542488
2004-08-01,61.765639688864496
2004-08-02,54.54607193322063
2004-08-03,31.22687438331906
2004-08-04,50.51441612496684
2004-08-05,125.4210289316069
2004-08-06,164.4874441253445
2004-08-07,181.0564931568994
2004-08-08,205.19111384941738
2004-08-09,200.82523459406272
2004-08-10,179.62288137580484
2004-08-11,168.20740390936786
2004-08-12,155.47566758057064
2004-08-13,128.2055822239449
2004-08-14,107.20823914007825
2004-08-15,86.75836420997769
2004-08-16,124.27895253184073
2004-08-17,165.80139514451335
2004-08-18,185.99870515059905
2004-08-19,199.79271995022017
2004-08-20,242.195280501586
2004-08-21,353.68440379351557
2004-08-22,360.5095660985833
2004-08-23,360.78781355768706
2004-08-24,341.53670826346706
2004-08-25,274.48096668206784
2004-08-26,229.78992855647434
2004-08-27,200.21248526115144
2004-08-28,187.94312530381788
2004-08-29,182.00600779774157
2004-08-30,170.91252197611092
2004-08-31,156.19413561150807
2004-09-01,146.74651309508155
2004-09-02,175.21984421520523
2004-09-03,198.4825145958727
2004-09-04,205.22218173425622
2004-09-05,214.2574625902593
2004-09-06,220.145582204338
2004-09-07,228.4020841684
2004-09-08,230.36982092129688
2004-09-09,253.79548154954506
2004-09-10,258.6051641778535
2004-09-11,255.95400737441915
2004-09-12,224.1303618467394
2004-09-13,212.44581032357786
2004-09-14,207.88442121671943
2004-09-15,208.89340674059721
2004-09-16,217.7210600939293
2004-09-17,218.36176617750553
2004-09-18,211.0926325665079
2004-09-19,204.1087004861248
2004-09-20,197.44582195640052
2004-09-21,202.35869409021728
2004-09-22,209.2102876883887
2004-09-23,214.06812287353563
2004-09-24,199.79522449411726
2004-09-25,190.46637818868487
2004-09-26,179.11774111880115
2004-09-27,166.77194214273484
2004-09-28,150.44413735039515
2004-09-29,141.46929914433096
2004-09-30,130.9481575061268
2004-10-01,98.6953125
2004-10-02,93.8984375
2004-10-03,86.1328125
2004-10-04,78.3359375
2004-10-05,71.2265625
2004-10-06,64.875
2004-10-07,59.0390625
2004-10-08,53.5
2004-10-09,48.25
2004-10-10,43.4765625
2004-10-11,39.21875
2004-10-12,35.3203125
2004-10-13,31.671875
2004-10-14,28.203125
2004-10-15,25.0078125
2004-10-16,22.0546875
2004-10-17,19.34375
2004-10-18,16.8046875
2004-10-19,14.4453125
2004-10-20,12.3359375
2004-10-21,10.484375
2004-10-22,8.7890625
2004-10-23,7.1796875
2004-10-24,5.7578125
2004-10-25,4.5390625
2004-10-26,3.515625
2004-10-27,2.6796875
2004-10-28,2.0234375
2004-10-29,1.515625
2004-10-30,1.125
2004-10-31,0.828125
2004-11-01,0.625
2004-11-02,0.46875
2004-11-03,0.359375
2004-11-04,0.28125
2004-11-05,0.21875
2004-11-06,0.171875
2004-11-07,0.140625
2004-11-08,0.11718750000000001
2004-11-09,0.09375
2004-11-10,0.078125
2004-11-11,0.06249999999999999
2004-11-12,0.05468749999999999
2004-11-13,0.0390625
2004-11-14,0.03125
2004-11-15,0.0234375
2004-11-16,0.0234375
2004-11-17,0.015625
2004-11-18,0.015625
2004-11-19,0.015625
2004-11-20,0.007812500000000002
2004-11-21,0.007812500000000002
2004-11-22,0.0
2004-11-23,0.0
2004-11-24,0.0
2004-11-25,0.0
2004-11-26,0.0
2004-11-27,0.0
2004-11-28,0.0
2004-11-29,0.0
2004-11-30,0.0
2004-12-01,0.0
2004-12-02,0.0
2004-12-03,0.0
2004-12-04,0.0
2004-12-05,0.0
2004-12-06,0.0
2004-12-07,0.0
2004-12-08,0.0
2004-12-09,0.0
2004-12-10,0.0
2004-12-11,0.0
2004-12-12,0.0
2004-12-13,0.0
2004-12-14,0.0
2004-12-15,0.0
2004-12-16,0.0
2004-12-17,0.0
2004-12-18,0.0
2004-12-19,0.0
2004-12-20,0.0
2004-12-21,0.0
2004-12-22,0.0
2004-12-23,0.0
2004-12-24,0.0
2004-12-25,0.0
2004-12-26,0.0
2004-12-27,0.0
2004-12-28,0.0
2004-12-29,0.0
2004-12-30,0.0
2004-12-31,0.0
2005-01-01,0.0
2005-01-02,0.0
2005-01-03,0.0
2005-01-04,0.0
2005-01-05,0.0
2005-01-06,0.0
2005-01-07,0.0
2005-01-08,0.0
2005-01-09,0.0
2005-01-10,0.0
2005-01-11,0.0
2005-01-12,0.0
2005-01-13,0.0
2005-01-14,0.0
2005-01-15,0.0
2005-01-16,0.0
2005-01-17,0.0
2005-01-18,0.0
2005-01-19,0.0
2005-01-20,0.0
2005-01-21,0.0
2005-01-22,0.0
2005-01-23,0.0
2005-01-24,0.0
2005-01-25,0.0
2005-01-26,0.0
2005-01-27,0.0
2005-01-28,0.0
2005-01-29,0.0
2005-01-30,0.0
2005-01-31,0.0
2005-02-01,0.0
2005-02-02,0.0
2005-02-03,0.0
2005-02-04,0.0
2005-02-05,0.0
2005-02-06,0.0
2005-02-07,0.0
2005-02-08,0.0
2005-02-09,0.0
2005-02-10,0.0
2005-02-11,0.0
2005-02-12,0.0
2005-02-13,0.0
2005-02-14,0.0
2005-02-15,0.0
2005-02-16,0.0
2005-02-17,0.0
2005-02-18,0.0
2005-02-19,0.0
2005-02-20,0.0
2005-02-21,0.0
2005-02-22,0.0
2005-02-23,0.0
2005-02-24,0.0
2005-02-25,0.0
2005-02-26,0.0
2005-02-27,0.0
2005-02-28,0.0
2005-03-01,0.0
2005-03-02,0.0
2005-03-03,0.0
2005-03-04,0.0
2005-03-05,0.0
2005-03-06,0.0
2005-03-07,0.0
2005-03-08,0.0
2005-03-09,0.0
2005-03-10,0.0
2005-03-11,0.0
2005-03-12,0.0
2005-03-13,0.0
2005-03-14,0.0
2005-03-15,0.0
2005-03-16,0.0
2005-03-17,0.0
2005-03-18,0.0
2005-03-19,0.0
2005-03-20,0.0
2005-03-21,0.0
2005-03-22,0.0
2005-03-23,0.0
2005-03-24,0.0
2005-03-25,0.0
2005-03-26,0.0
2005-03-27,0.0
2005-03-28,0.0
2005-03-29,0.0
2005-03-30,0.0
2005-03-31,0.0
2005-04-01,0.0
2005-04-02,0.0
2005-04-03,0.0
2005-04-04,0.0
2005-04-05,0.0
2005-04-06,0.0
2005-04-07,0.0
2005-04-08,0.0
2005-04-09,0.0
2005-04-10,0.0
2005-04-11,0.0
2005-04-12,0.0
2005-04-13,0.0
2005-04-14,0.0
2005-04-15,0.0
2005-04-16,0.0
2005-04-17,0.0
2005-04-18,0.0
2005-04-19,0.0
2005-04-20,0.0
2005-04-21,0.0
2005-04-22,0.0
2005-04-23,0.0
2005-04-24,0.0
2005-04-25,0.0
2005-04-26,0.0
2005-04-27,0.0
2005-04-28,0.0
2005-04-29,0.09375
2005-04-30,0.34375
2005-05-01,3.9210057803468206
2005-05-02,4.124473988439306
2005-05-03,3.5140693641618497
2005-05-04,4.124473988439306
2005-05-05,6.566092485549132
2005-05-06,7.786901734104045
2005-05-07,7.379965317919075
2005-05-08,6.56609248554913
2005-05-09,5.548751445086705
2005-05-10,4.531410404624276
2005-05-11,3.7175375722543347
2005-05-12,2.0843339658444027
2005-05-13,1.6455768500948766
2005-05-14,2.2925116279069773
2005-05-15,1.7390232558139538
2005-05-16,1.1855348837209305
2005-05-17,1.467517730496454
2005-05-18,0.9049295774647887
2005-05-19,2.949775910364145
2005-05-20,1.1426234900305636
2005-05-21,2.302259241351582
2005-05-22,15.601174455020693
2005-05-23,29.675515794170746
2005-05-24,31.961306236739485
2005-05-25,36.13580345122996
2005-05-26,58.864291259590864
2005-05-27,75.93637471971769
2005-05-28,107.48941692333833
2005-05-29,214.2500926166043
2005-05-30,311.80462458253896
2005-05-31,344.0162799582556
2005-06-01,470.99394761487724
2005-06-02,640.8962778152354
2005-06-03,935.9774397241478
2005-06-04,1021.2271115549077
2005-06-05,1020.0901689831533
2005-06-06,968.1568839739786
2005-06-07,819.2571207626598
2005-06-08,741.1007010979058
2005-06-09,700.8819971410488
2005-06-10,682.3406794374047
2005-06-11,665.9191043065299
2005-06-12,623.5149272374566
2005-06-13,574.6664825985512
2005-06-14,526.0403793938503
2005-06-15,491.2893050118141
2005-06-16,417.1227611665482
2005-06-17,385.5656616430719
2005-06-18,375.39704547035234
2005-06-19,376.9159558009069
2005-06-20,396.7978863125294
2005-06-21,429.14637648013144
2005-06-22,459.0375495711341
2005-06-23,439.50307035681675
2005-06-24,411.40911932323417
2005-06-25,368.2409454075361
2005-06-26,386.4444869276169
2005-06-27,386.8911956782609
2005-06-28,361.23883503347963
2005-06-29,327.7982828356234
2005-06-30,308.9606905363642
2005-07-01,279.0616151976495
2005-07-02,257.87695053758154
2005-07-03,242.65450364096318
2005-07-04,212.03120014947774
2005-07-05,199.92362107217033
2005-07-06,163.0293248993874
2005-07-07,155.6890262895589
2005-07-08,147.12123410568734
2005-07-09,141.6676370348719
2005-07-10,136.356850952752
2005-07-11,172.477109010709
2005-07-12,213.7619100335537
2005-07-13,227.89188103491887
2005-07-14,224.88696894166407
2005-07-15,227.6417165162556
2005-07-16,275.18805525670746
2005-07-17,306.4738915036578
2005-07-18,277.3501865912825
2005-07-19,252.9485161135345
2005-07-20,240.99604910433965
2005-07-21,210.79695610822725
2005-07-22,182.3917936363606
2005-07-23,159.65974420816175
2005-07-24,182.881326188688
2005-07-25,196.06894787579168
2005-07-26,180.9211612393274
2005-07-27,149.37369277504524
2005-07-28,129.38938226660906
2005-07-29,127.37886424681206
2005-07-30,141.01847175803246
2005-07-31,156.14166810309055
2005-08-01,148.14157448791897
2005-08-02,130.284646751258
2005-08-03,126.88724982131913
2005-08-04,145.9901419790712
2005-08-05,203.38044491326895
2005-08-06,199.78633946706813
2005-08-07,179.53783905026737
2005-08-08,198.93497692402786
2005-08-09,233.9538965742546
2005-08-10,227.83445422744273
2005-08-11,234.36708061224732
2005-08-12,250.622978337998
2005-08-13,264.68776411523686
2005-08-14,268.5696646929553
2005-08-15,258.23940942744804
2005-08-16,249.7942589476573
2005-08-17,239.37602491649966
2005-08-18,214.95317572238534
2005-08-19,215.35019604545653
2005-08-20,237.4433160632506
2005-08-21,241.5551500854783
2005-08-22,233.75504311026805
2005-08-23,210.4967554708039
2005-08-24,199.15616364291728
2005-08-25,191.3395858076227
2005-08-26,183.33910149101618
2005-08-27,182.58069774609456
2005-08-28,178.3289609601709
2005-08-29,162.98044751574034
2005-08-30,141.1224607522637
2005-08-31,135.07379977327167
2005-09-01,122.48538449247852
2005-09-02,99.50407483822138
2005-09-03,92.68322383718511
2005-09-04,58.34146938612357
2005-09-05,59.39422416627204
2005-09-06,56.38657126396448
2005-09-07,52.41836214236266
2005-09-08,53.830233085214665
2005-09-09,78.29881731524974
2005-09-10,76.92422151554622
2005-09-11,72.61246525238765
2005-09-12,66.52901940104668
2005-09-13,65.41762144649755
2005-09-14,66.7862541490326
2005-09-15,61.91399645236336
2005-09-16,56.30042096480581
2005-09-17,47.62221518137113
2005-09-18,43.35132928372938
2005-09-19,36.41571457923084
2005-09-20,36.23835025749161
2005-09-21,51.9537698228186
2005-09-22,76.19179449802394
2005-09-23,89.03353921182877
2005-09-24,86.40196906133188
2005-09-25,81.86394475400041
2005-09-26,74.48265041278039
2005-09-27,65.18395851721094
2005-09-28,56.93375326527468
2005-09-29,56.802351262570404
2005-09-30,47.96832945369689
2005-10-01,34.203125
2005-10-02,31.515625
2005-10-03,36.7421875
2005-10-04,52.2578125
2005-10-05,78.9375
2005-10-06,96.265625
2005-10-07,92.1796875
2005-10-08,84.34375
2005-10-09,76.9296875
2005-10-10,70.0703125
2005-10-11,63.7421875
2005-10-12,57.9375
2005-10-13,52.65625
2005-10-14,47.6328125
2005-10-15,43.296875
2005-10-16,41.546875
2005-10-17,38.6640625
2005-10-18,34.84375
2005-10-19,31.2734375
2005-10-20,28.0546875
2005-10-21,25.09375
2005-10-22,22.375
2005-10-23,19.8828125
2005-10-24,17.5859375
2005-10-25,15.4609375
2005-10-26,13.5078125
2005-10-27,11.71875
2005-10-28,10.09375
2005-10-29,8.6171875
2005-10-30,7.3203125
2005-10-31,6.1640625
2005-11-01,5.125
2005-11-02,4.21875
2005-11-03,3.4375
2005-11-04,2.7734375
2005-11-05,2.203125
2005-11-06,1.71875
2005-11-07,1.328125
2005-11-08,1.0
2005-11-09,0.7421875
2005-11-10,0.5390625
2005-11-11,0.3984375
2005-11-12,0.296875
2005-11-13,0.234375
2005-11-14,0.1875
2005-11-15,0.1484375
2005-11-16,0.125
2005-11-17,0.1015625
2005-11-18,0.0859375
2005-11-19,0.0703125
2005-11-20,0.06249999999999999
2005-11-21,0.046875
2005-11-22,0.0390625
2005-11-23,0.0390625
2005-11-24,0.03125
2005-11-25,0.0234375
2005-11-26,0.0234375
2005-11-27,0.015625
2005-11-28,0.015625
2005-11-29,0.007812500000000002
2005-11-30,0.007812500000000002
2005-12-01,0.007812500000000002
2005-12-02,0.007812500000000002
2005-12-03,0.007812500000000002
2005-12-04,0.007812500000000002
2005-12-05,0.0
2005-12-06,0.0
2005-12-07,0.0
2005-12-08,0.0
2005-12-09,0.0
2005-12-10,0.0
2005-12-11,0.0
2005-12-12,0.0
2005-12-13,0.0
2005-12-14,0.0
2005-12-15,0.0
2005-12-16,0.0
2005-12-17,0.0
2005-12-18,0.0
2005-12-19,0.0
2005-12-20,0.0
2005-12-21,0.0
2005-12-22,0.0
2005-12-23,0.0
2005-12-24,0.0
2005-12-25,0.0
2005-12-26,0.0
2005-12-27,0.0
2005-12-28,0.0
2005-12-29,0.0
2005-12-30,0.0
2005-12-31,0.0
2006-01-01,0.0
2006-01-02,0.0
2006-01-03,0.0
2006-01-04,0.0
2006-01-05,0.0
2006-01-06,0.0
2006-01-07,0.0
2006-01-08,0.0
2006-01-09,0.0
2006-01-10,0.0
2006-01-11,0.0
2006-01-12,0.0
2006-01-13,0.0
2006-01-14,0.0
2006-01-15,0.0
2006-01-16,0.0
2006-01-17,0.0
2006-01-18,0.0
2006-01-19,0.0
2006-01-20,0.0
2006-01-21,0.0
2006-01-22,0.0
2006-01-23,0.0
2006-01-24,0.0
2006-01-25,0.0
2006-01-26,0.0
2006-01-27,0.0
2006-01-28,0.0
2006-01-29,0.0
2006-01-30,0.0
2006-01-31,0.0
2006-02-01,0.0
2006-02-02,0.0
2006-02-03,0.0
2006-02-04,0.0
2006-02-05,0.0
2006-02-06,0.0
2006-02-07,0.0
2006-02-08,0.0
2006-02-09,0.0
2006-02-10,0.0
2006-02-11,0.0
2006-02-12,0.0
2006-02-13,0.0
2006-02-14,0.0
2006-02-15,0.0
2006-02-16,0.0
2006-02-17,0.0
2006-02-18,0.0
2006-02-19,0.0
2006-02-20,0.0
2006-02-21,0.0
2006-02-22,0.0
2006-02-23,0.0
2006-02-24,0.0
2006-02-25,0.0
2006-02-26,0.0
2006-02-27,0.0
2006-02-28,0.0
2006-03-01,0.0
2006-03-02,0.0
2006-03-03,0.0
2006-03-04,0.0
2006-03-05,0.0
2006-03-06,0.0
2006-03-07,0.0
2006-03-08,0.0
2006-03-09,0.0
2006-03-10,0.0
2006-03-11,0.0
2006-03-12,0.0
2006-03-13,0.0
2006-03-14,0.0
2006-03-15,0.0
2006-03-16,0.0
2006-03-17,0.0
2006-03-18,0.0
2006-03-19,0.0
2006-03-20,0.0
2006-03-21,0.0
2006-03-22,0.0
2006-03-23,0.0
2006-03-24,0.0
2006-03-25,0.0
2006-03-26,0.0
2006-03-27,0.0
2006-03-28,0.0
2006-03-29,0.0
2006-03-30,0.0
2006-03-31,0.0
2006-04-01,0.0
2006-04-02,0.0
2006-04-03,0.0
2006-04-04,0.0
2006-04-05,0.0
2006-04-06,0.0
2006-04-07,0.0
2006-04-08,0.0
2006-04-09,0.0
2006-04-10,0.0
2006-04-11,0.0
2006-04-12,0.0
2006-04-13,0.0
2006-04-14,0.0
2006-04-15,0.0
2006-04-16,0.0
2006-04-17,0.0
2006-04-18,0.0
2006-04-19,0.0
2006-04-20,0.0
2006-04-21,0.0
2006-04-22,0.0
2006-04-23,0.0
2006-04-24,0.0
2006-04-25,0.0
2006-04-26,0.0
2006-04-27,0.0
2006-04-28,0.0
2006-04-29,0.0
2006-04-30,0.0
2006-05-01,0.5419999999999999
2006-05-02,0.542
2006-05-03,0.542
2006-05-04,0.542
2006-05-05,0.542
2006-05-06,0.542
2006-05-07,0.5420000000000003
2006-05-08,0.5420000000000001
2006-05-09,0.5419999999999999
2006-05-10,0.542
2006-05-11,0.542
2006-05-12,1.175178147268409
2006-05-13,2.330299643281808
2006-05-14,1.758275605214153
2006-05-15,8.934372093023258
2006-05-16,13.639023255813955
2006-05-17,1.8182345033607161
2006-05-18,1.1844038461538464
2006-05-19,2.6219148011301896
2006-05-20,2.0922014262843844
2006-05-21,2.687974311206983
2006-05-22,4.701818925443408
2006-05-23,7.6530156355288534
2006-05-24,23.972728293429036
2006-05-25,29.974338106310935
2006-05-26,113.87217651995077
2006-05-27,229.85725165995336
2006-05-28,310.9821509531817
2006-05-29,351.67123026992647
2006-05-30,352.9029879844448
2006-05-31,349.8428080406594
2006-06-01,394.50258141154154
2006-06-02,424.5061974938268
2006-06-03,403.2823929902525
2006-06-04,406.6659890398612
2006-06-05,393.5590932505189
2006-06-06,417.73695052034446
2006-06-07,444.5749698735524
2006-06-08,540.136134878877
2006-06-09,685.7034534490115
2006-06-10,748.4680895075276
2006-06-11,796.782882016464
2006-06-12,752.3741418357704
2006-06-13,717.9955902200559
2006-06-14,698.4339211869659
2006-06-15,678.1368238243315
2006-06-16,639.6192368272552
2006-06-17,580.4487869406219
2006-06-18,504.11539538060913
2006-06-19,453.0688319366544
2006-06-20,421.81250722568575
2006-06-21,370.2498429161902
2006-06-22,313.0675538253689
2006-06-23,297.5625264686561
2006-06-24,280.5929849306348
2006-06-25,264.15900229697877
2006-06-26,270.1957993679204
2006-06-27,294.5801817094162
2006-06-28,324.7071045974625
2006-06-29,313.44761924706387
2006-06-30,307.7775244541138
2006-07-01,288.14330430965464
2006-07-02,273.8805998113247
2006-07-03,246.4680159138963
2006-07-04,212.08917723005388
2006-07-05,198.04450594922682
2006-07-06,157.77347435460683
2006-07-07,121.8448270216731
2006-07-08,112.5073307361185
2006-07-09,109.42952842274725
2006-07-10,104.43928032985357
2006-07-11,96.28641510089255
2006-07-12,89.16557775193269
2006-07-13,74.81387441633723
2006-07-14,66.59378837330364
2006-07-15,60.50568083227812
2006-07-16,56.33151081751603
2006-07-17,53.51455098779553
2006-07-18,50.689518345804494
2006-07-19,48.5946955464765
2006-07-20,45.6387590480605
2006-07-21,43.52444550976068
2006-07-22,44.77623022383812
2006-07-23,51.361712468402075
2006-07-24,80.96162492536385
2006-07-25,91.6481439445869
2006-07-26,78.7651269123719
2006-07-27,75.52865794107637
2006-07-28,73.08442265835804
2006-07-29,70.97995654247708
2006-07-30,39.913104931201374
2006-07-31,64.51415828769758
2006-08-01,66.13060661223818
2006-08-02,64.59008315239436
2006-08-03,61.198644156395765
2006-08-04,102.73061474706789
2006-08-05,129.05057933954137
2006-08-06,165.30352089276914
2006-08-07,169.06475814669847
2006-08-08,178.00178547353303
2006-08-09,182.04225542317434
2006-08-10,177.72494228482472
2006-08-11,159.82090560190053
2006-08-12,139.60423789376236
2006-08-13,137.01808009381494
2006-08-14,107.10943502069016
2006-08-15,87.1820044914131
2006-08-16,83.15102595385173
2006-08-17,44.733209621161805
2006-08-18,42.76706615460668
2006-08-19,112.90995826232954
2006-08-20,211.72689115513467
2006-08-21,386.58113226801476
2006-08-22,395.9780012722156
2006-08-23,372.6183402346797
2006-08-24,377.1970600755768
2006-08-25,375.9914949148544
2006-08-26,365.1384588364411
2006-08-27,352.14585589067985
2006-08-28,341.74733919859455
2006-08-29,289.47310936225455
2006-08-30,273.215072907607
2006-08-31,234.4724687039147
2006-09-01,203.4346680850793
2006-09-02,194.24494915998415
2006-09-03,190.1074799649269
2006-09-04,194.8670628213909
2006-09-05,229.9706319624759
2006-09-06,267.6230131848188
2006-09-07,254.67262301668916
2006-09-08,220.48371975217864
2006-09-09,202.33015358646273
2006-09-10,180.61328800222458
2006-09-11,170.36267703180303
2006-09-12,168.53955665871902
2006-09-13,165.6400682193185
2006-09-14,158.57152357711664
2006-09-15,156.99351544653993
2006-09-16,150.5310027403605
2006-09-17,143.80597285571858
2006-09-18,138.37662695755287
2006-09-19,134.10778438653895
2006-09-20,125.86652048584713
2006-09-21,111.55451235628114
2006-09-22,100.4375473071403
2006-09-23,100.54610810373771
2006-09-24,94.3539176680089
2006-09-25,90.92982451695717
2006-09-26,85.74693650973687
2006-09-27,82.03966071656951
2006-09-28,80.20433542839329
2006-09-29,83.05764922220989
2006-09-30,81.51925156580903
2006-10-01,57.328125
2006-10-02,52.09375
2006-10-03,47.21875
2006-10-04,42.6484375
2006-10-05,38.3671875
2006-10-06,34.4140625
2006-10-07,30.7734375
2006-10-08,27.3515625
2006-10-09,24.2109375
2006-10-10,21.296875
2006-10-11,18.6484375
2006-10-12,16.25
2006-10-13,13.96875
2006-10-14,11.859375
2006-10-15,10.0
2006-10-16,8.296875
2006-10-17,6.7578125
2006-10-18,5.421875
2006-10-19,4.296875
2006-10-20,3.359375
2006-10-21,2.5859375
2006-10-22,1.96875
2006-10-23,1.484375
2006-10-24,1.125
2006-10-25,0.8515625
2006-10-26,0.640625
2006-10-27,0.4921875
2006-10-28,0.375
2006-10-29,0.2890625
2006-10-30,0.2265625
2006-10-31,0.171875
2006-11-01,0.1328125
2006-11-02,0.109375
2006-11-03,0.0859375
2006-11-04,0.0703125
2006-11-05,0.09375
2006-11-06,0.34375
2006-11-07,0.625
2006-11-08,0.6484375
2006-11-09,0.5703125
2006-11-10,0.4765625
2006-11-11,0.390625
2006-11-12,0.3203125
2006-11-13,0.2578125
2006-11-14,0.2109375
2006-11-15,0.171875
2006-11-16,0.140625
2006-11-17,0.109375
2006-11-18,0.09375
2006-11-19,0.0703125
2006-11-20,0.05468749999999999
2006-11-21,0.046875
2006-11-22,0.0390625
2006-11-23,0.03125
2006-11-24,0.0234375
2006-11-25,0.015625
2006-11-26,0.015625
2006-11-27,0.015625
2006-11-28,0.0
2006-11-29,0.0
2006-11-30,0.0
2006-12-01,0.0
2006-12-02,0.0
2006-12-03,0.0
2006-12-04,0.0
2006-12-05,0.0
2006-12-06,0.0
2006-12-07,0.0
2006-12-08,0.0
2006-12-09,0.0
2006-12-10,0.0
2006-12-11,0.0
2006-12-12,0.0
2006-12-13,0.0
2006-12-14,0.0
2006-12-15,0.0
2006-12-16,0.0
2006-12-17,0.0
2006-12-18,0.0
2006-12-19,0.0
2006-12-20,0.0
2006-12-21,0.0
2006-12-22,0.0
2006-12-23,0.0
2006-12-24,0.0
2006-12-25,0.0
2006-12-26,0.0
2006-12-27,0.0
2006-12-28,0.0
2006-12-29,0.0
2006-12-30,0.0
2006-12-31,0.0
2007-01-01,0.0
2007-01-02,0.0
2007-01-03,0.0
2007-01-04,0.0
2007-01-05,0.0
2007-01-06,0.0
2007-01-07,0.0
2007-01-08,0.0
2007-01-09,0.0
2007-01-10,0.0
2007-01-11,0.0
2007-01-12,0.0
2007-01-13,0.0
2007-01-14,0.0
2007-01-15,0.0
2007-01-16,0.0
2007-01-17,0.0
2007-01-18,0.0
2007-01-19,0.0
2007-01-20,0.0
2007-01-21,0.0
2007-01-22,0.0
2007-01-23,0.0
2007-01-24,0.0
2007-01-25,0.0
2007-01-26,0.0
2007-01-27,0.0
2007-01-28,0.0
2007-01-29,0.0
2007-01-30,0.0
2007-01-31,0.0
2007-02-01,0.0
2007-02-02,0.0
2007-02-03,0.0
2007-02-04,0.0
2007-02-05,0.0
2007-02-06,0.0
2007-02-07,0.0
2007-02-08,0.0
2007-02-09,0.0
2007-02-10,0.0
2007-02-11,0.0
2007-02-12,0.0
2007-02-13,0.0
2007-02-14,0.0
2007-02-15,0.0
2007-02-16,0.0
2007-02-17,0.0
2007-02-18,0.0
2007-02-19,0.0
2007-02-20,0.0
2007-02-21,0.0
2007-02-22,0.0
2007-02-23,0.0
2007-02-24,0.0
2007-02-25,0.0
2007-02-26,0.0
2007-02-27,0.0
2007-02-28,0.0
2007-03-01,0.0
2007-03-02,0.0
2007-03-03,0.0
2007-03-04,0.0
2007-03-05,0.0
2007-03-06,0.0
2007-03-07,0.0
2007-03-08,0.0
2007-03-09,0.0
2007-03-10,0.0
2007-03-11,0.0
2007-03-12,0.0
2007-03-13,0.0
2007-03-14,0.0
2007-03-15,0.0
2007-03-16,0.0
2007-03-17,0.0
2007-03-18,0.0
2007-03-19,0.0
2007-03-20,0.0
2007-03-21,0.0
2007-03-22,0.0
2007-03-23,0.0
2007-03-24,0.0
2007-03-25,0.0
2007-03-26,0.0
2007-03-27,0.0
2007-03-28,0.0
2007-03-29,0.0
2007-03-30,0.0
2007-03-31,0.0
2007-04-01,0.0
2007-04-02,0.0
2007-04-03,0.0
2007-04-04,0.0
2007-04-05,0.0
2007-04-06,0.0
2007-04-07,0.0
2007-04-08,0.0
2007-04-09,0.0
2007-04-10,0.0
2007-04-11,0.0
2007-04-12,0.0
2007-04-13,0.0
2007-04-14,0.0
2007-04-15,0.0
2007-04-16,0.0
2007-04-17,0.0
2007-04-18,0.0
2007-04-19,0.0
2007-04-20,0.0
2007-04-21,0.0
2007-04-22,0.0
2007-04-23,0.0
2007-04-24,0.0
2007-04-25,0.0
2007-04-26,0.0
2007-04-27,0.0
2007-04-28,0.0
2007-04-29,0.0
2007-04-30,0.0
2007-05-01,0.5419999999999999
2007-05-02,0.542
2007-05-03,0.542
2007-05-04,0.5420000000000001
2007-05-05,0.542
2007-05-06,2.3271232876712356
2007-05-07,4.836132183908046
2007-05-08,3.9210057803468197
2007-05-09,4.734878612716762
2007-05-10,5.752219653179189
2007-05-11,7.379965317919074
2007-05-12,6.471905123339659
2007-05-13,11.00572865275142
2007-05-14,17.689979515828675
2007-05-15,6.4161589753249135
2007-05-16,7.725218270114188
2007-05-17,4.245011035060753
2007-05-18,7.271407823857355
2007-05-19,13.031968519416543
2007-05-20,19.60704679170376
2007-05-21,33.608089899766625
2007-05-22,29.153592889886554
2007-05-23,35.04659686319564
2007-05-24,36.85642299256464
2007-05-25,171.79424910140705
2007-05-26,270.1477417134934
2007-05-27,449.2302966331706
2007-05-28,459.68449205695106
2007-05-29,610.0111655817761
2007-05-30,780.8659063297097
2007-05-31,1080.882581369079
2007-06-01,1316.560611533423
2007-06-02,1303.6858757579223
2007-06-03,1019.6531333382595
2007-06-04,1005.6919147171327
2007-06-05,798.7797946435713
2007-06-06,791.2731854704258
2007-06-07,740.9704267052389
2007-06-08,691.6229323774669
2007-06-09,656.4846562163943
2007-06-10,603.0135710620435
2007-06-11,561.0807233989898
2007-06-12,535.8309370924443
2007-06-13,509.37754497696346
2007-06-14,474.7926969768333
2007-06-15,422.90077976313836
2007-06-16,360.0395248635066
2007-06-17,332.66633862302064
2007-06-18,298.1877320690471
2007-06-19,290.0800386831379
2007-06-20,267.64092960572714
2007-06-21,228.68845417657374
2007-06-22,202.8796327012646
2007-06-23,130.1437008207363
2007-06-24,119.85748032829451
2007-06-25,106.59253533568908
2007-06-26,100.32983903298476
2007-06-27,97.16646030841902
2007-06-28,90.76666175412726
2007-06-29,84.31350734437287
2007-06-30,79.11428926574415
2007-07-01,78.23096516525997
2007-07-02,95.45738749612762
2007-07-03,132.26012182671676
2007-07-04,126.68338574302295
2007-07-05,124.29118233123106
2007-07-06,113.56100934961758
2007-07-07,113.22353004575828
2007-07-08,112.21658032456843
2007-07-09,108.79841121150967
2007-07-10,98.16204142586288
2007-07-11,89.59771038099538
2007-07-12,76.23961455642775
2007-07-13,71.79325388664186
2007-07-14,65.47509460949179
2007-07-15,60.412564798121196
2007-07-16,59.34306368662189
2007-07-17,78.63812781798109
2007-07-18,54.177462279226575
2007-07-19,51.38917936568832
2007-07-20,79.02456985778899
2007-07-21,95.67085170316003
2007-07-22,95.06898464868529
2007-07-23,90.94475325292193
2007-07-24,80.6302971526534
2007-07-25,77.07788718027749
2007-07-26,75.67698962449315
2007-07-27,93.09869457180855
2007-07-28,114.48632111064032
2007-07-29,113.49715977625597
2007-07-30,110.43488441470444
2007-07-31,90.9557770751617
2007-08-01,86.53235770828474
2007-08-02,63.553365464913746
2007-08-03,56.42124141367117
2007-08-04,54.423526288167764
2007-08-05,54.94696205890158
2007-08-06,116.9486225649406
2007-08-07,125.60702944305793
2007-08-08,116.82277045291356
2007-08-09,93.80669536008809
2007-08-10,81.95672633323368
2007-08-11,82.2916223708356
2007-08-12,100.5902336059367
2007-08-13,137.25075896953356
2007-08-14,161.9584871409001
2007-08-15,166.34235018777554
2007-08-16,162.6626107833413
2007-08-17,163.45735500801007
2007-08-18,178.13754380292028
2007-08-19,189.7534323096582
2007-08-20,192.62839910089173
2007-08-21,183.03650951802726
2007-08-22,170.9776871278838
2007-08-23,161.8693994226191
2007-08-24,173.83693017696473
2007-08-25,178.42958477069539
2007-08-26,179.41209646576706
2007-08-27,175.4981142182388
2007-08-28,162.75258058523647
2007-08-29,152.90283035724255
2007-08-30,135.4363796601268
2007-08-31,120.39265246176582
2007-09-01,99.6076652456329
2007-09-02,91.88004872369626
2007-09-03,59.71282799142808
2007-09-04,88.64401714537514
2007-09-05,95.14903339262656
2007-09-06,91.00189128175232
2007-09-07,84.73876995843358
2007-09-08,99.92877733842545
2007-09-09,106.5737121429054
2007-09-10,109.94802802636804
2007-09-11,108.05624372523944
2007-09-12,102.07283035717208
2007-09-13,95.82534525429779
2007-09-14,93.52549880582069
2007-09-15,87.60818100604727
2007-09-16,82.5077721150346
2007-09-17,74.42682891412976
2007-09-18,68.80299439422402
2007-09-19,60.69036724533509
2007-09-20,56.93204705771949
2007-09-21,55.160751776463705
2007-09-22,70.76037687413537
2007-09-23,79.31651440878282
2007-09-24,78.35305256547845
2007-09-25,79.78776368537294
2007-09-26,77.06959841676012
2007-09-27,69.2479535283815
2007-09-28,70.12798862098
2007-09-29,73.47831642882991
2007-09-30,68.59667238099115
2007-10-01,44.7265625
2007-10-02,40.28125
2007-10-03,36.2578125
2007-10-04,32.4765625
2007-10-05,28.921875
2007-10-06,25.6875
2007-10-07,23.0546875
2007-10-08,22.5625
2007-10-09,21.4609375
2007-10-10,19.0703125
2007-10-11,16.640625
2007-10-12,14.453125
2007-10-13,12.484375
2007-10-14,10.7421875
2007-10-15,9.234375
2007-10-16,7.921875
2007-10-17,6.78125
2007-10-18,5.765625
2007-10-19,4.8828125
2007-10-20,4.1171875
2007-10-21,3.4453125
2007-10-22,2.8671875
2007-10-23,2.359375
2007-10-24,1.9140625
2007-10-25,1.546875
2007-10-26,1.2265625
2007-10-27,0.9609375
2007-10-28,0.7421875
2007-10-29,0.5625
2007-10-30,0.40625
2007-10-31,0.2890625
2007-11-01,0.1953125
2007-11-02,0.140625
2007-11-03,0.09375
2007-11-04,0.0703125
2007-11-05,0.05468749999999999
2007-11-06,0.0390625
2007-11-07,0.0234375
2007-11-08,0.0234375
2007-11-09,0.015625
2007-11-10,0.015625
2007-11-11,0.007812500000000002
2007-11-12,0.007812500000000002
2007-11-13,0.007812500000000002
2007-11-14,0.007812500000000002
2007-11-15,0.007812500000000002
2007-11-16,0.0
2007-11-17,0.0
2007-11-18,0.0
2007-11-19,0.0
2007-11-20,0.0
2007-11-21,0.0
2007-11-22,0.0
2007-11-23,0.0
2007-11-24,0.0
2007-11-25,0.0
2007-11-26,0.0
2007-11-27,0.0
2007-11-28,0.0
2007-11-29,0.0
2007-11-30,0.0
2007-12-01,0.0
2007-12-02,0.0
2007-12-03,0.0
2007-12-04,0.0
2007-12-05,0.0
2007-12-06,0.0
2007-12-07,0.0
2007-12-08,0.0
2007-12-09,0.0
2007-12-10,0.0
2007-12-11,0.0
2007-12-12,0.0
2007-12-13,0.0
2007-12-14,0.0
2007-12-15,0.0
2007-12-16,0.0
2007-12-17,0.0
2007-12-18,0.0
2007-12-19,0.0
2007-12-20,0.0
2007-12-21,0.0
2007-12-22,0.0
2007-12-23,0.0
2007-12-24,0.0
2007-12-25,0.0
2007-12-26,0.0
2007-12-27,0.0
2007-12-28,0.0
2007-12-29,0.0
2007-12-30,0.0
2007-12-31,0.0
2008-01-01,0.0
2008-01-02,0.0
2008-01-03,0.0
2008-01-04,0.0
2008-01-05,0.0
2008-01-06,0.0
2008-01-07,0.0
2008-01-08,0.0
2008-01-09,0.0
2008-01-10,0.0
2008-01-11,0.0
2008-01-12,0.0
2008-01-13,0.0
2008-01-14,0.0
2008-01-15,0.0
2008-01-16,0.0
2008-01-17,0.0
2008-01-18,0.0
2008-01-19,0.0
2008-01-20,0.0
2008-01-21,0.0
2008-01-22,0.0
2008-01-23,0.0
2008-01-24,0.0
2008-01-25,0.0
2008-01-26,0.0
2008-01-27,0.0
2008-01-28,0.0
2008-01-29,0.0
2008-01-30,0.0
2008-01-31,0.0
2008-02-01,0.0
2008-02-02,0.0
2008-02-03,0.0
2008-02-04,0.0
2008-02-05,0.0
2008-02-06,0.0
2008-02-07,0.0
2008-02-08,0.0
2008-02-09,0.0
2008-02-10,0.0
2008-02-11,0.0
2008-02-12,0.0
2008-02-13,0.0
2008-02-14,0.0
2008-02-15,0.0
2008-02-16,0.0
2008-02-17,0.0
2008-02-18,0.0
2008-02-19,0.0
2008-02-20,0.0
2008-02-21,0.0
2008-02-22,0.0
2008-02-23,0.0
2008-02-24,0.0
2008-02-25,0.0
2008-02-26,0.0
2008-02-27,0.0
2008-02-28,0.0
2008-02-29,0.0
2008-03-01,0.0
2008-03-02,0.0
2008-03-03,0.0
2008-03-04,0.0
2008-03-05,0.0
2008-03-06,0.0
2008-03-07,0.0
2008-03-08,0.0
2008-03-09,0.0
2008-03-10,0.0
2008-03-11,0.0
2008-03-12,0.0
2008-03-13,0.0
2008-03-14,0.0
2008-03-15,0.0
2008-03-16,0.0
2008-03-17,0.0
2008-03-18,0.0
2008-03-19,0.0
2008-03-20,0.0
2008-03-21,0.0
2008-03-22,0.0
2008-03-23,0.0
2008-03-24,0.0
2008-03-25,0.0
2008-03-26,0.0
2008-03-27,0.0
2008-03-28,0.0
2008-03-29,0.0
2008-03-30,0.0
2008-03-31,0.0
2008-04-01,0.0
2008-04-02,0.0
2008-04-03,0.0
2008-04-04,0.0
2008-04-05,0.0
2008-04-06,0.0
2008-04-07,0.0
2008-04-08,0.0
2008-04-09,0.0
2008-04-10,0.0
2008-04-11,0.0
2008-04-12,0.0
2008-04-13,0.0
2008-04-14,0.0
2008-04-15,0.0
2008-04-16,0.0
2008-04-17,0.0
2008-04-18,0.0
2008-04-19,0.0
2008-04-20,0.0
2008-04-21,0.0
2008-04-22,0.0
2008-04-23,0.0
2008-04-24,0.0
2008-04-25,0.0
2008-04-26,0.0
2008-04-27,0.0
2008-04-28,0.0
2008-04-29,0.0
2008-04-30,0.0
2008-05-01,0.542
2008-05-02,0.5420000000000001
2008-05-03,0.542
2008-05-04,0.5420000000000001
2008-05-05,0.542
2008-05-06,0.5420000000000001
2008-05-07,0.5420000000000001
2008-05-08,0.5419999999999999
2008-05-09,0.542
2008-05-10,0.542
2008-05-11,0.6
2008-05-12,0.6
2008-05-13,0.6000000000000002
2008-05-14,0.6000000000000001
2008-05-15,2.0157674418604654
2008-05-16,2.068383868558625
2008-05-17,2.964091346153847
2008-05-18,3.2418634871596836
2008-05-19,3.03931757007038
2008-05-20,3.189211160366652
2008-05-21,6.738615612344979
2008-05-22,16.014567157568084
2008-05-23,28.80445543094204
2008-05-24,105.25524693987674
2008-05-25,190.849160004925
2008-05-26,252.94090790370436
2008-05-27,320.8727690957301
2008-05-28,421.87720213847734
2008-05-29,365.4926536502714
2008-05-30,448.7540608180881
2008-05-31,596.8397568431639
2008-06-01,709.5381240335417
2008-06-02,738.7117387878862
2008-06-03,721.8491385321956
2008-06-04,679.5360455132525
2008-06-05,593.134841271414
2008-06-06,557.5745698605606
2008-06-07,527.4390033045089
2008-06-08,500.5257373522731
2008-06-09,455.3453568325117
2008-06-10,394.9890688528609
2008-06-11,384.3546975332673
2008-06-12,361.1428825183796
2008-06-13,317.1010617779836
2008-06-14,292.5353733326719
2008-06-15,273.71670387327146
2008-06-16,220.50936865284447
2008-06-17,210.07757547887783
2008-06-18,207.17152167531532
2008-06-19,200.90923221523687
2008-06-20,135.85440899992213
2008-06-21,197.75206450728277
2008-06-22,202.97755138599535
2008-06-23,179.01214294006454
2008-06-24,124.29086182955332
2008-06-25,116.88564674450274
2008-06-26,112.22388939488572
2008-06-27,105.18019647946261
2008-06-28,96.7994513819055
2008-06-29,92.63789403431471
2008-06-30,88.3938797591178
2008-07-01,84.9323258301526
2008-07-02,90.9208089449957
2008-07-03,129.2413793767871
2008-07-04,196.83482558883185
2008-07-05,183.08863429009327
2008-07-06,156.7058855594318
2008-07-07,148.69368314330745
2008-07-08,158.9242149572912
2008-07-09,155.99580643799314
2008-07-10,149.96404198170356
2008-07-11,169.40769341278616
2008-07-12,178.28932002315494
2008-07-13,181.54959242467694
2008-07-14,191.89277781550513
2008-07-15,188.1935458348637
2008-07-16,186.7920587682156
2008-07-17,172.10891839696663
2008-07-18,145.84969512030756
2008-07-19,122.81454969631304
2008-07-20,100.06204414541084
2008-07-21,93.51087286468488
2008-07-22,82.61810887235428
2008-07-23,79.41833503668619
2008-07-24,90.41621118375366
2008-07-25,112.32856910845841
2008-07-26,115.30504135971161
2008-07-27,113.31053856407813
2008-07-28,92.00374791733445
2008-07-29,74.76778532328623
2008-07-30,66.35043899708889
2008-07-31,36.17753692484975
2008-08-01,34.61535882111039
2008-08-02,31.541839228421892
2008-08-03,28.757589586178508
2008-08-04,27.106742405431355
2008-08-05,25.90693574102994
2008-08-06,24.56151584257402
2008-08-07,24.62794008324019
2008-08-08,23.325240156116404
2008-08-09,26.70611030283575
2008-08-10,79.89083132073158
2008-08-11,99.20817242162653
2008-08-12,86.67926521187458
2008-08-13,81.50144741795235
2008-08-14,46.41206190265021
2008-08-15,29.48108575768219
2008-08-16,27.819995783897888
2008-08-17,26.00518355376753
2008-08-18,25.278076144302275
2008-08-19,24.742432343937416
2008-08-20,24.104312118266936
2008-08-21,22.86305301092476
2008-08-22,22.090352991063405
2008-08-23,21.05434075822468
2008-08-24,19.83335062055625
2008-08-25,19.506066956285014
2008-08-26,19.3939629684888
2008-08-27,20.169167779069603
2008-08-28,35.04725797109059
2008-08-29,67.22462781682842
2008-08-30,96.94717190416065
2008-08-31,92.72829091585595
2008-09-01,59.209931540462286
2008-09-02,55.80274676592342
2008-09-03,50.785333120147094
2008-09-04,50.515420777596184
2008-09-05,50.46522809794363
2008-09-06,102.89873692171572
2008-09-07,158.19840518472753
2008-09-08,178.30869522542696
2008-09-09,178.69521843857567
2008-09-10,170.31344178104104
2008-09-11,163.53847627119092
2008-09-12,159.22681108746562
2008-09-13,146.01578637213677
2008-09-14,140.0844711232197
2008-09-15,137.2574028768522
2008-09-16,147.50225492862975
2008-09-17,168.7317516707018
2008-09-18,163.20788363291067
2008-09-19,153.04447488929034
2008-09-20,148.8059547368447
2008-09-21,148.1872802663689
2008-09-22,149.79607042076128
2008-09-23,145.65272411128288
2008-09-24,136.46494992233028
2008-09-25,134.12212682851654
2008-09-26,127.8057275495086
2008-09-27,116.864264406197
2008-09-28,111.87076437131267
2008-09-29,102.35829529427822
2008-09-30,92.66513328178594
2008-10-01,60.046875
2008-10-02,54.5078125
2008-10-03,49.3984375
2008-10-04,44.6875
2008-10-05,40.1953125
2008-10-06,36.0546875
2008-10-07,32.234375
2008-10-08,28.765625
2008-10-09,25.625
2008-10-10,22.65625
2008-10-11,19.9140625
2008-10-12,17.3671875
2008-10-13,14.9609375
2008-10-14,12.7734375
2008-10-15,10.828125
2008-10-16,9.0625
2008-10-17,7.40625
2008-10-18,5.8984375
2008-10-19,4.5703125
2008-10-20,3.4453125
2008-10-21,2.53125
2008-10-22,1.8359375
2008-10-23,1.3359375
2008-10-24,0.984375
2008-10-25,0.7265625
2008-10-26,0.546875
2008-10-27,0.4140625
2008-10-28,0.3203125
2008-10-29,0.25
2008-10-30,0.203125
2008-10-31,0.15625
2008-11-01,0.125
2008-11-02,0.09375
2008-11-03,0.078125
2008-11-04,0.06249999999999999
2008-11-05,0.05468749999999999
2008-11-06,0.046875
2008-11-07,0.0390625
2008-11-08,0.03125
2008-11-09,0.0234375
2008-11-10,0.0234375
2008-11-11,0.0234375
2008-11-12,0.015625
2008-11-13,0.015625
2008-11-14,0.015625
2008-11-15,0.007812500000000002
2008-11-16,0.007812500000000002
2008-11-17,0.007812500000000002
2008-11-18,0.0
2008-11-19,0.0
2008-11-20,0.0
2008-11-21,0.0
2008-11-22,0.0
2008-11-23,0.0
2008-11-24,0.0
2008-11-25,0.0
2008-11-26,0.0
2008-11-27,0.0
2008-11-28,0.0
2008-11-29,0.0
2008-11-30,0.0
2008-12-01,0.0
2008-12-02,0.0
2008-12-03,0.0
2008-12-04,0.0
2008-12-05,0.0
2008-12-06,0.0
2008-12-07,0.0
2008-12-08,0.0
2008-12-09,0.0
2008-12-10,0.0
2008-12-11,0.0
2008-12-12,0.0
2008-12-13,0.0
2008-12-14,0.0
2008-12-15,0.0
2008-12-16,0.0
2008-12-17,0.0
2008-12-18,0.0
2008-12-19,0.0
2008-12-20,0.0
2008-12-21,0.0
2008-12-22,0.0
2008-12-23,0.0
2008-12-24,0.0
2008-12-25,0.0
2008-12-26,0.0
2008-12-27,0.0
2008-12-28,0.0
2008-12-29,0.0
2008-12-30,0.0
2008-12-31,0.0
2009-01-01,0.0
2009-01-02,0.0
2009-01-03,0.0
2009-01-04,0.0
2009-01-05,0.0
2009-01-06,0.0
2009-01-07,0.0
2009-01-08,0.0
2009-01-09,0.0
2009-01-10,0.0
2009-01-11,0.0
2009-01-12,0.0
2009-01-13,0.0
2009-01-14,0.0
2009-01-15,0.0
2009-01-16,0.0
2009-01-17,0.0
2009-01-18,0.0
2009-01-19,0.0
2009-01-20,0.0
2009-01-21,0.0
2009-01-22,0.0
2009-01-23,0.0
2009-01-24,0.0
2009-01-25,0.0
2009-01-26,0.0
2009-01-27,0.0
2009-01-28,0.0
2009-01-29,0.0
2009-01-30,0.0
2009-01-31,0.0
2009-02-01,0.0
2009-02-02,0.0
2009-02-03,0.0
2009-02-04,0.0
2009-02-05,0.0
2009-02-06,0.0
2009-02-07,0.0
2009-02-08,0.0
2009-02-09,0.0
2009-02-10,0.0
2009-02-11,0.0
2009-02-12,0.0
2009-02-13,0.0
2009-02-14,0.0
2009-02-15,0.0
2009-02-16,0.0
2009-02-17,0.0
2009-02-18,0.0
2009-02-19,0.0
2009-02-20,0.0
2009-02-21,0.0
2009-02-22,0.0
2009-02-23,0.0
2009-02-24,0.0
2009-02-25,0.0
2009-02-26,0.0
2009-02-27,0.0
2009-02-28,0.0
2009-03-01,0.0
2009-03-02,0.0
2009-03-03,0.0
2009-03-04,0.0
2009-03-05,0.0
2009-03-06,0.0
2009-03-07,0.0
2009-03-08,0.0
2009-03-09,0.0
2009-03-10,0.0
2009-03-11,0.0
2009-03-12,0.0
2009-03-13,0.0
2009-03-14,0.0
2009-03-15,0.0
2009-03-16,0.0
2009-03-17,0.0
2009-03-18,0.0
2009-03-19,0.0
2009-03-20,0.0
2009-03-21,0.0
2009-03-22,0.0
2009-03-23,0.0
2009-03-24,0.0
2009-03-25,0.0
2009-03-26,0.0
2009-03-27,0.0
2009-03-28,0.0
2009-03-29,0.0
2009-03-30,0.0
2009-03-31,0.0
2009-04-01,0.0
2009-04-02,0.0
2009-04-03,0.0
2009-04-04,0.0
2009-04-05,0.0
2009-04-06,0.0
2009-04-07,0.0
2009-04-08,0.0
2009-04-09,0.0
2009-04-10,0.0
2009-04-11,0.0
2009-04-12,0.0
2009-04-13,0.0
2009-04-14,0.0
2009-04-15,0.0
2009-04-16,0.0
2009-04-17,0.0
2009-04-18,0.0
2009-04-19,0.0
2009-04-20,0.0
2009-04-21,0.0
2009-04-22,0.0
2009-04-23,0.0
2009-04-24,0.0
2009-04-25,0.0
2009-04-26,0.0
2009-04-27,0.0
2009-04-28,0.0
2009-04-29,0.0
2009-04-30,0.0
2009-05-01,0.5419999999999999
2009-05-02,0.542
2009-05-03,0.5420000000000001
2009-05-04,0.542
2009-05-05,0.5420000000000001
2009-05-06,0.542
2009-05-07,2.236275862068966
2009-05-08,2.903664739884392
2009-05-09,11.856265895953754
2009-05-10,4.449698645286151
2009-05-11,11.953845728504294
2009-05-12,13.83904064601345
2009-05-13,10.98173291591623
2009-05-14,8.44755141138241
2009-05-15,8.512424079472448
2009-05-16,6.2599440166575
2009-05-17,19.894849721526114
2009-05-18,21.97811350863804
2009-05-19,31.32189739838631
2009-05-20,57.5010226347435
2009-05-21,40.45836249125262
2009-05-22,87.9282703875159
2009-05-23,182.33648580714072
2009-05-24,205.00058783571953
2009-05-25,237.54626971355654
2009-05-26,256.2062500201657
2009-05-27,303.71841902297746
2009-05-28,404.7959259386707
2009-05-29,430.5592044819045
2009-05-30,449.23219932422455
2009-05-31,614.9230079029468
2009-06-01,910.8600750620905
2009-06-02,1001.3851034243409
2009-06-03,1003.2412588106774
2009-06-04,991.9602763512895
2009-06-05,796.0565328891637
2009-06-06,802.4971486167981
2009-06-07,760.6046083261765
2009-06-08,704.0473379097695
2009-06-09,666.2022945293843
2009-06-10,607.6472189177238
2009-06-11,555.8782771440922
2009-06-12,514.5203689222557
2009-06-13,452.6572500856596
2009-06-14,404.36002145847533
2009-06-15,369.2992115058566
2009-06-16,320.770907936453
2009-06-17,296.05946178308443
2009-06-18,293.85248415223015
2009-06-19,268.8961040224264
2009-06-20,231.01605293520558
2009-06-21,213.46140146333852
2009-06-22,136.51812853935664
2009-06-23,124.89693098815746
2009-06-24,117.51317891373803
2009-06-25,117.38382263290399
2009-06-26,116.48257478038104
2009-06-27,106.69875535838001
2009-06-28,95.77288946407197
2009-06-29,87.40274309047255
2009-06-30,80.79449470668777
2009-07-01,75.63178944369147
2009-07-02,75.26290367833157
2009-07-03,83.91981129782248
2009-07-04,97.1699724553531
2009-07-05,124.0652376947181
2009-07-06,160.34052104925834
2009-07-07,198.77907405888624
2009-07-08,198.03189963422085
2009-07-09,192.14362003574698
2009-07-10,181.20355250022797
2009-07-11,171.69284471654075
2009-07-12,211.52004791616744
2009-07-13,249.7803947773415
2009-07-14,261.64916173632133
2009-07-15,304.2656147585321
2009-07-16,308.07048351473514
2009-07-17,274.612314000329
2009-07-18,255.4271210996481
2009-07-19,240.0694660341453
2009-07-20,202.0688182993449
2009-07-21,196.14563341375413
2009-07-22,194.64477849793576
2009-07-23,206.76118252455663
2009-07-24,197.7603368482339
2009-07-25,169.83236243503094
2009-07-26,149.25133910514984
2009-07-27,195.43174753005093
2009-07-28,241.53129430653593
2009-07-29,212.65975395101495
2009-07-30,214.04489241933788
2009-07-31,215.92806684983356
2009-08-01,193.87675630621942
2009-08-02,168.4862536957123
2009-08-03,181.38500250981164
2009-08-04,165.9148303336278
2009-08-05,148.300045863934
2009-08-06,128.52445886426008
2009-08-07,123.98475328492881
2009-08-08,128.08054973247417
2009-08-09,145.0629140406125
2009-08-10,145.07189729270183
2009-08-11,128.7618541550131
2009-08-12,115.97187664704848
2009-08-13,100.27687696450258
2009-08-14,82.63076639588044
2009-08-15,46.129666892886796
2009-08-16,28.72336817310044
2009-08-17,27.96718019167702
2009-08-18,42.27965940227098
2009-08-19,124.63580303574776
2009-08-20,180.61813235008157
2009-08-21,198.64457848436155
2009-08-22,199.47746142809908
2009-08-23,189.62853038459852
2009-08-24,179.26327038889667
2009-08-25,170.49847096536917
2009-08-26,153.036956662856
2009-08-27,137.89715813940427
2009-08-28,153.1095427684111
2009-08-29,188.37355335975772
2009-08-30,243.12106759801597
2009-08-31,359.0025671560207
2009-09-01,381.6324275279542
2009-09-02,360.0278066056746
2009-09-03,283.0692003727091
2009-09-04,254.6558604131487
2009-09-05,225.61828880140718
2009-09-06,211.33230522082985
2009-09-07,200.84937010744636
2009-09-08,183.4267322552417
2009-09-09,166.8923899469885
2009-09-10,158.78630871502008
2009-09-11,157.52016783413046
2009-09-12,148.90022555647425
2009-09-13,146.47879024566495
2009-09-14,135.9249626457776
2009-09-15,129.06642384652136
2009-09-16,117.48621870480572
2009-09-17,110.28504675919336
2009-09-18,102.50196493146949
2009-09-19,94.11892557534888
2009-09-20,86.48508925296169
2009-09-21,82.13541416518706
2009-09-22,81.5785015661412
2009-09-23,84.22052796703183
2009-09-24,72.00612123389985
2009-09-25,64.39323921825769
2009-09-26,57.48225121900168
2009-09-27,50.648851286756894
2009-09-28,42.0493994497752
2009-09-29,42.57107317879321
2009-09-30,37.83052316257887
2009-10-01,29.1875
2009-10-02,25.9453125
2009-10-03,22.8984375
2009-10-04,20.0859375
2009-10-05,17.5390625
2009-10-06,15.2109375
2009-10-07,13.0703125
2009-10-08,11.0859375
2009-10-09,9.2421875
2009-10-10,7.5546875
2009-10-11,6.0390625
2009-10-12,4.671875
2009-10-13,3.546875
2009-10-14,2.6796875
2009-10-15,2.0078125
2009-10-16,1.484375
2009-10-17,1.0859375
2009-10-18,0.8046875
2009-10-19,0.59375
2009-10-20,0.4375
2009-10-21,0.3359375
2009-10-22,0.265625
2009-10-23,0.203125
2009-10-24,0.1484375
2009-10-25,0.11718750000000001
2009-10-26,0.09375
2009-10-27,0.0703125
2009-10-28,0.06249999999999999
2009-10-29,0.046875
2009-10-30,0.0390625
2009-10-31,0.0234375
2009-11-01,0.0234375
2009-11-02,0.015625
2009-11-03,0.015625
2009-11-04,0.007812500000000002
2009-11-05,0.007812500000000002
2009-11-06,0.007812500000000002
2009-11-07,0.007812500000000002
2009-11-08,0.007812500000000002
2009-11-09,0.007812500000000002
2009-11-10,0.0
2009-11-11,0.0
2009-11-12,0.0
2009-11-13,0.0
2009-11-14,0.0
2009-11-15,0.0
2009-11-16,0.0
2009-11-17,0.0
2009-11-18,0.0
2009-11-19,0.0
2009-11-20,0.0
2009-11-21,0.0
2009-11-22,0.0
2009-11-23,0.0
2009-11-24,0.0
2009-11-25,0.0
2009-11-26,0.0
2009-11-27,0.0
2009-11-28,0.0
2009-11-29,0.0
2009-11-30,0.0
2009-12-01,0.0
2009-12-02,0.0
2009-12-03,0.0
2009-12-04,0.0
2009-12-05,0.0
2009-12-06,0.0
2009-12-07,0.0
2009-12-08,0.0
2009-12-09,0.0
2009-12-10,0.0
2009-12-11,0.0
2009-12-12,0.0
2009-12-13,0.0
2009-12-14,0.0
2009-12-15,0.0
2009-12-16,0.0
2009-12-17,0.0
2009-12-18,0.0
2009-12-19,0.0
2009-12-20,0.0
2009-12-21,0.0
2009-12-22,0.0
2009-12-23,0.0
2009-12-24,0.0
2009-12-25,0.0
2009-12-26,0.0
2009-12-27,0.0
2009-12-28,0.0
2009-12-29,0.0
2009-12-30,0.0
2009-12-31,0.0
2010-01-01,0.0
2010-01-02,0.0
2010-01-03,0.0
2010-01-04,0.0
2010-01-05,0.0
2010-01-06,0.0
2010-01-07,0.0
2010-01-08,0.0
2010-01-09,0.0
2010-01-10,0.0
2010-01-11,0.0
2010-01-12,0.0
2010-01-13,0.0
2010-01-14,0.0
2010-01-15,0.0
2010-01-16,0.0
2010-01-17,0.0
2010-01-18,0.0
2010-01-19,0.0
2010-01-20,0.0
2010-01-21,0.0
2010-01-22,0.0
2010-01-23,0.0
2010-01-24,0.0
2010-01-25,0.0
2010-01-26,0.0
2010-01-27,0.0
2010-01-28,0.0
2010-01-29,0.0
2010-01-30,0.0
2010-01-31,0.0
2010-02-01,0.0
2010-02-02,0.0
2010-02-03,0.0
2010-02-04,0.0
2010-02-05,0.0
2010-02-06,0.0
2010-02-07,0.0
2010-02-08,0.0
2010-02-09,0.0
2010-02-10,0.0
2010-02-11,0.0
2010-02-12,0.0
2010-02-13,0.0
2010-02-14,0.0
2010-02-15,0.0
2010-02-16,0.0
2010-02-17,0.0
2010-02-18,0.0
2010-02-19,0.0
2010-02-20,0.0
2010-02-21,0.0
2010-02-22,0.0
2010-02-23,0.0
2010-02-24,0.0
2010-02-25,0.0
2010-02-26,0.0
2010-02-27,0.0
2010-02-28,0.0
2010-03-01,0.0
2010-03-02,0.0
2010-03-03,0.0
2010-03-04,0.0
2010-03-05,0.0
2010-03-06,0.0
2010-03-07,0.0
2010-03-08,0.0
2010-03-09,0.0
2010-03-10,0.0
2010-03-11,0.0
2010-03-12,0.0
2010-03-13,0.0
2010-03-14,0.0
2010-03-15,0.0
2010-03-16,0.0
2010-03-17,0.0
2010-03-18,0.0
2010-03-19,0.0
2010-03-20,0.0
2010-03-21,0.0
2010-03-22,0.0
2010-03-23,0.0
2010-03-24,0.0
2010-03-25,0.0
2010-03-26,0.0
2010-03-27,0.0
2010-03-28,0.0
2010-03-29,0.0
2010-03-30,0.0
2010-03-31,0.0
2010-04-01,0.0
2010-04-02,0.0
2010-04-03,0.0
2010-04-04,0.0
2010-04-05,0.0
2010-04-06,0.0
2010-04-07,0.0
2010-04-08,0.0
2010-04-09,0.0
2010-04-10,0.0
2010-04-11,0.0
2010-04-12,0.0
2010-04-13,0.0
2010-04-14,0.0
2010-04-15,0.0
2010-04-16,0.0
2010-04-17,0.0
2010-04-18,0.0
2010-04-19,0.0
2010-04-20,0.0
2010-04-21,0.0
2010-04-22,0.0
2010-04-23,0.0
2010-04-24,0.0
2010-04-25,0.0
2010-04-26,0.0
2010-04-27,0.0
2010-04-28,0.0
2010-04-29,0.0
2010-04-30,0.0
2010-05-01,0.542
2010-05-02,0.542
2010-05-03,0.542
2010-05-04,0.542
2010-05-05,0.542
2010-05-06,5.356103448275862
2010-05-07,23.453953757225424
2010-05-08,6.68497649986177
2010-05-09,12.04964335084325
2010-05-10,3.292817589309891
2010-05-11,5.637243631967052
2010-05-12,16.398759883993126
2010-05-13,12.465906601852211
2010-05-14,11.00685720437966
2010-05-15,9.483987490448023
2010-05-16,5.950208808045887
2010-05-17,17.23453373891111
2010-05-18,10.199882896764255
2010-05-19,15.01304347256264
2010-05-20,55.002813599297255
2010-05-21,102.6343713712657
2010-05-22,182.64353038556015
2010-05-23,316.0217447339025
2010-05-24,423.9627290164916
2010-05-25,505.7009385619127
2010-05-26,628.1402552338111
2010-05-27,763.9927178629043
2010-05-28,1102.9752808547466
2010-05-29,1237.107203077426
2010-05-30,1194.8600870361413
2010-05-31,836.9920406523422
2010-06-01,923.3094296273814
2010-06-02,716.2861460677453
2010-06-03,648.4896225708435
2010-06-04,606.9634585454735
2010-06-05,582.2518750277424
2010-06-06,543.7009348407919
2010-06-07,475.8793024956525
2010-06-08,427.39005864520016
2010-06-09,431.82870535093866
2010-06-10,390.832799312303
2010-06-11,348.64663616342955
2010-06-12,312.9366192267277
2010-06-13,309.3343045467743
2010-06-14,300.33637422530296
2010-06-15,302.1617069763416
2010-06-16,279.7590005984737
2010-06-17,275.3739856829012
2010-06-18,256.4981555807439
2010-06-19,234.82326604579373
2010-06-20,225.45179552869314
2010-06-21,209.1260861432676
2010-06-22,135.03082673857384
2010-06-23,123.85236131024281
2010-06-24,114.20404596461916
2010-06-25,101.13151325370576
2010-06-26,90.45457591200267
2010-06-27,81.18817554920139
2010-06-28,71.38815943733576
2010-06-29,64.67139962246863
2010-06-30,61.11013665465726
2010-07-01,59.23222834331876
2010-07-02,65.78826125330978
2010-07-03,74.22834761268601
2010-07-04,78.83999437468478
2010-07-05,77.67510205962466
2010-07-06,74.33370941072498
2010-07-07,68.45046156760552
2010-07-08,60.493151212028096
2010-07-09,53.831366076349056
2010-07-10,48.618320285119864
2010-07-11,49.629236694985586
2010-07-12,53.7836470174942
2010-07-13,62.28473412399169
2010-07-14,90.77937524727312
2010-07-15,117.0324197449199
2010-07-16,111.01518524962523
2010-07-17,100.76692541084303
2010-07-18,84.35579457303966
2010-07-19,78.87915604893777
2010-07-20,52.00525602709972
2010-07-21,47.629119687592585
2010-07-22,44.894520598982396
2010-07-23,48.220042457652205
2010-07-24,72.21631555619051
2010-07-25,73.15652397253992
2010-07-26,45.80954576585376
2010-07-27,39.98325157324018
2010-07-28,35.69156891976995
2010-07-29,34.8483825449644
2010-07-30,33.47427023931411
2010-07-31,30.880259806578355
2010-08-01,28.23427735355573
2010-08-02,28.049546912257828
2010-08-03,85.21349017007418
2010-08-04,160.21516459839762
2010-08-05,159.4892600290824
2010-08-06,146.78383833742495
2010-08-07,162.78940827871318
2010-08-08,175.89879576186885
2010-08-09,171.5068590649899
2010-08-10,160.9713052322195
2010-08-11,151.0968927387603
2010-08-12,132.8518686200148
2010-08-13,104.21463335432313
2010-08-14,101.30475542686382
2010-08-15,108.74857994093294
2010-08-16,108.78491343239925
2010-08-17,88.37505674235524
2010-08-18,83.63884106240222
2010-08-19,43.4558658615484
2010-08-20,41.04284379178993
2010-08-21,44.372640110503966
2010-08-22,131.0072654772404
2010-08-23,177.00869061836306
2010-08-24,199.29004966158038
2010-08-25,254.83297815854007
2010-08-26,261.9519354176292
2010-08-27,225.1350596896803
2010-08-28,219.04596894866137
2010-08-29,218.81574366278147
2010-08-30,190.25215534891925
2010-08-31,172.14295162396905
2010-09-01,176.06927232094125
2010-09-02,188.15392152206095
2010-09-03,176.79146748018616
2010-09-04,153.25626743726576
2010-09-05,152.6004693339781
2010-09-06,181.4774551737499
2010-09-07,208.85506901475497
2010-09-08,207.5328245173442
2010-09-09,183.5616849842027
2010-09-10,173.9000445294533
2010-09-11,206.20863868780057
2010-09-12,263.8173493076732
2010-09-13,303.8690711657637
2010-09-14,344.1319405037178
2010-09-15,362.0886868726294
2010-09-16,353.8005573172816
2010-09-17,365.10077942420963
2010-09-18,467.02864086945135
2010-09-19,430.3167106918819
2010-09-20,436.18270979316276
2010-09-21,452.38097462193855
2010-09-22,438.34610124471214
2010-09-23,435.28313431929075
2010-09-24,410.4353915838849
2010-09-25,384.5173066199623
2010-09-26,362.45818944868864
2010-09-27,335.61210114145405
2010-09-28,309.886320654829
2010-09-29,255.60956057411488
2010-09-30,238.66563902787442
2010-10-01,172.890625
2010-10-02,160.875
2010-10-03,150.296875
2010-10-04,135.875
2010-10-05,122.796875
2010-10-06,111.7578125
2010-10-07,102.0234375
2010-10-08,93.4765625
2010-10-09,86.1875
2010-10-10,78.7265625
2010-10-11,71.6484375
2010-10-12,65.21875
2010-10-13,59.296875
2010-10-14,53.765625
2010-10-15,48.7109375
2010-10-16,43.9375
2010-10-17,39.5234375
2010-10-18,35.5078125
2010-10-19,31.78125
2010-10-20,28.28125
2010-10-21,25.109375
2010-10-22,22.2109375
2010-10-23,19.4609375
2010-10-24,16.875
2010-10-25,14.5234375
2010-10-26,12.421875
2010-10-27,10.4609375
2010-10-28,8.609375
2010-10-29,6.9375
2010-10-30,5.46875
2010-10-31,4.2265625
2010-11-01,3.21875
2010-11-02,2.421875
2010-11-03,1.78125
2010-11-04,1.296875
2010-11-05,0.953125
2010-11-06,0.7109375
2010-11-07,0.546875
2010-11-08,0.4296875
2010-11-09,0.3359375
2010-11-10,0.265625
2010-11-11,0.21875
2010-11-12,0.171875
2010-11-13,0.140625
2010-11-14,0.11718750000000001
2010-11-15,0.09375
2010-11-16,0.078125
2010-11-17,0.05468749999999999
2010-11-18,0.046875
2010-11-19,0.0390625
2010-11-20,0.03125
2010-11-21,0.0234375
2010-11-22,0.015625
2010-11-23,0.015625
2010-11-24,0.015625
2010-11-25,0.007812500000000002
2010-11-26,0.007812500000000002
2010-11-27,0.007812500000000002
2010-11-28,0.007812500000000002
2010-11-29,0.007812500000000002
2010-11-30,0.007812500000000002
2010-12-01,0.0
2010-12-02,0.0
2010-12-03,0.0
2010-12-04,0.0
2010-12-05,0.0
2010-12-06,0.0
2010-12-07,0.0
2010-12-08,0.0
2010-12-09,0.0
2010-12-10,0.0
2010-12-11,0.0
2010-12-12,0.0
2010-12-13,0.0
2010-12-14,0.0
2010-12-15,0.0
2010-12-16,0.0
2010-12-17,0.0
2010-12-18,0.0
2010-12-19,0.0
2010-12-20,0.0
2010-12-21,0.0
2010-12-22,0.0
2010-12-23,0.0
2010-12-24,0.0
2010-12-25,0.0
2010-12-26,0.0
2010-12-27,0.0
2010-12-28,0.0
2010-12-29,0.0
2010-12-30,0.0
2010-12-31,0.0
2011-01-01,0.0
2011-01-02,0.0
2011-01-03,0.0
2011-01-04,0.0
2011-01-05,0.0
2011-01-06,0.0
2011-01-07,0.0
2011-01-08,0.0
2011-01-09,0.0
2011-01-10,0.0
2011-01-11,0.0
2011-01-12,0.0
2011-01-13,0.0
2011-01-14,0.0
2011-01-15,0.0
2011-01-16,0.0
2011-01-17,0.0
2011-01-18,0.0
2011-01-19,0.0
2011-01-20,0.0
2011-01-21,0.0
2011-01-22,0.0
2011-01-23,0.0
2011-01-24,0.0
2011-01-25,0.0
2011-01-26,0.0
2011-01-27,0.0
2011-01-28,0.0
2011-01-29,0.0
2011-01-30,0.0
2011-01-31,0.0
2011-02-01,0.0
2011-02-02,0.0
2011-02-03,0.0
2011-02-04,0.0
2011-02-05,0.0
2011-02-06,0.0
2011-02-07,0.0
2011-02-08,0.0
2011-02-09,0.0
2011-02-10,0.0
2011-02-11,0.0
2011-02-12,0.0
2011-02-13,0.0
2011-02-14,0.0
2011-02-15,0.0
2011-02-16,0.0
2011-02-17,0.0
2011-02-18,0.0
2011-02-19,0.0
2011-02-20,0.0
2011-02-21,0.0
2011-02-22,0.0
2011-02-23,0.0
2011-02-24,0.0
2011-02-25,0.0
2011-02-26,0.0
2011-02-27,0.0
2011-02-28,0.0
2011-03-01,0.0
2011-03-02,0.0
2011-03-03,0.0
2011-03-04,0.0
2011-03-05,0.0
2011-03-06,0.0
2011-03-07,0.0
2011-03-08,0.0
2011-03-09,0.0
2011-03-10,0.0
2011-03-11,0.0
2011-03-12,0.0
2011-03-13,0.0
2011-03-14,0.0
2011-03-15,0.0
2011-03-16,0.0
2011-03-17,0.0
2011-03-18,0.0
2011-03-19,0.0
2011-03-20,0.0
2011-03-21,0.0
2011-03-22,0.0
2011-03-23,0.0
2011-03-24,0.0
2011-03-25,0.0
2011-03-26,0.0
2011-03-27,0.0
2011-03-28,0.0
2011-03-29,0.0
2011-03-30,0.0
2011-03-31,0.0
2011-04-01,0.0
2011-04-02,0.0
2011-04-03,0.0
2011-04-04,0.0
2011-04-05,0.0
2011-04-06,0.0
2011-04-07,0.0
2011-04-08,0.0
2011-04-09,0.0
2011-04-10,0.0
2011-04-11,0.0
2011-04-12,0.0
2011-04-13,0.0
2011-04-14,0.0
2011-04-15,0.0
2011-04-16,0.0
2011-04-17,0.0
2011-04-18,0.0
2011-04-19,0.0
2011-04-20,0.0
2011-04-21,0.0
2011-04-22,0.0
2011-04-23,0.0
2011-04-24,0.0
2011-04-25,0.0
2011-04-26,0.0
2011-04-27,0.0
2011-04-28,0.0
2011-04-29,0.0
2011-04-30,0.0
2011-05-01,0.5419999999999999
2011-05-02,0.542
2011-05-03,0.542
2011-05-04,0.542
2011-05-05,0.5420000000000001
2011-05-06,0.542
2011-05-07,0.5420000000000001
2011-05-08,0.5420000000000001
2011-05-09,0.5420000000000001
2011-05-10,0.542
2011-05-11,0.542
2011-05-12,0.6
2011-05-13,0.6
2011-05-14,0.6000000000000001
2011-05-15,0.6000000000000001
2011-05-16,0.6
2011-05-17,0.5129999999999999
2011-05-18,0.513
2011-05-19,0.5129999999999999
2011-05-20,0.513
2011-05-21,0.4547619047619051
2011-05-22,1.0621212121212116
2011-05-23,9.842424242424238
2011-05-24,1.5665726050623714
2011-05-25,2.31792403090113
2011-05-26,3.243769688984733
2011-05-27,8.505228218318953
2011-05-28,22.516483215154427
2011-05-29,79.73011055423122
2011-05-30,255.645953926334
2011-05-31,344.6850922469724
2011-06-01,385.5234928535358
2011-06-02,373.80024877167443
2011-06-03,406.04583807282984
2011-06-04,416.825458016632
2011-06-05,369.32248993298566
2011-06-06,431.9696888185865
2011-06-07,424.7927864479231
2011-06-08,424.02566555311915
2011-06-09,503.6130683136662
2011-06-10,550.9481157108914
2011-06-11,617.6343024239621
2011-06-12,764.7252328136647
2011-06-13,971.5828429042948
2011-06-14,983.5227285966712
2011-06-15,981.4264126535306
2011-06-16,957.6022907381293
2011-06-17,829.7784115483955
2011-06-18,786.1880936566602
2011-06-19,712.5284755367938
2011-06-20,673.1061599505355
2011-06-21,619.4380909016546
2011-06-22,579.3697336144328
2011-06-23,544.0774692670492
2011-06-24,485.9894833698909
2011-06-25,418.3476023269149
2011-06-26,385.68322370602465
2011-06-27,387.31915946425005
2011-06-28,371.64052486220896
2011-06-29,347.9009383344757
2011-06-30,324.99194085960335
2011-07-01,311.549759677445
2011-07-02,327.27275532599685
2011-07-03,326.13323424536566
2011-07-04,308.68235692332195
2011-07-05,287.66051075586114
2011-07-06,255.95868050579253
2011-07-07,238.99548414736338
2011-07-08,214.56541631066398
2011-07-09,165.14452398548457
2011-07-10,150.48588838030236
2011-07-11,128.94600404813056
2011-07-12,129.86900309490963
2011-07-13,157.16487665217838
2011-07-14,149.89769052420874
2011-07-15,131.62577735954923
2011-07-16,131.0583081723663
2011-07-17,166.09904339014142
2011-07-18,169.73105691974058
2011-07-19,147.0493333620871
2011-07-20,128.27898093181543
2011-07-21,119.93042685383486
2011-07-22,118.61836788487985
2011-07-23,118.56667134579267
2011-07-24,128.34323691541698
2011-07-25,163.15011388848944
2011-07-26,165.43217427353025
2011-07-27,165.57561708802973
2011-07-28,176.5913407276942
2011-07-29,154.42459069600676
2011-07-30,134.7966130066446
2011-07-31,149.66782857398226
2011-08-01,165.00061872169712
2011-08-02,141.81128325886266
2011-08-03,141.78426874665408
2011-08-04,141.99407349913983
2011-08-05,126.62096537976056
2011-08-06,116.71840516915807
2011-08-07,95.12082133436289
2011-08-08,78.84845379633794
2011-08-09,79.8372722448616
2011-08-10,98.29092700051054
2011-08-11,166.7957443825729
2011-08-12,239.95564790413005
2011-08-13,244.844010096092
2011-08-14,223.47054794169767
2011-08-15,223.04263175496985
2011-08-16,251.33614196371835
2011-08-17,353.7996644796283
2011-08-18,364.7065086703409
2011-08-19,356.07381921721196
2011-08-20,273.9961995956063
2011-08-21,258.4146059277739
2011-08-22,231.6844306452223
2011-08-23,221.9351566321062
2011-08-24,205.25634536825666
2011-08-25,199.3267199897285
2011-08-26,199.7276157493463
2011-08-27,189.20237754302744
2011-08-28,166.44883913096058
2011-08-29,157.50811957221723
2011-08-30,142.79990211246334
2011-08-31,155.6877015477363
2011-09-01,194.00255322232348
2011-09-02,228.4586215926982
2011-09-03,261.800608435711
2011-09-04,273.53800046166765
2011-09-05,260.2963080357971
2011-09-06,239.0846467006952
2011-09-07,223.54300725105688
2011-09-08,208.959876785434
2011-09-09,207.2482364648022
2011-09-10,224.95063113258715
2011-09-11,278.13942962118466
2011-09-12,513.5712635216263
2011-09-13,610.7316461935171
2011-09-14,635.8297213833612
2011-09-15,616.3705995093387
2011-09-16,584.9303921729231
2011-09-17,560.8194718800933
2011-09-18,526.4654291272167
2011-09-19,450.4491417548377
2011-09-20,427.5381813133337
2011-09-21,397.07774977451635
2011-09-22,340.03189833211985
2011-09-23,288.23003882307336
2011-09-24,264.52598961358024
2011-09-25,238.53969307936396
2011-09-26,224.7886034070329
2011-09-27,212.61582369313734
2011-09-28,193.85681341253886
2011-09-29,172.98512996683425
2011-09-30,163.79232703852043
2011-10-01,120.2421875
2011-10-02,110.0859375
2011-10-03,100.765625
2011-10-04,92.21875
2011-10-05,84.1796875
2011-10-06,76.6875
2011-10-07,69.859375
2011-10-08,63.59375
2011-10-09,57.828125
2011-10-10,52.5859375
2011-10-11,47.546875
2011-10-12,42.8203125
2011-10-13,38.515625
2011-10-14,34.6328125
2011-10-15,31.0234375
2011-10-16,27.6640625
2011-10-17,24.5625
2011-10-18,21.6875
2011-10-19,19.0078125
2011-10-20,16.53125
2011-10-21,14.2578125
2011-10-22,12.1796875
2011-10-23,10.28125
2011-10-24,8.5546875
2011-10-25,7.0078125
2011-10-26,5.625
2011-10-27,4.3984375
2011-10-28,3.328125
2011-10-29,2.4375
2011-10-30,1.7265625
2011-10-31,1.203125
2011-11-01,0.8359375
2011-11-02,0.5859375
2011-11-03,0.4140625
2011-11-04,0.296875
2011-11-05,0.2265625
2011-11-06,0.171875
2011-11-07,0.140625
2011-11-08,0.11718750000000001
2011-11-09,0.09375
2011-11-10,0.078125
2011-11-11,0.0703125
2011-11-12,0.05468749999999999
2011-11-13,0.046875
2011-11-14,0.0390625
2011-11-15,0.03125
2011-11-16,0.03125
2011-11-17,0.0234375
2011-11-18,0.015625
2011-11-19,0.015625
2011-11-20,0.015625
2011-11-21,0.007812500000000002
2011-11-22,0.007812500000000002
2011-11-23,0.007812500000000002
2011-11-24,0.007812500000000002
2011-11-25,0.007812500000000002
2011-11-26,0.0
2011-11-27,0.0
2011-11-28,0.0
2011-11-29,0.0
2011-11-30,0.0
2011-12-01,0.0
2011-12-02,0.0
2011-12-03,0.0
2011-12-04,0.0
2011-12-05,0.0
2011-12-06,0.0
2011-12-07,0.0
2011-12-08,0.0
2011-12-09,0.0
2011-12-10,0.0
2011-12-11,0.0
2011-12-12,0.0
2011-12-13,0.0
2011-12-14,0.0
2011-12-15,0.0
2011-12-16,0.0
2011-12-17,0.0
2011-12-18,0.0
2011-12-19,0.0
2011-12-20,0.0
2011-12-21,0.0
2011-12-22,0.0
2011-12-23,0.0
2011-12-24,0.0
2011-12-25,0.0
2011-12-26,0.0
2011-12-27,0.0
2011-12-28,0.0
2011-12-29,0.0
2011-12-30,0.0
2011-12-31,0.0
2012-01-01,0.0
2012-01-02,0.0
2012-01-03,0.0
2012-01-04,0.0
2012-01-05,0.0
2012-01-06,0.0
2012-01-07,0.0
2012-01-08,0.0
2012-01-09,0.0
2012-01-10,0.0
2012-01-11,0.0
2012-01-12,0.0
2012-01-13,0.0
2012-01-14,0.0
2012-01-15,0.0
2012-01-16,0.0
2012-01-17,0.0
2012-01-18,0.0
2012-01-19,0.0
2012-01-20,0.0
2012-01-21,0.0
2012-01-22,0.0
2012-01-23,0.0
2012-01-24,0.0
2012-01-25,0.0
2012-01-26,0.0
2012-01-27,0.0
2012-01-28,0.0
2012-01-29,0.0
2012-01-30,0.0
2012-01-31,0.0
2012-02-01,0.0
2012-02-02,0.0
2012-02-03,0.0
2012-02-04,0.0
2012-02-05,0.0
2012-02-06,0.0
2012-02-07,0.0
2012-02-08,0.0
2012-02-09,0.0
2012-02-10,0.0
2012-02-11,0.0
2012-02-12,0.0
2012-02-13,0.0
2012-02-14,0.0
2012-02-15,0.0
2012-02-16,0.0
2012-02-17,0.0
2012-02-18,0.0
2012-02-19,0.0
2012-02-20,0.0
2012-02-21,0.0
2012-02-22,0.0
2012-02-23,0.0
2012-02-24,0.0
2012-02-25,0.0
2012-02-26,0.0
2012-02-27,0.0
2012-02-28,0.0
2012-02-29,0.0
2012-03-01,0.0
2012-03-02,0.0
2012-03-03,0.0
2012-03-04,0.0
2012-03-05,0.0
2012-03-06,0.0
2012-03-07,0.0
2012-03-08,0.0
2012-03-09,0.0
2012-03-10,0.0
2012-03-11,0.0
2012-03-12,0.0
2012-03-13,0.0
2012-03-14,0.0
2012-03-15,0.0
2012-03-16,0.0
2012-03-17,0.0
2012-03-18,0.0
2012-03-19,0.0
2012-03-20,0.0
2012-03-21,0.0
2012-03-22,0.0
2012-03-23,0.0
2012-03-24,0.0
2012-03-25,0.0
2012-03-26,0.0
2012-03-27,0.0
2012-03-28,0.0
2012-03-29,0.0
2012-03-30,0.0
2012-03-31,0.0
2012-04-01,0.0
2012-04-02,0.0
2012-04-03,0.0
2012-04-04,0.0
2012-04-05,0.0
2012-04-06,0.0
2012-04-07,0.0
2012-04-08,0.0
2012-04-09,0.0
2012-04-10,0.0
2012-04-11,0.0
2012-04-12,0.0
2012-04-13,0.0
2012-04-14,0.0
2012-04-15,0.0
2012-04-16,0.0
2012-04-17,0.0
2012-04-18,0.0
2012-04-19,0.0
2012-04-20,0.0
2012-04-21,0.0
2012-04-22,0.0
2012-04-23,0.0
2012-04-24,0.0
2012-04-25,0.0
2012-04-26,0.0
2012-04-27,0.0
2012-04-28,0.0
2012-04-29,0.0
2012-04-30,0.03125
2012-05-01,2.293260115606936
2012-05-02,10.025052023121386
2012-05-03,17.960312138728316
2012-05-04,19.791526011560684
2012-05-05,17.75684393063583
2012-05-06,14.908289017341032
2012-05-07,12.466670520231208
2012-05-08,10.025052023121388
2012-05-09,7.379965317919071
2012-05-10,10.838924855491328
2012-05-11,7.6310151238401405
2012-05-12,11.094880611792664
2012-05-13,10.17006697378209
2012-05-14,9.205069764809103
2012-05-15,5.788888386894006
2012-05-16,16.422223515211876
2012-05-17,8.832369008071701
2012-05-18,11.781617934234173
2012-05-19,8.62252557918337
2012-05-20,26.36103417108476
2012-05-21,29.227979827020295
2012-05-22,36.917788280211894
2012-05-23,40.143144242904384
2012-05-24,106.59397631421999
2012-05-25,118.78584705488475
2012-05-26,219.6842201381832
2012-05-27,392.3605338884992
2012-05-28,473.90134417192604
2012-05-29,474.5717568193237
2012-05-30,624.4794594774679
2012-05-31,755.8127057131968
2012-06-01,727.7577835258917
2012-06-02,689.1462553741251
2012-06-03,646.5141770542208
2012-06-04,617.8129671832404
2012-06-05,586.5714928859472
2012-06-06,566.5259381951223
2012-06-07,563.7527996072015
2012-06-08,581.2025822954276
2012-06-09,574.2977573554882
2012-06-10,574.2748792623144
2012-06-11,572.8820194199266
2012-06-12,570.9490399255009
2012-06-13,569.3789905495207
2012-06-14,531.1114455980062
2012-06-15,500.95005308641197
2012-06-16,421.9458411879612
2012-06-17,367.8552120091333
2012-06-18,339.7744312928122
2012-06-19,296.6137347154579
2012-06-20,287.1775938629625
2012-06-21,266.17056286545375
2012-06-22,225.8414647496715
2012-06-23,206.1811841652776
2012-06-24,239.26648671879278
2012-06-25,187.700915267291
2012-06-26,166.17427045838537
2012-06-27,158.363614691798
2012-06-28,153.45311020415892
2012-06-29,148.473405086604
2012-06-30,149.06470483018427
2012-07-01,153.093122461257
2012-07-02,140.56061379486803
2012-07-03,135.0641806746977
2012-07-04,154.90830155619895
2012-07-05,120.46645885253228
2012-07-06,113.20647505668624
2012-07-07,104.97347448389391
2012-07-08,98.64866318420933
2012-07-09,83.5496790176568
2012-07-10,75.40370805362808
2012-07-11,69.71381996289874
2012-07-12,65.99426810782813
2012-07-13,60.7353657680785
2012-07-14,60.29079767653135
2012-07-15,57.84392062843264
2012-07-16,54.02831726174623
2012-07-17,77.54638981484369
2012-07-18,81.20222743527295
2012-07-19,82.22560152561356
2012-07-20,82.41827414379787
2012-07-21,78.16177185570123
2012-07-22,74.32886295296414
2012-07-23,78.53770069342946
2012-07-24,96.24344868737765
2012-07-25,131.37948130211612
2012-07-26,176.31517265337664
2012-07-27,163.92158373267665
2012-07-28,157.81987830185892
2012-07-29,152.29693857086843
2012-07-30,135.23160893729568
2012-07-31,125.4093746439599
2012-08-01,118.39936714737634
2012-08-02,127.41859024351504
2012-08-03,139.9690387964719
2012-08-04,125.66968795635435
2012-08-05,115.64405732217281
2012-08-06,95.58296944431888
2012-08-07,79.75069720884676
2012-08-08,76.42086617841258
2012-08-09,81.29675550988192
2012-08-10,118.02863043897393
2012-08-11,121.19008861120871
2012-08-12,106.41442936221672
2012-08-13,125.7976220203044
2012-08-14,142.74349962905814
2012-08-15,167.4508608252071
2012-08-16,209.6679968932322
2012-08-17,213.56617583278353
2012-08-18,196.3780146221384
2012-08-19,183.44254302319737
2012-08-20,171.38047503756087
2012-08-21,187.7265696195715
2012-08-22,219.73882580553405
2012-08-23,230.04809285739879
2012-08-24,235.81846505912753
2012-08-25,261.23654320036957
2012-08-26,229.49621790139938
2012-08-27,213.51896054296827
2012-08-28,222.94989200833203
2012-08-29,233.3749645558103
2012-08-30,224.79717236618282
2012-08-31,197.81118496907314
2012-09-01,190.80408333314023
2012-09-02,175.0660984610223
2012-09-03,150.29713450094
2012-09-04,144.46364083824798
2012-09-05,134.41809898978906
2012-09-06,123.3178498460578
2012-09-07,110.91309573514422
2012-09-08,103.14125164491149
2012-09-09,95.76635303145027
2012-09-10,93.3153072548707
2012-09-11,97.7970450398142
2012-09-12,102.1084773475568
2012-09-13,99.78690834173284
2012-09-14,93.98107982294336
2012-09-15,88.74903531124863
2012-09-16,77.35530765401138
2012-09-17,69.306655758394
2012-09-18,49.53925435955607
2012-09-19,44.19637638130255
2012-09-20,39.98466579555948
2012-09-21,37.03572931079721
2012-09-22,34.0254280103394
2012-09-23,36.24415425955345
2012-09-24,33.445917889478615
2012-09-25,28.666675339429435
2012-09-26,25.546791074817413
2012-09-27,22.774154016237993
2012-09-28,21.005237902894034
2012-09-29,19.29256636514979
2012-09-30,18.579247483810565
2012-10-01,17.1796875
2012-10-02,16.609375
2012-10-03,15.0703125
2012-10-04,13.2109375
2012-10-05,11.3203125
2012-10-06,9.5390625
2012-10-07,8.0234375
2012-10-08,6.734375
2012-10-09,5.6484375
2012-10-10,4.7421875
2012-10-11,3.9609375
2012-10-12,3.2734375
2012-10-13,2.71875
2012-10-14,2.2421875
2012-10-15,1.859375
2012-10-16,1.5234375
2012-10-17,1.2421875
2012-10-18,1.0078125
2012-10-19,0.796875
2012-10-20,0.625
2012-10-21,0.484375
2012-10-22,0.359375
2012-10-23,0.265625
2012-10-24,0.1875
2012-10-25,0.1875
2012-10-26,0.6484375
2012-10-27,2.9296875
2012-10-28,8.3515625
2012-10-29,11.7734375
2012-10-30,11.78125
2012-10-31,10.671875
2012-11-01,9.359375
2012-11-02,8.1171875
2012-11-03,7.0
2012-11-04,6.0078125
2012-11-05,5.125
2012-11-06,4.34375
2012-11-07,3.6484375
2012-11-08,3.046875
2012-11-09,2.515625
2012-11-10,2.0546875
2012-11-11,1.6796875
2012-11-12,1.359375
2012-11-13,1.09375
2012-11-14,0.859375
2012-11-15,0.6796875
2012-11-16,0.53125
2012-11-17,0.4140625
2012-11-18,0.3203125
2012-11-19,0.25
2012-11-20,0.1953125
2012-11-21,0.1484375
2012-11-22,0.11718750000000001
2012-11-23,0.09375
2012-11-24,0.078125
2012-11-25,0.06249999999999999
2012-11-26,0.046875
2012-11-27,0.0390625
2012-11-28,0.03125
2012-11-29,0.0234375
2012-11-30,0.015625
2012-12-01,0.015625
2012-12-02,0.015625
2012-12-03,0.007812500000000002
2012-12-04,0.007812500000000002
2012-12-05,0.007812500000000002
2012-12-06,0.007812500000000002
2012-12-07,0.007812500000000002
2012-12-08,0.0
2012-12-09,0.0
2012-12-10,0.0
2012-12-11,0.0
2012-12-12,0.0
2012-12-13,0.0
2012-12-14,0.0
2012-12-15,0.0
2012-12-16,0.0
2012-12-17,0.0
2012-12-18,0.0
2012-12-19,0.0
2012-12-20,0.0
2012-12-21,0.0
2012-12-22,0.0
2012-12-23,0.0
2012-12-24,0.0
2012-12-25,0.0
2012-12-26,0.0
2012-12-27,0.0
2012-12-28,0.0
2012-12-29,0.0
2012-12-30,0.0
2012-12-31,0.0
2013-01-01,0.0
2013-01-02,0.0
2013-01-03,0.0
2013-01-04,0.0
2013-01-05,0.0
2013-01-06,0.0
2013-01-07,0.0
2013-01-08,0.0
2013-01-09,0.0
2013-01-10,0.0
2013-01-11,0.0
2013-01-12,0.0
2013-01-13,0.0
2013-01-14,0.0
2013-01-15,0.0
2013-01-16,0.0
2013-01-17,0.0
2013-01-18,0.0
2013-01-19,0.0
2013-01-20,0.0
2013-01-21,0.0
2013-01-22,0.0
2013-01-23,0.0
2013-01-24,0.0
2013-01-25,0.0
2013-01-26,0.0
2013-01-27,0.0
2013-01-28,0.0
2013-01-29,0.0
2013-01-30,0.0
2013-01-31,0.0
2013-02-01,0.0
2013-02-02,0.0
2013-02-03,0.0
2013-02-04,0.0
2013-02-05,0.0
2013-02-06,0.0
2013-02-07,0.0
2013-02-08,0.0
2013-02-09,0.0
2013-02-10,0.0
2013-02-11,0.0
2013-02-12,0.0
2013-02-13,0.0
2013-02-14,0.0
2013-02-15,0.0
2013-02-16,0.0
2013-02-17,0.0
2013-02-18,0.0
2013-02-19,0.0
2013-02-20,0.0
2013-02-21,0.0
2013-02-22,0.0
2013-02-23,0.0
2013-02-24,0.0
2013-02-25,0.0
2013-02-26,0.0
2013-02-27,0.0
2013-02-28,0.0
2013-03-01,0.0
2013-03-02,0.0
2013-03-03,0.0
2013-03-04,0.0
2013-03-05,0.0
2013-03-06,0.0
2013-03-07,0.0
2013-03-08,0.0
2013-03-09,0.0
2013-03-10,0.0
2013-03-11,0.0
2013-03-12,0.0
2013-03-13,0.0
2013-03-14,0.0
2013-03-15,0.0
2013-03-16,0.0
2013-03-17,0.0
2013-03-18,0.0
2013-03-19,0.0
2013-03-20,0.0
2013-03-21,0.0
2013-03-22,0.0
2013-03-23,0.0
2013-03-24,0.0
2013-03-25,0.0
2013-03-26,0.0
2013-03-27,0.0
2013-03-28,0.0
2013-03-29,0.0
2013-03-30,0.0
2013-03-31,0.0
2013-04-01,0.0
2013-04-02,0.0
2013-04-03,0.0
2013-04-04,0.0
2013-04-05,0.0
2013-04-06,0.0
2013-04-07,0.0
2013-04-08,0.0
2013-04-09,0.0
2013-04-10,0.0
2013-04-11,0.0
2013-04-12,0.0
2013-04-13,0.0
2013-04-14,0.0
2013-04-15,0.0
2013-04-16,0.0
2013-04-17,0.0
2013-04-18,0.0
2013-04-19,0.0
2013-04-20,0.0
2013-04-21,0.0
2013-04-22,0.0
2013-04-23,0.0
2013-04-24,0.0
2013-04-25,0.09375
2013-04-26,3.4375
2013-04-27,11.03125
2013-04-28,14.34375
2013-04-29,14.0625
2013-04-30,14.15625
2013-05-01,7.211863422726019
2013-05-02,6.589178877522813
2013-05-03,5.998426873099257
2013-05-04,5.343809787116398
2013-05-05,4.705158971523365
2013-05-06,4.689192701133541
2013-05-07,5.774899087641697
2013-05-08,8.201772186895225
2013-05-09,12.448800110588895
2013-05-10,3.8083458290564915
2013-05-11,5.594282945321502
2013-05-12,15.310733821463867
2013-05-13,13.91971429120394
2013-05-14,14.045726989181361
2013-05-15,10.223863009965743
2013-05-16,9.966543696116569
2013-05-17,103.00564118105463
2013-05-18,81.34713754130685
2013-05-19,40.142317813449175
2013-05-20,56.19565214775358
2013-05-21,33.608089899766625
2013-05-22,28.104607715291966
2013-05-23,24.58091659556248
2013-05-24,22.920059697571855
2013-05-25,27.43135115244991
2013-05-26,33.024446470766826
2013-05-27,177.16623667479004
2013-05-28,260.58867689244704
2013-05-29,427.624592672344
2013-05-30,403.08111522662125
2013-05-31,536.3630495319429
2013-06-01,743.076380768631
2013-06-02,1032.7617753171671
2013-06-03,1343.7188334551342
2013-06-04,1459.57019604972
2013-06-05,1580.5401024288635
2013-06-06,1572.9727409598563
2013-06-07,1426.4949147809352
2013-06-08,1114.3369717051175
2013-06-09,1066.93124926519
2013-06-10,1026.3009227395044
2013-06-11,997.9501107742036
2013-06-12,865.2695117155813
2013-06-13,831.8588197324016
2013-06-14,761.1305121163495
2013-06-15,717.8049649664375
2013-06-16,686.7527951581599
2013-06-17,661.8965648878619
2013-06-18,614.4648546365029
2013-06-19,587.2086623476397
2013-06-20,545.3260639786328
2013-06-21,504.2850435442385
2013-06-22,485.5627301631826
2013-06-23,458.0552719496049
2013-06-24,427.4602341047903
2013-06-25,370.9240225963752
2013-06-26,348.74434810668095
2013-06-27,310.04900485794445
2013-06-28,304.9958651412413
2013-06-29,297.6721137566419
2013-06-30,291.170634438231
2013-07-01,279.9559285498719
2013-07-02,271.0199078715082
2013-07-03,250.3064531036459
2013-07-04,236.8334898827935
2013-07-05,222.97749363947165
2013-07-06,209.7137092016014
2013-07-07,196.5682447394495
2013-07-08,187.13292103366808
2013-07-09,157.07874805538395
2013-07-10,136.89232395885526
2013-07-11,100.358511617407
2013-07-12,97.6516972494802
2013-07-13,134.14242211616977
2013-07-14,172.041158055872
2013-07-15,175.21933438196396
2013-07-16,192.5257732315987
2013-07-17,204.32450618491183
2013-07-18,187.21377928642943
2013-07-19,168.34350631890294
2013-07-20,160.3800177800921
2013-07-21,143.30084368040048
2013-07-22,119.95143517277735
2013-07-23,96.19952947080644
2013-07-24,94.46127735004836
2013-07-25,92.14678339540039
2013-07-26,90.41488396368983
2013-07-27,96.06633728130315
2013-07-28,119.74276073056531
2013-07-29,136.9608212246132
2013-07-30,231.04908652670932
2013-07-31,358.80622082894035
2013-08-01,266.6494332770316
2013-08-02,267.1688454969586
2013-08-03,267.53343640814
2013-08-04,246.43221948303568
2013-08-05,225.3578558210373
2013-08-06,247.98105066740277
2013-08-07,262.984304058178
2013-08-08,250.87921876468928
2013-08-09,223.76347454122316
2013-08-10,195.2953351505174
2013-08-11,229.30262171071473
2013-08-12,252.46692721751967
2013-08-13,234.03308086532795
2013-08-14,201.2797250085289
2013-08-15,183.16179266161674
2013-08-16,165.01849099563307
2013-08-17,156.11114366282897
2013-08-18,136.08238351459508
2013-08-19,134.6708333691262
2013-08-20,178.80585929904208
2013-08-21,238.6486119799079
2013-08-22,274.58628936937816
2013-08-23,281.7212902705597
2013-08-24,346.99262371399936
2013-08-25,390.53611527734483
2013-08-26,718.7085699961104
2013-08-27,755.3961183748781
2013-08-28,742.5572351934303
2013-08-29,684.7702155020323
2013-08-30,408.9283980763217
2013-08-31,370.26059236555784
2013-09-01,295.231613580809
2013-09-02,272.1506388989272
2013-09-03,236.14454156156518
2013-09-04,211.01014994071767
2013-09-05,199.0353020495582
2013-09-06,175.97882303840808
2013-09-07,194.3052632914697
2013-09-08,227.75101864973294
2013-09-09,232.09129482790934
2013-09-10,236.60649129727332
2013-09-11,231.1712416358019
2013-09-12,212.06793695131677
2013-09-13,229.45311175785275
2013-09-14,273.5509293830038
2013-09-15,322.3725891071385
2013-09-16,345.30380912595183
2013-09-17,365.23276594015687
2013-09-18,377.03681815483003
2013-09-19,426.9052209325107
2013-09-20,435.63808132325397
2013-09-21,408.15682147447893
2013-09-22,349.0084125110956
2013-09-23,296.4998292784117
2013-09-24,272.23400685941544
2013-09-25,242.3853692928996
2013-09-26,219.42487197356957
2013-09-27,203.89688614421152
2013-09-28,190.22394093182783
2013-09-29,172.74124074168762
2013-09-30,163.50988035050494
2013-10-01,118.375
2013-10-02,107.9921875
2013-10-03,98.8046875
2013-10-04,90.296875
2013-10-05,82.2578125
2013-10-06,74.8671875
2013-10-07,68.28125
2013-10-08,62.1640625
2013-10-09,56.453125
2013-10-10,51.171875
2013-10-11,46.234375
2013-10-12,41.703125
2013-10-13,37.5546875
2013-10-14,33.71875
2013-10-15,30.15625
2013-10-16,26.8515625
2013-10-17,23.828125
2013-10-18,21.0
2013-10-19,18.3984375
2013-10-20,16.0078125
2013-10-21,13.78125
2013-10-22,11.7734375
2013-10-23,9.9609375
2013-10-24,8.3203125
2013-10-25,6.828125
2013-10-26,5.4765625
2013-10-27,4.2734375
2013-10-28,3.2265625
2013-10-29,2.375
2013-10-30,1.71875
2013-10-31,1.2421875
2013-11-01,0.90625
2013-11-02,0.6796875
2013-11-03,0.515625
2013-11-04,0.3984375
2013-11-05,0.3125
2013-11-06,0.2421875
2013-11-07,0.1875
2013-11-08,0.1484375
2013-11-09,0.125
2013-11-10,0.1015625
2013-11-11,0.0859375
2013-11-12,0.0703125
2013-11-13,0.05468749999999999
2013-11-14,0.046875
2013-11-15,0.046875
2013-11-16,0.03125
2013-11-17,0.03125
2013-11-18,0.03125
2013-11-19,0.015625
2013-11-20,0.015625
2013-11-21,0.015625
2013-11-22,0.015625
2013-11-23,0.015625
2013-11-24,0.015625
2013-11-25,0.015625
2013-11-26,0.0
2013-11-27,0.0
2013-11-28,0.0
2013-11-29,0.0
2013-11-30,0.0
2013-12-01,0.0
2013-12-02,0.0
2013-12-03,0.0
2013-12-04,0.0
2013-12-05,0.0
2013-12-06,0.0
2013-12-07,0.0
2013-12-08,0.0
2013-12-09,0.0
2013-12-10,0.0
2013-12-11,0.0
2013-12-12,0.0
2013-12-13,0.0
2013-12-14,0.0
2013-12-15,0.0
2013-12-16,0.0
2013-12-17,0.0
2013-12-18,0.0
2013-12-19,0.0
2013-12-20,0.0
2013-12-21,0.0
2013-12-22,0.0
2013-12-23,0.0
2013-12-24,0.0
2013-12-25,0.0
2013-12-26,0.0
2013-12-27,0.0
2013-12-28,0.0
2013-12-29,0.0
2013-12-30,0.0
2013-12-31,0.0
2014-01-01,0.0
2014-01-02,0.0
2014-01-03,0.0
2014-01-04,0.0
2014-01-05,0.0
2014-01-06,0.0
2014-01-07,0.0
2014-01-08,0.0
2014-01-09,0.0
2014-01-10,0.0
2014-01-11,0.0
2014-01-12,0.0
2014-01-13,0.0
2014-01-14,0.0
2014-01-15,0.0
2014-01-16,0.0
2014-01-17,0.0
2014-01-18,0.0
2014-01-19,0.0
2014-01-20,0.0
2014-01-21,0.0
2014-01-22,0.0
2014-01-23,0.0
2014-01-24,0.0
2014-01-25,0.0
2014-01-26,0.0
2014-01-27,0.0
2014-01-28,0.0
2014-01-29,0.0
2014-01-30,0.0
2014-01-31,0.0
2014-02-01,0.0
2014-02-02,0.0
2014-02-03,0.0
2014-02-04,0.0
2014-02-05,0.0
2014-02-06,0.0
2014-02-07,0.0
2014-02-08,0.0
2014-02-09,0.0
2014-02-10,0.0
2014-02-11,0.0
2014-02-12,0.0
2014-02-13,0.0
2014-02-14,0.0
2014-02-15,0.0
2014-02-16,0.0
2014-02-17,0.0
2014-02-18,0.0
2014-02-19,0.0
2014-02-20,0.0
2014-02-21,0.0
2014-02-22,0.0
2014-02-23,0.0
2014-02-24,0.0
2014-02-25,0.0
2014-02-26,0.0
2014-02-27,0.0
2014-02-28,0.0
2014-03-01,0.0
2014-03-02,0.0
2014-03-03,0.0
2014-03-04,0.0
2014-03-05,0.0
2014-03-06,0.0
2014-03-07,0.0
2014-03-08,0.0
2014-03-09,0.0
2014-03-10,0.0
2014-03-11,0.0
2014-03-12,0.0
2014-03-13,0.0
2014-03-14,0.0
2014-03-15,0.0
2014-03-16,0.0
2014-03-17,0.0
2014-03-18,0.0
2014-03-19,0.0
2014-03-20,0.0
2014-03-21,0.0
2014-03-22,0.0
2014-03-23,0.0
2014-03-24,0.0
2014-03-25,0.0
2014-03-26,0.0
2014-03-27,0.0
2014-03-28,0.0
2014-03-29,0.0
2014-03-30,0.0
2014-03-31,0.0
2014-04-01,0.0
2014-04-02,0.0
2014-04-03,0.0
2014-04-04,0.0
2014-04-05,0.0
2014-04-06,0.0
2014-04-07,0.0
2014-04-08,0.0
2014-04-09,0.0
2014-04-10,0.0
2014-04-11,0.0
2014-04-12,0.0
2014-04-13,0.0
2014-04-14,0.0
2014-04-15,0.0
2014-04-16,0.0
2014-04-17,0.0
2014-04-18,0.0
2014-04-19,0.0
2014-04-20,0.0
2014-04-21,0.0
2014-04-22,0.0
2014-04-23,0.0
2014-04-24,0.0
2014-04-25,0.0
2014-04-26,0.0
2014-04-27,0.0
2014-04-28,0.0
2014-04-29,0.0
2014-04-30,0.0
2014-05-01,0.542
2014-05-02,0.542
2014-05-03,0.542
2014-05-04,0.5419999999999999
2014-05-05,0.5420000000000001
2014-05-06,0.542
2014-05-07,0.5420000000000001
2014-05-08,0.5420000000000001
2014-05-09,0.542
2014-05-10,0.542
2014-05-11,0.5420000000000001
2014-05-12,0.6000000000000001
2014-05-13,0.6
2014-05-14,2.330299643281807
2014-05-15,8.380883720930235
2014-05-16,1.2711101194382464
2014-05-17,1.246464525765496
2014-05-18,2.471952247191013
2014-05-19,1.7234144751141056
2014-05-20,3.6865545044389476
2014-05-21,2.448728365592603
2014-05-22,6.039255245533699
2014-05-23,13.305884406119795
2014-05-24,24.743869241556975
2014-05-25,32.72207032820239
2014-05-26,33.30173229332751
2014-05-27,89.88423429549118
2014-05-28,118.89673413464259
2014-05-29,77.52103037940127
2014-05-30,35.31362278322121
2014-05-31,142.3248387886703
2014-06-01,119.14842578949039
2014-06-02,165.61314553217133
2014-06-03,180.17271082570005
2014-06-04,225.0767554767216
2014-06-05,282.3998989653661
2014-06-06,329.605726804441
2014-06-07,349.65397824788914
2014-06-08,339.9477608978768
2014-06-09,356.1648946690042
2014-06-10,443.3286636605458
2014-06-11,553.772787183059
2014-06-12,681.9938551069681
2014-06-13,818.9856312312754
2014-06-14,832.2516279790907
2014-06-15,853.4093250689068
2014-06-16,1297.6675829583944
2014-06-17,1509.7760877398994
2014-06-18,1697.682179886739
2014-06-19,1733.2374741685483
2014-06-20,1701.048475800478
2014-06-21,1615.3147435953156
2014-06-22,1544.7209402777546
2014-06-23,1495.9268586136036
2014-06-24,1445.7120211594147
2014-06-25,1354.7504596042727
2014-06-26,1258.8167170864963
2014-06-27,1138.0593541978567
2014-06-28,806.0067765519964
2014-06-29,751.1519204512646
2014-06-30,727.0899782057853
2014-07-01,718.5739662235695
2014-07-02,682.7559438911028
2014-07-03,649.0461759905187
2014-07-04,643.1161037837486
2014-07-05,648.7636514656236
2014-07-06,624.3820304123209
2014-07-07,612.6153717762456
2014-07-08,584.663188680102
2014-07-09,588.6491264229226
2014-07-10,565.4264219291879
2014-07-11,541.5326399922424
2014-07-12,507.2804810114011
2014-07-13,479.4364459934438
2014-07-14,462.5808830508218
2014-07-15,387.89283523443623
2014-07-16,356.616189977215
2014-07-17,306.00166735881146
2014-07-18,271.1768021314942
2014-07-19,242.62097595553374
2014-07-20,214.55754239208656
2014-07-21,196.3724907902106
2014-07-22,185.6136619678139
2014-07-23,190.0640917173339
2014-07-24,226.57934494746635
2014-07-25,226.54553185317036
2014-07-26,199.41456216899869
2014-07-27,195.607627866555
2014-07-28,178.0520585019966
2014-07-29,158.03125807498594
2014-07-30,203.9945842366118
2014-07-31,234.75812928382052
2014-08-01,221.59580960448443
2014-08-02,199.02621946538073
2014-08-03,163.1528639175314
2014-08-04,139.56403185593834
2014-08-05,126.35100827311824
2014-08-06,125.14834261953276
2014-08-07,127.26855421791605
2014-08-08,147.02471413196835
2014-08-09,151.57030134103593
2014-08-10,145.32184482361865
2014-08-11,130.3641401042701
2014-08-12,131.1637763015779
2014-08-13,137.06170738301216
2014-08-14,139.834350656866
2014-08-15,143.88288192197655
2014-08-16,164.97259722526377
2014-08-17,176.09053751189268
2014-08-18,165.61152824624833
2014-08-19,168.54791031626272
2014-08-20,183.5557489959859
2014-08-21,184.273959215883
2014-08-22,182.34112585538412
2014-08-23,183.97933509657165
2014-08-24,173.4443412979456
2014-08-25,165.76242525097965
2014-08-26,156.2860686066263
2014-08-27,151.97209954926043
2014-08-28,153.5353005894777
2014-08-29,167.00784285039447
2014-08-30,182.0577922136527
2014-08-31,176.37360698852237
2014-09-01,161.34126972150332
2014-09-02,161.43412792442086
2014-09-03,162.34266087313912
2014-09-04,176.65789444161905
2014-09-05,178.42354215888116
2014-09-06,167.88672991254293
2014-09-07,159.3770496785201
2014-09-08,162.15267928495757
2014-09-09,185.0973033961132
2014-09-10,191.443767003863
2014-09-11,181.3995790776176
2014-09-12,170.5616241032603
2014-09-13,166.84176188108694
2014-09-14,168.1693954497049
2014-09-15,176.90316905428085
2014-09-16,180.43603224239718
2014-09-17,174.93628148554993
2014-09-18,164.27857842012037
2014-09-19,156.48337780185093
2014-09-20,168.6696523313888
2014-09-21,181.0739220397347
2014-09-22,175.4308294058368
2014-09-23,166.73779656252324
2014-09-24,159.32005909955188
2014-09-25,156.4304324267276
2014-09-26,168.37613308914334
2014-09-27,195.03715856320233
2014-09-28,186.27723391744274
2014-09-29,174.76739738136752
2014-09-30,170.57104755089213
2014-10-01,143.5390625
2014-10-02,156.2421875
2014-10-03,160.375
2014-10-04,154.5234375
2014-10-05,144.5625
2014-10-06,134.6953125
2014-10-07,123.7421875
2014-10-08,113.4296875
2014-10-09,103.953125
2014-10-10,95.1015625
2014-10-11,86.9140625
2014-10-12,79.25
2014-10-13,72.2421875
2014-10-14,65.765625
2014-10-15,59.7265625
2014-10-16,54.15625
2014-10-17,49.046875
2014-10-18,44.359375
2014-10-19,40.0078125
2014-10-20,35.9765625
2014-10-21,32.2421875
2014-10-22,28.71875
2014-10-23,25.453125
2014-10-24,22.5390625
2014-10-25,19.84375
2014-10-26,17.3125
2014-10-27,14.953125
2014-10-28,12.8671875
2014-10-29,11.03125
2014-10-30,9.3046875
2014-10-31,7.6875
2014-11-01,6.234375
2014-11-02,4.9453125
2014-11-03,3.8046875
2014-11-04,2.8125
2014-11-05,2.0390625
2014-11-06,1.4765625
2014-11-07,1.0859375
2014-11-08,0.8046875
2014-11-09,0.59375
2014-11-10,0.4453125
2014-11-11,0.3359375
2014-11-12,0.2578125
2014-11-13,0.203125
2014-11-14,0.15625
2014-11-15,0.140625
2014-11-16,0.109375
2014-11-17,0.078125
2014-11-18,0.06249999999999999
2014-11-19,0.046875
2014-11-20,0.046875
2014-11-21,0.03125
2014-11-22,0.03125
2014-11-23,0.03125
2014-11-24,0.015625
2014-11-25,0.015625
2014-11-26,0.015625
2014-11-27,0.015625
2014-11-28,0.0
2014-11-29,0.0
2014-11-30,0.0
2014-12-01,0.0
2014-12-02,0.0
2014-12-03,0.0
2014-12-04,0.0
2014-12-05,0.0
2014-12-06,0.0
2014-12-07,0.0
2014-12-08,0.0
2014-12-09,0.0
2014-12-10,0.0
2014-12-11,0.0
2014-12-12,0.0
2014-12-13,0.0
2014-12-14,0.0
2014-12-15,0.0
2014-12-16,0.0
2014-12-17,0.0
2014-12-18,0.0
2014-12-19,0.0
2014-12-20,0.0
2014-12-21,0.0
2014-12-22,0.0
2014-12-23,0.0
2014-12-24,0.0
2014-12-25,0.0
2014-12-26,0.0
2014-12-27,0.0
2014-12-28,0.0
2014-12-29,0.0
2014-12-30,0.0
2014-12-31,0.0
2015-01-01,0.0
2015-01-02,0.0
2015-01-03,0.0
2015-01-04,0.0
2015-01-05,0.0
2015-01-06,0.0
2015-01-07,0.0
2015-01-08,0.0
2015-01-09,0.0
2015-01-10,0.0
2015-01-11,0.0
2015-01-12,0.0
2015-01-13,0.0
2015-01-14,0.0
2015-01-15,0.0
2015-01-16,0.0
2015-01-17,0.0
2015-01-18,0.0
2015-01-19,0.0
2015-01-20,0.0
2015-01-21,0.0
2015-01-22,0.0
2015-01-23,0.0
2015-01-24,0.0
2015-01-25,0.0
2015-01-26,0.0
2015-01-27,0.0
2015-01-28,0.0
2015-01-29,0.0
2015-01-30,0.0
2015-01-31,0.0
2015-02-01,0.0
2015-02-02,0.0
2015-02-03,0.0
2015-02-04,0.0
2015-02-05,0.0
2015-02-06,0.0
2015-02-07,0.0
2015-02-08,0.0
2015-02-09,0.0
2015-02-10,0.0
2015-02-11,0.0
2015-02-12,0.0
2015-02-13,0.0
2015-02-14,0.0
2015-02-15,0.0
2015-02-16,0.0
2015-02-17,0.0
2015-02-18,0.0
2015-02-19,0.0
2015-02-20,0.0
2015-02-21,0.0
2015-02-22,0.0
2015-02-23,0.0
2015-02-24,0.0
2015-02-25,0.0
2015-02-26,0.0
2015-02-27,0.0
2015-02-28,0.0
2015-03-01,0.0
2015-03-02,0.0
2015-03-03,0.0
2015-03-04,0.0
2015-03-05,0.0
2015-03-06,0.0
2015-03-07,0.0
2015-03-08,0.0
2015-03-09,0.0
2015-03-10,0.0
2015-03-11,0.0
2015-03-12,0.0
2015-03-13,0.0
2015-03-14,0.0
2015-03-15,0.0
2015-03-16,0.0
2015-03-17,0.0
2015-03-18,0.0
2015-03-19,0.0
2015-03-20,0.0
2015-03-21,0.0
2015-03-22,0.0
2015-03-23,0.0
2015-03-24,0.0
2015-03-25,0.0
2015-03-26,0.0
2015-03-27,0.0
2015-03-28,0.0
2015-03-29,0.0
2015-03-30,0.0
2015-03-31,0.0
2015-04-01,0.0
2015-04-02,0.0
2015-04-03,0.0
2015-04-04,0.0
2015-04-05,0.0
2015-04-06,0.0
2015-04-07,0.0
2015-04-08,0.0
2015-04-09,0.0
2015-04-10,0.0
2015-04-11,0.0
2015-04-12,0.0
2015-04-13,0.0
2015-04-14,0.0
2015-04-15,0.0
2015-04-16,0.0
2015-04-17,0.0
2015-04-18,0.0
2015-04-19,0.0
2015-04-20,0.0
2015-04-21,0.0
2015-04-22,0.0
2015-04-23,0.0
2015-04-24,0.0
2015-04-25,0.0
2015-04-26,0.0
2015-04-27,0.0
2015-04-28,0.0
2015-04-29,0.0
2015-04-30,0.0
2015-05-01,0.542
2015-05-02,0.542
2015-05-03,0.5420000000000001
2015-05-04,0.542
2015-05-05,0.5420000000000001
2015-05-06,0.542
2015-05-07,0.5420000000000001
2015-05-08,0.5420000000000001
2015-05-09,0.5419999999999999
2015-05-10,0.542
2015-05-11,0.542
2015-05-12,0.6
2015-05-13,0.6000000000000001
2015-05-14,0.6000000000000001
2015-05-15,0.6000000000000001
2015-05-16,1.2468275862068963
2015-05-17,2.3575886524822702
2015-05-18,2.0880281690140845
2015-05-19,1.1710644257703082
2015-05-20,1.1083951367781153
2015-05-21,3.3595238095238122
2015-05-22,0.5999999999999999
2015-05-23,1.5242424242424237
2015-05-24,2.691596752368063
2015-05-25,0.9101328686560662
2015-05-26,2.0795711060948086
2015-05-27,3.3316506398122208
2015-05-28,4.413851629407184
2015-05-29,3.2902615482928605
2015-05-30,3.710104138660359
2015-05-31,9.662903146650088
2015-06-01,28.62198830285435
2015-06-02,27.639330183720695
2015-06-03,28.09955598518859
2015-06-04,23.281090747168566
2015-06-05,29.84839539464366
2015-06-06,37.72921996611751
2015-06-07,170.77976617062285
2015-06-08,235.99663860337455
2015-06-09,325.2203493671459
2015-06-10,473.74498178908794
2015-06-11,550.7887593955661
2015-06-12,554.0122000981411
2015-06-13,590.0852427150428
2015-06-14,672.9259851392567
2015-06-15,729.818702363715
2015-06-16,846.3573678478144
2015-06-17,1049.3454976096152
2015-06-18,1440.1379190438722
2015-06-19,1506.5825270388962
2015-06-20,1502.0982665765855
2015-06-21,1435.189548589439
2015-06-22,1345.5931365801073
2015-06-23,1249.5145262787223
2015-06-24,872.2993493426239
2015-06-25,827.0525285623858
2015-06-26,696.8675470924993
2015-06-27,606.5633688923717
2015-06-28,561.8069157214383
2015-06-29,534.0013322845135
2015-06-30,492.4493367540145
2015-07-01,448.8457956442845
2015-07-02,411.5972312508053
2015-07-03,385.80679316608916
2015-07-04,362.1220374088099
2015-07-05,330.8135446346081
2015-07-06,300.86046553743785
2015-07-07,280.03351951246987
2015-07-08,271.3481049048148
2015-07-09,312.88610054806026
2015-07-10,335.1315493617427
2015-07-11,321.7671976427379
2015-07-12,290.5610765835714
2015-07-13,267.55343624988143
2015-07-14,276.9368913170419
2015-07-15,300.8104167425963
2015-07-16,307.7955364203625
2015-07-17,357.4714141614411
2015-07-18,350.53816861884974
2015-07-19,337.13892038811605
2015-07-20,326.7975123975272
2015-07-21,271.19110781014473
2015-07-22,252.98053247969068
2015-07-23,233.55553754045238
2015-07-24,223.93783499857722
2015-07-25,225.2566646060133
2015-07-26,222.82117928589966
2015-07-27,213.74458980229048
2015-07-28,198.42577133386047
2015-07-29,191.21499617304207
2015-07-30,169.8957617322358
2015-07-31,149.8672281488008
2015-08-01,143.9815913006567
2015-08-02,143.58477603159932
2015-08-03,145.05997808792225
2015-08-04,163.26855695655664
2015-08-05,162.44412529075407
2015-08-06,145.7487629049214
2015-08-07,125.39770348717032
2015-08-08,97.84423820758798
2015-08-09,91.53171320781985
2015-08-10,127.14349425834918
2015-08-11,159.1909201636463
2015-08-12,154.48106879894493
2015-08-13,167.39737995000252
2015-08-14,172.65198944203095
2015-08-15,171.83662727595797
2015-08-16,178.15406501035585
2015-08-17,165.84133520726243
2015-08-18,163.01668063662623
2015-08-19,148.99266700094776
2015-08-20,134.0393669077585
2015-08-21,146.21735226234125
2015-08-22,161.9411711550444
2015-08-23,169.98757728188224
2015-08-24,173.64271388059166
2015-08-25,174.99771439403918
2015-08-26,164.4410918847843
2015-08-27,142.11352093565878
2015-08-28,129.8873294444911
2015-08-29,128.7161776141266
2015-08-30,121.6321576366354
2015-08-31,99.6790649476083
2015-09-01,92.16064116762287
2015-09-02,59.1160603867105
2015-09-03,61.292082209028486
2015-09-04,118.13472001306185
2015-09-05,145.57369380912627
2015-09-06,147.4060618664862
2015-09-07,137.7125363031535
2015-09-08,125.18195258956992
2015-09-09,116.1991016562548
2015-09-10,106.11376473809459
2015-09-11,103.02109584669171
2015-09-12,99.52779396905349
2015-09-13,96.20247159324907
2015-09-14,109.64238300468256
2015-09-15,123.45649349025302
2015-09-16,130.64638430854217
2015-09-17,126.31216851328398
2015-09-18,117.27746527098417
2015-09-19,111.0365096018181
2015-09-20,104.06659037795418
2015-09-21,102.62247506035784
2015-09-22,101.78482454385848
2015-09-23,107.16293940595726
2015-09-24,148.01922681329432
2015-09-25,166.71073026978507
2015-09-26,155.76019268103445
2015-09-27,144.15342364567528
2015-09-28,130.07214244945644
2015-09-29,125.73622869157158
2015-09-30,114.42794088655009
2015-10-01,73.609375
2015-10-02,66.921875
2015-10-03,60.890625
2015-10-04,55.375
2015-10-05,50.4296875
2015-10-06,45.625
2015-10-07,41.046875
2015-10-08,36.8203125
2015-10-09,33.078125
2015-10-10,29.5703125
2015-10-11,26.2890625
2015-10-12,23.328125
2015-10-13,20.5546875
2015-10-14,17.921875
2015-10-15,15.5234375
2015-10-16,13.3671875
2015-10-17,11.3515625
2015-10-18,9.5
2015-10-19,7.84375
2015-10-20,6.3515625
2015-10-21,5.015625
2015-10-22,3.890625
2015-10-23,2.984375
2015-10-24,2.25
2015-10-25,1.6796875
2015-10-26,1.25
2015-10-27,0.9375
2015-10-28,0.703125
2015-10-29,0.53125
2015-10-30,0.40625
2015-10-31,0.3203125
2015-11-01,0.2578125
2015-11-02,0.203125
2015-11-03,0.1640625
2015-11-04,0.1328125
2015-11-05,0.109375
2015-11-06,0.09375
2015-11-07,0.078125
2015-11-08,0.06249999999999999
2015-11-09,0.05468749999999999
2015-11-10,0.046875
2015-11-11,0.0390625
2015-11-12,0.03125
2015-11-13,0.03125
2015-11-14,0.0234375
2015-11-15,0.0234375
2015-11-16,0.015625
2015-11-17,0.015625
2015-11-18,0.015625
2015-11-19,0.007812500000000002
2015-11-20,0.007812500000000002
2015-11-21,0.007812500000000002
2015-11-22,0.007812500000000002
2015-11-23,0.007812500000000002
2015-11-24,0.007812500000000002
2015-11-25,0.007812500000000002
2015-11-26,0.0
2015-11-27,0.0
2015-11-28,0.0
2015-11-29,0.0
2015-11-30,0.0
2015-12-01,0.0
2015-12-02,0.0
2015-12-03,0.0
2015-12-04,0.0
2015-12-05,0.0
2015-12-06,0.0
2015-12-07,0.0
2015-12-08,0.0
2015-12-09,0.0
2015-12-10,0.0
2015-12-11,0.0
2015-12-12,0.0
2015-12-13,0.0
2015-12-14,0.0
2015-12-15,0.0
2015-12-16,0.0
2015-12-17,0.0
2015-12-18,0.0
2015-12-19,0.0
2015-12-20,0.0
2015-12-21,0.0
2015-12-22,0.0
2015-12-23,0.0
2015-12-24,0.0
2015-12-25,0.0
2015-12-26,0.0
2015-12-27,0.0
2015-12-28,0.0
2015-12-29,0.0
2015-12-30,0.0
2015-12-31,0.0
2016-01-01,0.0
2016-01-02,0.0
2016-01-03,0.0
2016-01-04,0.0
2016-01-05,0.0
2016-01-06,0.0
2016-01-07,0.0
2016-01-08,0.0
2016-01-09,0.0
2016-01-10,0.0
2016-01-11,0.0
2016-01-12,0.0
2016-01-13,0.0
2016-01-14,0.0
2016-01-15,0.0
2016-01-16,0.0
2016-01-17,0.0
2016-01-18,0.0
2016-01-19,0.0
2016-01-20,0.0
2016-01-21,0.0
2016-01-22,0.0
2016-01-23,0.0
2016-01-24,0.0
2016-01-25,0.0
2016-01-26,0.0
2016-01-27,0.0
2016-01-28,0.0
2016-01-29,0.0
2016-01-30,0.0
2016-01-31,0.0
2016-02-01,0.0
2016-02-02,0.0
2016-02-03,0.0
2016-02-04,0.0
2016-02-05,0.0
2016-02-06,0.0
2016-02-07,0.0
2016-02-08,0.0
2016-02-09,0.0
2016-02-10,0.0
2016-02-11,0.0
2016-02-12,0.0
2016-02-13,0.0
2016-02-14,0.0
2016-02-15,0.0
2016-02-16,0.0
2016-02-17,0.0
2016-02-18,0.0
2016-02-19,0.0
2016-02-20,0.0
2016-02-21,0.0
2016-02-22,0.0
2016-02-23,0.0
2016-02-24,0.0
2016-02-25,0.0
2016-02-26,0.0
2016-02-27,0.0
2016-02-28,0.0
2016-02-29,0.0
2016-03-01,0.0
2016-03-02,0.0
2016-03-03,0.0
2016-03-04,0.0
2016-03-05,0.0
2016-03-06,0.0
2016-03-07,0.0
2016-03-08,0.0
2016-03-09,0.0
2016-03-10,0.0
2016-03-11,0.0
2016-03-12,0.0
2016-03-13,0.0
2016-03-14,0.0
2016-03-15,0.0
2016-03-16,0.0
2016-03-17,0.0
2016-03-18,0.0
2016-03-19,0.0
2016-03-20,0.0
2016-03-21,0.0
2016-03-22,0.0
2016-03-23,0.0
2016-03-24,0.0
2016-03-25,0.0
2016-03-26,0.0
2016-03-27,0.0
2016-03-28,0.0
2016-03-29,0.0
2016-03-30,0.0
2016-03-31,0.0
2016-04-01,0.0
2016-04-02,0.0
2016-04-03,0.0
2016-04-04,0.0
2016-04-05,0.0
2016-04-06,0.0
2016-04-07,0.0
2016-04-08,0.0
2016-04-09,0.0
2016-04-10,0.0
2016-04-11,0.0
2016-04-12,0.0
2016-04-13,0.0
2016-04-14,0.0
2016-04-15,0.0
2016-04-16,0.0
2016-04-17,0.0
2016-04-18,0.0
2016-04-19,0.0
2016-04-20,0.0
2016-04-21,0.0
2016-04-22,0.0
2016-04-23,0.0
2016-04-24,0.0
2016-04-25,0.0
2016-04-26,0.0
2016-04-27,0.0
2016-04-28,0.0
2016-04-29,0.0
2016-04-30,0.0
2016-05-01,0.542
2016-05-02,0.542
2016-05-03,0.542
2016-05-04,0.5420000000000001
2016-05-05,0.5419999999999999
2016-05-06,0.5420000000000001
2016-05-07,0.542
2016-05-08,0.542
2016-05-09,0.542
2016-05-10,0.542
2016-05-11,0.6000000000000001
2016-05-12,0.6
2016-05-13,0.6000000000000001
2016-05-14,1.7885636147443513
2016-05-15,1.2711101194382464
2016-05-16,4.7128200149365185
2016-05-17,3.801591346153848
2016-05-18,6.604797827270108
2016-05-19,71.31994468667145
2016-05-20,224.64055861338355
2016-05-21,434.46620179326044
2016-05-22,560.1321079276361
2016-05-23,528.2939105723792
2016-05-24,538.2579528052689
2016-05-25,516.0535860861323
2016-05-26,409.1877693308408
2016-05-27,507.94340984071926
2016-05-28,458.3554307808047
2016-05-29,401.94910750347253
2016-05-30,409.16884774362717
2016-05-31,445.1460013466571
2016-06-01,410.4871266956455
2016-06-02,442.5965990541782
2016-06-03,442.1985801583738
2016-06-04,402.380494288499
2016-06-05,371.3880573945231
2016-06-06,332.21336162024784
2016-06-07,320.6605327414273
2016-06-08,271.0705284302644
2016-06-09,254.65067386666297
2016-06-10,225.9631545440077
2016-06-11,209.18518979464835
2016-06-12,180.11058174680105
2016-06-13,165.86558706859876
2016-06-14,139.17085945657684
2016-06-15,117.55115500173694
2016-06-16,105.23714901018282
2016-06-17,90.36438136177745
2016-06-18,80.48347859570065
2016-06-19,68.42437912974107
2016-06-20,82.6612154951345
2016-06-21,89.74533147102267
2016-06-22,84.4377970512198
2016-06-23,79.87677525147042
2016-06-24,72.82649739215843
2016-06-25,65.80747173552275
2016-06-26,61.986895935355406
2016-06-27,59.106397500575774
2016-06-28,54.867319584297285
2016-06-29,52.517866554222024
2016-06-30,53.77946022902293
2016-07-01,54.13625973942473
2016-07-02,53.02284647476054
2016-07-03,57.01639326772622
2016-07-04,68.18549575718683
2016-07-05,77.03954140177325
2016-07-06,74.69149463629542
2016-07-07,67.91198082073497
2016-07-08,62.59405527797227
2016-07-09,70.09563549311864
2016-07-10,76.73095221355817
2016-07-11,75.16202953694201
2016-07-12,70.4305679333958
2016-07-13,63.929530856857035
2016-07-14,58.13480334720549
2016-07-15,49.62516731384638
2016-07-16,43.46122328147604
2016-07-17,39.86763212405422
2016-07-18,43.00572790805288
2016-07-19,99.03774697449322
2016-07-20,175.33242575613218
2016-07-21,173.81590750477292
2016-07-22,184.81544145061372
2016-07-23,221.87124192091682
2016-07-24,220.95526427513957
2016-07-25,219.2524838770082
2016-07-26,213.24447767865772
2016-07-27,197.21130398177698
2016-07-28,194.4625009068138
2016-07-29,233.66748129780154
2016-07-30,270.73724186389376
2016-07-31,266.37009246944206
2016-08-01,248.0616112058428
2016-08-02,226.47075269479933
2016-08-03,206.37333291135636
2016-08-04,183.19791205137096
2016-08-05,162.19122297459867
2016-08-06,147.18268445391334
2016-08-07,128.21521688738378
2016-08-08,116.7892912172573
2016-08-09,97.77909939748379
2016-08-10,95.43290272857986
2016-08-11,81.1610912676844
2016-08-12,47.1042658323238
2016-08-13,28.984166165457655
2016-08-14,26.252068625148613
2016-08-15,26.34261055527258
2016-08-16,27.668211863375653
2016-08-17,26.53642804050243
2016-08-18,28.021948258337222
2016-08-19,40.42485056935609
2016-08-20,86.51348593866172
2016-08-21,126.48947178306146
2016-08-22,161.47168686685333
2016-08-23,170.6544789003619
2016-08-24,156.15398484401493
2016-08-25,171.30612427542718
2016-08-26,188.8350135917099
2016-08-27,175.2771847850462
2016-08-28,158.8665142327493
2016-08-29,140.49342024218885
2016-08-30,163.5440045890869
2016-08-31,190.41393528763592
2016-09-01,195.09647656157682
2016-09-02,183.7185678492053
2016-09-03,157.944866808227
2016-09-04,147.93358419906752
2016-09-05,135.79495336833406
2016-09-06,124.18850004788523
2016-09-07,109.30057224957937
2016-09-08,99.70879114691755
2016-09-09,88.03970632527175
2016-09-10,84.66607774813144
2016-09-11,98.49799835615613
2016-09-12,106.2203565904833
2016-09-13,106.56974175756346
2016-09-14,104.56957501662093
2016-09-15,102.43235002846207
2016-09-16,96.9386931943629
2016-09-17,90.04153770888037
2016-09-18,84.77204631637167
2016-09-19,83.63619004207897
2016-09-20,83.33725921928288
2016-09-21,78.2410106711394
2016-09-22,57.64151831327908
2016-09-23,51.24094131511018
2016-09-24,46.2415076835402
2016-09-25,41.81745505524171
2016-09-26,49.954566961281074
2016-09-27,76.12592076554846
2016-09-28,132.7672078280163
2016-09-29,153.64676555062772
2016-09-30,138.60498287635363
2016-10-01,104.3125
2016-10-02,95.5546875
2016-10-03,86.984375
2016-10-04,79.28125
2016-10-05,73.375
2016-10-06,77.0078125
2016-10-07,89.1796875
2016-10-08,114.8046875
2016-10-09,151.0078125
2016-10-10,175.5234375
2016-10-11,176.9765625
2016-10-12,169.609375
2016-10-13,159.234375
2016-10-14,149.265625
2016-10-15,138.5546875
2016-10-16,127.359375
2016-10-17,116.7421875
2016-10-18,106.8671875
2016-10-19,97.765625
2016-10-20,89.4296875
2016-10-21,81.78125
2016-10-22,74.71875
2016-10-23,68.1640625
2016-10-24,62.25
2016-10-25,57.3125
2016-10-26,52.765625
2016-10-27,48.0234375
2016-10-28,43.5390625
2016-10-29,39.359375
2016-10-30,35.5625
2016-10-31,32.1328125
2016-11-01,29.0
2016-11-02,26.09375
2016-11-03,23.390625
2016-11-04,20.9453125
2016-11-05,18.7265625
2016-11-06,16.6875
2016-11-07,14.8125
2016-11-08,13.09375
2016-11-09,11.5390625
2016-11-10,10.140625
2016-11-11,8.8671875
2016-11-12,7.71875
2016-11-13,6.6875
2016-11-14,5.765625
2016-11-15,4.9453125
2016-11-16,4.2109375
2016-11-17,3.5546875
2016-11-18,2.96875
2016-11-19,2.46875
2016-11-20,2.046875
2016-11-21,1.6875
2016-11-22,1.375
2016-11-23,1.09375
2016-11-24,0.859375
2016-11-25,0.671875
2016-11-26,0.5
2016-11-27,0.375
2016-11-28,0.28125
2016-11-29,0.21875
2016-11-30,0.15625
2016-12-01,0.109375
2016-12-02,0.09375
2016-12-03,0.06249999999999999
2016-12-04,0.046875
2016-12-05,0.046875
2016-12-06,0.03125
2016-12-07,0.03125
2016-12-08,0.015625
2016-12-09,0.015625
2016-12-10,0.015625
2016-12-11,0.015625
2016-12-12,0.015625
2016-12-13,0.015625
2016-12-14,0.0
2016-12-15,0.0
2016-12-16,0.0
2016-12-17,0.0
2016-12-18,0.0
2016-12-19,0.0
2016-12-20,0.0
2016-12-21,0.0
2016-12-22,0.0
2016-12-23,0.0
2016-12-24,0.0
2016-12-25,0.0
2016-12-26,0.0
2016-12-27,0.0
2016-12-28,0.0
2016-12-29,0.0
2016-12-30,0.0
2016-12-31,0.0
2017-01-01,0.0
2017-01-02,0.0
2017-01-03,0.0
2017-01-04,0.0
2017-01-05,0.0
2017-01-06,0.0
2017-01-07,0.0
2017-01-08,0.0
2017-01-09,0.0
2017-01-10,0.0
2017-01-11,0.0
2017-01-12,0.0
2017-01-13,0.0
2017-01-14,0.0
2017-01-15,0.0
2017-01-16,0.0
2017-01-17,0.0
2017-01-18,0.0
2017-01-19,0.0
2017-01-20,0.0
2017-01-21,0.0
2017-01-22,0.0
2017-01-23,0.0
2017-01-24,0.0
2017-01-25,0.0
2017-01-26,0.0
2017-01-27,0.0
2017-01-28,0.0
2017-01-29,0.0
2017-01-30,0.0
2017-01-31,0.0
2017-02-01,0.0
2017-02-02,0.0
2017-02-03,0.0
2017-02-04,0.0
2017-02-05,0.0
2017-02-06,0.0
2017-02-07,0.0
2017-02-08,0.0
2017-02-09,0.0
2017-02-10,0.0
2017-02-11,0.0
2017-02-12,0.0
2017-02-13,0.0
2017-02-14,0.0
2017-02-15,0.0
2017-02-16,0.0
2017-02-17,0.0
2017-02-18,0.0
2017-02-19,0.0
2017-02-20,0.0
2017-02-21,0.0
2017-02-22,0.0
2017-02-23,0.0
2017-02-24,0.0
2017-02-25,0.0
2017-02-26,0.0
2017-02-27,0.0
2017-02-28,0.0
2017-03-01,0.0
2017-03-02,0.0
2017-03-03,0.0
2017-03-04,0.0
2017-03-05,0.0
2017-03-06,0.0
2017-03-07,0.0
2017-03-08,0.0
2017-03-09,0.0
2017-03-10,0.0
2017-03-11,0.0
2017-03-12,0.0
2017-03-13,0.0
2017-03-14,0.0
2017-03-15,0.0
2017-03-16,0.0
2017-03-17,0.0
2017-03-18,0.0
2017-03-19,0.0
2017-03-20,0.0
2017-03-21,0.0
2017-03-22,0.0
2017-03-23,0.0
2017-03-24,0.0
2017-03-25,0.0
2017-03-26,0.0
2017-03-27,0.0
2017-03-28,0.0
2017-03-29,0.0
2017-03-30,0.0
2017-03-31,0.0
2017-04-01,0.0
2017-04-02,0.0
2017-04-03,0.0
2017-04-04,0.0
2017-04-05,0.0
2017-04-06,0.0
2017-04-07,0.0
2017-04-08,0.0
2017-04-09,0.0
2017-04-10,0.0
2017-04-11,0.0
2017-04-12,0.0
2017-04-13,0.0
2017-04-14,0.0
2017-04-15,0.0
2017-04-16,0.0
2017-04-17,0.0
2017-04-18,0.0
2017-04-19,0.0
2017-04-20,0.0
2017-04-21,0.0
2017-04-22,0.0
2017-04-23,0.0
2017-04-24,0.0
2017-04-25,0.0
2017-04-26,0.0
2017-04-27,0.0
2017-04-28,0.0
2017-04-29,0.0
2017-04-30,0.0
2017-05-01,0.542
2017-05-02,0.542
2017-05-03,0.5420000000000001
2017-05-04,0.542
2017-05-05,0.542
2017-05-06,0.5420000000000001
2017-05-07,0.5420000000000001
2017-05-08,0.542
2017-05-09,0.5419999999999999
2017-05-10,0.542
2017-05-11,0.542
2017-05-12,1.1751781472684089
2017-05-13,2.5692558139534896
2017-05-14,6.4947281191806345
2017-05-15,3.628741382557917
2017-05-16,5.499663735398347
2017-05-17,3.2097966196396066
2017-05-18,4.600524993531088
2017-05-19,5.58194467862593
2017-05-20,5.910602214824378
2017-05-21,19.333725382816944
2017-05-22,12.905771991995392
2017-05-23,7.68730758248912
2017-05-24,7.8361220752155125
2017-05-25,4.539495298353268
2017-05-26,4.605406767458602
2017-05-27,3.2095005141270563
2017-05-28,3.5002957422808674
2017-05-29,3.9082720923863428
2017-05-30,3.4462981484468838
2017-05-31,4.107558784676353
2017-06-01,24.382980864995435
2017-06-02,35.29382532941043
2017-06-03,52.2515118633332
2017-06-04,69.81733857245207
2017-06-05,119.43706248034438
2017-06-06,178.82965487443562
2017-06-07,211.32914352950698
2017-06-08,306.93105052068853
2017-06-09,377.9792099845065
2017-06-10,581.5958649192951
2017-06-11,804.2196390012704
2017-06-12,1395.8832959373879
2017-06-13,1549.4400319158121
2017-06-14,1717.096682170767
2017-06-15,1866.8267756418638
2017-06-16,2008.579714678888
2017-06-17,2092.073539678776
2017-06-18,2089.0144986766254
2017-06-19,2035.6808629730908
2017-06-20,1965.2202555108465
2017-06-21,1860.0399284295254
2017-06-22,1753.4610448673843
2017-06-23,1637.4030562685766
2017-06-24,1517.52678648404
2017-06-25,1389.1699659002522
2017-06-26,1334.5558500823245
2017-06-27,1233.6071163960453
2017-06-28,1064.6430055817311
2017-06-29,775.8919941911774
2017-06-30,753.7898696468577
2017-07-01,719.2662069682542
2017-07-02,664.3508249449553
2017-07-03,622.6332448986032
2017-07-04,610.9276101008783
2017-07-05,635.5846953539468
2017-07-06,629.2513484095267
2017-07-07,620.8707204686883
2017-07-08,606.4787120642434
2017-07-09,656.1121428706322
2017-07-10,660.178925718479
2017-07-11,676.349360244832
2017-07-12,821.9365361034022
2017-07-13,1006.440159789723
2017-07-14,1088.1772550070784
2017-07-15,1045.718573690118
2017-07-16,1007.9775995625871
2017-07-17,965.3811038769484
2017-07-18,959.1058365312626
2017-07-19,938.7922627913224
2017-07-20,888.0034917802033
2017-07-21,844.9722192746411
2017-07-22,814.1487931461322
2017-07-23,853.6844924501023
2017-07-24,893.4129926409177
2017-07-25,873.9071980942285
2017-07-26,829.297893558743
2017-07-27,781.8536073743476
2017-07-28,751.0550758532738
2017-07-29,724.8620929369081
2017-07-30,718.1985583334549
2017-07-31,754.4813087145059
2017-08-01,744.8882640560608
2017-08-02,695.8970666554407
2017-08-03,658.0340636782302
2017-08-04,511.8373037040107
2017-08-05,494.11934435647953
2017-08-06,461.3539069155799
2017-08-07,329.36281763351366
2017-08-08,318.4647682123933
2017-08-09,314.1048718408809
2017-08-10,250.11948554548678
2017-08-11,225.23417305981684
2017-08-12,196.25096945253304
2017-08-13,181.42348149992836
2017-08-14,175.90156482883404
2017-08-15,160.78864290240418
2017-08-16,137.94210474405762
2017-08-17,123.50176839516452
2017-08-18,122.47586413319333
2017-08-19,149.9712867265014
2017-08-20,188.77130988516973
2017-08-21,198.60433776706537
2017-08-22,198.3201152533444
2017-08-23,187.50595262286913
2017-08-24,172.92361326849974
2017-08-25,157.06147388755997
2017-08-26,137.68098107371068
2017-08-27,119.62084910920358
2017-08-28,95.87539313695208
2017-08-29,69.13362955918788
2017-08-30,62.39885322310263
2017-08-31,57.708883345237304
2017-09-01,63.64418688271214
2017-09-02,100.83234961017422
2017-09-03,113.76122406053675
2017-09-04,113.71279612990216
2017-09-05,153.0428353058816
2017-09-06,207.5910910739573
2017-09-07,227.053679799333
2017-09-08,213.8066335740072
2017-09-09,190.66077338024792
2017-09-10,183.06048020412155
2017-09-11,177.64949414457877
2017-09-12,171.49156254461312
2017-09-13,164.25407265259088
2017-09-14,153.04676762651854
2017-09-15,144.28094214974746
2017-09-16,129.63476493041563
2017-09-17,117.59298413155844
2017-09-18,114.01751569082884
2017-09-19,109.6046742017225
2017-09-20,103.09017029845114
2017-09-21,96.73216732653613
2017-09-22,99.82006022623733
2017-09-23,111.75434310111046
2017-09-24,131.18316206990943
2017-09-25,129.94382215782068
2017-09-26,137.91915185874487
2017-09-27,146.08518643539196
2017-09-28,142.4681230876978
2017-09-29,137.29863906359444
2017-09-30,150.44587726954418
2017-10-01,126.15625
2017-10-02,135.4765625
2017-10-03,131.9765625
2017-10-04,121.7890625
2017-10-05,111.078125
2017-10-06,101.25
2017-10-07,92.53125
2017-10-08,84.53125
2017-10-09,77.015625
2017-10-10,70.1796875
2017-10-11,63.921875
2017-10-12,57.984375
2017-10-13,52.5546875
2017-10-14,47.6484375
2017-10-15,43.046875
2017-10-16,38.7578125
2017-10-17,34.8203125
2017-10-18,31.234375
2017-10-19,27.890625
2017-10-20,24.765625
2017-10-21,21.8359375
2017-10-22,19.1640625
2017-10-23,16.734375
2017-10-24,14.4921875
2017-10-25,12.40625
2017-10-26,10.46875
2017-10-27,8.6875
2017-10-28,7.09375
2017-10-29,5.65625
2017-10-30,4.359375
2017-10-31,3.265625
2017-11-01,2.46875
2017-11-02,2.015625
2017-11-03,1.6484375
2017-11-04,1.3046875
2017-11-05,1.0234375
2017-11-06,0.828125
2017-11-07,0.6875
2017-11-08,0.5546875
2017-11-09,0.4375
2017-11-10,0.34375
2017-11-11,0.265625
2017-11-12,0.2109375
2017-11-13,0.1640625
2017-11-14,0.125
2017-11-15,0.1015625
2017-11-16,0.0859375
2017-11-17,0.0703125
2017-11-18,0.05468749999999999
2017-11-19,0.0390625
2017-11-20,0.03125
2017-11-21,0.0234375
2017-11-22,0.015625
2017-11-23,0.015625
2017-11-24,0.015625
2017-11-25,0.015625
2017-11-26,0.0
2017-11-27,0.0
2017-11-28,0.0
2017-11-29,0.0
2017-11-30,0.0
2017-12-01,0.0
2017-12-02,0.0
2017-12-03,0.0
2017-12-04,0.0
2017-12-05,0.0
2017-12-06,0.0
2017-12-07,0.0
2017-12-08,0.0
2017-12-09,0.0
2017-12-10,0.0
2017-12-11,0.0
2017-12-12,0.0
2017-12-13,0.0
2017-12-14,0.0
2017-12-15,0.0
2017-12-16,0.0
2017-12-17,0.0
2017-12-18,0.0
2017-12-19,0.0
2017-12-20,0.0
2017-12-21,0.0
2017-12-22,0.0
2017-12-23,0.0
2017-12-24,0.0
2017-12-25,0.0
2017-12-26,0.0
2017-12-27,0.0
2017-12-28,0.0
2017-12-29,0.0
2017-12-30,0.0
2017-12-31,0.0
2018-01-01,0.0
2018-01-02,0.0
2018-01-03,0.0
2018-01-04,0.0
2018-01-05,0.0
2018-01-06,0.0
2018-01-07,0.0
2018-01-08,0.0
2018-01-09,0.0
2018-01-10,0.0
2018-01-11,0.0
2018-01-12,0.0
2018-01-13,0.0
2018-01-14,0.0
2018-01-15,0.0
2018-01-16,0.0
2018-01-17,0.0
2018-01-18,0.0
2018-01-19,0.0
2018-01-20,0.0
2018-01-21,0.0
2018-01-22,0.0
2018-01-23,0.0
2018-01-24,0.0
2018-01-25,0.0
2018-01-26,0.0
2018-01-27,0.0
2018-01-28,0.0
2018-01-29,0.0
2018-01-30,0.0
2018-01-31,0.0
2018-02-01,0.0
2018-02-02,0.0
2018-02-03,0.0
2018-02-04,0.0
2018-02-05,0.0
2018-02-06,0.0
2018-02-07,0.0
2018-02-08,0.0
2018-02-09,0.0
2018-02-10,0.0
2018-02-11,0.0
2018-02-12,0.0
2018-02-13,0.0
2018-02-14,0.0
2018-02-15,0.0
2018-02-16,0.0
2018-02-17,0.0
2018-02-18,0.0
2018-02-19,0.0
2018-02-20,0.0
2018-02-21,0.0
2018-02-22,0.0
2018-02-23,0.0
2018-02-24,0.0
2018-02-25,0.0
2018-02-26,0.0
2018-02-27,0.0
2018-02-28,0.0
2018-03-01,0.0
2018-03-02,0.0
2018-03-03,0.0
2018-03-04,0.0
2018-03-05,0.0
2018-03-06,0.0
2018-03-07,0.0
2018-03-08,0.0
2018-03-09,0.0
2018-03-10,0.0
2018-03-11,0.0
2018-03-12,0.0
2018-03-13,0.0
2018-03-14,0.0
2018-03-15,0.0
2018-03-16,0.0
2018-03-17,0.0
2018-03-18,0.0
2018-03-19,0.0
2018-03-20,0.0
2018-03-21,0.0
2018-03-22,0.0
2018-03-23,0.0
2018-03-24,0.0
2018-03-25,0.0
2018-03-26,0.0
2018-03-27,0.0
2018-03-28,0.0
2018-03-29,0.0
2018-03-30,0.0
2018-03-31,0.0
2018-04-01,0.0
2018-04-02,0.0
2018-04-03,0.0
2018-04-04,0.0
2018-04-05,0.0
2018-04-06,0.0
2018-04-07,0.0
2018-04-08,0.0
2018-04-09,0.0
2018-04-10,0.0
2018-04-11,0.0
2018-04-12,0.0
2018-04-13,0.0
2018-04-14,0.0
2018-04-15,0.0
2018-04-16,0.0
2018-04-17,0.0
2018-04-18,0.0
2018-04-19,0.0
2018-04-20,0.0
2018-04-21,0.0
2018-04-22,0.0
2018-04-23,0.0
2018-04-24,0.0
2018-04-25,0.0
2018-04-26,0.0
2018-04-27,0.0
2018-04-28,0.0
2018-04-29,0.0
2018-04-30,0.0
2018-05-01,0.542
2018-05-02,0.542
2018-05-03,0.542
2018-05-04,0.5419999999999999
2018-05-05,0.542
2018-05-06,0.5420000000000001
2018-05-07,0.5420000000000001
2018-05-08,0.5420000000000001
2018-05-09,0.5419999999999999
2018-05-10,0.542
2018-05-11,0.5420000000000001
2018-05-12,0.6
2018-05-13,0.6000000000000001
2018-05-14,0.6
2018-05-15,0.6000000000000002
2018-05-16,0.6000000000000001
2018-05-17,1.022482269503546
2018-05-18,1.2921769662921359
2018-05-19,2.8810975874809825
2018-05-20,3.97963411439383
2018-05-21,2.713186506583335
2018-05-22,6.9505429962271865
2018-05-23,7.419830396199044
2018-05-24,8.262574862904842
2018-05-25,11.772424275821534
2018-05-26,12.452335028224846
2018-05-27,9.34985974189229
2018-05-28,8.515465413934361
2018-05-29,8.694319875205291
2018-05-30,6.2785485711554445
2018-05-31,12.913359153259115
2018-06-01,36.09722722553029
2018-06-02,36.264113446469686
2018-06-03,38.81305993380741
2018-06-04,29.27136210439527
2018-06-05,31.330792574557762
2018-06-06,29.895437526087058
2018-06-07,59.31949760971661
2018-06-08,44.93174063976821
2018-06-09,83.37991396374937
2018-06-10,160.2784999791895
2018-06-11,208.34298901798505
2018-06-12,305.8610995155697
2018-06-13,485.9605847127934
2018-06-14,884.6964926464071
2018-06-15,1687.90816574711
2018-06-16,2076.868306462202
2018-06-17,2291.9008945545866
2018-06-18,2318.667503323409
2018-06-19,2193.340357048976
2018-06-20,2102.5007837233607
2018-06-21,2010.196055989267
2018-06-22,1895.2924314698669
2018-06-23,1770.6655095123865
2018-06-24,1651.6328134781859
2018-06-25,1536.4958830004675
2018-06-26,1438.8120599667877
2018-06-27,1336.9690400202219
2018-06-28,1165.3864173136324
2018-06-29,1020.0764746625676
2018-06-30,787.1276919234465
2018-07-01,718.3432193086749
2018-07-02,646.8014318034685
2018-07-03,594.7010475855697
2018-07-04,560.5018084892213
2018-07-05,546.4320524757517
2018-07-06,535.1211555222278
2018-07-07,505.5244563543085
2018-07-08,466.0888693079903
2018-07-09,443.25441013740004
2018-07-10,429.05435243054666
2018-07-11,396.9816684941866
2018-07-12,370.1404342288872
2018-07-13,312.9726093025751
2018-07-14,284.7868427760732
2018-07-15,276.91623434482534
2018-07-16,299.28834985330303
2018-07-17,305.9691001764082
2018-07-18,332.5808767036068
2018-07-19,474.0963876284857
2018-07-20,709.6150491084533
2018-07-21,766.4772282352877
2018-07-22,757.857790848394
2018-07-23,737.9282861355902
2018-07-24,696.1331226387
2018-07-25,509.16048611685085
2018-07-26,514.4838880567023
2018-07-27,749.9091458819388
2018-07-28,843.4655232342271
2018-07-29,822.9187317883534
2018-07-30,786.8023021339894
2018-07-31,754.1417481686489
2018-08-01,713.6750357952777
2018-08-02,675.9138150841351
2018-08-03,513.5553479025626
2018-08-04,501.17927863543537
2018-08-05,492.27046898444394
2018-08-06,454.05819101890177
2018-08-07,317.2092420757446
2018-08-08,261.52519944642546
2018-08-09,241.39227972893772
2018-08-10,218.63266545609278
2018-08-11,190.78367904164725
2018-08-12,173.0532421661275
2018-08-13,164.33456824287353
2018-08-14,156.1376650830392
2018-08-15,125.99646189386797
2018-08-16,110.08332791693408
2018-08-17,86.360460822766
2018-08-18,44.07931510320277
2018-08-19,41.99241966788872
2018-08-20,108.78125026427132
2018-08-21,186.97831948272017
2018-08-22,233.38250613956944
2018-08-23,269.682315987156
2018-08-24,263.65845611088383
2018-08-25,229.15247387072955
2018-08-26,215.47300180169245
2018-08-27,214.23216416038284
2018-08-28,213.08144291473087
2018-08-29,200.68379575963806
2018-08-30,192.05400499581054
2018-08-31,173.87903729149494
2018-09-01,149.14381758650666
2018-09-02,136.4272282727674
2018-09-03,119.31477623670595
2018-09-04,115.31801507378891
2018-09-05,112.69281544092017
2018-09-06,105.93697967618344
2018-09-07,92.9174205717104
2018-09-08,89.33594537875315
2018-09-09,82.59893893621697
2018-09-10,76.34769222043597
2018-09-11,77.03631390630144
2018-09-12,81.79758581516644
2018-09-13,88.8142237710673
2018-09-14,114.26462718622768
2018-09-15,206.63946080410292
2018-09-16,356.7818724721341
2018-09-17,384.9207545689419
2018-09-18,361.3344734528161
2018-09-19,348.1117298147064
2018-09-20,367.92127565255953
2018-09-21,398.7591889306437
2018-09-22,367.37820759878554
2018-09-23,354.49350223089215
2018-09-24,337.29349866225164
2018-09-25,293.5012152234354
2018-09-26,269.65918622475783
2018-09-27,263.11772170379857
2018-09-28,349.5865264885218
2018-09-29,358.9298470262745
2018-09-30,389.6444894573746
2018-10-01,352.6328125
2018-10-02,388.375
2018-10-03,374.0390625
2018-10-04,357.5078125
2018-10-05,349.5
2018-10-06,331.5078125
2018-10-07,313.34375
2018-10-08,292.71875
2018-10-09,271.25
2018-10-10,251.8203125
2018-10-11,232.78125
2018-10-12,214.4453125
2018-10-13,197.046875
2018-10-14,180.8359375
2018-10-15,165.9921875
2018-10-16,152.5390625
2018-10-17,139.5859375
2018-10-18,127.8984375
2018-10-19,116.7578125
2018-10-20,106.640625
2018-10-21,97.4296875
2018-10-22,89.0703125
2018-10-23,81.28125
2018-10-24,74.0703125
2018-10-25,67.46875
2018-10-26,61.375
2018-10-27,55.7109375
2018-10-28,50.484375
2018-10-29,45.6875
2018-10-30,41.25
2018-10-31,37.125
2018-11-01,33.296875
2018-11-02,29.78125
2018-11-03,26.5546875
2018-11-04,23.578125
2018-11-05,20.8203125
2018-11-06,18.3125
2018-11-07,16.03125
2018-11-08,13.921875
2018-11-09,11.984375
2018-11-10,10.234375
2018-11-11,8.6484375
2018-11-12,7.203125
2018-11-13,5.8984375
2018-11-14,4.7421875
2018-11-15,3.71875
2018-11-16,2.8359375
2018-11-17,2.09375
2018-11-18,1.5
2018-11-19,1.03125
2018-11-20,0.6953125
2018-11-21,0.4609375
2018-11-22,0.3203125
2018-11-23,0.234375
2018-11-24,0.1875
2018-11-25,0.140625
2018-11-26,0.125
2018-11-27,0.09375
2018-11-28,0.078125
2018-11-29,0.06249999999999999
2018-11-30,0.06249999999999999
2018-12-01,0.046875
2018-12-02,0.03125
2018-12-03,0.03125
2018-12-04,0.03125
2018-12-05,0.03125
2018-12-06,0.015625
2018-12-07,0.015625
2018-12-08,0.015625
2018-12-09,0.015625
2018-12-10,0.015625
2018-12-11,0.015625
2018-12-12,0.015625
2018-12-13,0.0
2018-12-14,0.0
2018-12-15,0.0
2018-12-16,0.0
2018-12-17,0.0
2018-12-18,0.0
2018-12-19,0.0
2018-12-20,0.0
2018-12-21,0.0
2018-12-22,0.0
2018-12-23,0.0
2018-12-24,0.0
2018-12-25,0.0
2018-12-26,0.0
2018-12-27,0.0
2018-12-28,0.0
2018-12-29,0.0
2018-12-30,0.0
2018-12-31,0.0
2019-01-01,0.0
2019-01-02,0.0
2019-01-03,0.0
2019-01-04,0.0
2019-01-05,0.0
2019-01-06,0.0
2019-01-07,0.0
2019-01-08,0.0
2019-01-09,0.0
2019-01-10,0.0
2019-01-11,0.0
2019-01-12,0.0
2019-01-13,0.0
2019-01-14,0.0
2019-01-15,0.0
2019-01-16,0.0
2019-01-17,0.0
2019-01-18,0.0
2019-01-19,0.0
2019-01-20,0.0
2019-01-21,0.0
2019-01-22,0.0
2019-01-23,0.0
2019-01-24,0.0
2019-01-25,0.0
2019-01-26,0.0
2019-01-27,0.0
2019-01-28,0.0
2019-01-29,0.0
2019-01-30,0.0
2019-01-31,0.0
2019-02-01,0.0
2019-02-02,0.0
2019-02-03,0.0
2019-02-04,0.0
2019-02-05,0.0
2019-02-06,0.0
2019-02-07,0.0
2019-02-08,0.0
2019-02-09,0.0
2019-02-10,0.0
2019-02-11,0.0
2019-02-12,0.0
2019-02-13,0.0
2019-02-14,0.0
2019-02-15,0.0
2019-02-16,0.0
2019-02-17,0.0
2019-02-18,0.0
2019-02-19,0.0
2019-02-20,0.0
2019-02-21,0.0
2019-02-22,0.0
2019-02-23,0.0
2019-02-24,0.0
2019-02-25,0.0
2019-02-26,0.0
2019-02-27,0.0
2019-02-28,0.0
2019-03-01,0.0
2019-03-02,0.0
2019-03-03,0.0
2019-03-04,0.0
2019-03-05,0.0
2019-03-06,0.0
2019-03-07,0.0
2019-03-08,0.0
2019-03-09,0.0
2019-03-10,0.0
2019-03-11,0.0
2019-03-12,0.0
2019-03-13,0.0
2019-03-14,0.0
2019-03-15,0.0
2019-03-16,0.0
2019-03-17,0.0
2019-03-18,0.0
2019-03-19,0.0
2019-03-20,0.0
2019-03-21,0.0
2019-03-22,0.0
2019-03-23,0.0
2019-03-24,0.0
2019-03-25,0.0
2019-03-26,0.0
2019-03-27,0.0
2019-03-28,0.0
2019-03-29,0.0
2019-03-30,0.0
2019-03-31,0.0
2019-04-01,0.0
2019-04-02,0.0
2019-04-03,0.0
2019-04-04,0.0
2019-04-05,0.0
2019-04-06,0.0
2019-04-07,0.0
2019-04-08,0.0
2019-04-09,0.0
2019-04-10,0.0
2019-04-11,0.0
2019-04-12,0.0
2019-04-13,0.0
2019-04-14,0.0
2019-04-15,0.0
2019-04-16,0.0
2019-04-17,0.0
2019-04-18,0.0
2019-04-19,0.0
2019-04-20,0.0
2019-04-21,0.0
2019-04-22,0.0
2019-04-23,0.0
2019-04-24,0.0
2019-04-25,0.0
2019-04-26,0.0
2019-04-27,0.0
2019-04-28,0.0
2019-04-29,0.0
2019-04-30,0.0
2019-05-01,0.542
2019-05-02,2.7562471264367825
2019-05-03,6.362624277456646
2019-05-04,14.501352601156063
2019-05-05,17.553375722543347
2019-05-06,16.94297109826589
2019-05-07,17.756843930635828
2019-05-08,17.96031213872831
2019-05-09,19.384589595375715
2019-05-10,24.06435838150287
2019-05-11,30.982277456647385
2019-05-12,5.060137648863886
2019-05-13,8.202898546817286
2019-05-14,11.708562526554308
2019-05-15,7.424644949480656
2019-05-16,10.069040179078328
2019-05-17,9.599023619421649
2019-05-18,9.558482577288986
2019-05-19,14.152412550294256
2019-05-20,8.875423194510498
2019-05-21,24.517630220949094
2019-05-22,25.544364297864618
2019-05-23,37.895786964872016
2019-05-24,156.02745713653388
2019-05-25,324.48804246291223
2019-05-26,467.25534447221105
2019-05-27,433.2771721920062
2019-05-28,522.127394318096
2019-05-29,651.6247935425224
2019-05-30,729.5105929783956
2019-05-31,848.058282989108
2019-06-01,1350.368397626591
2019-06-02,1462.0926411007363
2019-06-03,1523.5770355654504
2019-06-04,1489.4607829724791
2019-06-05,1133.770983830961
2019-06-06,910.9033649751444
2019-06-07,857.8957046459598
2019-06-08,764.1027444980012
2019-06-09,716.1081319672817
2019-06-10,646.4420361370036
2019-06-11,587.0616146357975
2019-06-12,541.9017891115582
2019-06-13,476.32640576708684
2019-06-14,419.92981802502055
2019-06-15,379.0671588997125
2019-06-16,328.0935387103635
2019-06-17,296.0847402472814
2019-06-18,285.6305790275009
2019-06-19,245.76389862126433
2019-06-20,221.70639215613738
2019-06-21,202.98537923785216
2019-06-22,127.88690169546945
2019-06-23,114.99345358380654
2019-06-24,106.39768173043271
2019-06-25,95.601266948148
2019-06-26,86.92396407812167
2019-06-27,79.95077573894227
2019-06-28,80.520398996136
2019-06-29,85.61030740482352
2019-06-30,86.9552479901477
2019-07-01,85.46464997766759
2019-07-02,84.40363800026887
2019-07-03,85.5109471267255
2019-07-04,91.6602057442874
2019-07-05,95.16750134827932
2019-07-06,94.05489868717393
2019-07-07,90.02514086251577
2019-07-08,84.14799731202467
2019-07-09,81.4857913811917
2019-07-10,79.81552786853632
2019-07-11,72.1695038937984
2019-07-12,65.44115768283991
2019-07-13,60.37697378944724
2019-07-14,54.69294747801589
2019-07-15,51.602355412503854
2019-07-16,55.52887227751205
2019-07-17,76.36073165812654
2019-07-18,54.0169551247682
2019-07-19,51.73772548755937
2019-07-20,51.22468934767728
2019-07-21,97.77140046882546
2019-07-22,231.28296373869696
2019-07-23,362.97065144467064
2019-07-24,370.19857294874674
2019-07-25,283.5902560163982
2019-07-26,243.8637162726242
2019-07-27,212.5928164266514
2019-07-28,212.45280803285638
2019-07-29,235.95836012826624
2019-07-30,226.3094605486565
2019-07-31,201.1065117091815
2019-08-01,167.6991369693501
2019-08-02,143.14473647144658
2019-08-03,138.02326913260544
2019-08-04,124.04982011202463
2019-08-05,120.9261559396395
2019-08-06,125.51192436896493
2019-08-07,126.719073583711
2019-08-08,125.5488072201729
2019-08-09,141.65567529679535
2019-08-10,132.24189211212516
2019-08-11,128.3198442379767
2019-08-12,118.77864217322558
2019-08-13,139.41758099966293
2019-08-14,168.05609396338932
2019-08-15,175.1941175201215
2019-08-16,162.29949337959786
2019-08-17,139.09717108887537
2019-08-18,134.45600609993576
2019-08-19,147.17197913945265
2019-08-20,144.47702736400726
2019-08-21,124.74456586576318
2019-08-22,106.34584245971712
2019-08-23,78.91258182053184
2019-08-24,72.57556398021386
2019-08-25,42.18248378463096
2019-08-26,39.4387077930626
2019-08-27,36.6467487185009
2019-08-28,35.81822871192588
2019-08-29,40.99872813471165
2019-08-30,67.20507047298354
2019-08-31,138.7867416971171
2019-09-01,175.7478869345016
2019-09-02,178.91350316218788
2019-09-03,161.4949207835884
2019-09-04,148.56334778596178
2019-09-05,138.53741972878515
2019-09-06,132.18693135226732
2019-09-07,124.15533242114896
2019-09-08,111.80716816278414
2019-09-09,106.71706316138311
2019-09-10,114.23810123133603
2019-09-11,137.60612766738402
2019-09-12,149.4723841383236
2019-09-13,152.169857361845
2019-09-14,140.49351039051643
2019-09-15,124.83947381584366
2019-09-16,115.70731007835526
2019-09-17,116.60710125022227
2019-09-18,124.57261299158678
2019-09-19,137.12216201994866
2019-09-20,117.6311954713509
2019-09-21,111.05690539574205
2019-09-22,104.0288935929062
2019-09-23,99.53925073145909
2019-09-24,89.98316160541421
2019-09-25,83.42875117518268
2019-09-26,67.23972317614863
2019-09-27,61.38828730867411
2019-09-28,51.693743814164925
2019-09-29,52.5395623764516
2019-09-30,47.53651495692379
2019-10-01,39.171875
2019-10-02,36.1953125
2019-10-03,32.4375
2019-10-04,28.921875
2019-10-05,25.6796875
2019-10-06,22.6875
2019-10-07,19.8515625
2019-10-08,17.2578125
2019-10-09,14.953125
2019-10-10,12.8828125
2019-10-11,10.9765625
2019-10-12,9.171875
2019-10-13,7.5234375
2019-10-14,6.078125
2019-10-15,4.8125
2019-10-16,3.703125
2019-10-17,2.8515625
2019-10-18,2.21875
2019-10-19,1.734375
2019-10-20,1.3671875
2019-10-21,1.0859375
2019-10-22,0.8515625
2019-10-23,0.671875
2019-10-24,0.5234375
2019-10-25,0.40625
2019-10-26,0.3046875
2019-10-27,0.2265625
2019-10-28,0.171875
2019-10-29,0.1328125
2019-10-30,0.1015625
2019-10-31,0.078125
2019-11-01,0.06249999999999999
2019-11-02,0.046875
2019-11-03,0.0390625
2019-11-04,0.03125
2019-11-05,0.0234375
2019-11-06,0.0234375
2019-11-07,0.015625
2019-11-08,0.015625
2019-11-09,0.007812500000000002
2019-11-10,0.007812500000000002
2019-11-11,0.007812500000000002
2019-11-12,0.0
2019-11-13,0.0
2019-11-14,0.0
2019-11-15,0.0
2019-11-16,0.0
2019-11-17,0.0
2019-11-18,0.0
2019-11-19,0.0
2019-11-20,0.0
2019-11-21,0.0
2019-11-22,0.0
2019-11-23,0.0
2019-11-24,0.0
2019-11-25,0.0
2019-11-26,0.0
2019-11-27,0.0
2019-11-28,0.0
2019-11-29,0.0
2019-11-30,0.0
2019-12-01,0.0
2019-12-02,0.0
2019-12-03,0.0
2019-12-04,0.0
2019-12-05,0.0
2019-12-06,0.0
2019-12-07,0.0
2019-12-08,0.0
2019-12-09,0.0
2019-12-10,0.0
2019-12-11,0.0
2019-12-12,0.0
2019-12-13,0.0
2019-12-14,0.0
2019-12-15,0.0
2019-12-16,0.0
2019-12-17,0.0
2019-12-18,0.0
2019-12-19,0.0
2019-12-20,0.0
2019-12-21,0.0
2019-12-22,0.0
2019-12-23,0.0
2019-12-24,0.0
2019-12-25,0.0
2019-12-26,0.0
2019-12-27,0.0
2019-12-28,0.0
2019-12-29,0.0
2019-12-30,0.0
2019-12-31,0.0
2020-01-01,0.0
2020-01-02,0.0
2020-01-03,0.0
2020-01-04,0.0
2020-01-05,0.0
2020-01-06,0.0
2020-01-07,0.0
2020-01-08,0.0
2020-01-09,0.0
2020-01-10,0.0
2020-01-11,0.0
2020-01-12,0.0
2020-01-13,0.0
2020-01-14,0.0
2020-01-15,0.0
2020-01-16,0.0
2020-01-17,0.0
2020-01-18,0.0
2020-01-19,0.0
2020-01-20,0.0
2020-01-21,0.0
2020-01-22,0.0
2020-01-23,0.0
2020-01-24,0.0
2020-01-25,0.0
2020-01-26,0.0
2020-01-27,0.0
2020-01-28,0.0
2020-01-29,0.0
2020-01-30,0.0
2020-01-31,0.0
2020-02-01,0.0
2020-02-02,0.0
2020-02-03,0.0
2020-02-04,0.0
2020-02-05,0.0
2020-02-06,0.0
2020-02-07,0.0
2020-02-08,0.0
2020-02-09,0.0
2020-02-10,0.0
2020-02-11,0.0
2020-02-12,0.0
2020-02-13,0.0
2020-02-14,0.0
2020-02-15,0.0
2020-02-16,0.0
2020-02-17,0.0
2020-02-18,0.0
2020-02-19,0.0
2020-02-20,0.0
2020-02-21,0.0
2020-02-22,0.0
2020-02-23,0.0
2020-02-24,0.0
2020-02-25,0.0
2020-02-26,0.0
2020-02-27,0.0
2020-02-28,0.0
2020-02-29,0.0
2020-03-01,0.0
2020-03-02,0.0
2020-03-03,0.0
2020-03-04,0.0
2020-03-05,0.0
2020-03-06,0.0
2020-03-07,0.0
2020-03-08,0.0
2020-03-09,0.0
2020-03-10,0.0
2020-03-11,0.0
2020-03-12,0.0
2020-03-13,0.0
2020-03-14,0.0
2020-03-15,0.0
2020-03-16,0.0
2020-03-17,0.0
2020-03-18,0.0
2020-03-19,0.0
2020-03-20,0.0
2020-03-21,0.0
2020-03-22,0.0
2020-03-23,0.0
2020-03-24,0.0
2020-03-25,0.0
2020-03-26,0.0
2020-03-27,0.0
2020-03-28,0.0
2020-03-29,0.0
2020-03-30,0.0
2020-03-31,0.0
2020-04-01,0.0
2020-04-02,0.0
2020-04-03,0.0
2020-04-04,0.0
2020-04-05,0.0
2020-04-06,0.0
2020-04-07,0.0
2020-04-08,0.0
2020-04-09,0.0
2020-04-10,0.0
2020-04-11,0.0
2020-04-12,0.0
2020-04-13,0.0
2020-04-14,0.0
2020-04-15,0.0
2020-04-16,0.0
2020-04-17,0.0
2020-04-18,0.0
2020-04-19,0.0
2020-04-20,0.0
2020-04-21,0.0
2020-04-22,0.0
2020-04-23,0.0
2020-04-24,0.0
2020-04-25,0.0
2020-04-26,0.0
2020-04-27,0.0
2020-04-28,0.0
2020-04-29,0.0
2020-04-30,0.0
2020-05-01,0.542
2020-05-02,0.5420000000000001
2020-05-03,0.542
2020-05-04,0.5420000000000001
2020-05-05,0.5420000000000001
2020-05-06,0.5420000000000001
2020-05-07,0.5420000000000001
2020-05-08,0.542
2020-05-09,7.955959770114942
2020-05-10,6.9244705557091555
2020-05-11,13.50134702209414
2020-05-12,10.797867910117024
2020-05-13,12.336625123920124
2020-05-14,7.461833979565846
2020-05-15,6.153472538697259
2020-05-16,50.428808718178075
2020-05-17,76.59606544825591
2020-05-18,42.50913062482438
2020-05-19,67.80894820442265
2020-05-20,37.27208712386284
2020-05-21,39.44282856389879
2020-05-22,35.311569980070715
2020-05-23,33.911878291522456
2020-05-24,31.934829838156066
2020-05-25,23.08941813393845
2020-05-26,23.956901733886873
2020-05-27,22.64170338922905
2020-05-28,27.08260454293892
2020-05-29,22.37908374607505
2020-05-30,136.9058959472696
2020-05-31,128.667109601094
2020-06-01,186.936232883483
2020-06-02,205.8686088111615
2020-06-03,276.5217073636558
2020-06-04,362.5101370483111
2020-06-05,457.8951614522067
2020-06-06,552.5554097586813
2020-06-07,744.4056819188814
2020-06-08,1098.4328042772213
2020-06-09,1598.6748686457695
2020-06-10,1714.7021187795951
2020-06-11,1686.8275395917858
2020-06-12,1574.8038201707798
2020-06-13,1488.6631636057039
2020-06-14,1413.6412212828147
2020-06-15,1358.623473515964
2020-06-16,1056.8661052675889
2020-06-17,965.3849361241932
2020-06-18,821.1706861313191
2020-06-19,733.7324304848158
2020-06-20,665.9208902985158
2020-06-21,604.6557416603512
2020-06-22,569.2891411209653
2020-06-23,533.0106196297805
2020-06-24,471.0123550093821
2020-06-25,404.4654249146192
2020-06-26,380.551982098296
2020-06-27,353.6691574481957
2020-06-28,322.54709831173795
2020-06-29,301.9527068184194
2020-06-30,276.6809782459588
2020-07-01,267.6332591176446
2020-07-02,245.10960794739395
2020-07-03,233.9100552192641
2020-07-04,243.24820374081358
2020-07-05,265.3955702098405
2020-07-06,301.0282368962186
2020-07-07,315.9276836484412
2020-07-08,294.1577393820024
2020-07-09,281.96249164071565
2020-07-10,248.75775204327067
2020-07-11,234.11529178441805
2020-07-12,237.0943044227907
2020-07-13,251.44542356663013
2020-07-14,293.45212467162224
2020-07-15,341.6080656277255
2020-07-16,443.1232399501133
2020-07-17,459.04882212385434
2020-07-18,485.820243336888
2020-07-19,707.3841210134724
2020-07-20,773.168314591252
2020-07-21,751.8615753862437
2020-07-22,726.5545099823513
2020-07-23,683.5393985546583
2020-07-24,497.7159158189127
2020-07-25,476.0643899260775
2020-07-26,354.8775958784959
2020-07-27,248.4606568750796
2020-07-28,234.84860444346413
2020-07-29,259.96470571053555
2020-07-30,672.1718323987798
2020-07-31,788.0100174467727
2020-08-01,761.1734266269041
2020-08-02,713.6071809512327
2020-08-03,681.8511139380884
2020-08-04,638.295485037225
2020-08-05,486.9425575237819
2020-08-06,432.62388435131
2020-08-07,321.31986342853367
2020-08-08,308.1689900661032
2020-08-09,251.75211274387993
2020-08-10,236.63556954872638
2020-08-11,201.24147402697164
2020-08-12,191.86566855089976
2020-08-13,181.58800125615525
2020-08-14,168.324660387205
2020-08-15,157.70420020757066
2020-08-16,137.2593189766266
2020-08-17,126.75837204706865
2020-08-18,120.64202530310604
2020-08-19,106.20439839153879
2020-08-20,119.228126267567
2020-08-21,126.56082238036888
2020-08-22,169.77880973375954
2020-08-23,205.23124173975734
2020-08-24,229.4614933297944
2020-08-25,218.29543022207787
2020-08-26,203.1709544538392
2020-08-27,190.44269558976373
2020-08-28,188.08947084283744
2020-08-29,190.78058240882487
2020-08-30,189.70565459858452
2020-08-31,188.65542530307607
2020-09-01,180.84470445938982
2020-09-02,176.56084884891177
2020-09-03,193.45422851145995
2020-09-04,205.27405109259593
2020-09-05,196.5209693448604
2020-09-06,176.327680443441
2020-09-07,166.57128536780928
2020-09-08,160.39848849886266
2020-09-09,153.10667838868687
2020-09-10,145.7345645308116
2020-09-11,128.2817718259639
2020-09-12,124.00677422044352
2020-09-13,121.40615973113765
2020-09-14,141.7482702086272
2020-09-15,157.29570673932187
2020-09-16,151.53753024467767
2020-09-17,151.91017613773346
2020-09-18,152.117377629363
2020-09-19,145.7500457827543
2020-09-20,129.59765391742232
2020-09-21,118.0548765519165
2020-09-22,116.16370624335855
2020-09-23,105.20470396900518
2020-09-24,100.22034585697878
2020-09-25,95.26940610385985
2020-09-26,88.74292702757022
2020-09-27,78.84023921063282
2020-09-28,76.67238730059371
2020-09-29,63.29727812059188
2020-09-30,63.62440555003861
2020-10-01,41.859375
2020-10-02,40.03125
2020-10-03,37.765625
2020-10-04,34.3203125
2020-10-05,30.71875
2020-10-06,27.25
2020-10-07,24.1015625
2020-10-08,21.171875
2020-10-09,18.421875
2020-10-10,15.992187500000002
2020-10-11,13.8828125
2020-10-12,11.9765625
2020-10-13,10.1171875
2020-10-14,8.4140625
2020-10-15,7.3203125
2020-10-16,8.265625
2020-10-17,10.046875
2020-10-18,10.171875
2020-10-19,9.0390625
2020-10-20,7.8046875
2020-10-21,6.859375
2020-10-22,6.5078125
2020-10-23,6.4140625
2020-10-24,5.9921875
2020-10-25,5.375
2020-10-26,4.7578125
2020-10-27,4.1875
2020-10-28,3.671875
2020-10-29,3.21875
2020-10-30,2.8046875
2020-10-31,2.4453125
2020-11-01,2.109375
2020-11-02,1.8125
2020-11-03,1.5546875
2020-11-04,1.3203125
2020-11-05,1.109375
2020-11-06,0.921875
2020-11-07,0.765625
2020-11-08,0.6328125
2020-11-09,0.5234375
2020-11-10,0.421875
2020-11-11,0.3359375
2020-11-12,0.2578125
2020-11-13,0.1953125
2020-11-14,0.15625
2020-11-15,0.11718750000000001
2020-11-16,0.09375
2020-11-17,0.0703125
2020-11-18,0.046875
2020-11-19,0.0390625
2020-11-20,0.03125
2020-11-21,0.0234375
2020-11-22,0.015625
2020-11-23,0.007812500000000002
2020-11-24,0.007812500000000002
2020-11-25,0.007812500000000002
2020-11-26,0.0
2020-11-27,0.0
2020-11-28,0.0
2020-11-29,0.0
2020-11-30,0.0
2020-12-01,0.0
2020-12-02,0.0
2020-12-03,0.0
2020-12-04,0.0
2020-12-05,0.0
2020-12-06,0.0
2020-12-07,0.0
2020-12-08,0.0
2020-12-09,0.0
2020-12-10,0.0
2020-12-11,0.0
2020-12-12,0.0
2020-12-13,0.0
2020-12-14,0.0
2020-12-15,0.0
2020-12-16,0.0
2020-12-17,0.0
2020-12-18,0.0
2020-12-19,0.0
2020-12-20,0.0
2020-12-21,0.0
2020-12-22,0.0
2020-12-23,0.0
2020-12-24,0.0
2020-12-25,0.0
2020-12-26,0.0
2020-12-27,0.0
2020-12-28,0.0
2020-12-29,0.0
2020-12-30,0.0
2020-12-31,0.0
2021-01-01,0.0
2021-01-02,0.0
2021-01-03,0.0
2021-01-04,0.0
2021-01-05,0.0
2021-01-06,0.0
2021-01-07,0.0
2021-01-08,0.0
2021-01-09,0.0
2021-01-10,0.0
2021-01-11,0.0
2021-01-12,0.0
2021-01-13,0.0
2021-01-14,0.0
2021-01-15,0.0
2021-01-16,0.0
2021-01-17,0.0
2021-01-18,0.0
2021-01-19,0.0
2021-01-20,0.0
2021-01-21,0.0
2021-01-22,0.0
2021-01-23,0.0
2021-01-24,0.0
2021-01-25,0.0
2021-01-26,0.0
2021-01-27,0.0
2021-01-28,0.0
2021-01-29,0.0
2021-01-30,0.0
2021-01-31,0.0
2021-02-01,0.0
2021-02-02,0.0
2021-02-03,0.0
2021-02-04,0.0
2021-02-05,0.0
2021-02-06,0.0
2021-02-07,0.0
2021-02-08,0.0
2021-02-09,0.0
2021-02-10,0.0
2021-02-11,0.0
2021-02-12,0.0
2021-02-13,0.0
2021-02-14,0.0
2021-02-15,0.0
2021-02-16,0.0
2021-02-17,0.0
2021-02-18,0.0
2021-02-19,0.0
2021-02-20,0.0
2021-02-21,0.0
2021-02-22,0.0
2021-02-23,0.0
2021-02-24,0.0
2021-02-25,0.0
2021-02-26,0.0
2021-02-27,0.0
2021-02-28,0.0
2021-03-01,0.0
2021-03-02,0.0
2021-03-03,0.0
2021-03-04,0.0
2021-03-05,0.0
2021-03-06,0.0
2021-03-07,0.0
2021-03-08,0.0
2021-03-09,0.0
2021-03-10,0.0
2021-03-11,0.0
2021-03-12,0.0
2021-03-13,0.0
2021-03-14,0.0
2021-03-15,0.0
2021-03-16,0.0
2021-03-17,0.0
2021-03-18,0.0
2021-03-19,0.0
2021-03-20,0.0
2021-03-21,0.0
2021-03-22,0.0
2021-03-23,0.0
2021-03-24,0.0
2021-03-25,0.0
2021-03-26,0.0
2021-03-27,0.0
2021-03-28,0.0
2021-03-29,0.0
2021-03-30,0.0
2021-03-31,0.0
2021-04-01,0.0
2021-04-02,0.0
2021-04-03,0.0
2021-04-04,0.0
2021-04-05,0.0
2021-04-06,0.0
2021-04-07,0.0
2021-04-08,0.0
2021-04-09,0.0
2021-04-10,0.0
2021-04-11,0.0
2021-04-12,0.0
2021-04-13,0.0
2021-04-14,0.0
2021-04-15,0.0
2021-04-16,0.0
2021-04-17,0.0
2021-04-18,0.0
2021-04-19,0.0
2021-04-20,0.0
2021-04-21,0.0
2021-04-22,0.0
2021-04-23,0.0
2021-04-24,0.0
2021-04-25,0.0
2021-04-26,0.0
2021-04-27,0.0
2021-04-28,0.0
2021-04-29,0.0
2021-04-30,0.0
2021-05-01,0.542
2021-05-02,0.542
2021-05-03,0.542
2021-05-04,0.5419999999999999
2021-05-05,0.542
2021-05-06,0.5420000000000001
2021-05-07,0.5420000000000001
2021-05-08,0.5420000000000001
2021-05-09,0.542
2021-05-10,0.542
2021-05-11,0.542
2021-05-12,0.6
2021-05-13,0.6
2021-05-14,0.6000000000000002
2021-05-15,0.6000000000000001
2021-05-16,1.7885636147443518
2021-05-17,1.2107289021657945
2021-05-18,2.770822115384616
2021-05-19,5.347405103140642
2021-05-20,7.847690332223657
2021-05-21,29.204873517703316
2021-05-22,27.007360536394533
2021-05-23,27.92809288063845
2021-05-24,32.99385335327491
2021-05-25,35.339491290335744
2021-05-26,77.50030247118961
2021-05-27,215.955198023172
2021-05-28,293.17935898155156
2021-05-29,328.22135750948553
2021-05-30,334.8079587063481
2021-05-31,329.98763908187397
2021-06-01,347.9891665787636
2021-06-02,389.6337714081828
2021-06-03,461.625776173707
2021-06-04,528.0382025042032
2021-06-05,663.3808881297588
2021-06-06,806.295553785743
2021-06-07,923.786119929431
2021-06-08,1149.2275455770343
2021-06-09,1497.9646816586633
2021-06-10,1487.7561007581987
2021-06-11,1454.8444546369035
2021-06-12,1447.6814086310417
2021-06-13,1414.2712417641198
2021-06-14,1376.4904013919452
2021-06-15,1332.7232570088051
2021-06-16,1053.2366970598184
2021-06-17,986.369535425129
2021-06-18,844.7132186822008
2021-06-19,802.430485886711
2021-06-20,769.7209719829857
2021-06-21,692.4863326512144
2021-06-22,644.8755051843509
2021-06-23,609.1035800554647
2021-06-24,585.698269878959
2021-06-25,526.9598414624056
2021-06-26,492.07937263734965
2021-06-27,463.9647579191934
2021-06-28,402.82600207123465
2021-06-29,367.0966518625575
2021-06-30,341.5021722874389
2021-07-01,334.3892826118671
2021-07-02,322.20511037191244
2021-07-03,287.3553520818359
2021-07-04,260.8285652506413
2021-07-05,245.78496013668592
2021-07-06,207.19095650064688
2021-07-07,191.71166885740817
2021-07-08,164.35228724021826
2021-07-09,151.45550184839595
2021-07-10,149.42503971693557
2021-07-11,143.69092626325093
2021-07-12,133.24473035855087
2021-07-13,116.7463594509614
2021-07-14,92.10456156659407
2021-07-15,88.4218975288369
2021-07-16,103.89354933999203
2021-07-17,146.0190795940562
2021-07-18,145.18791787849196
2021-07-19,162.58101546920366
2021-07-20,163.42214101086162
2021-07-21,141.46255185032882
2021-07-22,130.73902713578468
2021-07-23,127.68537720890944
2021-07-24,146.2292027733527
2021-07-25,183.54674079576577
2021-07-26,240.63676107843486
2021-07-27,508.57534840450757
2021-07-28,740.2972435840521
2021-07-29,722.7572996668429
2021-07-30,696.6421858941694
2021-07-31,664.3619398440699
2021-08-01,498.9410827189509
2021-08-02,462.67249943701654
2021-08-03,351.8252651479325
2021-08-04,346.7018469611393
2021-08-05,470.13834320742984
2021-08-06,502.6605336835369
2021-08-07,630.6721860500859
2021-08-08,478.7351327691597
2021-08-09,454.44505141677973
2021-08-10,327.98632006883986
2021-08-11,260.82083930946254
2021-08-12,241.50663294297993
2021-08-13,202.3116601796447
2021-08-14,183.06867999346326
2021-08-15,183.03532162762477
2021-08-16,214.4065619382348
2021-08-17,262.4191559574955
2021-08-18,273.4530881912567
2021-08-19,264.8485988401039
2021-08-20,256.48398899351423
2021-08-21,233.9081867362992
2021-08-22,205.03272306692148
2021-08-23,203.27331945279144
2021-08-24,224.99096025850804
2021-08-25,223.36056629511498
2021-08-26,224.41508810553037
2021-08-27,230.1459414717167
2021-08-28,233.2786852631601
2021-08-29,268.6836830109163
2021-08-30,275.4245482604831
2021-08-31,261.00513075793356
2021-09-01,226.43668204815714
2021-09-02,230.99467977489948
2021-09-03,245.461048864903
2021-09-04,232.28735061523412
2021-09-05,207.443919249808
2021-09-06,186.52011545457694
2021-09-07,167.5724579694933
2021-09-08,161.04934150063005
2021-09-09,150.6713326244667
2021-09-10,147.52067054969962
2021-09-11,133.4217187672625
2021-09-12,118.84782651362254
2021-09-13,109.76477903767685
2021-09-14,108.98712233526811
2021-09-15,113.19624242060694
2021-09-16,117.71981895709416
2021-09-17,123.2731166955871
2021-09-18,116.4154764234005
2021-09-19,111.60240842999835
2021-09-20,115.11452058128332
2021-09-21,119.87846561726
2021-09-22,112.49471631442096
2021-09-23,106.85321504473843
2021-09-24,97.86032778000401
2021-09-25,90.83345607018903
2021-09-26,83.07172678963006
2021-09-27,73.71539598618159
2021-09-28,64.91881452164844
2021-09-29,56.340562840453316
2021-09-30,50.27734954563442
2021-10-01,39.2109375
2021-10-02,35.28125
2021-10-03,31.609375
2021-10-04,28.375
2021-10-05,25.3359375
2021-10-06,22.3515625
2021-10-07,19.6640625
2021-10-08,17.2109375
2021-10-09,14.9765625
2021-10-10,12.890625
2021-10-11,10.921875
2021-10-12,9.1328125
2021-10-13,7.5234375
2021-10-14,6.078125
2021-10-15,4.78125
2021-10-16,3.6484375
2021-10-17,2.7265625
2021-10-18,1.9999999999999998
2021-10-19,1.4609375
2021-10-20,1.0703125
2021-10-21,0.7890625
2021-10-22,0.5859375
2021-10-23,0.453125
2021-10-24,0.3515625
2021-10-25,0.2734375
2021-10-26,0.2109375
2021-10-27,0.171875
2021-10-28,0.140625
2021-10-29,0.11718750000000001
2021-10-30,0.09375
2021-10-31,0.078125
2021-11-01,0.06249999999999999
2021-11-02,0.05468749999999999
2021-11-03,0.046875
2021-11-04,0.0390625
2021-11-05,0.03125
2021-11-06,0.0234375
2021-11-07,0.0234375
2021-11-08,0.015625
2021-11-09,0.015625
2021-11-10,0.007812500000000002
2021-11-11,0.007812500000000002
2021-11-12,0.007812500000000002
2021-11-13,0.007812500000000002
2021-11-14,0.0
2021-11-15,0.0
2021-11-16,0.0
2021-11-17,0.0
2021-11-18,0.0
2021-11-19,0.0
2021-11-20,0.0
2021-11-21,0.0
2021-11-22,0.0
2021-11-23,0.0
2021-11-24,0.0
2021-11-25,0.0
2021-11-26,0.0
2021-11-27,0.0
2021-11-28,0.0
2021-11-29,0.0
2021-11-30,0.0
2021-12-01,0.0
2021-12-02,0.0
2021-12-03,0.0
2021-12-04,0.0
2021-12-05,0.0
2021-12-06,0.0
2021-12-07,0.0
2021-12-08,0.0
2021-12-09,0.0
2021-12-10,0.0
2021-12-11,0.0
2021-12-12,0.0
2021-12-13,0.0
2021-12-14,0.0
2021-12-15,0.0
2021-12-16,0.0
2021-12-17,0.0
2021-12-18,0.0
2021-12-19,0.0
2021-12-20,0.0
2021-12-21,0.0
2021-12-22,0.0
2021-12-23,0.0
2021-12-24,0.0
2021-12-25,0.0
2021-12-26,0.0
2021-12-27,0.0
2021-12-28,0.0
2021-12-29,0.0
2021-12-30,0.0
2021-12-31,0.0
2022-01-01,0.0
2022-01-02,0.0
2022-01-03,0.0
2022-01-04,0.0
2022-01-05,0.0
2022-01-06,0.0
2022-01-07,0.0
2022-01-08,0.0
2022-01-09,0.0
2022-01-10,0.0
2022-01-11,0.0
2022-01-12,0.0
2022-01-13,0.0
2022-01-14,0.0
2022-01-15,0.0
2022-01-16,0.0
2022-01-17,0.0
2022-01-18,0.0
2022-01-19,0.0
2022-01-20,0.0
2022-01-21,0.0
2022-01-22,0.0
2022-01-23,0.0
2022-01-24,0.0
2022-01-25,0.0
2022-01-26,0.0
2022-01-27,0.0
2022-01-28,0.0
2022-01-29,0.0
2022-01-30,0.0
2022-01-31,0.0
2022-02-01,0.0
2022-02-02,0.0
2022-02-03,0.0
2022-02-04,0.0
2022-02-05,0.0
2022-02-06,0.0
2022-02-07,0.0
2022-02-08,0.0
2022-02-09,0.0
2022-02-10,0.0
2022-02-11,0.0
2022-02-12,0.0
2022-02-13,0.0
2022-02-14,0.0
2022-02-15,0.0
2022-02-16,0.0
2022-02-17,0.0
2022-02-18,0.0
2022-02-19,0.0
2022-02-20,0.0
2022-02-21,0.0
2022-02-22,0.0
2022-02-23,0.0
2022-02-24,0.0
2022-02-25,0.0
2022-02-26,0.0
2022-02-27,0.0
2022-02-28,0.0
2022-03-01,0.0
2022-03-02,0.0
2022-03-03,0.0
2022-03-04,0.0
2022-03-05,0.0
2022-03-06,0.0
2022-03-07,0.0
2022-03-08,0.0
2022-03-09,0.0
2022-03-10,0.0
2022-03-11,0.0
2022-03-12,0.0
2022-03-13,0.0
2022-03-14,0.0
2022-03-15,0.0
2022-03-16,0.0
2022-03-17,0.0
2022-03-18,0.0
2022-03-19,0.0
2022-03-20,0.0
2022-03-21,0.0
2022-03-22,0.0
2022-03-23,0.0
2022-03-24,0.0
2022-03-25,0.0
2022-03-26,0.0
2022-03-27,0.0
2022-03-28,0.0
2022-03-29,0.0
2022-03-30,0.0
2022-03-31,0.0
2022-04-01,0.0
2022-04-02,0.0
2022-04-03,0.0
2022-04-04,0.0
2022-04-05,0.0
2022-04-06,0.0
2022-04-07,0.0
2022-04-08,0.0
2022-04-09,0.0
2022-04-10,0.0
2022-04-11,0.0
2022-04-12,0.0
2022-04-13,0.0
2022-04-14,0.0
2022-04-15,0.0
2022-04-16,0.0
2022-04-17,0.0
2022-04-18,0.0
2022-04-19,0.0
2022-04-20,0.0
2022-04-21,0.0
2022-04-22,0.0
2022-04-23,0.0
2022-04-24,0.0
2022-04-25,0.0
2022-04-26,0.0
2022-04-27,0.03125
2022-04-28,0.6875
2022-04-29,2.90625
2022-04-30,5.375
2022-05-01,3.316093447608517
2022-05-02,3.2522283660492137
2022-05-03,2.948869228642523
2022-05-04,2.581645009676529
2022-05-05,28.947595375722532
2022-05-06,25.285167630057796
2022-05-07,28.337190751445082
2022-05-08,2.9329029582526984
2022-05-09,3.555587503455905
2022-05-10,5.152214542438488
2022-05-11,10.468982582250492
2022-05-12,14.323068173631121
2022-05-13,12.000062178804138
2022-05-14,9.749225103423077
2022-05-15,10.045046295935848
2022-05-16,12.862022416310962
2022-05-17,197.7721420571923
2022-05-18,243.189198031834
2022-05-19,254.16408147129235
2022-05-20,242.89117001299107
2022-05-21,285.27776426629606
2022-05-22,318.5490017816992
2022-05-23,489.06465144260943
2022-05-24,529.5379230710582
2022-05-25,589.320463228976
2022-05-26,685.1452506996729
2022-05-27,823.6876997765509
2022-05-28,1185.9891281625069
2022-05-29,883.9855389839925
2022-05-30,874.1528656815788
2022-05-31,871.3304803285519
2022-06-01,1001.3852787052364
2022-06-02,808.9471433689954
2022-06-03,758.5779116810022
2022-06-04,689.837934818196
2022-06-05,637.9651605324042
2022-06-06,580.7918359329173
2022-06-07,518.7656396347246
2022-06-08,524.3065919350493
2022-06-09,526.8940640327435
2022-06-10,474.70391989757405
2022-06-11,418.000348152625
2022-06-12,423.93377306747584
2022-06-13,411.61890352053217
2022-06-14,387.4215232161531
2022-06-15,344.87856252012574
2022-06-16,312.46502638724706
2022-06-17,299.092877486717
2022-06-18,298.1742547947161
2022-06-19,274.86013681538725
2022-06-20,237.66922953310012
2022-06-21,222.89219698152007
2022-06-22,209.33487480261675
2022-06-23,197.5225381828797
2022-06-24,185.5534130560015
2022-06-25,184.18846868699598
2022-06-26,179.93307466087202
2022-06-27,166.68564630316607
2022-06-28,159.79317589138222
2022-06-29,152.86976108859514
2022-06-30,106.89231986866159
2022-07-01,103.91329669980594
2022-07-02,145.1992897734335
2022-07-03,177.2635771953669
2022-07-04,201.80404313584157
2022-07-05,193.93394161778772
2022-07-06,175.70334190863653
2022-07-07,169.96839390694063
2022-07-08,181.33456817995238
2022-07-09,176.10248462168545
2022-07-10,178.17791607538206
2022-07-11,187.43629985869381
2022-07-12,162.48728348053677
2022-07-13,134.5377640598312
2022-07-14,190.84101736288835
2022-07-15,298.60292912130416
2022-07-16,354.87023896593485
2022-07-17,352.9524041998119
2022-07-18,341.06657739296674
2022-07-19,326.2566959978389
2022-07-20,280.3001989578222
2022-07-21,254.294011103793
2022-07-22,230.343552920839
2022-07-23,223.22456424608967
2022-07-24,196.54250744728606
2022-07-25,179.12592518833645
2022-07-26,163.89493556888536
2022-07-27,176.75415742584474
2022-07-28,185.21295182866226
2022-07-29,194.47739771751915
2022-07-30,225.43113825202434
2022-07-31,228.81954807632627
2022-08-01,218.5178670409641
2022-08-02,197.15927844861102
2022-08-03,160.80617600432205
2022-08-04,137.14749044408794
2022-08-05,126.20960216963896
2022-08-06,123.62909030940547
2022-08-07,154.4173532783658
2022-08-08,178.75394967697497
2022-08-09,172.96210805835062
2022-08-10,154.03132850046745
2022-08-11,133.9830963000058
2022-08-12,120.96607446123213
2022-08-13,104.04448338686176
2022-08-14,86.27685338176259
2022-08-15,87.08483224990373
2022-08-16,111.62360392309795
2022-08-17,134.94391474072262
2022-08-18,153.74918446978282
2022-08-19,171.12688206415893
2022-08-20,163.63586692527963
2022-08-21,144.49929140690844
2022-08-22,144.22165750981605
2022-08-23,167.03142880046494
2022-08-24,172.64667651648463
2022-08-25,190.1817869450906
2022-08-26,265.66424097746295
2022-08-27,333.35535930956615
2022-08-28,280.24594981548194
2022-08-29,259.6713745272983
2022-08-30,356.18580144041886
2022-08-31,737.0842652612562
2022-09-01,798.8648153324569
2022-09-02,730.4937868184694
2022-09-03,679.2084390903279
2022-09-04,666.8482459398023
2022-09-05,715.0780337921038
2022-09-06,712.1610950454367
2022-09-07,668.4236820668384
2022-09-08,397.87035594076883
2022-09-09,399.6338359956031
2022-09-10,387.2669002496454
2022-09-11,390.22071620030107
2022-09-12,383.2087272760578
2022-09-13,393.76555804588475
2022-09-14,384.66174234187895
2022-09-15,371.94684595319933
2022-09-16,359.475703665626
2022-09-17,357.1265940857353
2022-09-18,339.5011570834429
2022-09-19,315.25491839745746
2022-09-20,263.9170889264988
2022-09-21,288.5573191502586
2022-09-22,288.14147980161613
2022-09-23,270.77159230624807
2022-09-24,263.08320689833414
2022-09-25,242.73061703276804
2022-09-26,221.45158947479032
2022-09-27,218.83561741691955
2022-09-28,205.8214915736611
2022-09-29,198.75841647180138
2022-09-30,182.45476008037912
2022-10-01,117.71875
2022-10-02,107.609375
2022-10-03,98.375
2022-10-04,89.875
2022-10-05,82.09375
2022-10-06,74.796875
2022-10-07,68.0625
2022-10-08,61.9453125
2022-10-09,56.2890625
2022-10-10,51.0078125
2022-10-11,46.125
2022-10-12,41.609375
2022-10-13,37.4453125
2022-10-14,33.578125
2022-10-15,30.0078125
2022-10-16,26.71875
2022-10-17,23.6640625
2022-10-18,20.8203125
2022-10-19,18.984375
2022-10-20,20.515625
2022-10-21,19.359375
2022-10-22,16.8359375
2022-10-23,14.5625
2022-10-24,12.5234375
2022-10-25,10.6875
2022-10-26,9.0390625
2022-10-27,7.5859375
2022-10-28,6.3359375
2022-10-29,5.2734375
2022-10-30,4.390625
2022-10-31,3.6640625
2022-11-01,3.0859375
2022-11-02,2.609375
2022-11-03,2.21875
2022-11-04,1.890625
2022-11-05,1.5859375
2022-11-06,1.3125
2022-11-07,1.09375
2022-11-08,0.90625
2022-11-09,0.7421875
2022-11-10,0.6015625
2022-11-11,0.484375
2022-11-12,0.375
2022-11-13,0.2890625
2022-11-14,0.21875
2022-11-15,0.15625
2022-11-16,0.109375
2022-11-17,0.0703125
2022-11-18,0.046875
2022-11-19,0.03125
2022-11-20,0.0234375
2022-11-21,0.015625
2022-11-22,0.015625
2022-11-23,0.015625
2022-11-24,0.007812500000000002
2022-11-25,0.007812500000000002
2022-11-26,0.007812500000000002
2022-11-27,0.007812500000000002
2022-11-28,0.0
2022-11-29,0.0
2022-11-30,0.0
2022-12-01,0.0
2022-12-02,0.0
2022-12-03,0.0
2022-12-04,0.0
2022-12-05,0.0
2022-12-06,0.0
2022-12-07,0.0
2022-12-08,0.0
2022-12-09,0.0
2022-12-10,0.0
2022-12-11,0.0
2022-12-12,0.0
2022-12-13,0.0
2022-12-14,0.0
2022-12-15,0.0
2022-12-16,0.0
2022-12-17,0.0
2022-12-18,0.0
2022-12-19,0.0
2022-12-20,0.0
2022-12-21,0.0
2022-12-22,0.0
2022-12-23,0.0
2022-12-24,0.0
2022-12-25,0.0
2022-12-26,0.0
2022-12-27,0.0
2022-12-28,0.0
2022-12-29,0.0
2022-12-30,0.0
2022-12-31,0.0
2023-01-01,0.0
2023-01-02,0.0
2023-01-03,0.0
2023-01-04,0.0
2023-01-05,0.0
2023-01-06,0.0
2023-01-07,0.0
2023-01-08,0.0
2023-01-09,0.0
2023-01-10,0.0
2023-01-11,0.0
2023-01-12,0.0
2023-01-13,0.0
2023-01-14,0.0
2023-01-15,0.0
2023-01-16,0.0
2023-01-17,0.0
2023-01-18,0.0
2023-01-19,0.0
2023-01-20,0.0
2023-01-21,0.0
2023-01-22,0.0
2023-01-23,0.0
2023-01-24,0.0
2023-01-25,0.0
2023-01-26,0.0
2023-01-27,0.0
2023-01-28,0.0
2023-01-29,0.0
2023-01-30,0.0
2023-01-31,0.0
2023-02-01,0.0
2023-02-02,0.0
2023-02-03,0.0
2023-02-04,0.0
2023-02-05,0.0
2023-02-06,0.0
2023-02-07,0.0
2023-02-08,0.0
2023-02-09,0.0
2023-02-10,0.0
2023-02-11,0.0
2023-02-12,0.0
2023-02-13,0.0
2023-02-14,0.0
2023-02-15,0.0
2023-02-16,0.0
2023-02-17,0.0
2023-02-18,0.0
2023-02-19,0.0
2023-02-20,0.0
2023-02-21,0.0
2023-02-22,0.0
2023-02-23,0.0
2023-02-24,0.0
2023-02-25,0.0
2023-02-26,0.0
2023-02-27,0.0
2023-02-28,0.0
2023-03-01,0.0
2023-03-02,0.0
2023-03-03,0.0
2023-03-04,0.0
2023-03-05,0.0
2023-03-06,0.0
2023-03-07,0.0
2023-03-08,0.0
2023-03-09,0.0
2023-03-10,0.0
2023-03-11,0.0
2023-03-12,0.0
2023-03-13,0.0
2023-03-14,0.0
2023-03-15,0.0
2023-03-16,0.0
2023-03-17,0.0
2023-03-18,0.0
2023-03-19,0.0
2023-03-20,0.0
2023-03-21,0.0
2023-03-22,0.0
2023-03-23,0.0
2023-03-24,0.0
2023-03-25,0.0
2023-03-26,0.0
2023-03-27,0.0
2023-03-28,0.0
2023-03-29,0.0
2023-03-30,0.0
2023-03-31,0.0
2023-04-01,0.0
2023-04-02,0.0
2023-04-03,0.0
2023-04-04,0.0
2023-04-05,0.0
2023-04-06,0.0
2023-04-07,0.0
2023-04-08,0.0
2023-04-09,0.0
2023-04-10,0.0
2023-04-11,0.0
2023-04-12,0.0
2023-04-13,0.0
2023-04-14,0.0
2023-04-15,0.0
2023-04-16,0.0
2023-04-17,0.0
2023-04-18,0.0
2023-04-19,0.0
2023-04-20,0.0
2023-04-21,0.0
2023-04-22,0.0
2023-04-23,0.0
2023-04-24,0.0
2023-04-25,0.0
2023-04-26,0.0
2023-04-27,0.0
2023-04-28,0.0
2023-04-29,0.0
2023-04-30,0.0
2023-05-01,0.542
2023-05-02,0.542
2023-05-03,0.5420000000000001
2023-05-04,0.5419999999999999
2023-05-05,0.5420000000000001
2023-05-06,0.542
2023-05-07,0.5420000000000001
2023-05-08,0.5420000000000001
2023-05-09,0.542
2023-05-10,0.5420000000000001
2023-05-11,0.542
2023-05-12,1.175178147268409
2023-05-13,3.2543529411764704
2023-05-14,8.073545623836129
2023-05-15,1.6833561876059506
2023-05-16,13.915767441860464
2023-05-17,4.4336312849162
2023-05-18,1.4027808988764052
2023-05-19,1.827087589654423
2023-05-20,2.796333868378813
2023-05-21,37.24634755217399
2023-05-22,99.6997700410712
2023-05-23,227.8886077556269
2023-05-24,244.05430295746683
2023-05-25,281.2876970339758
2023-05-26,313.11382777580855
2023-05-27,340.2122285778831
2023-05-28,359.76845842035874
2023-05-29,432.3741723496365
2023-05-30,480.9982834920606
2023-05-31,421.0535537475068
2023-06-01,510.8982457255098
2023-06-02,636.6162778727796
2023-06-03,766.0752325815345
2023-06-04,833.2418337718454
2023-06-05,1150.4714636731064
2023-06-06,1530.1913239926714
2023-06-07,1199.5075452431104
2023-06-08,1152.395903337275
2023-06-09,1099.9983361020616
2023-06-10,1063.584329604604
2023-06-11,918.7396633385766
2023-06-12,886.7006293333895
2023-06-13,811.6761231211901
2023-06-14,782.4246133361481
2023-06-15,739.9654400303347
2023-06-16,683.6148712335904
2023-06-17,623.7146749882259
2023-06-18,560.9323085761217
2023-06-19,501.53614958088525
2023-06-20,444.55091643230884
2023-06-21,393.6399832642462
2023-06-22,365.5689338788889
2023-06-23,321.7601251988275
2023-06-24,315.7936606384228
2023-06-25,303.7712865523379
2023-06-26,278.6880490550879
2023-06-27,274.10321667519423
2023-06-28,255.92262416554604
2023-06-29,213.2685589345681
2023-06-30,158.6656680675906
2023-07-01,141.8337780714307
2023-07-02,104.45899344177973
2023-07-03,100.52548340310109
2023-07-04,102.72591039584115
2023-07-05,121.92745382617255
2023-07-06,150.6303878999244
2023-07-07,174.15605438365532
2023-07-08,161.67714859188646
2023-07-09,135.7432604631132
2023-07-10,102.07910475249561
2023-07-11,92.63134051679226
2023-07-12,87.46505186040078
2023-07-13,84.18957511082846
2023-07-14,88.73996513247405
2023-07-15,103.36834200785063
2023-07-16,86.94496100226199
2023-07-17,80.77052122608455
2023-07-18,72.8137293996698
2023-07-19,51.45032780812183
2023-07-20,72.23399080520068
2023-07-21,76.68586375980416
2023-07-22,75.9009800175406
2023-07-23,71.61221933232369
2023-07-24,49.32848814955278
2023-07-25,68.71114786399112
2023-07-26,71.40990533782312
2023-07-27,70.21017512836829
2023-07-28,73.19974656748012
2023-07-29,152.72034127517048
2023-07-30,366.1861843177133
2023-07-31,493.0419680501294
2023-08-01,467.32708101098785
2023-08-02,354.03613989337083
2023-08-03,357.37629535829063
2023-08-04,472.76694139905516
2023-08-05,481.04127003369837
2023-08-06,486.9157350388676
2023-08-07,628.7148263122018
2023-08-08,623.7395997276443
2023-08-09,473.3150087212815
2023-08-10,458.6759889683702
2023-08-11,437.1851102373989
2023-08-12,323.2586628603558
2023-08-13,260.4244575876862
2023-08-14,239.89960497790693
2023-08-15,201.75187693541304
2023-08-16,182.4930078778789
2023-08-17,166.92496257055902
2023-08-18,164.06094857708388
2023-08-19,160.17843453471997
2023-08-20,146.6184444092523
2023-08-21,130.52454114125115
2023-08-22,131.22604959662607
2023-08-23,146.16426863609152
2023-08-24,140.88730475660768
2023-08-25,124.96083219770837
2023-08-26,100.01996285595749
2023-08-27,91.97743516824285
2023-08-28,92.91629810077413
2023-08-29,96.95676374710341
2023-08-30,120.73892457705911
2023-08-31,134.47438359143965
2023-09-01,145.83003694661326
2023-09-02,144.96114257314375
2023-09-03,137.99915850790183
2023-09-04,149.0449527895314
2023-09-05,207.59952732482716
2023-09-06,245.6753908742326
2023-09-07,235.82600549688652
2023-09-08,226.48408034313746
2023-09-09,252.01625178803414
2023-09-10,351.53533571783055
2023-09-11,384.27564306717176
2023-09-12,352.0350129271656
2023-09-13,331.8531776497204
2023-09-14,296.3162311265071
2023-09-15,278.75298554604075
2023-09-16,260.7569548330214
2023-09-17,231.79600540667994
2023-09-18,224.14239317373304
2023-09-19,221.40896775355444
2023-09-20,207.41191898823567
2023-09-21,204.03925779540117
2023-09-22,216.04511259794054
2023-09-23,228.12516773438523
2023-09-24,231.46600073503026
2023-09-25,225.48714340539874
2023-09-26,226.2768608985183
2023-09-27,225.09836974684515
2023-09-28,213.26182381278565
2023-09-29,207.35972994964047
2023-09-30,196.36758655729545
2023-10-01,129.83203125
2023-10-02,119.25390625
2023-10-03,108.1015625
2023-10-04,98.43359375
2023-10-05,89.80859375
2023-10-06,81.875
2023-10-07,74.734375
2023-10-08,68.1171875
2023-10-09,62.1328125
2023-10-10,57.21875
2023-10-11,52.02734375
2023-10-12,46.94921875
2023-10-13,42.35546875
2023-10-14,38.17578125
2023-10-15,34.64453125
2023-10-16,31.1328125
2023-10-17,27.78125
2023-10-18,24.7109375
2023-10-19,21.84375
2023-10-20,19.19921875
2023-10-21,16.73046875
2023-10-22,14.46484375
2023-10-23,12.47265625
2023-10-24,10.890625
2023-10-25,9.2890625
2023-10-26,7.7421875
2023-10-27,6.3359375
2023-10-28,5.0859375
2023-10-29,4.01953125
2023-10-30,3.12109375
2023-10-31,2.390625
2023-11-01,1.81640625
2023-11-02,1.37109375
2023-11-03,1.03125
2023-11-04,0.76953125
2023-11-05,0.57421875
2023-11-06,0.4296875
2023-11-07,0.3203125
2023-11-08,0.2421875
2023-11-09,0.18359375
2023-11-10,0.14453125
2023-11-11,0.11718750000000001
2023-11-12,0.09375
2023-11-13,0.07421875
2023-11-14,0.05468749999999999
2023-11-15,0.04296875
2023-11-16,0.0390625
2023-11-17,0.03125
2023-11-18,0.02734375
2023-11-19,0.0234375
2023-11-20,0.01953125
2023-11-21,0.015625
2023-11-22,0.007812500000000002
2023-11-23,0.00390625
2023-11-24,0.00390625
2023-11-25,0.00390625
2023-11-26,0.0
2023-11-27,0.0
2023-11-28,0.0
2023-11-29,0.0
2023-11-30,0.0
2023-12-01,0.0
2023-12-02,0.0
2023-12-03,0.0
2023-12-04,0.0
2023-12-05,0.0
2023-12-06,0.0
2023-12-07,0.0
2023-12-08,0.0
2023-12-09,0.0
2023-12-10,0.0
2023-12-11,0.0
2023-12-12,0.0
2023-12-13,0.0
2023-12-14,0.0
2023-12-15,0.0
2023-12-16,0.0
2023-12-17,0.0
2023-12-18,0.0
2023-12-19,0.0
2023-12-20,0.0
2023-12-21,0.0
2023-12-22,0.0
2023-12-23,0.0
2023-12-24,0.0
2023-12-25,0.0
2023-12-26,0.0
2023-12-27,0.0
2023-12-28,0.0
2023-12-29,0.0
2023-12-30,0.0
2023-12-31,0.0
2024-01-01,0.0
2024-01-02,0.0
2024-01-03,0.0
2024-01-04,0.0
2024-01-05,0.0
2024-01-06,0.0
2024-01-07,0.0
2024-01-08,0.0
2024-01-09,0.0
2024-01-10,0.0
2024-01-11,0.0
2024-01-12,0.0
2024-01-13,0.0
2024-01-14,0.0
2024-01-15,0.0
2024-01-16,0.0
2024-01-17,0.0
2024-01-18,0.0
2024-01-19,0.0
2024-01-20,0.0
2024-01-21,0.0
2024-01-22,0.0
2024-01-23,0.0
2024-01-24,0.0
2024-01-25,0.0
2024-01-26,0.0
2024-01-27,0.0
2024-01-28,0.0
2024-01-29,0.0
2024-01-30,0.0
2024-01-31,0.0
2024-02-01,0.0
2024-02-02,0.0
2024-02-03,0.0
2024-02-04,0.0
2024-02-05,0.0
2024-02-06,0.0
2024-02-07,0.0
2024-02-08,0.0
2024-02-09,0.0
2024-02-10,0.0
2024-02-11,0.0
2024-02-12,0.0
2024-02-13,0.0
2024-02-14,0.0
2024-02-15,0.0
2024-02-16,0.0
2024-02-17,0.0
2024-02-18,0.0
2024-02-19,0.0
2024-02-20,0.0
2024-02-21,0.0
2024-02-22,0.0
2024-02-23,0.0
2024-02-24,0.0
2024-02-25,0.0
2024-02-26,0.0
2024-02-27,0.0
2024-02-28,0.0
2024-02-29,0.0
2024-03-01,0.0
2024-03-02,0.0
2024-03-03,0.0
2024-03-04,0.0
2024-03-05,0.0
2024-03-06,0.0
2024-03-07,0.0
2024-03-08,0.0
2024-03-09,0.0
2024-03-10,0.0
2024-03-11,0.0
2024-03-12,0.0
2024-03-13,0.0
2024-03-14,0.0
2024-03-15,0.0
2024-03-16,0.0
2024-03-17,0.0
2024-03-18,0.0
2024-03-19,0.0
2024-03-20,0.0
2024-03-21,0.0
2024-03-22,0.0
2024-03-23,0.0
2024-03-24,0.0
2024-03-25,0.0
2024-03-26,0.0
2024-03-27,0.0
2024-03-28,0.0
2024-03-29,0.0
2024-03-30,0.0
2024-03-31,0.0
2024-04-01,0.0
2024-04-02,0.0
2024-04-03,0.0
2024-04-04,0.0
2024-04-05,0.0
2024-04-06,0.0
2024-04-07,0.0
2024-04-08,0.0
2024-04-09,0.0
2024-04-10,0.0
2024-04-11,0.0
2024-04-12,0.0
2024-04-13,0.0
2024-04-14,0.0
2024-04-15,0.0
2024-04-16,0.0
2024-04-17,0.0
2024-04-18,0.0
2024-04-19,0.0
2024-04-20,0.0
2024-04-21,0.0
2024-04-22,0.0
2024-04-23,0.0
2024-04-24,0.0
2024-04-25,0.0
2024-04-26,0.0
2024-04-27,0.0
2024-04-28,0.0
2024-04-29,0.0
2024-04-30,0.0
2024-05-01,0.542
2024-05-02,0.542
2024-05-03,0.5419999999999999
2024-05-04,0.5420000000000001
2024-05-05,0.542
2024-05-06,0.5420000000000003
2024-05-07,0.5420000000000001
2024-05-08,2.267000000000001
2024-05-09,5.345283236994217
2024-05-10,27.930254335260106
2024-05-11,31.11542979127135
2024-05-12,38.20866982922201
2024-05-13,44.888699255121054
2024-05-14,11.279621962704832
2024-05-15,9.252757973487332
2024-05-16,3.1713258136611184
2024-05-17,3.3385504807692326
2024-05-18,2.054223498744932
2024-05-19,3.87998704700917
2024-05-20,3.305436807530152
2024-05-21,3.729931455633101
2024-05-22,2.5625241632360836
2024-05-23,2.335208863000032
2024-05-24,2.6272992458106956
2024-05-25,3.3438110168201174
2024-05-26,9.061790050077544
2024-05-27,24.367393913194952
2024-05-28,188.49644746065127
2024-05-29,404.85704666087196
2024-05-30,498.89837807291923
2024-05-31,635.1798473789153
2024-06-01,577.3912103984308
2024-06-02,551.2515687369815
2024-06-03,660.7789131858277
2024-06-04,808.2844621676697
2024-06-05,899.1268374892585
2024-06-06,947.2539390714892
2024-06-07,927.9198036710249
2024-06-08,895.0972666805801
2024-06-09,817.79358646901
2024-06-10,779.96821123235
2024-06-11,744.4264091905236
2024-06-12,711.6346986951414
2024-06-13,673.8961442234524
2024-06-14,647.1289803465919
2024-06-15,604.227429927252
2024-06-16,540.302710746381
2024-06-17,481.62197152683444
2024-06-18,421.0606406247123
2024-06-19,392.7465567044784
2024-06-20,329.3968806694449
2024-06-21,302.170508963984
2024-06-22,281.5367154317645
2024-06-23,259.53614591720213
2024-06-24,250.22878128731315
2024-06-25,236.43270202703764
2024-06-26,223.16254253435824
2024-06-27,215.24151597663683
2024-06-28,158.55741496534225
2024-06-29,149.7971958280037
2024-06-30,138.1205994655842
2024-07-01,144.07159938945873
2024-07-02,241.81951892760856
2024-07-03,288.0053749914022
2024-07-04,277.52675409799787
2024-07-05,290.7820149378111
2024-07-06,300.46899651489576
2024-07-07,291.7485371413193
2024-07-08,280.9840702605919
2024-07-09,278.271720928368
2024-07-10,247.719151899561
2024-07-11,221.63564694899463
2024-07-12,196.24859406830197
2024-07-13,171.07545769029022
2024-07-14,144.36784756511778
2024-07-15,141.29347608565138
2024-07-16,160.3960083275768
2024-07-17,146.07644560469632
2024-07-18,121.7918388882966
2024-07-19,98.11575325704122
2024-07-20,91.87845823030702
2024-07-21,78.4995913257712
2024-07-22,71.76024158088424
2024-07-23,48.80809688901013
2024-07-24,44.596738615548645
2024-07-25,40.82379878657756
2024-07-26,90.75843941499237
2024-07-27,186.5444762749226
2024-07-28,257.04386928159033
2024-07-29,238.77169388955076
2024-07-30,221.34627734329976
2024-07-31,201.08474847782725
2024-08-01,227.04550820171275
2024-08-02,252.4069155228299
2024-08-03,327.40901305282716
2024-08-04,457.8215705084281
2024-08-05,446.13214672673854
2024-08-06,314.72190464878025
2024-08-07,256.8642725807897
2024-08-08,230.1730280980126
2024-08-09,193.03453580536427
2024-08-10,175.3220044967196
2024-08-11,189.46451896436335
2024-08-12,196.96923610732162
2024-08-13,194.60314154447929
2024-08-14,227.39898364340596
2024-08-15,233.9372980939589
2024-08-16,209.08192399925724
2024-08-17,183.99159226967177
2024-08-18,176.73732993618225
2024-08-19,167.050141189202
2024-08-20,148.14066817572396
2024-08-21,143.66825892792934
2024-08-22,146.5925604081489
2024-08-23,144.08204699025768
2024-08-24,129.40066789757967
2024-08-25,125.1933162759921
2024-08-26,118.49657361064288
2024-08-27,96.69169521589771
2024-08-28,91.93646425250752
2024-08-29,122.76205928464653
2024-08-30,139.00944023030064
2024-08-31,135.2166662037277
2024-09-01,120.46088086202123
2024-09-02,115.0428130242681
2024-09-03,120.60312272866126
2024-09-04,138.6033386594697
2024-09-05,136.87321282141147
2024-09-06,130.18354858046848
2024-09-07,127.94510762859937
2024-09-08,160.91660161244735
2024-09-09,178.693574303589
2024-09-10,189.40030732644232
2024-09-11,184.44149446332165
2024-09-12,174.27637221740605
2024-09-13,173.7771073249725
2024-09-14,169.6720350854452
2024-09-15,175.15692565719914
2024-09-16,180.27953405442963
2024-09-17,180.30444722834588
2024-09-18,176.90176525526488
2024-09-19,168.05463919713645
2024-09-20,160.74044675224596
2024-09-21,154.2979878135321
2024-09-22,151.09917826928984
2024-09-23,150.01988083905977
2024-09-24,150.35489919811576
2024-09-25,170.92681122278813
2024-09-26,202.22922252918138
2024-09-27,207.6635655305121
2024-09-28,207.0770066241995
2024-09-29,194.13248353343548
2024-09-30,160.41114791269558
2024-10-01,130.6015625
2024-10-02,143.359375
2024-10-03,154.515625
2024-10-04,152.21875
2024-10-05,142.0546875
2024-10-06,130.9375
2024-10-07,119.296875
2024-10-08,108.8203125
2024-10-09,99.3828125
2024-10-10,90.609375
2024-10-11,82.546875
2024-10-12,75.2109375
2024-10-13,68.515625
2024-10-14,62.296875
2024-10-15,56.546875
2024-10-16,51.390625
2024-10-17,47.71875
2024-10-18,48.28125
2024-10-19,58.60546875
2024-10-20,64.34765625
2024-10-21,60.09375
2024-10-22,54.375
2024-10-23,49.06640625
2024-10-24,44.41015625
2024-10-25,40.16015625
2024-10-26,36.1953125
2024-10-27,32.5234375
2024-10-28,29.1875
2024-10-29,26.19140625
2024-10-30,23.48828125
2024-10-31,20.96875
2024-11-01,18.62109375
2024-11-02,16.515625
2024-11-03,14.63671875
2024-11-04,12.9296875
2024-11-05,11.390625
2024-11-06,9.99609375
2024-11-07,8.72265625
2024-11-08,7.5546875
2024-11-09,6.48828125
2024-11-10,5.52734375
2024-11-11,4.66015625
2024-11-12,3.8984375
2024-11-13,3.22265625
2024-11-14,2.62109375
2024-11-15,2.1015625
2024-11-16,1.6640625
2024-11-17,1.296875
2024-11-18,0.99609375
2024-11-19,0.75
2024-11-20,0.55078125
2024-11-21,0.40234375
2024-11-22,0.30078125
2024-11-23,0.234375
2024-11-24,0.18359375
2024-11-25,0.14453125
2024-11-26,0.11718750000000001
2024-11-27,0.09375
2024-11-28,0.078125
2024-11-29,0.06640625
2024-11-30,0.05468749999999999
2024-12-01,0.04296875
2024-12-02,0.03515625
2024-12-03,0.03125
2024-12-04,0.0234375
2024-12-05,0.0234375
2024-12-06,0.015625
2024-12-07,0.015625
2024-12-08,0.015625
2024-12-09,0.015625
2024-12-10,0.015625
2024-12-11,0.007812500000000002
2024-12-12,0.007812500000000002
2024-12-13,0.007812500000000002
2024-12-14,0.0
2024-12-15,0.0
2024-12-16,0.0
2024-12-17,0.0
2024-12-18,0.0
2024-12-19,0.0
2024-12-20,0.0
2024-12-21,0.0
2024-12-22,0.0
2024-12-23,0.0
2024-12-24,0.0
2024-12-25,0.0
2024-12-26,0.0
2024-12-27,0.0
2024-12-28,0.0
2024-12-29,0.0
2024-12-30,0.0
2024-12-31,0.0
2025-01-01,0.0
2025-01-02,0.0
2025-01-03,0.0
2025-01-04,0.0
2025-01-05,0.0
2025-01-06,0.0
2025-01-07,0.0
2025-01-08,0.0
2025-01-09,0.0
2025-01-10,0.0
2025-01-11,0.0
2025-01-12,0.0
2025-01-13,0.0
2025-01-14,0.0
2025-01-15,0.0
2025-01-16,0.0
2025-01-17,0.0
2025-01-18,0.0
2025-01-19,0.0
2025-01-20,0.0
2025-01-21,0.0
2025-01-22,0.0
2025-01-23,0.0
2025-01-24,0.0
2025-01-25,0.0
2025-01-26,0.0
2025-01-27,0.0
2025-01-28,0.0
2025-01-29,0.0
2025-01-30,0.0
2025-01-31,0.0
2025-02-01,0.0
2025-02-02,0.0
2025-02-03,0.0
2025-02-04,0.0
2025-02-05,0.0
2025-02-06,0.0
2025-02-07,0.0
2025-02-08,0.0
2025-02-09,0.0
2025-02-10,0.0
2025-02-11,0.0
2025-02-12,0.0
2025-02-13,0.0
2025-02-14,0.0
2025-02-15,0.0
2025-02-16,0.0
2025-02-17,0.0
2025-02-18,0.0
2025-02-19,0.0
2025-02-20,0.0
2025-02-21,0.0
2025-02-22,0.0
2025-02-23,0.0
2025-02-24,0.0
2025-02-25,0.0
2025-02-26,0.0
2025-02-27,0.0
2025-02-28,0.0
2025-03-01,0.0
2025-03-02,0.0
2025-03-03,0.0
2025-03-04,0.0
2025-03-05,0.0
2025-03-06,0.0
2025-03-07,0.0
2025-03-08,0.0
2025-03-09,0.0
2025-03-10,0.0
2025-03-11,0.0
2025-03-12,0.0
2025-03-13,0.0
2025-03-14,0.0
2025-03-15,0.0
2025-03-16,0.0
2025-03-17,0.0
2025-03-18,0.0
2025-03-19,0.0
2025-03-20,0.0
2025-03-21,0.0
2025-03-22,0.0
2025-03-23,0.0
2025-03-24,0.0
2025-03-25,0.0
2025-03-26,0.0
2025-03-27,0.0
2025-03-28,0.0
2025-03-29,0.0
2025-03-30,0.0
2025-03-31,0.0
2025-04-01,0.0
2025-04-02,0.0
2025-04-03,0.0
2025-04-04,0.0
2025-04-05,0.0
2025-04-06,0.0
2025-04-07,0.0
2025-04-08,0.0
2025-04-09,0.0
2025-04-10,0.0
2025-04-11,0.0
2025-04-12,0.0
2025-04-13,0.0
2025-04-14,0.0
2025-04-15,0.0
2025-04-16,0.0
2025-04-17,0.0
2025-04-18,0.0
2025-04-19,0.0
2025-04-20,0.0
2025-04-21,0.0
2025-04-22,0.0
2025-04-23,0.0
2025-04-24,0.0
2025-04-25,0.0
2025-04-26,0.0
2025-04-27,0.0
2025-04-28,0.0
2025-04-29,0.0
2025-04-30,0.0
2025-05-01,0.5419999999999999
2025-05-02,0.5419999999999999
2025-05-03,0.5420000000000001
2025-05-04,0.542
2025-05-05,0.542
2025-05-06,0.5420000000000001
2025-05-07,0.5420000000000001
2025-05-08,0.5420000000000003
2025-05-09,0.542
2025-05-10,0.5420000000000001
2025-05-11,0.542
2025-05-12,0.6
2025-05-13,0.6
2025-05-14,0.6000000000000001
2025-05-15,2.872035671819263
2025-05-16,10.318093023255816
2025-05-17,1.6931598207617617
2025-05-18,1.5467836538461541
2025-05-19,2.2618528673489093
2025-05-20,2.3657838004691945
2025-05-21,2.261573373506854
2025-05-22,5.036745007282087
2025-05-23,2.924721940739523
2025-05-24,4.723154185305571
2025-05-25,4.23759797356315
2025-05-26,14.360026473925286
2025-05-27,22.133164578363044
2025-05-28,29.700990702685957
2025-05-29,188.9098164786848
2025-05-30,229.92118878690832
2025-05-31,256.10597069275104
2025-06-01,322.5486040997975
2025-06-02,335.70803104186484
2025-06-03,337.08256042700543
2025-06-04,375.07370698666216
2025-06-05,414.01074099393514
2025-06-06,494.67235393118966
2025-06-07,719.1340362016061
2025-06-08,896.9002858896425
2025-06-09,1171.2109422807748
2025-06-10,1577.8279362910046
2025-06-11,1557.7998934600205
2025-06-12,1461.4481959158438
2025-06-13,1130.0626326436948
2025-06-14,1062.3556857091073
2025-06-15,902.0101277642311
2025-06-16,848.5117178518018
2025-06-17,765.0644411492015
2025-06-18,685.5298834976687
2025-06-19,615.5464735933302
2025-06-20,555.9801324736252
2025-06-21,507.92236291936166
2025-06-22,438.51043906935814
2025-06-23,404.7449438075187
2025-06-24,357.13990377769176
2025-06-25,323.79279220669537
2025-06-26,338.93317445707424
2025-06-27,337.75671353149664
2025-06-28,333.7149821651087
2025-06-29,320.1531759552608
2025-06-30,300.54850970981465
2025-07-01,290.5548870780977
2025-07-02,359.22262211876415
2025-07-03,409.07780775431485
2025-07-04,407.70645222188284
2025-07-05,396.4348742594379
2025-07-06,364.28480832971735
2025-07-07,338.66138908853736
2025-07-08,320.84928946221305
2025-07-09,304.0344888452522
2025-07-10,302.8245757613971
2025-07-11,295.9658517808606
2025-07-12,275.08571035761554
2025-07-13,249.3952288232092
2025-07-14,244.1942564417857
2025-07-15,246.80646872418407
2025-07-16,239.79925341024207
2025-07-17,254.9565212923382
2025-07-18,263.38212478327665
2025-07-19,262.1422082093622
2025-07-20,269.2684897455677
2025-07-21,263.92548924963813
2025-07-22,250.20902943354054
2025-07-23,238.74354719386176
2025-07-24,225.89566001951863
2025-07-25,239.98216882962848
2025-07-26,365.94427046137275
2025-07-27,480.68865366167324
2025-07-28,462.447051431157
2025-07-29,352.5194020123937
2025-07-30,261.6293606177574
2025-07-31,231.90560853527694
2025-08-01,216.56682148157415
2025-08-02,197.7160854185248
2025-08-03,193.29134626258056
2025-08-04,174.21556095167676
2025-08-05,156.15593911813264
2025-08-06,142.51764905480886
2025-08-07,154.00391846353384
2025-08-08,156.72728895431345
2025-08-09,149.46454005730342
2025-08-10,162.78431842552519
2025-08-11,213.73785135333782
2025-08-12,222.74110320957294
2025-08-13,192.39115288588232
2025-08-14,173.4600201024219
2025-08-15,170.79084158019597
2025-08-16,188.22253056299715
2025-08-17,218.94748438117
2025-08-18,260.4839577775957
2025-08-19,272.6734105024251
2025-08-20,364.5911573723072
2025-08-21,645.1988513725474
2025-08-22,701.4170451780128
2025-08-23,671.0562996355786
2025-08-24,635.5008584410598
2025-08-25,380.4258303912235
2025-08-26,350.46080840965953
2025-08-27,281.75670255435926
2025-08-28,265.47310977369096
2025-08-29,234.84366107405472
2025-08-30,205.23869327739033
2025-08-31,192.6339161448942
2025-09-01,177.6000816616144
2025-09-02,160.92326111876162
2025-09-03,148.82455725119593
2025-09-04,157.15877268017897
2025-09-05,157.7319146080585
2025-09-06,156.5167963117877
2025-09-07,142.79717793374985
2025-09-08,126.13560786852698
2025-09-09,117.25137453827428
2025-09-10,107.51010032721273
2025-09-11,103.41915174879956
2025-09-12,98.57588205797188
2025-09-13,93.24545825374476
2025-09-14,90.31121441058427
2025-09-15,72.13698295347365
2025-09-16,65.96645038062664
2025-09-17,58.295105047141284
2025-09-18,54.61854225328723
2025-09-19,49.63519664132577
2025-09-20,44.520763361572854
2025-09-21,41.00820951469305
2025-09-22,39.318344392840885
2025-09-23,38.1431770116486
2025-09-24,41.56802956731513
2025-09-25,52.625568727759486
2025-09-26,67.99723486228572
2025-09-27,62.77685595962577
2025-09-28,53.29978265701536
2025-09-29,70.42147702673564
2025-09-30,98.20665887598713
