date,q_cor
1979-01-01,0.0
1979-01-02,0.0
1979-01-03,0.0
1979-01-04,0.0
1979-01-05,0.0
1979-01-06,0.0
1979-01-07,0.0
1979-01-08,0.0
1979-01-09,0.0
1979-01-10,0.0
1979-01-11,0.0
1979-01-12,0.0
1979-01-13,0.0
1979-01-14,0.0
1979-01-15,0.0
1979-01-16,0.0
1979-01-17,0.0
1979-01-18,0.0
1979-01-19,0.0
1979-01-20,0.0
1979-01-21,0.0
1979-01-22,0.0
1979-01-23,0.0
1979-01-24,0.0
1979-01-25,0.0
1979-01-26,0.0
1979-01-27,0.0
1979-01-28,0.0
1979-01-29,0.0
1979-01-30,0.0
1979-01-31,0.0
1979-02-01,0.0
1979-02-02,0.0
1979-02-03,0.0
1979-02-04,0.0
1979-02-05,0.0
1979-02-06,0.0
1979-02-07,0.0
1979-02-08,0.0
1979-02-09,0.0
1979-02-10,0.0
1979-02-11,0.0
1979-02-12,0.0
1979-02-13,0.0
1979-02-14,0.0
1979-02-15,0.0
1979-02-16,0.0
1979-02-17,0.0
1979-02-18,0.0
1979-02-19,0.0
1979-02-20,0.0
1979-02-21,0.0
1979-02-22,0.0
1979-02-23,0.0
1979-02-24,0.0
1979-02-25,0.0
1979-02-26,0.0
1979-02-27,0.0
1979-02-28,0.0
1979-03-01,0.0
1979-03-02,0.0
1979-03-03,0.0
1979-03-04,0.0
1979-03-05,0.0
1979-03-06,0.0
1979-03-07,0.0
1979-03-08,0.0
1979-03-09,0.0
1979-03-10,0.0
1979-03-11,0.0
1979-03-12,0.0
1979-03-13,0.0
1979-03-14,0.0
1979-03-15,0.0
1979-03-16,0.0
1979-03-17,0.0
1979-03-18,0.0
1979-03-19,0.0
1979-03-20,0.0
1979-03-21,0.0
1979-03-22,0.0
1979-03-23,0.0
1979-03-24,0.0
1979-03-25,0.0
1979-03-26,0.0
1979-03-27,0.0
1979-03-28,0.0
1979-03-29,0.0
1979-03-30,0.0
1979-03-31,0.0
1979-04-01,0.0
1979-04-02,0.0
1979-04-03,0.0
1979-04-04,0.0
1979-04-05,0.0
1979-04-06,0.0
1979-04-07,0.0
1979-04-08,0.0
1979-04-09,0.0
1979-04-10,0.0
1979-04-11,0.0
1979-04-12,0.0
1979-04-13,0.0
1979-04-14,0.0
1979-04-15,0.0
1979-04-16,0.0
1979-04-17,0.0
1979-04-18,0.0
1979-04-19,0.0
1979-04-20,0.0
1979-04-21,0.0
1979-04-22,0.0
1979-04-23,0.0
1979-04-24,0.0
1979-04-25,0.0
1979-04-26,0.0
1979-04-27,0.0
1979-04-28,0.0
1979-04-29,0.0
1979-04-30,0.0
1979-05-01,1.17
1979-05-02,1.21
1979-05-03,1.2049999999999998
1979-05-04,1.1955
1979-05-05,1.186
1979-05-06,1.1864999999999999
1979-05-07,1.1864999999999997
1979-05-08,1.1864999999999994
1979-05-09,1.1865
1979-05-10,1.1864999999999999
1979-05-11,1.1865
1979-05-12,1.1864999999999999
1979-05-13,1.1864999999999999
1979-05-14,1.38
1979-05-15,1.8054999999999994
1979-05-16,1.38
1979-05-17,1.4095000000000004
1979-05-18,2.491748478701828
1979-05-19,7.839525159461381
1979-05-20,5.365753913759969
1979-05-21,3.2196483009369308
1979-05-22,8.740784313725497
1979-05-23,2.8476641514488557
1979-05-24,4.67235116844539
1979-05-25,8.712866643688843
1979-05-26,63.88049490774768
1979-05-27,247.87264709392056
1979-05-28,304.16388766861985
1979-05-29,320.35288791658735
1979-05-30,386.95869109624937
1979-05-31,425.323238139987
1979-06-01,467.60834998030214
1979-06-02,540.7721962718026
1979-06-03,845.2508648623598
1979-06-04,1156.9330777984542
1979-06-05,1200.3344297868223
1979-06-06,1168.8645346890773
1979-06-07,1027.4248875913959
1979-06-08,999.1442681599375
1979-06-09,981.0750016737113
1979-06-10,955.9375586516597
1979-06-11,805.4662586748116
1979-06-12,767.2032844068962
1979-06-13,766.7052957228676
1979-06-14,802.0767081170858
1979-06-15,821.2773627995124
1979-06-16,800.8396978181391
1979-06-17,622.468169266367
1979-06-18,593.7436830797294
1979-06-19,559.2232849194414
1979-06-20,466.9052331073397
1979-06-21,432.76886153528324
1979-06-22,413.1323862076737
1979-06-23,368.70957712183287
1979-06-24,290.89414461882893
1979-06-25,276.1974372967503
1979-06-26,266.04402782055814
1979-06-27,242.6873866796618
1979-06-28,203.62240169951946
1979-06-29,172.30937940303153
1979-06-30,160.22919137823857
1979-07-01,137.13044468256095
1979-07-02,148.17631858460072
1979-07-03,147.1929697400127
1979-07-04,138.1826804475292
1979-07-05,129.34455749178528
1979-07-06,122.65649483679856
1979-07-07,116.7396498402073
1979-07-08,111.53383768022351
1979-07-09,106.19823097309329
1979-07-10,99.38777239846128
1979-07-11,91.98358476832925
1979-07-12,88.89770088786273
1979-07-13,85.44858406116434
1979-07-14,83.619426645888
1979-07-15,79.06971971606788
1979-07-16,80.5341594978543
1979-07-17,98.56347214015267
1979-07-18,129.9511738420245
1979-07-19,131.86040503497577
1979-07-20,127.41177916868347
1979-07-21,134.7920565495452
1979-07-22,181.60418808952096
1979-07-23,228.41806844636838
1979-07-24,185.46342107944426
1979-07-25,184.71788618575155
1979-07-26,182.16169690842383
1979-07-27,171.20185922955324
1979-07-28,165.8808328221221
1979-07-29,166.5259221374684
1979-07-30,169.71472137197037
1979-07-31,166.7201255835844
1979-08-01,151.50591078142213
1979-08-02,145.06881344887785
1979-08-03,145.45363470890007
1979-08-04,175.5065340845342
1979-08-05,220.43452746508729
1979-08-06,293.781178741411
1979-08-07,302.1305721875202
1979-08-08,292.11237943894656
1979-08-09,280.27360984209025
1979-08-10,266.4643813350279
1979-08-11,207.8535029793449
1979-08-12,271.00314946209323
1979-08-13,277.6453770563494
1979-08-14,256.25324800110866
1979-08-15,249.63160796624777
1979-08-16,201.24269065336983
1979-08-17,193.51242820895817
1979-08-18,188.9461404652604
1979-08-19,190.1579413929216
1979-08-20,261.29934364944995
1979-08-21,493.2441228655669
1979-08-22,280.25875317182704
1979-08-23,266.65207237606023
1979-08-24,267.29096948752436
1979-08-25,457.0891680826797
1979-08-26,495.25701799306347
1979-08-27,500.36949209748377
1979-08-28,475.0451746933266
1979-08-29,460.29721724354647
1979-08-30,271.59247733805984
1979-08-31,248.55337595488592
1979-09-01,225.7161009679311
1979-09-02,216.76553518784942
1979-09-03,207.14290174598992
1979-09-04,138.77514710828157
1979-09-05,135.08608125020186
1979-09-06,193.70343447299737
1979-09-07,425.69279868056657
1979-09-08,421.08349662045765
1979-09-09,385.36251795744164
1979-09-10,373.8324380908652
1979-09-11,383.72942133846817
1979-09-12,385.613985802795
1979-09-13,349.84638672939326
1979-09-14,324.6941123146744
1979-09-15,150.63096928847966
1979-09-16,132.9614898474451
1979-09-17,117.41780280596222
1979-09-18,105.95205966446372
1979-09-19,102.4992249946956
1979-09-20,94.30423019775455
1979-09-21,86.48189713819221
1979-09-22,79.83968592044806
1979-09-23,73.07233510111536
1979-09-24,69.33138757385215
1979-09-25,64.33466209135476
1979-09-26,59.20673887320145
1979-09-27,52.85325848575962
1979-09-28,49.46902019915448
1979-09-29,44.98117690938513
1979-09-30,41.52086409561956
1979-10-01,52.1484375
1979-10-02,47.03125
1979-10-03,42.1875
1979-10-04,37.921875
1979-10-05,34.078125
1979-10-06,30.4140625
1979-10-07,26.96875
1979-10-08,23.8125
1979-10-09,20.90625
1979-10-10,18.2421875
1979-10-11,15.75
1979-10-12,13.453125
1979-10-13,11.359375
1979-10-14,9.46875
1979-10-15,7.7578125
1979-10-16,6.21875
1979-10-17,4.8359375
1979-10-18,3.6171875
1979-10-19,2.65625
1979-10-20,1.9453125
1979-10-21,1.4609375
1979-10-22,1.1328125
1979-10-23,0.875
1979-10-24,0.6796875
1979-10-25,0.5390625
1979-10-26,0.4296875
1979-10-27,0.3515625
1979-10-28,0.2890625
1979-10-29,0.2421875
1979-10-30,0.203125
1979-10-31,0.171875
1979-11-01,0.1484375
1979-11-02,0.125
1979-11-03,0.109375
1979-11-04,0.09375
1979-11-05,0.078125
1979-11-06,0.05468749999999999
1979-11-07,0.0390625
1979-11-08,0.0234375
1979-11-09,0.015625
1979-11-10,0.007812500000000002
1979-11-11,0.007812500000000002
1979-11-12,0.007812500000000002
1979-11-13,0.0
1979-11-14,0.0
1979-11-15,0.0
1979-11-16,0.0
1979-11-17,0.0
1979-11-18,0.0
1979-11-19,0.0
1979-11-20,0.0
1979-11-21,0.0
1979-11-22,0.0
1979-11-23,0.0
1979-11-24,0.0
1979-11-25,0.0
1979-11-26,0.0
1979-11-27,0.0
1979-11-28,0.0
1979-11-29,0.0
1979-11-30,0.0
1979-12-01,0.0
1979-12-02,0.0
1979-12-03,0.0
1979-12-04,0.0
1979-12-05,0.0
1979-12-06,0.0
1979-12-07,0.0
1979-12-08,0.0
1979-12-09,0.0
1979-12-10,0.0
1979-12-11,0.0
1979-12-12,0.0
1979-12-13,0.0
1979-12-14,0.0
1979-12-15,0.0
1979-12-16,0.0
1979-12-17,0.0
1979-12-18,0.0
1979-12-19,0.0
1979-12-20,0.0
1979-12-21,0.0
1979-12-22,0.0
1979-12-23,0.0
1979-12-24,0.0
1979-12-25,0.0
1979-12-26,0.0
1979-12-27,0.0
1979-12-28,0.0
1979-12-29,0.0
1979-12-30,0.0
1979-12-31,0.0
1980-01-01,0.0
1980-01-02,0.0
1980-01-03,0.0
1980-01-04,0.0
1980-01-05,0.0
1980-01-06,0.0
1980-01-07,0.0
1980-01-08,0.0
1980-01-09,0.0
1980-01-10,0.0
1980-01-11,0.0
1980-01-12,0.0
1980-01-13,0.0
1980-01-14,0.0
1980-01-15,0.0
1980-01-16,0.0
1980-01-17,0.0
1980-01-18,0.0
1980-01-19,0.0
1980-01-20,0.0
1980-01-21,0.0
1980-01-22,0.0
1980-01-23,0.0
1980-01-24,0.0
1980-01-25,0.0
1980-01-26,0.0
1980-01-27,0.0
1980-01-28,0.0
1980-01-29,0.0
1980-01-30,0.0
1980-01-31,0.0
1980-02-01,0.0
1980-02-02,0.0
1980-02-03,0.0
1980-02-04,0.0
1980-02-05,0.0
1980-02-06,0.0
1980-02-07,0.0
1980-02-08,0.0
1980-02-09,0.0
1980-02-10,0.0
1980-02-11,0.0
1980-02-12,0.0
1980-02-13,0.0
1980-02-14,0.0
1980-02-15,0.0
1980-02-16,0.0
1980-02-17,0.0
1980-02-18,0.0
1980-02-19,0.0
1980-02-20,0.0
1980-02-21,0.0
1980-02-22,0.0
1980-02-23,0.0
1980-02-24,0.0
1980-02-25,0.0
1980-02-26,0.0
1980-02-27,0.0
1980-02-28,0.0
1980-02-29,0.0
1980-03-01,0.0
1980-03-02,0.0
1980-03-03,0.0
1980-03-04,0.0
1980-03-05,0.0
1980-03-06,0.0
1980-03-07,0.0
1980-03-08,0.0
1980-03-09,0.0
1980-03-10,0.0
1980-03-11,0.0
1980-03-12,0.0
1980-03-13,0.0
1980-03-14,0.0
1980-03-15,0.0
1980-03-16,0.0
1980-03-17,0.0
1980-03-18,0.0
1980-03-19,0.0
1980-03-20,0.0
1980-03-21,0.0
1980-03-22,0.0
1980-03-23,0.0
1980-03-24,0.0
1980-03-25,0.0
1980-03-26,0.0
1980-03-27,0.0
1980-03-28,0.0
1980-03-29,0.0
1980-03-30,0.0
1980-03-31,0.0
1980-04-01,0.0
1980-04-02,0.0
1980-04-03,0.0
1980-04-04,0.0
1980-04-05,0.0
1980-04-06,0.0
1980-04-07,0.0
1980-04-08,0.0
1980-04-09,0.0
1980-04-10,0.0
1980-04-11,0.0
1980-04-12,0.0
1980-04-13,0.0
1980-04-14,0.0
1980-04-15,0.0
1980-04-16,0.0
1980-04-17,0.0
1980-04-18,0.0
1980-04-19,0.0
1980-04-20,0.0
1980-04-21,0.0
1980-04-22,0.0
1980-04-23,0.0
1980-04-24,0.0
1980-04-25,0.0
1980-04-26,0.0
1980-04-27,0.0
1980-04-28,0.0
1980-04-29,0.0
1980-04-30,0.0
1980-05-01,1.21
1980-05-02,1.2049999999999996
1980-05-03,1.1955
1980-05-04,1.186
1980-05-05,1.1864999999999999
1980-05-06,1.1864999999999997
1980-05-07,1.1864999999999999
1980-05-08,1.1864999999999999
1980-05-09,1.1865
1980-05-10,1.1865
1980-05-11,1.1864999999999999
1980-05-12,1.1865
1980-05-13,1.1865000000000003
1980-05-14,1.8054999999999997
1980-05-15,1.7614506769826033
1980-05-16,10.741469026548708
1980-05-17,2.038360741285875
1980-05-18,2.7299027540711376
1980-05-19,5.465888286758945
1980-05-20,7.6382142274535365
1980-05-21,23.37354364637539
1980-05-22,58.608615484983005
1980-05-23,105.85638700358848
1980-05-24,178.7673877634124
1980-05-25,300.5167814795393
1980-05-26,359.80737494877843
1980-05-27,386.5942736959492
1980-05-28,430.75705553461904
1980-05-29,509.6222373834586
1980-05-30,746.340290471651
1980-05-31,835.4866016253134
1980-06-01,867.348984444571
1980-06-02,865.5151284115897
1980-06-03,846.0799705311463
1980-06-04,682.225711062457
1980-06-05,658.4624062125537
1980-06-06,572.1558652823635
1980-06-07,557.5348529237193
1980-06-08,558.634069855631
1980-06-09,566.4365500785539
1980-06-10,556.8819489844598
1980-06-11,479.15779087435857
1980-06-12,406.3310260141156
1980-06-13,375.5973883020477
1980-06-14,365.6763770619202
1980-06-15,362.3074135858244
1980-06-16,299.55116842877607
1980-06-17,272.043452542714
1980-06-18,266.1843727854452
1980-06-19,278.219354796179
1980-06-20,279.7845810791665
1980-06-21,260.9423405237321
1980-06-22,234.30242432455003
1980-06-23,192.44156628326408
1980-06-24,174.02050915757414
1980-06-25,151.11640733868893
1980-06-26,144.77006391416452
1980-06-27,135.33127672366996
1980-06-28,137.72657661427357
1980-06-29,135.69418784650662
1980-06-30,151.0343573742199
1980-07-01,149.0660206315212
1980-07-02,146.70437073788625
1980-07-03,131.2124821496352
1980-07-04,133.60677090503123
1980-07-05,135.79393876989127
1980-07-06,127.21211018681043
1980-07-07,116.21294467927757
1980-07-08,107.70853201143373
1980-07-09,101.32960723223863
1980-07-10,124.64050497347853
1980-07-11,163.83272566955586
1980-07-12,181.21965709319858
1980-07-13,273.20576458797217
1980-07-14,403.14006932050853
1980-07-15,387.5633918016891
1980-07-16,381.3902263043802
1980-07-17,390.45078652269933
1980-07-18,525.0538126782125
1980-07-19,528.8853406755571
1980-07-20,559.2923177798477
1980-07-21,582.5801153708535
1980-07-22,582.0218767319235
1980-07-23,536.5424084108603
1980-07-24,532.4187377612157
1980-07-25,526.7370416603061
1980-07-26,508.4998736024622
1980-07-27,327.9864723186185
1980-07-28,319.7346928444339
1980-07-29,301.9182989325473
1980-07-30,298.8708181662736
1980-07-31,306.33056236900813
1980-08-01,299.5066702671466
1980-08-02,284.35929348865676
1980-08-03,215.69815685157945
1980-08-04,209.89965910404635
1980-08-05,217.17221379303857
1980-08-06,284.9483131098821
1980-08-07,277.1577089491477
1980-08-08,263.84740615725326
1980-08-09,194.41104031294395
1980-08-10,163.67018333424707
1980-08-11,153.6815173583933
1980-08-12,139.92009825856735
1980-08-13,125.93418899421566
1980-08-14,108.63382102449309
1980-08-15,104.14793088641343
1980-08-16,85.24973536577996
1980-08-17,83.62112955693878
1980-08-18,73.72138182493799
1980-08-19,67.54103847200892
1980-08-20,62.866823654590426
1980-08-21,57.32742185548083
1980-08-22,53.1757475628029
1980-08-23,47.159160139503186
1980-08-24,45.08542238626253
1980-08-25,42.97339471673675
1980-08-26,40.816651854573735
1980-08-27,36.787469134245924
1980-08-28,34.16425695401913
1980-08-29,31.855396091129865
1980-08-30,30.982777129371932
1980-08-31,33.654794703280686
1980-09-01,32.58717472542944
1980-09-02,32.04478493300825
1980-09-03,32.722975044042265
1980-09-04,29.957009836047373
1980-09-05,29.370303547725538
1980-09-06,29.9838141809291
1980-09-07,25.036324693096407
1980-09-08,27.188701430732234
1980-09-09,25.602649260915843
1980-09-10,24.248837949115483
1980-09-11,23.31235200815726
1980-09-12,23.759598975724543
1980-09-13,23.159325704623434
1980-09-14,21.33115862749514
1980-09-15,20.471930632700424
1980-09-16,18.754906244681248
1980-09-17,17.898416822134976
1980-09-18,14.743777619421815
1980-09-19,13.623231915519703
1980-09-20,12.703648035820212
1980-09-21,10.8721047348168
1980-09-22,11.991091988040493
1980-09-23,14.166394791058087
1980-09-24,17.42192313378928
1980-09-25,17.544302939527956
1980-09-26,13.113368717517263
1980-09-27,11.972684580788844
1980-09-28,10.552481362212713
1980-09-29,8.8583206344394
1980-09-30,7.709033692217044
1980-10-01,8.265625
1980-10-02,6.6875
1980-10-03,5.3515625
1980-10-04,4.28125
1980-10-05,3.421875
1980-10-06,2.7109375
1980-10-07,2.140625
1980-10-08,1.6953125
1980-10-09,1.3359375
1980-10-10,1.078125
1980-10-11,0.859375
1980-10-12,0.6640625
1980-10-13,0.5234375
1980-10-14,0.421875
1980-10-15,0.34375
1980-10-16,0.28125
1980-10-17,0.2265625
1980-10-18,0.1796875
1980-10-19,0.1484375
1980-10-20,0.125
1980-10-21,0.109375
1980-10-22,0.09375
1980-10-23,0.06249999999999999
1980-10-24,0.03125
1980-10-25,0.015625
1980-10-26,0.015625
1980-10-27,0.0
1980-10-28,0.0
1980-10-29,0.0
1980-10-30,0.0
1980-10-31,0.0
1980-11-01,0.0
1980-11-02,0.0
1980-11-03,0.0
1980-11-04,0.0
1980-11-05,0.0
1980-11-06,0.0
1980-11-07,0.0
1980-11-08,0.0
1980-11-09,0.0
1980-11-10,0.0
1980-11-11,0.0
1980-11-12,0.0
1980-11-13,0.0
1980-11-14,0.0
1980-11-15,0.0
1980-11-16,0.0
1980-11-17,0.0
1980-11-18,0.0
1980-11-19,0.0
1980-11-20,0.0
1980-11-21,0.0
1980-11-22,0.0
1980-11-23,0.0
1980-11-24,0.0
1980-11-25,0.0
1980-11-26,0.0
1980-11-27,0.0
1980-11-28,0.0
1980-11-29,0.0
1980-11-30,0.0
1980-12-01,0.0
1980-12-02,0.0
1980-12-03,0.0
1980-12-04,0.0
1980-12-05,0.0
1980-12-06,0.0
1980-12-07,0.0
1980-12-08,0.0
1980-12-09,0.0
1980-12-10,0.0
1980-12-11,0.0
1980-12-12,0.0
1980-12-13,0.0
1980-12-14,0.0
1980-12-15,0.0
1980-12-16,0.0
1980-12-17,0.0
1980-12-18,0.0
1980-12-19,0.0
1980-12-20,0.0
1980-12-21,0.0
1980-12-22,0.0
1980-12-23,0.0
1980-12-24,0.0
1980-12-25,0.0
1980-12-26,0.0
1980-12-27,0.0
1980-12-28,0.0
1980-12-29,0.0
1980-12-30,0.0
1980-12-31,0.0
1981-01-01,0.0
1981-01-02,0.0
1981-01-03,0.0
1981-01-04,0.0
1981-01-05,0.0
1981-01-06,0.0
1981-01-07,0.0
1981-01-08,0.0
1981-01-09,0.0
1981-01-10,0.0
1981-01-11,0.0
1981-01-12,0.0
1981-01-13,0.0
1981-01-14,0.0
1981-01-15,0.0
1981-01-16,0.0
1981-01-17,0.0
1981-01-18,0.0
1981-01-19,0.0
1981-01-20,0.0
1981-01-21,0.0
1981-01-22,0.0
1981-01-23,0.0
1981-01-24,0.0
1981-01-25,0.0
1981-01-26,0.0
1981-01-27,0.0
1981-01-28,0.0
1981-01-29,0.0
1981-01-30,0.0
1981-01-31,0.0
1981-02-01,0.0
1981-02-02,0.0
1981-02-03,0.0
1981-02-04,0.0
1981-02-05,0.0
1981-02-06,0.0
1981-02-07,0.0
1981-02-08,0.0
1981-02-09,0.0
1981-02-10,0.0
1981-02-11,0.0
1981-02-12,0.0
1981-02-13,0.0
1981-02-14,0.0
1981-02-15,0.0
1981-02-16,0.0
1981-02-17,0.0
1981-02-18,0.0
1981-02-19,0.0
1981-02-20,0.0
1981-02-21,0.0
1981-02-22,0.0
1981-02-23,0.0
1981-02-24,0.0
1981-02-25,0.0
1981-02-26,0.0
1981-02-27,0.0
1981-02-28,0.0
1981-03-01,0.0
1981-03-02,0.0
1981-03-03,0.0
1981-03-04,0.0
1981-03-05,0.0
1981-03-06,0.0
1981-03-07,0.0
1981-03-08,0.0
1981-03-09,0.0
1981-03-10,0.0
1981-03-11,0.0
1981-03-12,0.0
1981-03-13,0.0
1981-03-14,0.0
1981-03-15,0.0
1981-03-16,0.0
1981-03-17,0.0
1981-03-18,0.0
1981-03-19,0.0
1981-03-20,0.0
1981-03-21,0.0
1981-03-22,0.0
1981-03-23,0.0
1981-03-24,0.0
1981-03-25,0.0
1981-03-26,0.0
1981-03-27,0.0
1981-03-28,0.0
1981-03-29,0.0
1981-03-30,0.0
1981-03-31,0.0
1981-04-01,0.0
1981-04-02,0.0
1981-04-03,0.0
1981-04-04,0.0
1981-04-05,0.0
1981-04-06,0.0
1981-04-07,0.0
1981-04-08,0.0
1981-04-09,0.0
1981-04-10,0.0
1981-04-11,0.0
1981-04-12,0.0
1981-04-13,0.0
1981-04-14,0.0
1981-04-15,0.0
1981-04-16,0.0
1981-04-17,0.0
1981-04-18,0.0
1981-04-19,0.0
1981-04-20,0.0
1981-04-21,0.0
1981-04-22,0.0
1981-04-23,0.0
1981-04-24,0.0
1981-04-25,0.0
1981-04-26,0.0
1981-04-27,0.0
1981-04-28,0.0
1981-04-29,0.0
1981-04-30,0.0
1981-05-01,1.17
1981-05-02,1.21
1981-05-03,1.2049999999999998
1981-05-04,1.1955
1981-05-05,1.1860000000000002
1981-05-06,1.1865
1981-05-07,8.787758620689656
1981-05-08,7.896418846225191
1981-05-09,7.048243810039236
1981-05-10,7.647383692656834
1981-05-11,7.172387591339042
1981-05-12,7.899112457377429
1981-05-13,7.883769333751104
1981-05-14,5.566329480965994
1981-05-15,4.6669832744084845
1981-05-16,5.408422772310036
1981-05-17,4.328990913438547
1981-05-18,6.6634226266140315
1981-05-19,6.172902246620847
1981-05-20,5.003999701116543
1981-05-21,12.433448319132646
1981-05-22,39.15355925418873
1981-05-23,191.71710880122828
1981-05-24,240.22839890967168
1981-05-25,235.29616924517617
1981-05-26,243.10836162750064
1981-05-27,306.81778850009874
1981-05-28,312.12759725544066
1981-05-29,317.67688560273416
1981-05-30,397.72184568444163
1981-05-31,443.71311086018306
1981-06-01,587.3764443932298
1981-06-02,917.9441075048791
1981-06-03,1222.8613394855524
1981-06-04,1282.6665177496268
1981-06-05,1206.236087140494
1981-06-06,999.8315757527507
1981-06-07,933.6018085053593
1981-06-08,752.933331147364
1981-06-09,593.5528261026068
1981-06-10,543.567504266151
1981-06-11,456.5029723621935
1981-06-12,392.03358498937615
1981-06-13,400.75293083021216
1981-06-14,494.9857167221436
1981-06-15,521.3886117679123
1981-06-16,497.7997329072725
1981-06-17,487.2187232269187
1981-06-18,481.5662142605151
1981-06-19,471.8444296727825
1981-06-20,474.3277504398054
1981-06-21,466.847568597427
1981-06-22,434.05056648938404
1981-06-23,385.5503894405575
1981-06-24,378.2584852476584
1981-06-25,350.7682459029831
1981-06-26,310.2979368469224
1981-06-27,267.2791055168802
1981-06-28,253.84953838485606
1981-06-29,243.93774850456177
1981-06-30,232.39202921229358
1981-07-01,190.66560194932484
1981-07-02,178.8406584864445
1981-07-03,156.8046282349683
1981-07-04,137.66594006737796
1981-07-05,121.29809047617262
1981-07-06,112.83907560698765
1981-07-07,108.46675641590073
1981-07-08,110.54694638101299
1981-07-09,116.06001400883228
1981-07-10,109.42284891707281
1981-07-11,98.30244294234704
1981-07-12,111.76265570172832
1981-07-13,131.08186909576952
1981-07-14,152.2404336584978
1981-07-15,165.98955606067543
1981-07-16,207.74363415009265
1981-07-17,258.4187487703904
1981-07-18,352.9033444950504
1981-07-19,372.8779782127088
1981-07-20,371.78042252271285
1981-07-21,359.0809428586621
1981-07-22,342.85589054959576
1981-07-23,327.552587025977
1981-07-24,356.7773954000082
1981-07-25,596.8426901283157
1981-07-26,650.0146307622615
1981-07-27,649.7738092651505
1981-07-28,634.7814044133019
1981-07-29,625.5921423392141
1981-07-30,608.0293085915046
1981-07-31,573.345330821032
1981-08-01,551.2818986698542
1981-08-02,300.3418550759208
1981-08-03,280.87045895317243
1981-08-04,211.7842499617644
1981-08-05,201.1336634327445
1981-08-06,192.55151368771232
1981-08-07,172.37818726869247
1981-08-08,171.66377888987736
1981-08-09,187.09158785271126
1981-08-10,183.97739588485874
1981-08-11,156.31881257458951
1981-08-12,137.4045274912115
1981-08-13,133.32589459613737
1981-08-14,126.55255788322751
1981-08-15,110.0908533518185
1981-08-16,90.7627425929196
1981-08-17,85.30172720375913
1981-08-18,73.93678715664652
1981-08-19,70.16806744508371
1981-08-20,65.78108121868551
1981-08-21,58.79985161824422
1981-08-22,52.67151375413865
1981-08-23,40.79341537705052
1981-08-24,36.660705763236095
1981-08-25,34.36171611998948
1981-08-26,32.14233800330216
1981-08-27,33.43553050172041
1981-08-28,57.81221665257851
1981-08-29,100.2546820953887
1981-08-30,140.93987783374658
1981-08-31,150.10656287045003
1981-09-01,139.6730426157771
1981-09-02,129.61264188226468
1981-09-03,111.04745406978815
1981-09-04,107.13006834402637
1981-09-05,98.74236897814522
1981-09-06,92.06999916108477
1981-09-07,81.41523213814642
1981-09-08,75.11805526277755
1981-09-09,69.0488202513955
1981-09-10,66.57352287410902
1981-09-11,60.27379419618275
1981-09-12,57.95684194920827
1981-09-13,56.47854937815579
1981-09-14,55.56726617183072
1981-09-15,51.51220108272115
1981-09-16,47.22534718970131
1981-09-17,39.19031845916542
1981-09-18,45.20393800847433
1981-09-19,45.24586815376167
1981-09-20,42.22999974561933
1981-09-21,35.650382864926264
1981-09-22,34.529936914738634
1981-09-23,30.310762712776327
1981-09-24,28.858044315038356
1981-09-25,40.32749464698306
1981-09-26,70.99061396166769
1981-09-27,92.97177993096524
1981-09-28,89.89811131738101
1981-09-29,84.62151246975
1981-09-30,90.88283117394678
1981-10-01,117.90625
1981-10-02,111.2265625
1981-10-03,101.578125
1981-10-04,92.59375
1981-10-05,84.265625
1981-10-06,76.609375
1981-10-07,69.5546875
1981-10-08,63.109375
1981-10-09,57.2578125
1981-10-10,52.0
1981-10-11,47.0546875
1981-10-12,42.421875
1981-10-13,38.25
1981-10-14,34.40625
1981-10-15,30.8046875
1981-10-16,27.4140625
1981-10-17,24.3203125
1981-10-18,21.484375
1981-10-19,18.875
1981-10-20,16.4765625
1981-10-21,14.1875
1981-10-22,12.1640625
1981-10-23,10.421875
1981-10-24,8.875
1981-10-25,7.4609375
1981-10-26,6.1875
1981-10-27,5.0703125
1981-10-28,4.140625
1981-10-29,3.359375
1981-10-30,2.6875
1981-10-31,2.125
1981-11-01,1.65625
1981-11-02,1.2734375
1981-11-03,0.9609375
1981-11-04,0.7109375
1981-11-05,0.5078125
1981-11-06,0.359375
1981-11-07,0.2578125
1981-11-08,0.1953125
1981-11-09,0.15625
1981-11-10,0.125
1981-11-11,0.09375
1981-11-12,0.0703125
1981-11-13,0.05468749999999999
1981-11-14,0.046875
1981-11-15,0.03125
1981-11-16,0.0234375
1981-11-17,0.0234375
1981-11-18,0.015625
1981-11-19,0.007812500000000002
1981-11-20,0.0
1981-11-21,0.0
1981-11-22,0.0
1981-11-23,0.0
1981-11-24,0.0
1981-11-25,0.0
1981-11-26,0.0
1981-11-27,0.0
1981-11-28,0.0
1981-11-29,0.0
1981-11-30,0.0
1981-12-01,0.0
1981-12-02,0.0
1981-12-03,0.0
1981-12-04,0.0
1981-12-05,0.0
1981-12-06,0.0
1981-12-07,0.0
1981-12-08,0.0
1981-12-09,0.0
1981-12-10,0.0
1981-12-11,0.0
1981-12-12,0.0
1981-12-13,0.0
1981-12-14,0.0
1981-12-15,0.0
1981-12-16,0.0
1981-12-17,0.0
1981-12-18,0.0
1981-12-19,0.0
1981-12-20,0.0
1981-12-21,0.0
1981-12-22,0.0
1981-12-23,0.0
1981-12-24,0.0
1981-12-25,0.0
1981-12-26,0.0
1981-12-27,0.0
1981-12-28,0.0
1981-12-29,0.0
1981-12-30,0.0
1981-12-31,0.0
1982-01-01,0.0
1982-01-02,0.0
1982-01-03,0.0
1982-01-04,0.0
1982-01-05,0.0
1982-01-06,0.0
1982-01-07,0.0
1982-01-08,0.0
1982-01-09,0.0
1982-01-10,0.0
1982-01-11,0.0
1982-01-12,0.0
1982-01-13,0.0
1982-01-14,0.0
1982-01-15,0.0
1982-01-16,0.0
1982-01-17,0.0
1982-01-18,0.0
1982-01-19,0.0
1982-01-20,0.0
1982-01-21,0.0
1982-01-22,0.0
1982-01-23,0.0
1982-01-24,0.0
1982-01-25,0.0
1982-01-26,0.0
1982-01-27,0.0
1982-01-28,0.0
1982-01-29,0.0
1982-01-30,0.0
1982-01-31,0.0
1982-02-01,0.0
1982-02-02,0.0
1982-02-03,0.0
1982-02-04,0.0
1982-02-05,0.0
1982-02-06,0.0
1982-02-07,0.0
1982-02-08,0.0
1982-02-09,0.0
1982-02-10,0.0
1982-02-11,0.0
1982-02-12,0.0
1982-02-13,0.0
1982-02-14,0.0
1982-02-15,0.0
1982-02-16,0.0
1982-02-17,0.0
1982-02-18,0.0
1982-02-19,0.0
1982-02-20,0.0
1982-02-21,0.0
1982-02-22,0.0
1982-02-23,0.0
1982-02-24,0.0
1982-02-25,0.0
1982-02-26,0.0
1982-02-27,0.0
1982-02-28,0.0
1982-03-01,0.0
1982-03-02,0.0
1982-03-03,0.0
1982-03-04,0.0
1982-03-05,0.0
1982-03-06,0.0
1982-03-07,0.0
1982-03-08,0.0
1982-03-09,0.0
1982-03-10,0.0
1982-03-11,0.0
1982-03-12,0.0
1982-03-13,0.0
1982-03-14,0.0
1982-03-15,0.0
1982-03-16,0.0
1982-03-17,0.0
1982-03-18,0.0
1982-03-19,0.0
1982-03-20,0.0
1982-03-21,0.0
1982-03-22,0.0
1982-03-23,0.0
1982-03-24,0.0
1982-03-25,0.0
1982-03-26,0.0
1982-03-27,0.0
1982-03-28,0.0
1982-03-29,0.0
1982-03-30,0.0
1982-03-31,0.0
1982-04-01,0.0
1982-04-02,0.0
1982-04-03,0.0
1982-04-04,0.0
1982-04-05,0.0
1982-04-06,0.0
1982-04-07,0.0
1982-04-08,0.0
1982-04-09,0.0
1982-04-10,0.0
1982-04-11,0.0
1982-04-12,0.0
1982-04-13,0.0
1982-04-14,0.0
1982-04-15,0.0
1982-04-16,0.0
1982-04-17,0.0
1982-04-18,0.0
1982-04-19,0.0
1982-04-20,0.0
1982-04-21,0.0
1982-04-22,0.0
1982-04-23,0.0
1982-04-24,0.0
1982-04-25,0.0
1982-04-26,0.0
1982-04-27,0.0
1982-04-28,0.0
1982-04-29,0.0
1982-04-30,0.0
1982-05-01,1.1699999999999997
1982-05-02,1.21
1982-05-03,1.2049999999999996
1982-05-04,1.1954999999999998
1982-05-05,1.1860000000000002
1982-05-06,1.1864999999999999
1982-05-07,1.1864999999999997
1982-05-08,1.1864999999999997
1982-05-09,1.1864999999999997
1982-05-10,1.1865
1982-05-11,1.1865
1982-05-12,1.1864999999999994
1982-05-13,1.1864999999999999
1982-05-14,1.1865
1982-05-15,1.1865
1982-05-16,1.38
1982-05-17,1.2065000000000001
1982-05-18,1.2159999999999997
1982-05-19,1.23
1982-05-20,1.2550000000000001
1982-05-21,1.2699999999999998
1982-05-22,1.5400000000000003
1982-05-23,4.219912790697674
1982-05-24,6.741690353794979
1982-05-25,2.402240573171035
1982-05-26,3.454966598167949
1982-05-27,3.685628639415949
1982-05-28,4.86329844397179
1982-05-29,3.524861359400556
1982-05-30,3.6548702879817228
1982-05-31,3.9060174631997846
1982-06-01,5.047372380405132
1982-06-02,6.549541555752736
1982-06-03,15.821285740238462
1982-06-04,43.45391998737003
1982-06-05,78.15895241677637
1982-06-06,121.78607078707931
1982-06-07,154.20064348286672
1982-06-08,151.63253282146854
1982-06-09,109.35075917289545
1982-06-10,125.84743086302191
1982-06-11,152.54999817110252
1982-06-12,174.46233045231733
1982-06-13,180.99335081931747
1982-06-14,201.05650845984425
1982-06-15,236.03107878490297
1982-06-16,369.33166595737873
1982-06-17,573.6895241216044
1982-06-18,781.9273895240676
1982-06-19,872.8735304370746
1982-06-20,1098.893073155722
1982-06-21,1484.8033810485576
1982-06-22,2016.2851153682882
1982-06-23,2318.267461196655
1982-06-24,2298.504530083065
1982-06-25,2240.7388959959944
1982-06-26,2103.610824274531
1982-06-27,1952.6357623940692
1982-06-28,1653.2893100317197
1982-06-29,1470.5376532419587
1982-06-30,1303.5967517084428
1982-07-01,1230.04544468629
1982-07-02,1100.7927592595104
1982-07-03,1088.6638891014588
1982-07-04,996.647637187499
1982-07-05,866.5180672848794
1982-07-06,797.3541721792293
1982-07-07,744.2525526537842
1982-07-08,692.9333924308244
1982-07-09,677.7922736786611
1982-07-10,684.5898677167891
1982-07-11,679.19396462143
1982-07-12,684.9049833959837
1982-07-13,682.4808881771748
1982-07-14,683.4215645566572
1982-07-15,640.9271819081586
1982-07-16,717.0954779724389
1982-07-17,704.0536723581787
1982-07-18,681.4598731933576
1982-07-19,627.6682056960461
1982-07-20,569.7525444096934
1982-07-21,554.2422559830256
1982-07-22,574.0539778529717
1982-07-23,573.9226225833654
1982-07-24,518.126469281322
1982-07-25,336.303022118684
1982-07-26,311.1254383028307
1982-07-27,228.11406855319572
1982-07-28,173.38060867564826
1982-07-29,153.6995905599422
1982-07-30,143.73929340609163
1982-07-31,126.80176559869706
1982-08-01,118.0729196109402
1982-08-02,119.4173119804378
1982-08-03,123.3703222450435
1982-08-04,120.80476285142755
1982-08-05,114.25990507845123
1982-08-06,89.11793277768338
1982-08-07,83.90395158583621
1982-08-08,86.46153237608713
1982-08-09,110.00513967854857
1982-08-10,108.10982794476661
1982-08-11,89.08069681577875
1982-08-12,83.38678950011989
1982-08-13,72.88853188931355
1982-08-14,66.46669700168121
1982-08-15,59.676595716023996
1982-08-16,56.4176743044738
1982-08-17,57.48520287066507
1982-08-18,66.31842150488356
1982-08-19,85.51640136493081
1982-08-20,120.80617248481467
1982-08-21,138.11395654094613
1982-08-22,117.45353882670376
1982-08-23,108.46274073849233
1982-08-24,93.68197249773378
1982-08-25,93.63353836035883
1982-08-26,88.7131392854826
1982-08-27,81.21993602531215
1982-08-28,72.93325284917812
1982-08-29,68.91481449729112
1982-08-30,67.27015146888168
1982-08-31,65.90300728378271
1982-09-01,56.73403288607283
1982-09-02,53.30848383167609
1982-09-03,59.50249553045444
1982-09-04,63.223882756110484
1982-09-05,67.75811108066267
1982-09-06,68.56721506562111
1982-09-07,66.01910793580785
1982-09-08,63.01092200960825
1982-09-09,58.798188273023406
1982-09-10,59.92197351001026
1982-09-11,60.960273477911755
1982-09-12,61.16258245893106
1982-09-13,56.12415800495932
1982-09-14,50.97051863568075
1982-09-15,40.39541796111039
1982-09-16,36.53066553342648
1982-09-17,33.615022249825955
1982-09-18,28.572798974738657
1982-09-19,26.17456754340899
1982-09-20,24.37545468295081
1982-09-21,23.485702151611807
1982-09-22,21.051433889249555
1982-09-23,19.970074607235947
1982-09-24,20.3334273493543
1982-09-25,22.04795380647516
1982-09-26,35.458987264411554
1982-09-27,44.3490670112594
1982-09-28,49.68556392662877
1982-09-29,46.45570132918047
1982-09-30,44.93754582985044
1982-10-01,58.75
1982-10-02,54.4609375
1982-10-03,49.671875
1982-10-04,44.90625
1982-10-05,40.359375
1982-10-06,36.21875
1982-10-07,32.3515625
1982-10-08,28.78125
1982-10-09,25.578125
1982-10-10,22.6875
1982-10-11,20.0234375
1982-10-12,17.546875
1982-10-13,15.234375
1982-10-14,13.21875
1982-10-15,11.3984375
1982-10-16,9.7578125
1982-10-17,8.2109375
1982-10-18,6.8515625
1982-10-19,5.671875
1982-10-20,4.609375
1982-10-21,3.671875
1982-10-22,2.8984375
1982-10-23,2.234375
1982-10-24,1.6796875
1982-10-25,1.21875
1982-10-26,0.8828125
1982-10-27,0.6328125
1982-10-28,0.453125
1982-10-29,0.3359375
1982-10-30,0.25
1982-10-31,0.1875
1982-11-01,0.140625
1982-11-02,0.109375
1982-11-03,0.09375
1982-11-04,0.078125
1982-11-05,0.05468749999999999
1982-11-06,0.0390625
1982-11-07,0.0234375
1982-11-08,0.007812500000000002
1982-11-09,0.0
1982-11-10,0.0
1982-11-11,0.0
1982-11-12,0.0
1982-11-13,0.0
1982-11-14,0.0
1982-11-15,0.0
1982-11-16,0.0
1982-11-17,0.0
1982-11-18,0.0
1982-11-19,0.0
1982-11-20,0.0
1982-11-21,0.0
1982-11-22,0.0
1982-11-23,0.0
1982-11-24,0.0
1982-11-25,0.0
1982-11-26,0.0
1982-11-27,0.0
1982-11-28,0.0
1982-11-29,0.0
1982-11-30,0.0
1982-12-01,0.0
1982-12-02,0.0
1982-12-03,0.0
1982-12-04,0.0
1982-12-05,0.0
1982-12-06,0.0
1982-12-07,0.0
1982-12-08,0.0
1982-12-09,0.0
1982-12-10,0.0
1982-12-11,0.0
1982-12-12,0.0
1982-12-13,0.0
1982-12-14,0.0
1982-12-15,0.0
1982-12-16,0.0
1982-12-17,0.0
1982-12-18,0.0
1982-12-19,0.0
1982-12-20,0.0
1982-12-21,0.0
1982-12-22,0.0
1982-12-23,0.0
1982-12-24,0.0
1982-12-25,0.0
1982-12-26,0.0
1982-12-27,0.0
1982-12-28,0.0
1982-12-29,0.0
1982-12-30,0.0
1982-12-31,0.0
1983-01-01,0.0
1983-01-02,0.0
1983-01-03,0.0
1983-01-04,0.0
1983-01-05,0.0
1983-01-06,0.0
1983-01-07,0.0
1983-01-08,0.0
1983-01-09,0.0
1983-01-10,0.0
1983-01-11,0.0
1983-01-12,0.0
1983-01-13,0.0
1983-01-14,0.0
1983-01-15,0.0
1983-01-16,0.0
1983-01-17,0.0
1983-01-18,0.0
1983-01-19,0.0
1983-01-20,0.0
1983-01-21,0.0
1983-01-22,0.0
1983-01-23,0.0
1983-01-24,0.0
1983-01-25,0.0
1983-01-26,0.0
1983-01-27,0.0
1983-01-28,0.0
1983-01-29,0.0
1983-01-30,0.0
1983-01-31,0.0
1983-02-01,0.0
1983-02-02,0.0
1983-02-03,0.0
1983-02-04,0.0
1983-02-05,0.0
1983-02-06,0.0
1983-02-07,0.0
1983-02-08,0.0
1983-02-09,0.0
1983-02-10,0.0
1983-02-11,0.0
1983-02-12,0.0
1983-02-13,0.0
1983-02-14,0.0
1983-02-15,0.0
1983-02-16,0.0
1983-02-17,0.0
1983-02-18,0.0
1983-02-19,0.0
1983-02-20,0.0
1983-02-21,0.0
1983-02-22,0.0
1983-02-23,0.0
1983-02-24,0.0
1983-02-25,0.0
1983-02-26,0.0
1983-02-27,0.0
1983-02-28,0.0
1983-03-01,0.0
1983-03-02,0.0
1983-03-03,0.0
1983-03-04,0.0
1983-03-05,0.0
1983-03-06,0.0
1983-03-07,0.0
1983-03-08,0.0
1983-03-09,0.0
1983-03-10,0.0
1983-03-11,0.0
1983-03-12,0.0
1983-03-13,0.0
1983-03-14,0.0
1983-03-15,0.0
1983-03-16,0.0
1983-03-17,0.0
1983-03-18,0.0
1983-03-19,0.0
1983-03-20,0.0
1983-03-21,0.0
1983-03-22,0.0
1983-03-23,0.0
1983-03-24,0.0
1983-03-25,0.0
1983-03-26,0.0
1983-03-27,0.0
1983-03-28,0.0
1983-03-29,0.0
1983-03-30,0.0
1983-03-31,0.0
1983-04-01,0.0
1983-04-02,0.0
1983-04-03,0.0
1983-04-04,0.0
1983-04-05,0.0
1983-04-06,0.0
1983-04-07,0.0
1983-04-08,0.0
1983-04-09,0.0
1983-04-10,0.0
1983-04-11,0.0
1983-04-12,0.0
1983-04-13,0.0
1983-04-14,0.0
1983-04-15,0.0
1983-04-16,0.0
1983-04-17,0.0
1983-04-18,0.0
1983-04-19,0.0
1983-04-20,0.0
1983-04-21,0.0
1983-04-22,0.0
1983-04-23,0.0
1983-04-24,0.0
1983-04-25,0.0
1983-04-26,0.0
1983-04-27,0.0
1983-04-28,0.0
1983-04-29,0.0
1983-04-30,0.0
1983-05-01,1.17
1983-05-02,1.21
1983-05-03,1.2049999999999996
1983-05-04,1.1955
1983-05-05,1.186
1983-05-06,1.1865
1983-05-07,1.1864999999999999
1983-05-08,1.1864999999999997
1983-05-09,1.1864999999999999
1983-05-10,1.1865
1983-05-11,1.1865
1983-05-12,2.919955478960227
1983-05-13,6.837761853058272
1983-05-14,8.76012841224473
1983-05-15,15.406406547457165
1983-05-16,17.407882687830934
1983-05-17,56.98035833554631
1983-05-18,103.40620492001452
1983-05-19,146.8028351113965
1983-05-20,57.3226540770019
1983-05-21,87.8305678860238
1983-05-22,46.25488558194608
1983-05-23,71.67904667939231
1983-05-24,33.88531152089755
1983-05-25,49.57097926423823
1983-05-26,77.15137218780724
1983-05-27,98.81880861489081
1983-05-28,109.66127839839783
1983-05-29,72.08853052470695
1983-05-30,95.41430809030096
1983-05-31,111.68698570737646
1983-06-01,68.65612632755723
1983-06-02,84.95979309921101
1983-06-03,24.96497974547181
1983-06-04,51.00773180920197
1983-06-05,66.60235611525084
1983-06-06,11.724621971340401
1983-06-07,30.984417832255478
1983-06-08,160.95901190540138
1983-06-09,201.23141246111894
1983-06-10,247.45354652925127
1983-06-11,278.5188351990307
1983-06-12,410.5000750972129
1983-06-13,632.2296404915787
1983-06-14,804.3806292273593
1983-06-15,792.3706041942442
1983-06-16,817.4744741355757
1983-06-17,812.0594960818185
1983-06-18,649.7135053786344
1983-06-19,872.9852008290569
1983-06-20,1151.3576662075864
1983-06-21,1198.7775464007798
1983-06-22,1100.9439976709937
1983-06-23,996.5295591476677
1983-06-24,778.9385309223412
1983-06-25,651.5038120651296
1983-06-26,519.0769678819537
1983-06-27,458.68854962318767
1983-06-28,401.3876495948237
1983-06-29,305.3361328589285
1983-06-30,279.9149541666573
1983-07-01,236.7690827183196
1983-07-02,211.44365989230502
1983-07-03,175.59354898098735
1983-07-04,147.81151879879775
1983-07-05,135.1615571837233
1983-07-06,136.88279786274373
1983-07-07,186.37688566036607
1983-07-08,231.5505264993738
1983-07-09,218.72277530970862
1983-07-10,204.5474499915207
1983-07-11,196.0363733586181
1983-07-12,188.1465721872002
1983-07-13,178.24806346785476
1983-07-14,173.3535136515698
1983-07-15,206.44546162634646
1983-07-16,348.9002548519173
1983-07-17,369.052858793881
1983-07-18,384.78923012528537
1983-07-19,523.0573444400255
1983-07-20,365.26848145674404
1983-07-21,342.4685890964511
1983-07-22,246.80047041792454
1983-07-23,227.31790239637922
1983-07-24,173.01694252109831
1983-07-25,142.44065276789195
1983-07-26,140.27317863938887
1983-07-27,139.99576352736537
1983-07-28,136.75267418204552
1983-07-29,139.9704657448835
1983-07-30,166.27728666825513
1983-07-31,214.87789510617588
1983-08-01,276.73054762627504
1983-08-02,280.64092309475535
1983-08-03,295.2020439567793
1983-08-04,506.57095190850885
1983-08-05,539.0746763962119
1983-08-06,553.745513960229
1983-08-07,530.5623450272507
1983-08-08,293.4687966802729
1983-08-09,280.2318836684624
1983-08-10,267.11025593623276
1983-08-11,198.20055805330708
1983-08-12,185.18355537926374
1983-08-13,160.94213902745298
1983-08-14,155.03643760869465
1983-08-15,150.83427783412552
1983-08-16,137.3994422622197
1983-08-17,124.42902786542099
1983-08-18,120.65955212787128
1983-08-19,124.87659227316651
1983-08-20,123.2317771629538
1983-08-21,114.48762096202861
1983-08-22,97.01847175251055
1983-08-23,77.82173195173468
1983-08-24,72.34306636769448
1983-08-25,66.86751684744462
1983-08-26,61.402359352459385
1983-08-27,60.67199010266316
1983-08-28,61.326390944694424
1983-08-29,57.73455891581447
1983-08-30,58.03293840797354
1983-08-31,70.97198665233168
1983-09-01,72.43566944127811
1983-09-02,67.51171175858158
1983-09-03,63.692683292387464
1983-09-04,61.49938802594909
1983-09-05,60.45756999164177
1983-09-06,69.14624525879424
1983-09-07,71.02417807704258
1983-09-08,71.06432464253948
1983-09-09,66.47536336782602
1983-09-10,65.34472258997832
1983-09-11,60.11537590039912
1983-09-12,56.184415602506824
1983-09-13,46.716379516598245
1983-09-14,41.07310160596802
1983-09-15,35.811439490923945
1983-09-16,31.965413337364776
1983-09-17,29.21346162482597
1983-09-18,32.39000149572117
1983-09-19,31.64576940084834
1983-09-20,29.560590655363328
1983-09-21,29.49203752575546
1983-09-22,27.64386386943655
1983-09-23,27.13028149822575
1983-09-24,28.94539342193166
1983-09-25,39.22997043767223
1983-09-26,60.15448893842909
1983-09-27,76.08655398116298
1983-09-28,76.58268470016652
1983-09-29,71.4914752529313
1983-09-30,63.811784013963106
1983-10-01,79.9609375
1983-10-02,72.5625
1983-10-03,65.8203125
1983-10-04,62.1796875
1983-10-05,62.078125
1983-10-06,58.078125
1983-10-07,52.1953125
1983-10-08,46.84375
1983-10-09,41.9375
1983-10-10,37.5234375
1983-10-11,33.578125
1983-10-12,30.0078125
1983-10-13,26.65625
1983-10-14,23.5078125
1983-10-15,20.6015625
1983-10-16,17.9375
1983-10-17,15.5078125
1983-10-18,13.2734375
1983-10-19,11.2265625
1983-10-20,9.4296875
1983-10-21,7.8671875
1983-10-22,6.4921875
1983-10-23,5.2890625
1983-10-24,4.2734375
1983-10-25,3.4375
1983-10-26,2.734375
1983-10-27,2.1328125
1983-10-28,1.640625
1983-10-29,1.2578125
1983-10-30,0.984375
1983-10-31,0.765625
1983-11-01,0.59375
1983-11-02,0.4609375
1983-11-03,0.3671875
1983-11-04,0.296875
1983-11-05,0.2421875
1983-11-06,0.203125
1983-11-07,0.171875
1983-11-08,0.140625
1983-11-09,0.125
1983-11-10,0.09375
1983-11-11,0.078125
1983-11-12,0.06249999999999999
1983-11-13,0.046875
1983-11-14,0.046875
1983-11-15,0.03125
1983-11-16,0.03125
1983-11-17,0.03125
1983-11-18,0.015625
1983-11-19,0.015625
1983-11-20,0.015625
1983-11-21,0.015625
1983-11-22,0.0
1983-11-23,0.0
1983-11-24,0.0
1983-11-25,0.0
1983-11-26,0.0
1983-11-27,0.0
1983-11-28,0.0
1983-11-29,0.0
1983-11-30,0.0
1983-12-01,0.0
1983-12-02,0.0
1983-12-03,0.0
1983-12-04,0.0
1983-12-05,0.0
1983-12-06,0.0
1983-12-07,0.0
1983-12-08,0.0
1983-12-09,0.0
1983-12-10,0.0
1983-12-11,0.0
1983-12-12,0.0
1983-12-13,0.0
1983-12-14,0.0
1983-12-15,0.0
1983-12-16,0.0
1983-12-17,0.0
1983-12-18,0.0
1983-12-19,0.0
1983-12-20,0.0
1983-12-21,0.0
1983-12-22,0.0
1983-12-23,0.0
1983-12-24,0.0
1983-12-25,0.0
1983-12-26,0.0
1983-12-27,0.0
1983-12-28,0.0
1983-12-29,0.0
1983-12-30,0.0
1983-12-31,0.0
1984-01-01,0.0
1984-01-02,0.0
1984-01-03,0.0
1984-01-04,0.0
1984-01-05,0.0
1984-01-06,0.0
1984-01-07,0.0
1984-01-08,0.0
1984-01-09,0.0
1984-01-10,0.0
1984-01-11,0.0
1984-01-12,0.0
1984-01-13,0.0
1984-01-14,0.0
1984-01-15,0.0
1984-01-16,0.0
1984-01-17,0.0
1984-01-18,0.0
1984-01-19,0.0
1984-01-20,0.0
1984-01-21,0.0
1984-01-22,0.0
1984-01-23,0.0
1984-01-24,0.0
1984-01-25,0.0
1984-01-26,0.0
1984-01-27,0.0
1984-01-28,0.0
1984-01-29,0.0
1984-01-30,0.0
1984-01-31,0.0
1984-02-01,0.0
1984-02-02,0.0
1984-02-03,0.0
1984-02-04,0.0
1984-02-05,0.0
1984-02-06,0.0
1984-02-07,0.0
1984-02-08,0.0
1984-02-09,0.0
1984-02-10,0.0
1984-02-11,0.0
1984-02-12,0.0
1984-02-13,0.0
1984-02-14,0.0
1984-02-15,0.0
1984-02-16,0.0
1984-02-17,0.0
1984-02-18,0.0
1984-02-19,0.0
1984-02-20,0.0
1984-02-21,0.0
1984-02-22,0.0
1984-02-23,0.0
1984-02-24,0.0
1984-02-25,0.0
1984-02-26,0.0
1984-02-27,0.0
1984-02-28,0.0
1984-02-29,0.0
1984-03-01,0.0
1984-03-02,0.0
1984-03-03,0.0
1984-03-04,0.0
1984-03-05,0.0
1984-03-06,0.0
1984-03-07,0.0
1984-03-08,0.0
1984-03-09,0.0
1984-03-10,0.0
1984-03-11,0.0
1984-03-12,0.0
1984-03-13,0.0
1984-03-14,0.0
1984-03-15,0.0
1984-03-16,0.0
1984-03-17,0.0
1984-03-18,0.0
1984-03-19,0.0
1984-03-20,0.0
1984-03-21,0.0
1984-03-22,0.0
1984-03-23,0.0
1984-03-24,0.0
1984-03-25,0.0
1984-03-26,0.0
1984-03-27,0.0
1984-03-28,0.0
1984-03-29,0.0
1984-03-30,0.0
1984-03-31,0.0
1984-04-01,0.0
1984-04-02,0.0
1984-04-03,0.0
1984-04-04,0.0
1984-04-05,0.0
1984-04-06,0.0
1984-04-07,0.0
1984-04-08,0.0
1984-04-09,0.0
1984-04-10,0.0
1984-04-11,0.0
1984-04-12,0.0
1984-04-13,0.0
1984-04-14,0.0
1984-04-15,0.0
1984-04-16,0.0
1984-04-17,0.0
1984-04-18,0.0
1984-04-19,0.0
1984-04-20,0.0
1984-04-21,0.0
1984-04-22,0.0
1984-04-23,0.0
1984-04-24,0.0
1984-04-25,0.0
1984-04-26,0.0
1984-04-27,0.0
1984-04-28,0.0
1984-04-29,0.0
1984-04-30,0.0
1984-05-01,1.2100000000000002
1984-05-02,1.2049999999999998
1984-05-03,1.1955
1984-05-04,1.186
1984-05-05,1.1864999999999999
1984-05-06,1.1864999999999999
1984-05-07,1.1864999999999997
1984-05-08,1.1864999999999999
1984-05-09,3.023793103448276
1984-05-10,6.282660624370598
1984-05-11,3.8905683589075344
1984-05-12,5.934703583061891
1984-05-13,7.307364414811366
1984-05-14,4.9819521688876796
1984-05-15,7.690869668953175
1984-05-16,8.205246293639409
1984-05-17,9.889746385216114
1984-05-18,13.60489782587812
1984-05-19,13.61540850963899
1984-05-20,20.742241030982164
1984-05-21,129.8820714255079
1984-05-22,193.78896695690727
1984-05-23,125.14925482042725
1984-05-24,160.51420645424005
1984-05-25,205.27234556130307
1984-05-26,242.8697401342366
1984-05-27,142.4765103793081
1984-05-28,195.65509046298138
1984-05-29,207.99532787932992
1984-05-30,125.66503810810357
1984-05-31,170.40530883973256
1984-06-01,199.8185586521897
1984-06-02,235.16829007694196
1984-06-03,303.3173726094903
1984-06-04,425.82874478359304
1984-06-05,563.287279407171
1984-06-06,738.1406407054856
1984-06-07,972.3883108971453
1984-06-08,1019.9458759738973
1984-06-09,1065.004084576921
1984-06-10,1182.837464827745
1984-06-11,1181.4313009114057
1984-06-12,1093.3167809692125
1984-06-13,1013.99124422022
1984-06-14,860.2043617463271
1984-06-15,858.2879264781272
1984-06-16,849.3150639100324
1984-06-17,839.624818095561
1984-06-18,835.5942312470285
1984-06-19,778.2115165150127
1984-06-20,595.9903107218962
1984-06-21,525.426791074798
1984-06-22,399.5024930270313
1984-06-23,360.1901879904887
1984-06-24,281.58986438517564
1984-06-25,264.19824673227237
1984-06-26,223.08819544547143
1984-06-27,204.02011042678646
1984-06-28,173.3014111541263
1984-06-29,163.28448719985562
1984-06-30,152.12141856655117
1984-07-01,128.88741244966766
1984-07-02,120.09707864104546
1984-07-03,112.43091992279986
1984-07-04,111.30624711969693
1984-07-05,117.67119542648324
1984-07-06,129.90278991501296
1984-07-07,140.98227731203514
1984-07-08,151.38717760491542
1984-07-09,134.17863550665712
1984-07-10,123.51301122537092
1984-07-11,112.01885765244552
1984-07-12,88.74707058204618
1984-07-13,79.68885009433168
1984-07-14,69.25011871977804
1984-07-15,63.77621745947066
1984-07-16,59.75626062698641
1984-07-17,58.25529553394164
1984-07-18,56.6766540510369
1984-07-19,65.79190865552137
1984-07-20,81.45568005635799
1984-07-21,124.66034316100401
1984-07-22,121.90109751600264
1984-07-23,113.38255892483282
1984-07-24,115.67269386081811
1984-07-25,122.87114934402778
1984-07-26,126.86273795596159
1984-07-27,150.65458308224171
1984-07-28,308.388735367535
1984-07-29,607.0456610738096
1984-07-30,636.0001597791368
1984-07-31,619.4637307974119
1984-08-01,561.6439345980265
1984-08-02,523.206143883996
1984-08-03,304.9343338431454
1984-08-04,283.2499456501186
1984-08-05,207.78605555800397
1984-08-06,193.37430500156677
1984-08-07,168.19627058752644
1984-08-08,183.4151283764585
1984-08-09,193.1248524769632
1984-08-10,186.9406488852468
1984-08-11,160.3459152717885
1984-08-12,158.3728060591379
1984-08-13,195.11050141318734
1984-08-14,265.6462077111132
1984-08-15,477.0242338411016
1984-08-16,273.2017017204905
1984-08-17,270.524603281596
1984-08-18,269.34623344774764
1984-08-19,257.32577089785605
1984-08-20,246.17909024540933
1984-08-21,237.76276339832737
1984-08-22,185.67517360733106
1984-08-23,173.1146938852092
1984-08-24,161.57950401689837
1984-08-25,130.88736590057385
1984-08-26,116.34249200094517
1984-08-27,97.75823894201609
1984-08-28,92.8865540568719
1984-08-29,78.13909956843601
1984-08-30,75.39695922068694
1984-08-31,73.21640457058238
1984-09-01,72.27799007324701
1984-09-02,78.60463772986824
1984-09-03,90.39078639958784
1984-09-04,90.64569579540988
1984-09-05,112.64670024782578
1984-09-06,126.25363349366991
1984-09-07,164.22009720247314
1984-09-08,112.7592829376966
1984-09-09,107.10723210559209
1984-09-10,103.58776683264195
1984-09-11,97.46344961157281
1984-09-12,86.38016396850972
1984-09-13,80.19858740173527
1984-09-14,74.77835801674176
1984-09-15,71.87431672619317
1984-09-16,79.49429563213441
1984-09-17,94.15214114618875
1984-09-18,91.09698299818369
1984-09-19,81.7337419416188
1984-09-20,78.54430359653499
1984-09-21,96.16499946533247
1984-09-22,133.26620976751477
1984-09-23,137.4827770937187
1984-09-24,135.20388818698945
1984-09-25,137.56428181428177
1984-09-26,133.32357343769223
1984-09-27,128.1132165670139
1984-09-28,128.60088483124323
1984-09-29,137.90750827831337
1984-09-30,139.00495659694826
1984-10-01,178.0625
1984-10-02,168.515625
1984-10-03,156.8125
1984-10-04,144.5
1984-10-05,130.328125
1984-10-06,117.515625
1984-10-07,106.90625
1984-10-08,97.515625
1984-10-09,88.953125
1984-10-10,81.1875
1984-10-11,74.109375
1984-10-12,67.4375
1984-10-13,61.25
1984-10-14,55.46875
1984-10-15,50.109375
1984-10-16,47.59375
1984-10-17,50.078125
1984-10-18,48.890625
1984-10-19,44.0
1984-10-20,39.359375
1984-10-21,35.140625
1984-10-22,31.265625
1984-10-23,27.8125
1984-10-24,24.609375
1984-10-25,21.625
1984-10-26,18.859375
1984-10-27,16.296875
1984-10-28,13.90625
1984-10-29,12.078125
1984-10-30,10.65625
1984-10-31,8.953125
1984-11-01,7.34375
1984-11-02,6.0
1984-11-03,4.921875
1984-11-04,3.96875
1984-11-05,3.140625
1984-11-06,2.5
1984-11-07,2.015625
1984-11-08,1.59375
1984-11-09,1.25
1984-11-10,0.96875
1984-11-11,0.75
1984-11-12,0.5625
1984-11-13,0.40625
1984-11-14,0.296875
1984-11-15,0.21875
1984-11-16,0.15625
1984-11-17,0.125
1984-11-18,0.09375
1984-11-19,0.078125
1984-11-20,0.06249999999999999
1984-11-21,0.046875
1984-11-22,0.03125
1984-11-23,0.03125
1984-11-24,0.015625
1984-11-25,0.015625
1984-11-26,0.015625
1984-11-27,0.015625
1984-11-28,0.015625
1984-11-29,0.015625
1984-11-30,0.015625
1984-12-01,0.0
1984-12-02,0.0
1984-12-03,0.0
1984-12-04,0.0
1984-12-05,0.0
1984-12-06,0.0
1984-12-07,0.0
1984-12-08,0.0
1984-12-09,0.0
1984-12-10,0.0
1984-12-11,0.0
1984-12-12,0.0
1984-12-13,0.0
1984-12-14,0.0
1984-12-15,0.0
1984-12-16,0.0
1984-12-17,0.0
1984-12-18,0.0
1984-12-19,0.0
1984-12-20,0.0
1984-12-21,0.0
1984-12-22,0.0
1984-12-23,0.0
1984-12-24,0.0
1984-12-25,0.0
1984-12-26,0.0
1984-12-27,0.0
1984-12-28,0.0
1984-12-29,0.0
1984-12-30,0.0
1984-12-31,0.0
1985-01-01,0.0
1985-01-02,0.0
1985-01-03,0.0
1985-01-04,0.0
1985-01-05,0.0
1985-01-06,0.0
1985-01-07,0.0
1985-01-08,0.0
1985-01-09,0.0
1985-01-10,0.0
1985-01-11,0.0
1985-01-12,0.0
1985-01-13,0.0
1985-01-14,0.0
1985-01-15,0.0
1985-01-16,0.0
1985-01-17,0.0
1985-01-18,0.0
1985-01-19,0.0
1985-01-20,0.0
1985-01-21,0.0
1985-01-22,0.0
1985-01-23,0.0
1985-01-24,0.0
1985-01-25,0.0
1985-01-26,0.0
1985-01-27,0.0
1985-01-28,0.0
1985-01-29,0.0
1985-01-30,0.0
1985-01-31,0.0
1985-02-01,0.0
1985-02-02,0.0
1985-02-03,0.0
1985-02-04,0.0
1985-02-05,0.0
1985-02-06,0.0
1985-02-07,0.0
1985-02-08,0.0
1985-02-09,0.0
1985-02-10,0.0
1985-02-11,0.0
1985-02-12,0.0
1985-02-13,0.0
1985-02-14,0.0
1985-02-15,0.0
1985-02-16,0.0
1985-02-17,0.0
1985-02-18,0.0
1985-02-19,0.0
1985-02-20,0.0
1985-02-21,0.0
1985-02-22,0.0
1985-02-23,0.0
1985-02-24,0.0
1985-02-25,0.0
1985-02-26,0.0
1985-02-27,0.0
1985-02-28,0.0
1985-03-01,0.0
1985-03-02,0.0
1985-03-03,0.0
1985-03-04,0.0
1985-03-05,0.0
1985-03-06,0.0
1985-03-07,0.0
1985-03-08,0.0
1985-03-09,0.0
1985-03-10,0.0
1985-03-11,0.0
1985-03-12,0.0
1985-03-13,0.0
1985-03-14,0.0
1985-03-15,0.0
1985-03-16,0.0
1985-03-17,0.0
1985-03-18,0.0
1985-03-19,0.0
1985-03-20,0.0
1985-03-21,0.0
1985-03-22,0.0
1985-03-23,0.0
1985-03-24,0.0
1985-03-25,0.0
1985-03-26,0.0
1985-03-27,0.0
1985-03-28,0.0
1985-03-29,0.0
1985-03-30,0.0
1985-03-31,0.0
1985-04-01,0.0
1985-04-02,0.0
1985-04-03,0.0
1985-04-04,0.0
1985-04-05,0.0
1985-04-06,0.0
1985-04-07,0.0
1985-04-08,0.0
1985-04-09,0.0
1985-04-10,0.0
1985-04-11,0.0
1985-04-12,0.0
1985-04-13,0.0
1985-04-14,0.0
1985-04-15,0.0
1985-04-16,0.0
1985-04-17,0.0
1985-04-18,0.0
1985-04-19,0.0
1985-04-20,0.0
1985-04-21,0.0
1985-04-22,0.0
1985-04-23,0.0
1985-04-24,0.0
1985-04-25,0.0
1985-04-26,0.0
1985-04-27,0.0
1985-04-28,0.0
1985-04-29,0.0
1985-04-30,0.0
1985-05-01,1.17
1985-05-02,1.21
1985-05-03,1.2049999999999998
1985-05-04,1.1955000000000002
1985-05-05,1.186
1985-05-06,1.1864999999999999
1985-05-07,1.1864999999999999
1985-05-08,1.1864999999999997
1985-05-09,1.1864999999999999
1985-05-10,1.1865
1985-05-11,1.1865
1985-05-12,1.1864999999999999
1985-05-13,1.1864999999999997
1985-05-14,1.1865000000000003
1985-05-15,1.1864999999999997
1985-05-16,1.1864999999999997
1985-05-17,1.2065000000000001
1985-05-18,1.216
1985-05-19,1.2300000000000002
1985-05-20,1.2550000000000001
1985-05-21,1.27
1985-05-22,1.6672549019607854
1985-05-23,2.4017115685136408
1985-05-24,4.890441076359901
1985-05-25,4.466531357240265
1985-05-26,6.907489456001869
1985-05-27,17.526362886214926
1985-05-28,135.48209004159295
1985-05-29,289.0112244528216
1985-05-30,406.7127539348192
1985-05-31,417.02903958821094
1985-06-01,369.9895535361032
1985-06-02,341.8230022708873
1985-06-03,307.8434875185013
1985-06-04,282.15496217778326
1985-06-05,258.928488790865
1985-06-06,249.96680413069518
1985-06-07,306.3693793607296
1985-06-08,303.6202888459473
1985-06-09,342.92675276780835
1985-06-10,385.8382897506952
1985-06-11,468.1692708138836
1985-06-12,585.233199274757
1985-06-13,640.8360385335419
1985-06-14,797.0816522645592
1985-06-15,800.4291084228587
1985-06-16,649.2552572324759
1985-06-17,649.6300737882098
1985-06-18,829.8652400935132
1985-06-19,843.1878179018156
1985-06-20,798.3071709516272
1985-06-21,617.9387123500095
1985-06-22,565.4258381367397
1985-06-23,553.558378755153
1985-06-24,517.1410912923338
1985-06-25,489.5093783315734
1985-06-26,453.8647644447537
1985-06-27,432.67967213095744
1985-06-28,404.6583238684594
1985-06-29,314.1145479478667
1985-06-30,291.67446465106735
1985-07-01,270.3974921716306
1985-07-02,227.0663938860501
1985-07-03,214.36234839408797
1985-07-04,200.4436040203968
1985-07-05,173.36633647027514
1985-07-06,144.46899377939343
1985-07-07,138.932236550686
1985-07-08,138.92469327073005
1985-07-09,151.27968195703522
1985-07-10,153.24778764773097
1985-07-11,141.5986953398443
1985-07-12,131.77662189963365
1985-07-13,115.9152786463497
1985-07-14,113.856254832983
1985-07-15,126.28070599808483
1985-07-16,160.4995256965706
1985-07-17,196.0921655611386
1985-07-18,190.53596191748977
1985-07-19,184.2662667064941
1985-07-20,156.4870137986279
1985-07-21,146.91024896140252
1985-07-22,128.98659774041388
1985-07-23,117.21459996472554
1985-07-24,96.8211126896395
1985-07-25,80.68209610258008
1985-07-26,76.1045310196987
1985-07-27,81.27803684925215
1985-07-28,91.9730810877135
1985-07-29,82.4470434130217
1985-07-30,78.79383945959707
1985-07-31,74.09626123541787
1985-08-01,65.78571425841746
1985-08-02,61.075068265527264
1985-08-03,58.86030696316211
1985-08-04,60.6386840001404
1985-08-05,70.5773039448239
1985-08-06,87.8478967719807
1985-08-07,127.12736102687259
1985-08-08,162.9796651769101
1985-08-09,179.0821582794463
1985-08-10,153.8421275931787
1985-08-11,131.12033952769002
1985-08-12,112.59027247782078
1985-08-13,105.32692370779156
1985-08-14,102.51782506323204
1985-08-15,101.24817439977473
1985-08-16,85.5980190722634
1985-08-17,74.3581786354649
1985-08-18,73.607146335176
1985-08-19,70.80065138859796
1985-08-20,66.28392614820649
1985-08-21,61.826401479833414
1985-08-22,56.20405872783703
1985-08-23,62.37753210025278
1985-08-24,88.52132173092521
1985-08-25,108.94775765559207
1985-08-26,125.35126453557376
1985-08-27,119.05096768483216
1985-08-28,148.63312711449208
1985-08-29,160.87388218363685
1985-08-30,248.3306557811084
1985-08-31,252.8830295316521
1985-09-01,245.55057798617392
1985-09-02,239.6758571415694
1985-09-03,226.00022102129057
1985-09-04,204.3996301967145
1985-09-05,140.04509094758282
1985-09-06,122.75625314150366
1985-09-07,114.81091960029498
1985-09-08,112.62628503840266
1985-09-09,105.62908635124401
1985-09-10,98.14607038923717
1985-09-11,89.41530509961157
1985-09-12,78.77382691577844
1985-09-13,70.42869699078996
1985-09-14,65.46024918323765
1985-09-15,62.92658236549068
1985-09-16,53.823587893027494
1985-09-17,49.2646661665761
1985-09-18,44.78388377121244
1985-09-19,36.832861935477496
1985-09-20,32.472942827864216
1985-09-21,29.461525857114374
1985-09-22,25.84176008672976
1985-09-23,24.767957595977034
1985-09-24,24.211382092586256
1985-09-25,24.391311426069386
1985-09-26,22.923934861077882
1985-09-27,21.2850479482227
1985-09-28,20.066968993588688
1985-09-29,18.510493568963717
1985-09-30,18.397111124675103
1985-10-01,26.375
1985-10-02,23.3125
1985-10-03,20.53125
1985-10-04,17.875
1985-10-05,15.421875
1985-10-06,13.203125
1985-10-07,11.09375
1985-10-08,9.171875
1985-10-09,7.53125
1985-10-10,6.078125
1985-10-11,4.796875
1985-10-12,3.65625
1985-10-13,2.703125
1985-10-14,1.90625
1985-10-15,1.296875
1985-10-16,0.90625
1985-10-17,0.671875
1985-10-18,0.515625
1985-10-19,0.390625
1985-10-20,0.296875
1985-10-21,0.234375
1985-10-22,0.1875
1985-10-23,0.15625
1985-10-24,0.125
1985-10-25,0.09375
1985-10-26,0.078125
1985-10-27,0.06249999999999999
1985-10-28,0.06249999999999999
1985-10-29,0.046875
1985-10-30,0.046875
1985-10-31,0.03125
1985-11-01,0.03125
1985-11-02,0.03125
1985-11-03,0.015625
1985-11-04,0.015625
1985-11-05,0.015625
1985-11-06,0.0
1985-11-07,0.0
1985-11-08,0.0
1985-11-09,0.0
1985-11-10,0.0
1985-11-11,0.0
1985-11-12,0.0
1985-11-13,0.0
1985-11-14,0.0
1985-11-15,0.0
1985-11-16,0.0
1985-11-17,0.0
1985-11-18,0.0
1985-11-19,0.0
1985-11-20,0.453125
1985-11-21,6.21875
1985-11-22,18.65625
1985-11-23,30.546875
1985-11-24,31.609375
1985-11-25,29.15625
1985-11-26,26.609375
1985-11-27,24.203125
1985-11-28,22.015625
1985-11-29,20.03125
1985-11-30,18.15625
1985-12-01,16.375
1985-12-02,14.703125
1985-12-03,13.25
1985-12-04,11.984375
1985-12-05,10.8125
1985-12-06,9.734375
1985-12-07,8.75
1985-12-08,7.828125
1985-12-09,6.96875
1985-12-10,6.15625
1985-12-11,5.390625
1985-12-12,4.71875
1985-12-13,4.140625
1985-12-14,3.625
1985-12-15,3.171875
1985-12-16,2.765625
1985-12-17,2.40625
1985-12-18,2.078125
1985-12-19,1.765625
1985-12-20,1.46875
1985-12-21,1.21875
1985-12-22,1.0
1985-12-23,0.78125
1985-12-24,0.609375
1985-12-25,0.484375
1985-12-26,0.375
1985-12-27,0.265625
1985-12-28,0.171875
1985-12-29,0.09375
1985-12-30,0.06249999999999999
1985-12-31,0.03125
1986-01-01,0.015625
1986-01-02,0.015625
1986-01-03,0.0
1986-01-04,0.0
1986-01-05,0.0
1986-01-06,0.0
1986-01-07,0.0
1986-01-08,0.0
1986-01-09,0.0
1986-01-10,0.0
1986-01-11,0.0
1986-01-12,0.0
1986-01-13,0.0
1986-01-14,0.0
1986-01-15,0.0
1986-01-16,0.0
1986-01-17,0.0
1986-01-18,0.0
1986-01-19,0.0
1986-01-20,0.0
1986-01-21,0.0
1986-01-22,0.0
1986-01-23,0.0
1986-01-24,0.0
1986-01-25,0.0
1986-01-26,0.0
1986-01-27,0.0
1986-01-28,0.0
1986-01-29,0.0
1986-01-30,0.0
1986-01-31,0.0
1986-02-01,0.0
1986-02-02,0.0
1986-02-03,0.0
1986-02-04,0.0
1986-02-05,0.0
1986-02-06,0.0
1986-02-07,0.0
1986-02-08,0.0
1986-02-09,0.0
1986-02-10,0.0
1986-02-11,0.0
1986-02-12,0.0
1986-02-13,0.0
1986-02-14,0.0
1986-02-15,0.0
1986-02-16,0.0
1986-02-17,0.0
1986-02-18,0.0
1986-02-19,0.0
1986-02-20,0.0
1986-02-21,0.0
1986-02-22,0.0
1986-02-23,0.0
1986-02-24,0.0
1986-02-25,0.0
1986-02-26,0.0
1986-02-27,0.0
1986-02-28,0.0
1986-03-01,0.0
1986-03-02,0.0
1986-03-03,0.0
1986-03-04,0.0
1986-03-05,0.0
1986-03-06,0.0
1986-03-07,0.0
1986-03-08,0.0
1986-03-09,0.0
1986-03-10,0.0
1986-03-11,0.0
1986-03-12,0.0
1986-03-13,0.0
1986-03-14,0.0
1986-03-15,0.0
1986-03-16,0.0
1986-03-17,0.0
1986-03-18,0.0
1986-03-19,0.0
1986-03-20,0.0
1986-03-21,0.0
1986-03-22,0.0
1986-03-23,0.0
1986-03-24,0.0
1986-03-25,0.0
1986-03-26,0.0
1986-03-27,0.0
1986-03-28,0.0
1986-03-29,0.0
1986-03-30,0.0
1986-03-31,0.0
1986-04-01,0.0
1986-04-02,0.0
1986-04-03,0.0
1986-04-04,0.0
1986-04-05,0.0
1986-04-06,0.0
1986-04-07,0.0
1986-04-08,0.0
1986-04-09,0.0
1986-04-10,0.0
1986-04-11,0.0
1986-04-12,0.0
1986-04-13,0.0
1986-04-14,0.0
1986-04-15,0.0
1986-04-16,0.0
1986-04-17,0.0
1986-04-18,0.0
1986-04-19,0.0
1986-04-20,0.0
1986-04-21,0.0
1986-04-22,0.0
1986-04-23,0.0
1986-04-24,0.0
1986-04-25,0.0
1986-04-26,0.0
1986-04-27,0.0
1986-04-28,0.0
1986-04-29,0.0
1986-04-30,0.0
1986-05-01,1.17
1986-05-02,1.21
1986-05-03,1.205
1986-05-04,1.1955
1986-05-05,1.186
1986-05-06,1.1864999999999999
1986-05-07,1.1864999999999999
1986-05-08,1.1864999999999997
1986-05-09,1.1864999999999999
1986-05-10,1.1864999999999999
1986-05-11,1.1865
1986-05-12,1.1864999999999999
1986-05-13,1.1865
1986-05-14,1.1865
1986-05-15,4.603753648569769
1986-05-16,2.9262398749467167
1986-05-17,5.952266089352491
1986-05-18,7.2259301532079965
1986-05-19,6.107007519490709
1986-05-20,4.570280752154611
1986-05-21,7.040075513914137
1986-05-22,3.1866676504555387
1986-05-23,2.9368546680358985
1986-05-24,2.152479481086636
1986-05-25,2.858985001363513
1986-05-26,4.740425133224199
1986-05-27,8.368315173109744
1986-05-28,27.949705215107716
1986-05-29,75.36132390824716
1986-05-30,222.08770372619176
1986-05-31,258.6553876182252
1986-06-01,275.7758223620698
1986-06-02,345.83215278682957
1986-06-03,417.6192707261614
1986-06-04,455.70603320928893
1986-06-05,560.6210552993568
1986-06-06,748.1567690252422
1986-06-07,1022.9698505977569
1986-06-08,1077.90600990372
1986-06-09,1097.7316958603235
1986-06-10,1191.1219183220082
1986-06-11,1408.012120432995
1986-06-12,1489.987364780212
1986-06-13,1517.2170659289343
1986-06-14,1529.8176749588238
1986-06-15,1566.580769747174
1986-06-16,1526.3784508417752
1986-06-17,1436.8031781149405
1986-06-18,1220.2221247616465
1986-06-19,1111.837089427182
1986-06-20,1038.488673372345
1986-06-21,880.2277821179232
1986-06-22,807.934310009403
1986-06-23,748.623098208979
1986-06-24,695.0798932752791
1986-06-25,536.6152860900468
1986-06-26,475.90526775006333
1986-06-27,331.0501771191929
1986-06-28,298.9483832800784
1986-06-29,282.5787720428295
1986-06-30,247.24587119156453
1986-07-01,232.22746860274924
1986-07-02,211.1664390830285
1986-07-03,178.02650514035898
1986-07-04,149.63102717961195
1986-07-05,134.9840701656077
1986-07-06,123.13692173527869
1986-07-07,115.17053203576643
1986-07-08,105.19840961955734
1986-07-09,80.05360201771482
1986-07-10,71.49315014767829
1986-07-11,68.16385165496285
1986-07-12,65.89725926357782
1986-07-13,64.4073413895197
1986-07-14,61.89085279822504
1986-07-15,58.989905693723635
1986-07-16,57.58141205845955
1986-07-17,61.996752563599635
1986-07-18,69.28465857176747
1986-07-19,73.51033013806165
1986-07-20,70.58609633693447
1986-07-21,67.2556880677628
1986-07-22,70.29556914737024
1986-07-23,78.8612661840881
1986-07-24,115.17292834470182
1986-07-25,133.27382155075423
1986-07-26,142.7363712885055
1986-07-27,168.28314028709895
1986-07-28,230.74327640538368
1986-07-29,503.22137267861973
1986-07-30,577.0116235335197
1986-07-31,603.8909363622943
1986-08-01,592.5426390096054
1986-08-02,532.8998130433208
1986-08-03,505.4270060549798
1986-08-04,510.2249340322084
1986-08-05,509.834831367036
1986-08-06,299.2469597077259
1986-08-07,282.7815543346298
1986-08-08,267.7377660973236
1986-08-09,259.43834047724204
1986-08-10,196.6729568520825
1986-08-11,188.73732418361917
1986-08-12,159.42703616554766
1986-08-13,149.48402888670262
1986-08-14,141.35154663541334
1986-08-15,132.34956552509942
1986-08-16,135.0070345359484
1986-08-17,151.2877873656886
1986-08-18,143.13574519082462
1986-08-19,127.13392921256802
1986-08-20,116.39683684897254
1986-08-21,110.81196852612781
1986-08-22,146.69885294430128
1986-08-23,477.538008753893
1986-08-24,580.0152638439514
1986-08-25,586.8621249505367
1986-08-26,550.8820965526872
1986-08-27,508.00986359721605
1986-08-28,467.3821314680757
1986-08-29,266.77362456938977
1986-08-30,250.46129565857547
1986-08-31,229.97251154550366
1986-09-01,211.37728967500874
1986-09-02,203.56492233211034
1986-09-03,134.41239803526008
1986-09-04,123.87859304320821
1986-09-05,105.59069716242003
1986-09-06,100.26331459134575
1986-09-07,85.72228549580424
1986-09-08,77.05921802278583
1986-09-09,69.85851994151847
1986-09-10,67.38381871364447
1986-09-11,61.21550295445203
1986-09-12,57.4639989089265
1986-09-13,48.62293501691478
1986-09-14,54.36229351672344
1986-09-15,78.05188286600712
1986-09-16,115.90208524557762
1986-09-17,114.68914409637861
1986-09-18,103.97447553658549
1986-09-19,100.91141711785822
1986-09-20,89.28821220972759
1986-09-21,82.75546963581115
1986-09-22,76.72105446783512
1986-09-23,68.50977278546688
1986-09-24,61.79917326626899
1986-09-25,57.21570789532544
1986-09-26,63.29356863424089
1986-09-27,59.71099888622613
1986-09-28,56.7537732875201
1986-09-29,51.62762344823702
1986-09-30,47.60559713466996
1986-10-01,59.9375
1986-10-02,54.296875
1986-10-03,49.09375
1986-10-04,44.28125
1986-10-05,39.828125
1986-10-06,35.671875
1986-10-07,31.921875
1986-10-08,28.46875
1986-10-09,25.3125
1986-10-10,22.40625
1986-10-11,19.734375
1986-10-12,17.328125
1986-10-13,15.09375
1986-10-14,13.046875
1986-10-15,11.109375
1986-10-16,9.34375
1986-10-17,7.828125
1986-10-18,6.484375
1986-10-19,5.265625
1986-10-20,4.203125
1986-10-21,3.28125
1986-10-22,2.53125
1986-10-23,1.90625
1986-10-24,1.375
1986-10-25,0.921875
1986-10-26,0.609375
1986-10-27,0.421875
1986-10-28,0.296875
1986-10-29,0.21875
1986-10-30,0.15625
1986-10-31,0.125
1986-11-01,0.09375
1986-11-02,0.078125
1986-11-03,0.06249999999999999
1986-11-04,0.046875
1986-11-05,0.03125
1986-11-06,0.03125
1986-11-07,0.015625
1986-11-08,0.015625
1986-11-09,0.015625
1986-11-10,0.0
1986-11-11,0.0
1986-11-12,0.0
1986-11-13,0.0
1986-11-14,0.0
1986-11-15,0.0
1986-11-16,0.0
1986-11-17,0.0
1986-11-18,0.0
1986-11-19,0.0
1986-11-20,0.0
1986-11-21,0.0
1986-11-22,0.0
1986-11-23,0.0
1986-11-24,0.0
1986-11-25,0.0
1986-11-26,0.0
1986-11-27,0.0
1986-11-28,0.0
1986-11-29,0.0
1986-11-30,0.0
1986-12-01,0.0
1986-12-02,0.0
1986-12-03,0.0
1986-12-04,0.0
1986-12-05,0.0
1986-12-06,0.0
1986-12-07,0.0
1986-12-08,0.0
1986-12-09,0.0
1986-12-10,0.0
1986-12-11,0.0
1986-12-12,0.0
1986-12-13,0.0
1986-12-14,0.0
1986-12-15,0.0
1986-12-16,0.0
1986-12-17,0.0
1986-12-18,0.0
1986-12-19,0.0
1986-12-20,0.0
1986-12-21,0.0
1986-12-22,0.0
1986-12-23,0.0
1986-12-24,0.0
1986-12-25,0.0
1986-12-26,0.0
1986-12-27,0.0
1986-12-28,0.0
1986-12-29,0.0
1986-12-30,0.0
1986-12-31,0.0
1987-01-01,0.0
1987-01-02,0.0
1987-01-03,0.0
1987-01-04,0.0
1987-01-05,0.0
1987-01-06,0.0
1987-01-07,0.0
1987-01-08,0.0
1987-01-09,0.0
1987-01-10,0.0
1987-01-11,0.0
1987-01-12,0.0
1987-01-13,0.0
1987-01-14,0.0
1987-01-15,0.0
1987-01-16,0.0
1987-01-17,0.0
1987-01-18,0.0
1987-01-19,0.0
1987-01-20,0.0
1987-01-21,0.0
1987-01-22,0.0
1987-01-23,0.0
1987-01-24,0.0
1987-01-25,0.0
1987-01-26,0.0
1987-01-27,0.0
1987-01-28,0.0
1987-01-29,0.0
1987-01-30,0.0
1987-01-31,0.0
1987-02-01,0.0
1987-02-02,0.0
1987-02-03,0.0
1987-02-04,0.0
1987-02-05,0.0
1987-02-06,0.0
1987-02-07,0.0
1987-02-08,0.0
1987-02-09,0.0
1987-02-10,0.0
1987-02-11,0.0
1987-02-12,0.0
1987-02-13,0.0
1987-02-14,0.0
1987-02-15,0.0
1987-02-16,0.0
1987-02-17,0.0
1987-02-18,0.0
1987-02-19,0.0
1987-02-20,0.0
1987-02-21,0.0
1987-02-22,0.0
1987-02-23,0.0
1987-02-24,0.0
1987-02-25,0.0
1987-02-26,0.0
1987-02-27,0.0
1987-02-28,0.0
1987-03-01,0.0
1987-03-02,0.0
1987-03-03,0.0
1987-03-04,0.0
1987-03-05,0.0
1987-03-06,0.0
1987-03-07,0.0
1987-03-08,0.0
1987-03-09,0.0
1987-03-10,0.0
1987-03-11,0.0
1987-03-12,0.0
1987-03-13,0.0
1987-03-14,0.0
1987-03-15,0.0
1987-03-16,0.0
1987-03-17,0.0
1987-03-18,0.0
1987-03-19,0.0
1987-03-20,0.0
1987-03-21,0.0
1987-03-22,0.0
1987-03-23,0.0
1987-03-24,0.0
1987-03-25,0.0
1987-03-26,0.0
1987-03-27,0.0
1987-03-28,0.0
1987-03-29,0.0
1987-03-30,0.0
1987-03-31,0.0
1987-04-01,0.0
1987-04-02,0.0
1987-04-03,0.0
1987-04-04,0.0
1987-04-05,0.0
1987-04-06,0.0
1987-04-07,0.0
1987-04-08,0.0
1987-04-09,0.0
1987-04-10,0.0
1987-04-11,0.0
1987-04-12,0.0
1987-04-13,0.0
1987-04-14,0.0
1987-04-15,0.0
1987-04-16,0.0
1987-04-17,0.0
1987-04-18,0.0
1987-04-19,0.0
1987-04-20,0.0
1987-04-21,0.0
1987-04-22,0.0
1987-04-23,0.0
1987-04-24,0.0
1987-04-25,0.0
1987-04-26,0.0
1987-04-27,0.0
1987-04-28,0.0
1987-04-29,0.0
1987-04-30,0.0
1987-05-01,1.1700000000000002
1987-05-02,1.21
1987-05-03,1.2049999999999996
1987-05-04,1.1955
1987-05-05,1.186
1987-05-06,1.1864999999999999
1987-05-07,1.1864999999999997
1987-05-08,7.497499999999999
1987-05-09,6.759422413793099
1987-05-10,9.420344827586208
1987-05-11,7.960273224043766
1987-05-12,5.425562403698024
1987-05-13,4.02566265060241
1987-05-14,2.435500667556754
1987-05-15,13.152374999999997
1987-05-16,5.72375
1987-05-17,5.845437500000002
1987-05-18,1.2159999999999997
1987-05-19,1.23
1987-05-20,9.16125
1987-05-21,5.098825456836804
1987-05-22,7.657450980392161
1987-05-23,2.7807712640085733
1987-05-24,2.5946347697643057
1987-05-25,2.2762421102213857
1987-05-26,3.705757275993128
1987-05-27,4.587719733836528
1987-05-28,6.555035652996989
1987-05-29,11.064305199710182
1987-05-30,106.86526708300492
1987-05-31,268.1546341451469
1987-06-01,320.292257619075
1987-06-02,406.1297765466011
1987-06-03,416.8640129399091
1987-06-04,466.10947650509473
1987-06-05,485.16112410386074
1987-06-06,491.20841389831673
1987-06-07,563.2390759815038
1987-06-08,757.2506398782544
1987-06-09,975.5440552738552
1987-06-10,1129.5649301175322
1987-06-11,1233.9377682648183
1987-06-12,1235.9773001810875
1987-06-13,1176.235349095854
1987-06-14,1104.292043512864
1987-06-15,1029.9498872523927
1987-06-16,878.379527724905
1987-06-17,840.5333943505249
1987-06-18,660.2685306247065
1987-06-19,618.6048940856484
1987-06-20,508.86573699419375
1987-06-21,462.5047247902092
1987-06-22,447.4106231742824
1987-06-23,413.50254198665436
1987-06-24,388.6184245191394
1987-06-25,357.923153205017
1987-06-26,324.0971307123202
1987-06-27,272.23765372928926
1987-06-28,248.37708907787078
1987-06-29,207.3030396828892
1987-06-30,189.2105952191095
1987-07-01,181.0343181787324
1987-07-02,214.6272278956097
1987-07-03,214.8387188441371
1987-07-04,203.07993734084658
1987-07-05,178.07619727292197
1987-07-06,165.18447312151915
1987-07-07,139.9831697695648
1987-07-08,136.8311374804511
1987-07-09,136.3491186664134
1987-07-10,133.65893410011708
1987-07-11,127.78447792493243
1987-07-12,118.02537005259342
1987-07-13,109.41591609340921
1987-07-14,87.86300469925276
1987-07-15,85.53432581795796
1987-07-16,97.66011348806387
1987-07-17,92.7453761036616
1987-07-18,75.22770135985458
1987-07-19,74.79420878015523
1987-07-20,82.47873352733778
1987-07-21,85.9917028124374
1987-07-22,103.70856215009623
1987-07-23,119.35444172858989
1987-07-24,115.02644357398525
1987-07-25,95.75137128445228
1987-07-26,82.46945395549663
1987-07-27,81.33307443458769
1987-07-28,91.59940296655434
1987-07-29,94.04028807785271
1987-07-30,91.0528800570575
1987-07-31,80.05838042175999
1987-08-01,74.1317662905086
1987-08-02,65.34797722695704
1987-08-03,59.95791174664242
1987-08-04,61.02717558715089
1987-08-05,58.09303545710868
1987-08-06,58.13693507227667
1987-08-07,72.44505433680747
1987-08-08,85.69782768905225
1987-08-09,104.78843197089284
1987-08-10,87.00219778923744
1987-08-11,101.14025265416343
1987-08-12,104.41577323110602
1987-08-13,105.59086580271816
1987-08-14,103.05254920178241
1987-08-15,101.960704315332
1987-08-16,88.89413920734057
1987-08-17,100.07355857024505
1987-08-18,98.30825100740525
1987-08-19,96.21727659686455
1987-08-20,83.76577099325844
1987-08-21,78.55419139740417
1987-08-22,74.64509334289033
1987-08-23,73.29924570612238
1987-08-24,72.42683245407085
1987-08-25,69.09708735826962
1987-08-26,65.30606570912894
1987-08-27,62.482771664291214
1987-08-28,67.30356849464312
1987-08-29,78.33514761494784
1987-08-30,95.58460269594666
1987-08-31,129.81549556813874
1987-09-01,133.3433964005677
1987-09-02,129.48577746792617
1987-09-03,108.02577928194538
1987-09-04,102.36340817127076
1987-09-05,95.83728199042106
1987-09-06,91.88236598329252
1987-09-07,82.21794949738927
1987-09-08,73.08261969764743
1987-09-09,66.9674899764672
1987-09-10,67.04545341801426
1987-09-11,63.94381804850319
1987-09-12,63.387158383872666
1987-09-13,58.820224021302
1987-09-14,53.46079545623577
1987-09-15,42.471621950151565
1987-09-16,38.48945653866351
1987-09-17,35.496929251013526
1987-09-18,33.34360564955253
1987-09-19,30.90081462193883
1987-09-20,29.072657307090935
1987-09-21,29.72468899914376
1987-09-22,26.899042749567812
1987-09-23,24.658082065639892
1987-09-24,21.909670036253026
1987-09-25,20.49449201371045
1987-09-26,18.83444252580626
1987-09-27,17.41197237188393
1987-09-28,16.3850748541984
1987-09-29,15.009077331563232
1987-09-30,14.732397672419498
1987-10-01,20.8671875
1987-10-02,18.1640625
1987-10-03,15.734375
1987-10-04,13.40625
1987-10-05,11.28125
1987-10-06,10.15625
1987-10-07,11.453125
1987-10-08,13.515625
1987-10-09,13.234375
1987-10-10,11.65625
1987-10-11,9.96875
1987-10-12,8.46875
1987-10-13,7.140625
1987-10-14,5.96875
1987-10-15,4.90625
1987-10-16,4.0
1987-10-17,3.296875
1987-10-18,2.6875
1987-10-19,2.203125
1987-10-20,1.828125
1987-10-21,1.5
1987-10-22,1.234375
1987-10-23,0.96875
1987-10-24,0.734375
1987-10-25,0.5625
1987-10-26,0.421875
1987-10-27,0.328125
1987-10-28,0.234375
1987-10-29,0.171875
1987-10-30,0.109375
1987-10-31,0.078125
1987-11-01,0.046875
1987-11-02,0.03125
1987-11-03,0.03125
1987-11-04,0.015625
1987-11-05,0.015625
1987-11-06,0.015625
1987-11-07,0.015625
1987-11-08,0.0
1987-11-09,0.0
1987-11-10,0.0
1987-11-11,0.0
1987-11-12,0.0
1987-11-13,0.0
1987-11-14,0.0
1987-11-15,0.0
1987-11-16,0.0
1987-11-17,0.0
1987-11-18,0.0
1987-11-19,0.0
1987-11-20,0.0
1987-11-21,0.0
1987-11-22,0.0
1987-11-23,0.0
1987-11-24,0.0
1987-11-25,0.0
1987-11-26,0.0
1987-11-27,0.0
1987-11-28,0.0
1987-11-29,0.0
1987-11-30,0.0
1987-12-01,0.0
1987-12-02,0.0
1987-12-03,0.0
1987-12-04,0.0
1987-12-05,0.0
1987-12-06,0.0
1987-12-07,0.0
1987-12-08,0.0
1987-12-09,0.0
1987-12-10,0.0
1987-12-11,0.0
1987-12-12,0.0
1987-12-13,0.0
1987-12-14,0.0
1987-12-15,0.0
1987-12-16,0.0
1987-12-17,0.0
1987-12-18,0.0
1987-12-19,0.0
1987-12-20,0.0
1987-12-21,0.0
1987-12-22,0.0
1987-12-23,0.0
1987-12-24,0.0
1987-12-25,0.0
1987-12-26,0.0
1987-12-27,0.0
1987-12-28,0.0
1987-12-29,0.0
1987-12-30,0.0
1987-12-31,0.0
1988-01-01,0.0
1988-01-02,0.0
1988-01-03,0.0
1988-01-04,0.0
1988-01-05,0.0
1988-01-06,0.0
1988-01-07,0.0
1988-01-08,0.0
1988-01-09,0.0
1988-01-10,0.0
1988-01-11,0.0
1988-01-12,0.0
1988-01-13,0.0
1988-01-14,0.0
1988-01-15,0.0
1988-01-16,0.0
1988-01-17,0.0
1988-01-18,0.0
1988-01-19,0.0
1988-01-20,0.0
1988-01-21,0.0
1988-01-22,0.0
1988-01-23,0.0
1988-01-24,0.0
1988-01-25,0.0
1988-01-26,0.0
1988-01-27,0.0
1988-01-28,0.0
1988-01-29,0.0
1988-01-30,0.0
1988-01-31,0.0
1988-02-01,0.0
1988-02-02,0.0
1988-02-03,0.0
1988-02-04,0.0
1988-02-05,0.0
1988-02-06,0.0
1988-02-07,0.0
1988-02-08,0.0
1988-02-09,0.0
1988-02-10,0.0
1988-02-11,0.0
1988-02-12,0.0
1988-02-13,0.0
1988-02-14,0.0
1988-02-15,0.0
1988-02-16,0.0
1988-02-17,0.0
1988-02-18,0.0
1988-02-19,0.0
1988-02-20,0.0
1988-02-21,0.0
1988-02-22,0.0
1988-02-23,0.0
1988-02-24,0.0
1988-02-25,0.0
1988-02-26,0.0
1988-02-27,0.0
1988-02-28,0.0
1988-02-29,0.0
1988-03-01,0.0
1988-03-02,0.0
1988-03-03,0.0
1988-03-04,0.0
1988-03-05,0.0
1988-03-06,0.0
1988-03-07,0.0
1988-03-08,0.0
1988-03-09,0.0
1988-03-10,0.0
1988-03-11,0.0
1988-03-12,0.0
1988-03-13,0.0
1988-03-14,0.0
1988-03-15,0.0
1988-03-16,0.0
1988-03-17,0.0
1988-03-18,0.0
1988-03-19,0.0
1988-03-20,0.0
1988-03-21,0.0
1988-03-22,0.0
1988-03-23,0.0
1988-03-24,0.0
1988-03-25,0.0
1988-03-26,0.0
1988-03-27,0.0
1988-03-28,0.0
1988-03-29,0.0
1988-03-30,0.0
1988-03-31,0.0
1988-04-01,0.0
1988-04-02,0.0
1988-04-03,0.0
1988-04-04,0.0
1988-04-05,0.0
1988-04-06,0.0
1988-04-07,0.0
1988-04-08,0.0
1988-04-09,0.0
1988-04-10,0.0
1988-04-11,0.0
1988-04-12,0.0
1988-04-13,0.0
1988-04-14,0.0
1988-04-15,0.0
1988-04-16,0.0
1988-04-17,0.0
1988-04-18,0.0
1988-04-19,0.0
1988-04-20,0.0
1988-04-21,0.0
1988-04-22,0.0
1988-04-23,0.0
1988-04-24,0.0
1988-04-25,0.0
1988-04-26,0.0
1988-04-27,0.0
1988-04-28,0.0
1988-04-29,0.0
1988-04-30,0.0
1988-05-01,1.2100000000000002
1988-05-02,1.2049999999999998
1988-05-03,1.1954999999999998
1988-05-04,1.1860000000000002
1988-05-05,1.1864999999999999
1988-05-06,1.1864999999999999
1988-05-07,1.1864999999999997
1988-05-08,1.1864999999999999
1988-05-09,1.1864999999999999
1988-05-10,1.1865000000000003
1988-05-11,1.1864999999999997
1988-05-12,1.1864999999999999
1988-05-13,1.1865
1988-05-14,1.6335259778166984
1988-05-15,9.962611218568728
1988-05-16,1.8242991537098996
1988-05-17,2.5800346557837672
1988-05-18,13.112381289865354
1988-05-19,4.977536391101358
1988-05-20,2.5793532373094665
1988-05-21,6.255490196078435
1988-05-22,21.084011627906968
1988-05-23,1.5657734249566502
1988-05-24,2.756611250216923
1988-05-25,3.3893819790324256
1988-05-26,3.6320100913202187
1988-05-27,6.2453929251091465
1988-05-28,6.305280514244418
1988-05-29,7.168499068117596
1988-05-30,6.761110574508365
1988-05-31,9.01109598631503
1988-06-01,13.573486641033226
1988-06-02,115.75904803092791
1988-06-03,165.84619156234842
1988-06-04,202.53919617367032
1988-06-05,232.7422613581114
1988-06-06,254.13832757108213
1988-06-07,320.0414715461481
1988-06-08,337.22597509562075
1988-06-09,412.51766583261747
1988-06-10,591.743275973579
1988-06-11,817.286341493044
1988-06-12,884.8471214159832
1988-06-13,1017.8061603689251
1988-06-14,891.515208725287
1988-06-15,857.4093963855873
1988-06-16,820.1568797016242
1988-06-17,635.9324635143264
1988-06-18,584.818806111772
1988-06-19,477.0119079991473
1988-06-20,339.8851978282578
1988-06-21,316.1135064534112
1988-06-22,283.35210487427844
1988-06-23,244.5222091822364
1988-06-24,219.1253814703534
1988-06-25,182.79484768271257
1988-06-26,170.262776247416
1988-06-27,141.7069133877341
1988-06-28,133.54279147339906
1988-06-29,112.32480722161982
1988-06-30,96.82556081881684
1988-07-01,94.29276756081589
1988-07-02,90.87861038738647
1988-07-03,96.2595720129013
1988-07-04,114.97387419960359
1988-07-05,121.61905124442849
1988-07-06,120.38224474337362
1988-07-07,117.32406005810903
1988-07-08,117.58410775071926
1988-07-09,120.60143626079886
1988-07-10,117.16001760622609
1988-07-11,111.67013833063601
1988-07-12,108.4050623338062
1988-07-13,110.3082767256352
1988-07-14,117.7943580982343
1988-07-15,114.26855864017723
1988-07-16,99.76578652299051
1988-07-17,95.81312772273847
1988-07-18,108.65972110693696
1988-07-19,126.3364293951208
1988-07-20,123.95625158029277
1988-07-21,103.75281810977808
1988-07-22,94.41782150496655
1988-07-23,76.87822889848138
1988-07-24,71.43321427038843
1988-07-25,68.34857708512305
1988-07-26,69.77365890993207
1988-07-27,72.79046213187287
1988-07-28,66.50123927909185
1988-07-29,63.195922062051224
1988-07-30,60.22790441092491
1988-07-31,59.71721620645576
1988-08-01,59.979450583109376
1988-08-02,57.32366026628968
1988-08-03,61.11882712639012
1988-08-04,59.79455703969656
1988-08-05,56.67448381928624
1988-08-06,57.579477925061084
1988-08-07,58.15389028835718
1988-08-08,59.053531956851266
1988-08-09,58.33756506808082
1988-08-10,52.327645943361595
1988-08-11,45.722741023658614
1988-08-12,44.544820012002525
1988-08-13,58.02913017468706
1988-08-14,80.0430791623964
1988-08-15,120.84003455687386
1988-08-16,137.47396536498923
1988-08-17,127.99807008074875
1988-08-18,125.99569575583587
1988-08-19,135.0405261106822
1988-08-20,129.52282098513902
1988-08-21,97.18112928579109
1988-08-22,78.62369509974204
1988-08-23,73.3519014079663
1988-08-24,75.26528090291794
1988-08-25,86.43152605120044
1988-08-26,94.87723522526287
1988-08-27,96.44025467189165
1988-08-28,95.3914662609839
1988-08-29,88.58580476209366
1988-08-30,73.87990395702063
1988-08-31,69.96397627582216
1988-09-01,63.73967342669065
1988-09-02,53.972046512639444
1988-09-03,50.20464303888216
1988-09-04,47.55513630221738
1988-09-05,45.89076782449726
1988-09-06,42.76042575485318
1988-09-07,37.70568653800352
1988-09-08,34.27136109716451
1988-09-09,32.28817845454165
1988-09-10,29.21634825838263
1988-09-11,27.750584059317436
1988-09-12,27.950575614547898
1988-09-13,31.477341128470126
1988-09-14,31.1100228760214
1988-09-15,30.803333298579577
1988-09-16,28.98287375937485
1988-09-17,26.925328980242185
1988-09-18,24.541799286687915
1988-09-19,22.880275645630885
1988-09-20,22.26435946065182
1988-09-21,19.996593308274367
1988-09-22,18.655618259642747
1988-09-23,17.218664308690027
1988-09-24,16.386849400112624
1988-09-25,15.900939008837263
1988-09-26,16.458364510797253
1988-09-27,17.05136492789722
1988-09-28,16.639080903436408
1988-09-29,15.330819218280029
1988-09-30,12.308432269460699
1988-10-01,16.6953125
1988-10-02,14.4140625
1988-10-03,12.234375
1988-10-04,10.390625
1988-10-05,8.8359375
1988-10-06,7.4765625
1988-10-07,6.28125
1988-10-08,5.2890625
1988-10-09,4.4765625
1988-10-10,3.7890625
1988-10-11,3.21875
1988-10-12,2.8515625
1988-10-13,2.5859375
1988-10-14,2.2890625
1988-10-15,1.9921874999999998
1988-10-16,1.7109375
1988-10-17,1.5703125
1988-10-18,1.6328125
1988-10-19,1.484375
1988-10-20,1.2109375
1988-10-21,0.9375
1988-10-22,0.7265625
1988-10-23,0.59375
1988-10-24,0.4921875
1988-10-25,0.40625
1988-10-26,0.328125
1988-10-27,0.265625
1988-10-28,0.2109375
1988-10-29,0.171875
1988-10-30,0.140625
1988-10-31,0.11718750000000001
1988-11-01,0.1015625
1988-11-02,0.078125
1988-11-03,0.06249999999999999
1988-11-04,0.05468749999999999
1988-11-05,0.046875
1988-11-06,0.0390625
1988-11-07,0.03125
1988-11-08,0.03125
1988-11-09,0.0234375
1988-11-10,0.0234375
1988-11-11,0.015625
1988-11-12,0.015625
1988-11-13,0.007812500000000002
1988-11-14,0.007812500000000002
1988-11-15,0.015625
1988-11-16,0.0
1988-11-17,0.0
1988-11-18,0.0
1988-11-19,0.0
1988-11-20,0.0
1988-11-21,0.0
1988-11-22,0.0
1988-11-23,0.0
1988-11-24,0.0
1988-11-25,0.0
1988-11-26,0.0
1988-11-27,0.0
1988-11-28,0.0
1988-11-29,0.0
1988-11-30,0.0
1988-12-01,0.0
1988-12-02,0.0
1988-12-03,0.0
1988-12-04,0.0
1988-12-05,0.0
1988-12-06,0.0
1988-12-07,0.0
1988-12-08,0.0
1988-12-09,0.0
1988-12-10,0.0
1988-12-11,0.0
1988-12-12,0.0
1988-12-13,0.0
1988-12-14,0.0
1988-12-15,0.0
1988-12-16,0.0
1988-12-17,0.0
1988-12-18,0.0
1988-12-19,0.0
1988-12-20,0.0
1988-12-21,0.0
1988-12-22,0.0
1988-12-23,0.0
1988-12-24,0.0
1988-12-25,0.0
1988-12-26,0.0
1988-12-27,0.0
1988-12-28,0.0
1988-12-29,0.0
1988-12-30,0.0
1988-12-31,0.0
1989-01-01,0.0
1989-01-02,0.0
1989-01-03,0.0
1989-01-04,0.0
1989-01-05,0.0
1989-01-06,0.0
1989-01-07,0.0
1989-01-08,0.0
1989-01-09,0.0
1989-01-10,0.0
1989-01-11,0.0
1989-01-12,0.0
1989-01-13,0.0
1989-01-14,0.0
1989-01-15,0.0
1989-01-16,0.0
1989-01-17,0.0
1989-01-18,0.0
1989-01-19,0.0
1989-01-20,0.0
1989-01-21,0.0
1989-01-22,0.0
1989-01-23,0.0
1989-01-24,0.0
1989-01-25,0.0
1989-01-26,0.0
1989-01-27,0.0
1989-01-28,0.0
1989-01-29,0.0
1989-01-30,0.0
1989-01-31,0.0
1989-02-01,0.0
1989-02-02,0.0
1989-02-03,0.0
1989-02-04,0.0
1989-02-05,0.0
1989-02-06,0.0
1989-02-07,0.0
1989-02-08,0.0
1989-02-09,0.0
1989-02-10,0.0
1989-02-11,0.0
1989-02-12,0.0
1989-02-13,0.0
1989-02-14,0.0
1989-02-15,0.0
1989-02-16,0.0
1989-02-17,0.0
1989-02-18,0.0
1989-02-19,0.0
1989-02-20,0.0
1989-02-21,0.0
1989-02-22,0.0
1989-02-23,0.0
1989-02-24,0.0
1989-02-25,0.0
1989-02-26,0.0
1989-02-27,0.0
1989-02-28,0.0
1989-03-01,0.0
1989-03-02,0.0
1989-03-03,0.0
1989-03-04,0.0
1989-03-05,0.0
1989-03-06,0.0
1989-03-07,0.0
1989-03-08,0.0
1989-03-09,0.0
1989-03-10,0.0
1989-03-11,0.0
1989-03-12,0.0
1989-03-13,0.0
1989-03-14,0.0
1989-03-15,0.0
1989-03-16,0.0
1989-03-17,0.0
1989-03-18,0.0
1989-03-19,0.0
1989-03-20,0.0
1989-03-21,0.0
1989-03-22,0.0
1989-03-23,0.0
1989-03-24,0.0
1989-03-25,0.0
1989-03-26,0.0
1989-03-27,0.0
1989-03-28,0.0
1989-03-29,0.0
1989-03-30,0.0
1989-03-31,0.0
1989-04-01,0.0
1989-04-02,0.0
1989-04-03,0.0
1989-04-04,0.0
1989-04-05,0.0
1989-04-06,0.0
1989-04-07,0.0
1989-04-08,0.0
1989-04-09,0.0
1989-04-10,0.0
1989-04-11,0.0
1989-04-12,0.0
1989-04-13,0.0
1989-04-14,0.0
1989-04-15,0.0
1989-04-16,0.0
1989-04-17,0.0
1989-04-18,0.0
1989-04-19,0.0
1989-04-20,0.0
1989-04-21,0.0
1989-04-22,0.0
1989-04-23,0.0
1989-04-24,0.0
1989-04-25,0.0
1989-04-26,0.0
1989-04-27,0.0
1989-04-28,0.0
1989-04-29,0.0
1989-04-30,0.0
1989-05-01,1.1700000000000002
1989-05-02,1.21
1989-05-03,5.001874999999999
1989-05-04,15.747241379310346
1989-05-05,7.589367983367996
1989-05-06,6.504686046511626
1989-05-07,5.0399519408502735
1989-05-08,3.7618792756539277
1989-05-09,12.308129310344817
1989-05-10,8.506551724137932
1989-05-11,4.871020036429902
1989-05-12,2.8123112480739745
1989-05-13,13.152375000000001
1989-05-14,10.067499999999997
1989-05-15,7.478937499999999
1989-05-16,5.723750000000001
1989-05-17,1.2065000000000001
1989-05-18,1.216
1989-05-19,1.2299999999999998
1989-05-20,7.649999999999997
1989-05-21,12.186380592312549
1989-05-22,9.123137254901966
1989-05-23,2.1564376478992733
1989-05-24,2.5606228244814075
1989-05-25,4.418215980365423
1989-05-26,5.743869805997699
1989-05-27,6.378471277112636
1989-05-28,6.294658730097653
1989-05-29,7.363011823829562
1989-05-30,12.439821583608264
1989-05-31,34.10595765911585
1989-06-01,74.78944102850748
1989-06-02,110.51535064589298
1989-06-03,135.0068056159533
1989-06-04,189.73507695899704
1989-06-05,217.82489098297447
1989-06-06,236.75777915833828
1989-06-07,257.84140686744473
1989-06-08,318.3479556553425
1989-06-09,341.13665349876396
1989-06-10,496.00050042358254
1989-06-11,883.7660459935676
1989-06-12,1222.335308418513
1989-06-13,1455.806327173997
1989-06-14,1728.8173382145333
1989-06-15,2111.496888226667
1989-06-16,2202.1096105840784
1989-06-17,2127.740016869514
1989-06-18,1976.144004898687
1989-06-19,1777.230746458741
1989-06-20,1638.200160797437
1989-06-21,1526.5080602855753
1989-06-22,1443.3235248802032
1989-06-23,1368.0977261055066
1989-06-24,1160.4314498887952
1989-06-25,1122.0574059248836
1989-06-26,1047.841794703677
1989-06-27,946.1622258098566
1989-06-28,869.1942014690011
1989-06-29,766.5508950681848
1989-06-30,561.9840662503598
1989-07-01,510.12831229064875
1989-07-02,448.4172218830731
1989-07-03,400.61419610347446
1989-07-04,383.46187676375916
1989-07-05,374.50290587504435
1989-07-06,366.2551257907511
1989-07-07,365.79115374425265
1989-07-08,350.5985353154506
1989-07-09,316.61757284905644
1989-07-10,289.123114238634
1989-07-11,241.64180472779316
1989-07-12,233.8796919889127
1989-07-13,264.16989208637483
1989-07-14,258.2531646975764
1989-07-15,210.10879166292378
1989-07-16,206.77384875412795
1989-07-17,207.012210419204
1989-07-18,190.80603216405464
1989-07-19,152.06756351592415
1989-07-20,147.42744312390715
1989-07-21,139.87438500295997
1989-07-22,122.476692841985
1989-07-23,100.97385956195058
1989-07-24,96.82840054516127
1989-07-25,118.75014451860281
1989-07-26,140.2642862471538
1989-07-27,140.98656323631454
1989-07-28,146.94193418304238
1989-07-29,218.3991770825438
1989-07-30,306.1576319857266
1989-07-31,296.80657970885807
1989-08-01,281.4670867034214
1989-08-02,274.3568309448656
1989-08-03,296.2486943174246
1989-08-04,538.1645290512294
1989-08-05,605.0892495966972
1989-08-06,685.1282583610299
1989-08-07,736.5014310208695
1989-08-08,706.8442168201093
1989-08-09,652.9217802661796
1989-08-10,605.0086442836847
1989-08-11,562.6347173189632
1989-08-12,514.4427404970595
1989-08-13,477.2414121579481
1989-08-14,270.9362272927085
1989-08-15,268.6464449655635
1989-08-16,256.81038600649464
1989-08-17,245.31924031399436
1989-08-18,235.72120730675942
1989-08-19,187.89543529996462
1989-08-20,236.32260063943133
1989-08-21,230.34643738010405
1989-08-22,173.7362423251824
1989-08-23,141.48977709872477
1989-08-24,128.3388613939248
1989-08-25,103.72543939398966
1989-08-26,97.81397588439172
1989-08-27,95.38475859721856
1989-08-28,82.64096112970098
1989-08-29,75.82027912050242
1989-08-30,70.75908143701794
1989-08-31,69.52316359200373
1989-09-01,65.26676962078456
1989-09-02,61.26079574367791
1989-09-03,53.87761693792048
1989-09-04,51.09455109023003
1989-09-05,48.65069101314551
1989-09-06,48.802387089040074
1989-09-07,51.27541134828966
1989-09-08,49.72130775949007
1989-09-09,39.26382002232119
1989-09-10,37.68147412405935
1989-09-11,44.78967384370887
1989-09-12,49.29967345306567
1989-09-13,54.81425571415723
1989-09-14,46.18197106847931
1989-09-15,40.8114363634089
1989-09-16,39.71273313481944
1989-09-17,47.81428406614064
1989-09-18,48.77439902520038
1989-09-19,45.24168410266889
1989-09-20,42.101083343579205
1989-09-21,35.69635533184595
1989-09-22,30.757579477863402
1989-09-23,28.08986112983685
1989-09-24,25.176149940374287
1989-09-25,23.729303495012267
1989-09-26,22.47942482463532
1989-09-27,23.330571225325556
1989-09-28,62.43388183126858
1989-09-29,112.01637987321955
1989-09-30,131.3217276503948
1989-10-01,159.4140625
1989-10-02,145.9609375
1989-10-03,132.609375
1989-10-04,120.796875
1989-10-05,110.4375
1989-10-06,100.8671875
1989-10-07,92.140625
1989-10-08,84.0234375
1989-10-09,76.4140625
1989-10-10,69.4296875
1989-10-11,63.046875
1989-10-12,57.046875
1989-10-13,51.359375
1989-10-14,46.234375
1989-10-15,41.609375
1989-10-16,37.25
1989-10-17,33.3125
1989-10-18,29.6875
1989-10-19,26.296875
1989-10-20,23.1875
1989-10-21,20.359375
1989-10-22,17.640625
1989-10-23,15.125
1989-10-24,12.953125
1989-10-25,10.953125
1989-10-26,9.109375
1989-10-27,7.4375
1989-10-28,5.96875
1989-10-29,4.65625
1989-10-30,3.546875
1989-10-31,2.65625
1989-11-01,1.953125
1989-11-02,1.421875
1989-11-03,1.03125
1989-11-04,0.75
1989-11-05,0.5625
1989-11-06,0.453125
1989-11-07,0.359375
1989-11-08,0.296875
1989-11-09,0.25
1989-11-10,0.21875
1989-11-11,0.171875
1989-11-12,0.140625
1989-11-13,0.125
1989-11-14,0.09375
1989-11-15,0.078125
1989-11-16,0.06249999999999999
1989-11-17,0.046875
1989-11-18,0.03125
1989-11-19,0.03125
1989-11-20,0.03125
1989-11-21,0.03125
1989-11-22,0.015625
1989-11-23,0.015625
1989-11-24,0.015625
1989-11-25,0.015625
1989-11-26,0.015625
1989-11-27,0.015625
1989-11-28,0.0
1989-11-29,0.0
1989-11-30,0.0
1989-12-01,0.0
1989-12-02,0.0
1989-12-03,0.0
1989-12-04,0.0
1989-12-05,0.0
1989-12-06,0.0
1989-12-07,0.0
1989-12-08,0.0
1989-12-09,0.0
1989-12-10,0.0
1989-12-11,0.0
1989-12-12,0.0
1989-12-13,0.0
1989-12-14,0.0
1989-12-15,0.0
1989-12-16,0.0
1989-12-17,0.0
1989-12-18,0.0
1989-12-19,0.0
1989-12-20,0.0
1989-12-21,0.0
1989-12-22,0.0
1989-12-23,0.0
1989-12-24,0.0
1989-12-25,0.0
1989-12-26,0.0
1989-12-27,0.0
1989-12-28,0.0
1989-12-29,0.0
1989-12-30,0.0
1989-12-31,0.0
1990-01-01,0.0
1990-01-02,0.0
1990-01-03,0.0
1990-01-04,0.0
1990-01-05,0.0
1990-01-06,0.0
1990-01-07,0.0
1990-01-08,0.0
1990-01-09,0.0
1990-01-10,0.0
1990-01-11,0.0
1990-01-12,0.0
1990-01-13,0.0
1990-01-14,0.0
1990-01-15,0.0
1990-01-16,0.0
1990-01-17,0.0
1990-01-18,0.0
1990-01-19,0.0
1990-01-20,0.0
1990-01-21,0.0
1990-01-22,0.0
1990-01-23,0.0
1990-01-24,0.0
1990-01-25,0.0
1990-01-26,0.0
1990-01-27,0.0
1990-01-28,0.0
1990-01-29,0.0
1990-01-30,0.0
1990-01-31,0.0
1990-02-01,0.0
1990-02-02,0.0
1990-02-03,0.0
1990-02-04,0.0
1990-02-05,0.0
1990-02-06,0.0
1990-02-07,0.0
1990-02-08,0.0
1990-02-09,0.0
1990-02-10,0.0
1990-02-11,0.0
1990-02-12,0.0
1990-02-13,0.0
1990-02-14,0.0
1990-02-15,0.0
1990-02-16,0.0
1990-02-17,0.0
1990-02-18,0.0
1990-02-19,0.0
1990-02-20,0.0
1990-02-21,0.0
1990-02-22,0.0
1990-02-23,0.0
1990-02-24,0.0
1990-02-25,0.0
1990-02-26,0.0
1990-02-27,0.0
1990-02-28,0.0
1990-03-01,0.0
1990-03-02,0.0
1990-03-03,0.0
1990-03-04,0.0
1990-03-05,0.0
1990-03-06,0.0
1990-03-07,0.0
1990-03-08,0.0
1990-03-09,0.0
1990-03-10,0.0
1990-03-11,0.0
1990-03-12,0.0
1990-03-13,0.0
1990-03-14,0.0
1990-03-15,0.0
1990-03-16,0.0
1990-03-17,0.0
1990-03-18,0.0
1990-03-19,0.0
1990-03-20,0.0
1990-03-21,0.0
1990-03-22,0.0
1990-03-23,0.0
1990-03-24,0.0
1990-03-25,0.0
1990-03-26,0.0
1990-03-27,0.0
1990-03-28,0.0
1990-03-29,0.0
1990-03-30,0.0
1990-03-31,0.0
1990-04-01,0.0
1990-04-02,0.0
1990-04-03,0.0
1990-04-04,0.0
1990-04-05,0.0
1990-04-06,0.0
1990-04-07,0.0
1990-04-08,0.0
1990-04-09,0.0
1990-04-10,0.0
1990-04-11,0.0
1990-04-12,0.0
1990-04-13,0.0
1990-04-14,0.0
1990-04-15,0.0
1990-04-16,0.0
1990-04-17,0.0
1990-04-18,0.0
1990-04-19,0.0
1990-04-20,0.0
1990-04-21,0.0
1990-04-22,0.0
1990-04-23,0.0
1990-04-24,0.0
1990-04-25,0.40625
1990-04-26,3.53125
1990-04-27,8.46875
1990-04-28,10.15625
1990-04-29,9.6875
1990-04-30,8.6875
1990-05-01,20.222271016311165
1990-05-02,21.425355719977226
1990-05-03,18.402043461186015
1990-05-04,15.490974276527337
1990-05-05,12.887673302427036
1990-05-06,10.059557341907821
1990-05-07,7.195857097571798
1990-05-08,6.834204043776665
1990-05-09,11.49837292464879
1990-05-10,9.020377694926244
1990-05-11,13.10470704263236
1990-05-12,14.701674777369483
1990-05-13,18.60278548437633
1990-05-14,35.229380854652234
1990-05-15,35.56492613996655
1990-05-16,45.13560068867838
1990-05-17,23.98265041577718
1990-05-18,116.30465406777613
1990-05-19,178.11654145095414
1990-05-20,71.79813350900304
1990-05-21,110.14742100374879
1990-05-22,150.29484347672764
1990-05-23,90.64737492516319
1990-05-24,110.91514798636587
1990-05-25,50.84327994637141
1990-05-26,70.10759886223717
1990-05-27,98.39851982025392
1990-05-28,145.98912676036332
1990-05-29,261.07538211577804
1990-05-30,348.7473310321448
1990-05-31,402.33525636704434
1990-06-01,467.32932524567195
1990-06-02,522.1264658782449
1990-06-03,662.6643737142291
1990-06-04,741.4236814314195
1990-06-05,1014.3009536988556
1990-06-06,1097.6926253884112
1990-06-07,1127.0395147691627
1990-06-08,1058.9464905188274
1990-06-09,868.0354903474087
1990-06-10,802.4922976325628
1990-06-11,636.4037277240698
1990-06-12,600.3112907002535
1990-06-13,511.56766262170805
1990-06-14,421.001770153048
1990-06-15,382.88626028112697
1990-06-16,307.3127524601996
1990-06-17,282.73187229224635
1990-06-18,239.15324434344
1990-06-19,226.77152386119192
1990-06-20,189.53251735459017
1990-06-21,174.87278857743027
1990-06-22,177.9661134378524
1990-06-23,172.08049846722722
1990-06-24,168.51596305607038
1990-06-25,178.73833547421862
1990-06-26,213.8039372692603
1990-06-27,224.1971453783329
1990-06-28,215.50178846614685
1990-06-29,209.3135748478834
1990-06-30,238.08230698544713
1990-07-01,245.34461018450833
1990-07-02,225.00065172660237
1990-07-03,208.29303599346264
1990-07-04,198.66581345890935
1990-07-05,193.60953180611935
1990-07-06,168.44395080585832
1990-07-07,140.41212210380104
1990-07-08,137.32754761629042
1990-07-09,136.88228820685242
1990-07-10,144.8796064584681
1990-07-11,160.13345170596045
1990-07-12,182.77384577408276
1990-07-13,182.6236274147378
1990-07-14,170.08611984602925
1990-07-15,163.5247125361507
1990-07-16,257.1080718261672
1990-07-17,380.2632552337095
1990-07-18,372.2885135997956
1990-07-19,346.92585478931665
1990-07-20,253.5755470647256
1990-07-21,241.42415439459424
1990-07-22,336.1442877371198
1990-07-23,544.1368409332033
1990-07-24,514.8031331395547
1990-07-25,514.6567967353158
1990-07-26,539.2899457194475
1990-07-27,541.1180365391448
1990-07-28,517.631200163069
1990-07-29,312.6539233133962
1990-07-30,283.7205187846555
1990-07-31,217.65457006551338
1990-08-01,176.14527327913143
1990-08-02,163.63917170606655
1990-08-03,158.13110076876876
1990-08-04,162.30270882739438
1990-08-05,164.3664259200507
1990-08-06,156.8087127879303
1990-08-07,129.62994821128916
1990-08-08,121.93754681617533
1990-08-09,118.3057814163462
1990-08-10,119.46567550141982
1990-08-11,126.92971046368388
1990-08-12,151.8033688555274
1990-08-13,189.75132046085537
1990-08-14,247.45135450103672
1990-08-15,271.3799944640626
1990-08-16,473.36566054160994
1990-08-17,490.06482835616026
1990-08-18,466.9732226617479
1990-08-19,471.38093797280277
1990-08-20,259.7348359110175
1990-08-21,250.3395990252608
1990-08-22,238.60412695424563
1990-08-23,229.93779707016736
1990-08-24,236.63666970456347
1990-08-25,252.57555315620726
1990-08-26,437.1607213519238
1990-08-27,436.84331719466496
1990-08-28,258.7704339642067
1990-08-29,250.25520003414437
1990-08-30,244.9945222887586
1990-08-31,228.61525337096882
1990-09-01,221.15614811190983
1990-09-02,243.14650420440816
1990-09-03,441.5197169114648
1990-09-04,557.0963454620352
1990-09-05,631.0974598623912
1990-09-06,662.0816662983126
1990-09-07,654.7760975131441
1990-09-08,618.4622225215124
1990-09-09,560.2389434646983
1990-09-10,517.1145408411363
1990-09-11,485.42931606046244
1990-09-12,470.5533771902182
1990-09-13,445.91234313149334
1990-09-14,426.7084327139115
1990-09-15,369.0549826994532
1990-09-16,278.8127905650066
1990-09-17,237.93497633943957
1990-09-18,208.77954199758963
1990-09-19,192.3890183682901
1990-09-20,193.67548936386572
1990-09-21,181.83073622131647
1990-09-22,171.24361726319808
1990-09-23,154.9329821705701
1990-09-24,142.71026502977745
1990-09-25,129.90108879041864
1990-09-26,113.3670059557556
1990-09-27,102.79804336564183
1990-09-28,92.13367407267273
1990-09-29,84.3907561039008
1990-09-30,75.71938206589873
1990-10-01,95.53125
1990-10-02,87.28125
1990-10-03,79.5234375
1990-10-04,72.1484375
1990-10-05,65.5546875
1990-10-06,59.609375
1990-10-07,54.0625
1990-10-08,48.8046875
1990-10-09,43.8515625
1990-10-10,39.46875
1990-10-11,35.4375
1990-10-12,31.609375
1990-10-13,28.125
1990-10-14,24.9375
1990-10-15,21.9765625
1990-10-16,19.21875
1990-10-17,16.609375
1990-10-18,14.171875
1990-10-19,12.0078125
1990-10-20,10.1328125
1990-10-21,8.5
1990-10-22,7.015625
1990-10-23,5.6484375
1990-10-24,4.40625
1990-10-25,3.359375
1990-10-26,2.4921875
1990-10-27,1.765625
1990-10-28,1.2265625
1990-10-29,0.875
1990-10-30,0.640625
1990-10-31,0.4921875
1990-11-01,0.3828125
1990-11-02,0.296875
1990-11-03,0.234375
1990-11-04,0.1875
1990-11-05,0.15625
1990-11-06,0.1328125
1990-11-07,0.109375
1990-11-08,0.09375
1990-11-09,0.0859375
1990-11-10,0.0703125
1990-11-11,0.05468749999999999
1990-11-12,0.046875
1990-11-13,0.0390625
1990-11-14,0.03125
1990-11-15,0.03125
1990-11-16,0.0234375
1990-11-17,0.015625
1990-11-18,0.007812500000000002
1990-11-19,0.007812500000000002
1990-11-20,0.0
1990-11-21,0.0
1990-11-22,0.0
1990-11-23,0.0
1990-11-24,0.0
1990-11-25,0.0
1990-11-26,0.0
1990-11-27,0.0
1990-11-28,0.0
1990-11-29,0.0
1990-11-30,0.0
1990-12-01,0.0
1990-12-02,0.0
1990-12-03,0.0
1990-12-04,0.0
1990-12-05,0.0
1990-12-06,0.0
1990-12-07,0.0
1990-12-08,0.0
1990-12-09,0.0
1990-12-10,0.0
1990-12-11,0.0
1990-12-12,0.0
1990-12-13,0.0
1990-12-14,0.0
1990-12-15,0.0
1990-12-16,0.0
1990-12-17,0.0
1990-12-18,0.0
1990-12-19,0.0
1990-12-20,0.0
1990-12-21,0.0
1990-12-22,0.0
1990-12-23,0.0
1990-12-24,0.0
1990-12-25,0.0
1990-12-26,0.0
1990-12-27,0.0
1990-12-28,0.0
1990-12-29,0.0
1990-12-30,0.0
1990-12-31,0.0
1991-01-01,0.0
1991-01-02,0.0
1991-01-03,0.0
1991-01-04,0.0
1991-01-05,0.0
1991-01-06,0.0
1991-01-07,0.0
1991-01-08,0.0
1991-01-09,0.0
1991-01-10,0.0
1991-01-11,0.0
1991-01-12,0.0
1991-01-13,0.0
1991-01-14,0.0
1991-01-15,0.0
1991-01-16,0.0
1991-01-17,0.0
1991-01-18,0.0
1991-01-19,0.0
1991-01-20,0.0
1991-01-21,0.0
1991-01-22,0.0
1991-01-23,0.0
1991-01-24,0.0
1991-01-25,0.0
1991-01-26,0.0
1991-01-27,0.0
1991-01-28,0.0
1991-01-29,0.0
1991-01-30,0.0
1991-01-31,0.0
1991-02-01,0.0
1991-02-02,0.0
1991-02-03,0.0
1991-02-04,0.0
1991-02-05,0.0
1991-02-06,0.0
1991-02-07,0.0
1991-02-08,0.0
1991-02-09,0.0
1991-02-10,0.0
1991-02-11,0.0
1991-02-12,0.0
1991-02-13,0.0
1991-02-14,0.0
1991-02-15,0.0
1991-02-16,0.0
1991-02-17,0.0
1991-02-18,0.0
1991-02-19,0.0
1991-02-20,0.0
1991-02-21,0.0
1991-02-22,0.0
1991-02-23,0.0
1991-02-24,0.0
1991-02-25,0.0
1991-02-26,0.0
1991-02-27,0.0
1991-02-28,0.0
1991-03-01,0.0
1991-03-02,0.0
1991-03-03,0.0
1991-03-04,0.0
1991-03-05,0.0
1991-03-06,0.0
1991-03-07,0.0
1991-03-08,0.0
1991-03-09,0.0
1991-03-10,0.0
1991-03-11,0.0
1991-03-12,0.0
1991-03-13,0.0
1991-03-14,0.0
1991-03-15,0.0
1991-03-16,0.0
1991-03-17,0.0
1991-03-18,0.0
1991-03-19,0.0
1991-03-20,0.0
1991-03-21,0.0
1991-03-22,0.0
1991-03-23,0.0
1991-03-24,0.0
1991-03-25,0.0
1991-03-26,0.0
1991-03-27,0.0
1991-03-28,0.0
1991-03-29,0.0
1991-03-30,0.0
1991-03-31,0.0
1991-04-01,0.0
1991-04-02,0.0
1991-04-03,0.0
1991-04-04,0.0
1991-04-05,0.0
1991-04-06,0.0
1991-04-07,0.0
1991-04-08,0.0
1991-04-09,0.0
1991-04-10,0.0
1991-04-11,0.0
1991-04-12,0.0
1991-04-13,0.0
1991-04-14,0.0
1991-04-15,0.0
1991-04-16,0.0
1991-04-17,0.0
1991-04-18,0.0
1991-04-19,0.0
1991-04-20,0.0
1991-04-21,0.0
1991-04-22,0.0
1991-04-23,0.0
1991-04-24,0.0
1991-04-25,0.0
1991-04-26,0.0
1991-04-27,0.0
1991-04-28,0.0
1991-04-29,0.0
1991-04-30,0.0
1991-05-01,1.17
1991-05-02,1.21
1991-05-03,1.2049999999999998
1991-05-04,1.1955
1991-05-05,1.1859999999999997
1991-05-06,1.1864999999999997
1991-05-07,14.411249999999999
1991-05-08,4.030689655172414
1991-05-09,3.060284482758618
1991-05-10,8.664625
1991-05-11,7.4789375
1991-05-12,4.925562499999999
1991-05-13,1.1864999999999999
1991-05-14,5.72375
1991-05-15,9.554133099824885
1991-05-16,3.2829259627682323
1991-05-17,6.693183231647314
1991-05-18,4.488060774762236
1991-05-19,6.8653761967276035
1991-05-20,9.316626459725452
1991-05-21,16.167985468873518
1991-05-22,42.46155119463684
1991-05-23,96.2860237544869
1991-05-24,268.3411390012606
1991-05-25,303.99749205138704
1991-05-26,388.39131980729553
1991-05-27,434.7273168807155
1991-05-28,402.82009439400383
1991-05-29,341.47708800018626
1991-05-30,334.18033064571574
1991-05-31,324.6072992194248
1991-06-01,284.72642537654286
1991-06-02,340.05897604387275
1991-06-03,448.1299065571873
1991-06-04,538.8280659725511
1991-06-05,781.1019579408304
1991-06-06,1279.3466567646728
1991-06-07,1527.0515172724472
1991-06-08,1713.5071963261685
1991-06-09,1782.1647525677536
1991-06-10,1728.1388517581252
1991-06-11,1603.027873433722
1991-06-12,1487.9435567547805
1991-06-13,1423.9254076672232
1991-06-14,1238.897891714333
1991-06-15,1151.8245588101886
1991-06-16,1067.731268065712
1991-06-17,884.0615832926727
1991-06-18,671.8571340106017
1991-06-19,627.1677593572645
1991-06-20,588.3437375892275
1991-06-21,469.66311259476714
1991-06-22,425.6728873218334
1991-06-23,306.53814007400575
1991-06-24,281.3298080254047
1991-06-25,244.68495063611945
1991-06-26,226.3498682172904
1991-06-27,203.00387999475825
1991-06-28,174.81462594093063
1991-06-29,161.08209942635517
1991-06-30,136.89771644728094
1991-07-01,136.71772770182616
1991-07-02,148.11495982274414
1991-07-03,132.07564647950934
1991-07-04,130.06717925289965
1991-07-05,125.76757518761778
1991-07-06,116.99581268514162
1991-07-07,108.17955181776644
1991-07-08,82.21306650424097
1991-07-09,74.5542925948816
1991-07-10,66.64543828482795
1991-07-11,63.17052002678397
1991-07-12,65.0166970229833
1991-07-13,69.55888416990415
1991-07-14,68.21970914080129
1991-07-15,67.99634829394854
1991-07-16,76.73353474951757
1991-07-17,77.86527600233299
1991-07-18,72.82973851004121
1991-07-19,69.03889072939099
1991-07-20,64.17267970352091
1991-07-21,61.12852138056299
1991-07-22,56.75742378919075
1991-07-23,52.32527562629504
1991-07-24,48.78475014984634
1991-07-25,46.489863578307386
1991-07-26,44.850336608348485
1991-07-27,42.29957586027052
1991-07-28,39.166295613428595
1991-07-29,36.399523340033504
1991-07-30,34.33921540329799
1991-07-31,31.282445674860025
1991-08-01,28.40537400710396
1991-08-02,25.91814111604553
1991-08-03,23.503018229049353
1991-08-04,21.68575236871084
1991-08-05,19.712559940363903
1991-08-06,17.588024899660635
1991-08-07,16.913421917435127
1991-08-08,17.920342107485236
1991-08-09,17.057586393166044
1991-08-10,15.203800003697864
1991-08-11,13.291566762018888
1991-08-12,11.085895403119777
1991-08-13,9.630431378195032
1991-08-14,8.946820965404962
1991-08-15,10.868105695808962
1991-08-16,16.069367812525698
1991-08-17,21.24806914620617
1991-08-18,23.832376633857017
1991-08-19,24.901615175756298
1991-08-20,23.05395776034345
1991-08-21,21.79132438912427
1991-08-22,20.90766508802911
1991-08-23,22.260346625599272
1991-08-24,24.775690489152105
1991-08-25,26.039066039270647
1991-08-26,25.52344885088364
1991-08-27,24.56264867014268
1991-08-28,23.467095699840364
1991-08-29,23.320235968505926
1991-08-30,35.40051771327242
1991-08-31,95.68625966710876
1991-09-01,203.5357522491918
1991-09-02,208.84516747440597
1991-09-03,204.0204678240493
1991-09-04,199.7015189408064
1991-09-05,183.92277835156227
1991-09-06,167.16798398867695
1991-09-07,126.66973218070174
1991-09-08,117.56596417334991
1991-09-09,106.67387094103272
1991-09-10,98.45994412080658
1991-09-11,91.92802280415988
1991-09-12,82.81074571034581
1991-09-13,77.71599754507035
1991-09-14,73.8406615939399
1991-09-15,70.90383275882262
1991-09-16,64.45393175446702
1991-09-17,55.29473962656839
1991-09-18,50.07831738670084
1991-09-19,43.75216191364095
1991-09-20,39.66830607927347
1991-09-21,33.10004234256425
1991-09-22,28.548549034545402
1991-09-23,26.079138924667024
1991-09-24,23.3008146856852
1991-09-25,21.916304502003573
1991-09-26,20.24527872842832
1991-09-27,20.510432832954947
1991-09-28,21.454885388892954
1991-09-29,25.06611156639151
1991-09-30,24.337313396724007
1991-10-01,50.25
1991-10-02,45.6328125
1991-10-03,41.078125
1991-10-04,36.78125
1991-10-05,32.8515625
1991-10-06,29.203125
1991-10-07,25.8203125
1991-10-08,22.6875
1991-10-09,21.0
1991-10-10,21.6328125
1991-10-11,21.0859375
1991-10-12,18.453125
1991-10-13,16.03125
1991-10-14,13.8125
1991-10-15,11.796875
1991-10-16,9.9765625
1991-10-17,8.390625
1991-10-18,6.9921875
1991-10-19,5.765625
1991-10-20,4.6640625
1991-10-21,3.734375
1991-10-22,2.9921875
1991-10-23,2.375
1991-10-24,1.8515625
1991-10-25,1.421875
1991-10-26,1.0546875
1991-10-27,0.75
1991-10-28,0.5234375
1991-10-29,0.359375
1991-10-30,0.25
1991-10-31,0.1796875
1991-11-01,1.359375
1991-11-02,9.8984375
1991-11-03,27.046875
1991-11-04,45.4609375
1991-11-05,51.4140625
1991-11-06,51.3203125
1991-11-07,47.84375
1991-11-08,43.5078125
1991-11-09,39.2421875
1991-11-10,35.28125
1991-11-11,31.6171875
1991-11-12,28.234375
1991-11-13,25.1015625
1991-11-14,22.25
1991-11-15,19.6484375
1991-11-16,17.2890625
1991-11-17,15.1796875
1991-11-18,13.265625
1991-11-19,11.5078125
1991-11-20,9.859375
1991-11-21,8.40625
1991-11-22,7.1484375
1991-11-23,6.0078125
1991-11-24,5.0
1991-11-25,4.125
1991-11-26,3.359375
1991-11-27,2.703125
1991-11-28,2.15625
1991-11-29,1.703125
1991-11-30,1.34375
1991-12-01,1.078125
1991-12-02,0.828125
1991-12-03,0.609375
1991-12-04,0.4375
1991-12-05,0.296875
1991-12-06,0.203125
1991-12-07,0.140625
1991-12-08,0.09375
1991-12-09,0.06249999999999999
1991-12-10,0.046875
1991-12-11,0.03125
1991-12-12,0.03125
1991-12-13,0.03125
1991-12-14,0.015625
1991-12-15,0.015625
1991-12-16,0.015625
1991-12-17,0.0
1991-12-18,0.0
1991-12-19,0.0
1991-12-20,0.0
1991-12-21,0.0
1991-12-22,0.0
1991-12-23,0.0
1991-12-24,0.0
1991-12-25,0.0
1991-12-26,0.0
1991-12-27,0.0
1991-12-28,0.0
1991-12-29,0.0
1991-12-30,0.0
1991-12-31,0.0
1992-01-01,0.0
1992-01-02,0.0
1992-01-03,0.0
1992-01-04,0.0
1992-01-05,0.0
1992-01-06,0.0
1992-01-07,0.0
1992-01-08,0.0
1992-01-09,0.0
1992-01-10,0.0
1992-01-11,0.0
1992-01-12,0.0
1992-01-13,0.0
1992-01-14,0.0
1992-01-15,0.0
1992-01-16,0.0
1992-01-17,0.0
1992-01-18,0.0
1992-01-19,0.0
1992-01-20,0.0
1992-01-21,0.0
1992-01-22,0.0
1992-01-23,0.0
1992-01-24,0.0
1992-01-25,0.0
1992-01-26,0.0
1992-01-27,0.0
1992-01-28,0.0
1992-01-29,0.0
1992-01-30,0.0
1992-01-31,0.0
1992-02-01,0.0
1992-02-02,0.0
1992-02-03,0.0
1992-02-04,0.0
1992-02-05,0.0
1992-02-06,0.0
1992-02-07,0.0
1992-02-08,0.0
1992-02-09,0.0
1992-02-10,0.0
1992-02-11,0.0
1992-02-12,0.0
1992-02-13,0.0
1992-02-14,0.0
1992-02-15,0.0
1992-02-16,0.0
1992-02-17,0.0
1992-02-18,0.0
1992-02-19,0.0
1992-02-20,0.0
1992-02-21,0.0
1992-02-22,0.0
1992-02-23,0.0
1992-02-24,0.0
1992-02-25,0.0
1992-02-26,0.0
1992-02-27,0.0
1992-02-28,0.0
1992-02-29,0.0
1992-03-01,0.0
1992-03-02,0.0
1992-03-03,0.0
1992-03-04,0.0
1992-03-05,0.0
1992-03-06,0.0
1992-03-07,0.0
1992-03-08,0.0
1992-03-09,0.0
1992-03-10,0.0
1992-03-11,0.0
1992-03-12,0.0
1992-03-13,0.0
1992-03-14,0.0
1992-03-15,0.0
1992-03-16,0.0
1992-03-17,0.0
1992-03-18,0.0
1992-03-19,0.0
1992-03-20,0.0
1992-03-21,0.0
1992-03-22,0.0
1992-03-23,0.0
1992-03-24,0.0
1992-03-25,0.0
1992-03-26,0.0
1992-03-27,0.0
1992-03-28,0.0
1992-03-29,0.0
1992-03-30,0.0
1992-03-31,0.0
1992-04-01,0.0
1992-04-02,0.0
1992-04-03,0.0
1992-04-04,0.0
1992-04-05,0.0
1992-04-06,0.0
1992-04-07,0.0
1992-04-08,0.0
1992-04-09,0.0
1992-04-10,0.0
1992-04-11,0.0
1992-04-12,0.0
1992-04-13,0.0
1992-04-14,0.0
1992-04-15,0.0
1992-04-16,0.0
1992-04-17,0.0
1992-04-18,0.0
1992-04-19,0.0
1992-04-20,0.0
1992-04-21,0.0
1992-04-22,0.0
1992-04-23,0.0
1992-04-24,0.0
1992-04-25,0.0
1992-04-26,0.1875
1992-04-27,1.3125
1992-04-28,2.3125
1992-04-29,2.65625
1992-04-30,2.46875
1992-05-01,19.775670979667265
1992-05-02,16.900943396226435
1992-05-03,14.252877800407333
1992-05-04,11.651530145530165
1992-05-05,7.901488372093023
1992-05-06,5.039951940850274
1992-05-07,13.384137931034484
1992-05-08,8.608991379310337
1992-05-09,4.851379310344828
1992-05-10,13.152375000000001
1992-05-11,4.925562499999999
1992-05-12,1.1864999999999999
1992-05-13,1.1865
1992-05-14,1.1864999999999999
1992-05-15,1.1864999999999997
1992-05-16,1.2065000000000001
1992-05-17,1.2159999999999997
1992-05-18,2.1272643515237433
1992-05-19,7.62447404559189
1992-05-20,7.336900461026707
1992-05-21,11.424288816995087
1992-05-22,85.5488265584184
1992-05-23,292.1582142231671
1992-05-24,323.29659541419704
1992-05-25,370.6140316295003
1992-05-26,393.0428881297998
1992-05-27,378.2354364960382
1992-05-28,321.24488868787176
1992-05-29,347.061535735199
1992-05-30,389.9571123354599
1992-05-31,443.53250144935225
1992-06-01,414.61234982897906
1992-06-02,441.89886121141444
1992-06-03,414.32940455672974
1992-06-04,485.1784524856716
1992-06-05,610.9494419934538
1992-06-06,839.2407621541562
1992-06-07,1076.2005391179293
1992-06-08,1064.6782313193494
1992-06-09,865.7895162240875
1992-06-10,663.1999987743642
1992-06-11,607.0162988178821
1992-06-12,515.9271956636198
1992-06-13,498.54762282652734
1992-06-14,409.8323108163695
1992-06-15,377.8255314137617
1992-06-16,301.2491164197019
1992-06-17,253.72657654787844
1992-06-18,235.02712039837343
1992-06-19,218.3707317996657
1992-06-20,226.59117573947674
1992-06-21,265.8000311267332
1992-06-22,261.71230786684333
1992-06-23,272.49503942709015
1992-06-24,246.8902708637794
1992-06-25,262.04810812410966
1992-06-26,254.2222333899959
1992-06-27,241.17201308718595
1992-06-28,205.57483498787292
1992-06-29,188.3995174584269
1992-06-30,164.43626893110394
1992-07-01,158.5306096478994
1992-07-02,171.54665160698315
1992-07-03,200.70376849280964
1992-07-04,235.76074102596652
1992-07-05,227.1546339391363
1992-07-06,189.91577829986718
1992-07-07,176.98471338578344
1992-07-08,154.27420357655544
1992-07-09,143.14455237702458
1992-07-10,125.04524631895305
1992-07-11,113.94748900367786
1992-07-12,110.87524722523045
1992-07-13,111.82681135558003
1992-07-14,107.49132521584778
1992-07-15,98.78707846335556
1992-07-16,90.534223215684
1992-07-17,109.05068765789484
1992-07-18,245.12443333532272
1992-07-19,504.01831470763824
1992-07-20,499.8365294998515
1992-07-21,343.2219779757308
1992-07-22,321.1497586539814
1992-07-23,230.5868593741311
1992-07-24,179.7152775309448
1992-07-25,169.92024507043214
1992-07-26,145.76942364951444
1992-07-27,135.12896041286254
1992-07-28,118.37725229080368
1992-07-29,94.66235539240746
1992-07-30,86.16949269182258
1992-07-31,77.3824575519304
1992-08-01,71.60841990856419
1992-08-02,69.24719844334368
1992-08-03,74.15339466315255
1992-08-04,82.20145649452171
1992-08-05,80.05276559925481
1992-08-06,70.92680032725883
1992-08-07,67.90532604023403
1992-08-08,62.810610061451854
1992-08-09,60.345360763798126
1992-08-10,56.316539993424364
1992-08-11,45.92010196736538
1992-08-12,41.92916883220555
1992-08-13,38.630974089907845
1992-08-14,36.0966115961219
1992-08-15,34.21159989263434
1992-08-16,33.446563161085734
1992-08-17,34.54943624620128
1992-08-18,33.98583351315436
1992-08-19,34.26630033275664
1992-08-20,55.73513442973453
1992-08-21,109.72355942723864
1992-08-22,176.5332508937499
1992-08-23,180.2245906652385
1992-08-24,170.7950963435523
1992-08-25,170.32579996454444
1992-08-26,161.11232071542884
1992-08-27,149.92260053168516
1992-08-28,111.87209757525937
1992-08-29,106.33937193940996
1992-08-30,107.73980197337792
1992-08-31,128.65838455276435
1992-09-01,132.68666422969815
1992-09-02,130.22168530922957
1992-09-03,123.08214361794688
1992-09-04,102.07493122832736
1992-09-05,95.4742011010296
1992-09-06,82.8048826202765
1992-09-07,74.7881004448512
1992-09-08,68.19994617897733
1992-09-09,65.01526164423314
1992-09-10,59.428896618670116
1992-09-11,56.29745299706688
1992-09-12,47.630024274955616
1992-09-13,43.487539517162794
1992-09-14,39.62947753818695
1992-09-15,36.04290334635164
1992-09-16,30.77633493510576
1992-09-17,27.81862382170249
1992-09-18,25.497024253205005
1992-09-19,23.772805989337165
1992-09-20,22.858746236919014
1992-09-21,20.41041538234925
1992-09-22,19.057140295081187
1992-09-23,17.625508357540838
1992-09-24,16.924098725149076
1992-09-25,16.07804882898983
1992-09-26,15.343365913037257
1992-09-27,14.102267589974064
1992-09-28,12.682493713882396
1992-09-29,10.771316589409524
1992-09-30,9.512772510579035
1992-10-01,10.40625
1992-10-02,8.703125
1992-10-03,7.15625
1992-10-04,5.703125
1992-10-05,5.046875
1992-10-06,4.765625
1992-10-07,3.890625
1992-10-08,3.046875
1992-10-09,2.46875
1992-10-10,2.015625
1992-10-11,1.65625
1992-10-12,1.359375
1992-10-13,1.109375
1992-10-14,0.890625
1992-10-15,0.734375
1992-10-16,1.390625
1992-10-17,4.640625
1992-10-18,7.921875
1992-10-19,8.625
1992-10-20,8.046875
1992-10-21,7.3125
1992-10-22,6.515625
1992-10-23,5.75
1992-10-24,5.0625
1992-10-25,4.46875
1992-10-26,3.953125
1992-10-27,3.46875
1992-10-28,3.03125
1992-10-29,2.625
1992-10-30,2.265625
1992-10-31,1.96875
1992-11-01,1.65625
1992-11-02,3.71875
1992-11-03,9.6875
1992-11-04,13.6640625
1992-11-05,13.515625
1992-11-06,12.3515625
1992-11-07,11.0625
1992-11-08,9.8984375
1992-11-09,8.8359375
1992-11-10,7.921875
1992-11-11,7.125
1992-11-12,6.359375
1992-11-13,5.5625
1992-11-14,4.875
1992-11-15,4.3125
1992-11-16,3.796875
1992-11-17,3.28125
1992-11-18,2.828125
1992-11-19,2.453125
1992-11-20,2.109375
1992-11-21,1.796875
1992-11-22,1.515625
1992-11-23,1.234375
1992-11-24,1.0
1992-11-25,0.796875
1992-11-26,0.625
1992-11-27,0.5
1992-11-28,0.375
1992-11-29,0.265625
1992-11-30,0.1875
1992-12-01,0.125
1992-12-02,0.078125
1992-12-03,0.046875
1992-12-04,0.03125
1992-12-05,0.015625
1992-12-06,0.015625
1992-12-07,0.0
1992-12-08,0.0
1992-12-09,0.0
1992-12-10,0.0
1992-12-11,0.0
1992-12-12,0.0
1992-12-13,0.0
1992-12-14,0.0
1992-12-15,0.0
1992-12-16,0.0
1992-12-17,0.0
1992-12-18,0.0
1992-12-19,0.0
1992-12-20,0.0
1992-12-21,0.0
1992-12-22,0.0
1992-12-23,0.0
1992-12-24,0.0
1992-12-25,0.0
1992-12-26,0.0
1992-12-27,0.0
1992-12-28,0.0
1992-12-29,0.0
1992-12-30,0.0
1992-12-31,0.0
1993-01-01,0.0
1993-01-02,0.0
1993-01-03,0.0
1993-01-04,0.0
1993-01-05,0.0
1993-01-06,0.0
1993-01-07,0.0
1993-01-08,0.0
1993-01-09,0.0
1993-01-10,0.0
1993-01-11,0.0
1993-01-12,0.0
1993-01-13,0.0
1993-01-14,0.0
1993-01-15,0.0
1993-01-16,0.0
1993-01-17,0.0
1993-01-18,0.0
1993-01-19,0.0
1993-01-20,0.0
1993-01-21,0.0
1993-01-22,0.0
1993-01-23,0.0
1993-01-24,0.0
1993-01-25,0.0
1993-01-26,0.0
1993-01-27,0.0
1993-01-28,0.0
1993-01-29,0.0
1993-01-30,0.0
1993-01-31,0.0
1993-02-01,0.0
1993-02-02,0.0
1993-02-03,0.0
1993-02-04,0.0
1993-02-05,0.0
1993-02-06,0.0
1993-02-07,0.0
1993-02-08,0.0
1993-02-09,0.0
1993-02-10,0.0
1993-02-11,0.0
1993-02-12,0.0
1993-02-13,0.0
1993-02-14,0.0
1993-02-15,0.0
1993-02-16,0.0
1993-02-17,0.0
1993-02-18,0.0
1993-02-19,0.0
1993-02-20,0.0
1993-02-21,0.0
1993-02-22,0.0
1993-02-23,0.0
1993-02-24,0.0
1993-02-25,0.0
1993-02-26,0.0
1993-02-27,0.0
1993-02-28,0.0
1993-03-01,0.0
1993-03-02,0.0
1993-03-03,0.0
1993-03-04,0.0
1993-03-05,0.0
1993-03-06,0.0
1993-03-07,0.0
1993-03-08,0.0
1993-03-09,0.0
1993-03-10,0.0
1993-03-11,0.0
1993-03-12,0.0
1993-03-13,0.0
1993-03-14,0.0
1993-03-15,0.0
1993-03-16,0.0
1993-03-17,0.0
1993-03-18,0.0
1993-03-19,0.0
1993-03-20,0.0
1993-03-21,0.0
1993-03-22,0.0
1993-03-23,0.0
1993-03-24,0.0
1993-03-25,0.0
1993-03-26,0.0
1993-03-27,0.0
1993-03-28,0.0
1993-03-29,0.0
1993-03-30,0.0
1993-03-31,0.0
1993-04-01,0.0
1993-04-02,0.0
1993-04-03,0.0
1993-04-04,0.0
1993-04-05,0.0
1993-04-06,0.0
1993-04-07,0.0
1993-04-08,0.0
1993-04-09,0.0
1993-04-10,0.0
1993-04-11,0.0
1993-04-12,0.0
1993-04-13,0.0
1993-04-14,0.0
1993-04-15,0.0
1993-04-16,0.0
1993-04-17,0.0
1993-04-18,0.0
1993-04-19,0.0
1993-04-20,0.0
1993-04-21,0.0
1993-04-22,0.0
1993-04-23,0.0
1993-04-24,0.0
1993-04-25,0.0
1993-04-26,0.0
1993-04-27,0.0
1993-04-28,0.0
1993-04-29,0.0
1993-04-30,0.0
1993-05-01,1.1700000000000002
1993-05-02,1.21
1993-05-03,1.2049999999999998
1993-05-04,1.1954999999999998
1993-05-05,1.186
1993-05-06,1.1864999999999999
1993-05-07,1.1865
1993-05-08,1.1864999999999999
1993-05-09,1.1864999999999999
1993-05-10,1.1864999999999999
1993-05-11,1.1865
1993-05-12,1.1864999999999997
1993-05-13,1.1864999999999999
1993-05-14,5.72375
1993-05-15,13.152374999999994
1993-05-16,10.067499999999999
1993-05-17,5.5096106194690435
1993-05-18,4.267557235565661
1993-05-19,5.499736287662894
1993-05-20,8.015223842360323
1993-05-21,11.218066406495083
1993-05-22,9.882185697156173
1993-05-23,12.81947371626353
1993-05-24,23.73047007561375
1993-05-25,12.89824974899223
1993-05-26,14.547266428458883
1993-05-27,21.955624757764458
1993-05-28,35.36029125590646
1993-05-29,65.61343469204125
1993-05-30,96.35980011722147
1993-05-31,141.42654975734226
1993-06-01,253.37959984127355
1993-06-02,367.20092503680166
1993-06-03,463.6000881053132
1993-06-04,482.23051413368887
1993-06-05,528.9407256309852
1993-06-06,612.7121718844367
1993-06-07,665.4248006984169
1993-06-08,822.3228361795942
1993-06-09,1073.6247023884396
1993-06-10,1240.9506106037802
1993-06-11,1434.4209888235875
1993-06-12,1520.087082972928
1993-06-13,1631.6216045129777
1993-06-14,1701.9976636450647
1993-06-15,1718.8108633594545
1993-06-16,1639.914187466735
1993-06-17,1517.3932768799782
1993-06-18,1275.9417973112072
1993-06-19,1158.437658042324
1993-06-20,1056.9873919130375
1993-06-21,870.5928262017262
1993-06-22,787.5624601929381
1993-06-23,586.4448067100099
1993-06-24,530.0013563660194
1993-06-25,488.34731923524527
1993-06-26,338.2258893002354
1993-06-27,299.71356848914957
1993-06-28,255.46855020405073
1993-06-29,237.87486895350622
1993-06-30,235.4403923050544
1993-07-01,233.02132798067413
1993-07-02,214.2248105918212
1993-07-03,181.12591463711613
1993-07-04,169.68564822993767
1993-07-05,137.0997154215448
1993-07-06,130.57887679886107
1993-07-07,123.13520589134356
1993-07-08,117.08941457438064
1993-07-09,112.23253877468186
1993-07-10,103.475131034594
1993-07-11,91.27720834643699
1993-07-12,84.13920966569893
1993-07-13,68.61211414540107
1993-07-14,65.00155073246715
1993-07-15,61.635476317033635
1993-07-16,59.568203951499044
1993-07-17,56.677081869181094
1993-07-18,53.720953736853815
1993-07-19,48.50331199178494
1993-07-20,44.971494656364776
1993-07-21,41.2868992354296
1993-07-22,37.50114762013804
1993-07-23,34.461922004813516
1993-07-24,32.93873266139832
1993-07-25,37.091114018970764
1993-07-26,45.86270722353159
1993-07-27,56.55194161844051
1993-07-28,61.408159879281285
1993-07-29,67.04211242550265
1993-07-30,65.67495498821991
1993-07-31,60.615792451249874
1993-08-01,55.91667325885122
1993-08-02,62.10984704134909
1993-08-03,61.26451336646796
1993-08-04,58.697698964820425
1993-08-05,54.74388664070266
1993-08-06,50.008100902196595
1993-08-07,45.86657674648057
1993-08-08,49.15107563878864
1993-08-09,53.38607515499614
1993-08-10,55.563156470362365
1993-08-11,54.43964149457069
1993-08-12,45.53853747619895
1993-08-13,41.636372058347675
1993-08-14,36.89491049201803
1993-08-15,32.85170803898789
1993-08-16,30.22688795441
1993-08-17,27.59969878843656
1993-08-18,26.170314666538662
1993-08-19,23.870824641121214
1993-08-20,21.5321577544153
1993-08-21,21.22925954360861
1993-08-22,20.666937911382238
1993-08-23,22.05552900441178
1993-08-24,29.778091693048125
1993-08-25,50.49612517902091
1993-08-26,70.83618786968282
1993-08-27,76.96679875090783
1993-08-28,74.2258073187204
1993-08-29,68.03554434985537
1993-08-30,66.2969760039826
1993-08-31,66.96015376874642
1993-09-01,65.42602490586111
1993-09-02,64.42270783470346
1993-09-03,62.28315175377205
1993-09-04,60.46626248145604
1993-09-05,56.757401327226695
1993-09-06,54.30374886082825
1993-09-07,45.9598434943767
1993-09-08,39.89624921820388
1993-09-09,35.78336294306909
1993-09-10,33.80596384787586
1993-09-11,30.857273757895797
1993-09-12,28.856002208627675
1993-09-13,25.99742440941109
1993-09-14,25.3153471876475
1993-09-15,24.32046670930101
1993-09-16,22.00864428616396
1993-09-17,21.188702935114485
1993-09-18,19.565797906291113
1993-09-19,18.82331940774455
1993-09-20,17.646287613375627
1993-09-21,16.520222846677164
1993-09-22,16.340168996150332
1993-09-23,17.52727784607446
1993-09-24,17.304363657380645
1993-09-25,16.8960779502676
1993-09-26,16.35647529299968
1993-09-27,15.439006952344839
1993-09-28,14.501449029955577
1993-09-29,13.648736610692737
1993-09-30,12.698533708995777
1993-10-01,3.625
1993-10-02,2.859375
1993-10-03,2.234375
1993-10-04,1.734375
1993-10-05,1.328125
1993-10-06,1.03125
1993-10-07,0.8125
1993-10-08,0.640625
1993-10-09,0.484375
1993-10-10,0.390625
1993-10-11,0.3125
1993-10-12,0.25
1993-10-13,0.171875
1993-10-14,0.11718750000000001
1993-10-15,0.078125
1993-10-16,0.05468749999999999
1993-10-17,0.03125
1993-10-18,0.015625
1993-10-19,0.015625
1993-10-20,0.015625
1993-10-21,0.0
1993-10-22,0.0
1993-10-23,0.0
1993-10-24,0.0
1993-10-25,0.0
1993-10-26,0.0
1993-10-27,0.0
1993-10-28,0.0
1993-10-29,0.0
1993-10-30,0.0
1993-10-31,0.0
1993-11-01,0.0
1993-11-02,0.0
1993-11-03,0.0
1993-11-04,0.0
1993-11-05,0.0
1993-11-06,0.0
1993-11-07,0.0
1993-11-08,0.0
1993-11-09,0.0
1993-11-10,0.0
1993-11-11,0.0
1993-11-12,0.0
1993-11-13,0.0
1993-11-14,0.0
1993-11-15,0.0
1993-11-16,0.0
1993-11-17,0.0
1993-11-18,0.0
1993-11-19,0.0
1993-11-20,0.0
1993-11-21,0.0
1993-11-22,0.0
1993-11-23,0.0
1993-11-24,0.0
1993-11-25,0.0
1993-11-26,0.0
1993-11-27,0.0
1993-11-28,0.0
1993-11-29,0.0
1993-11-30,0.0
1993-12-01,0.0
1993-12-02,0.0
1993-12-03,0.0
1993-12-04,0.0
1993-12-05,0.0
1993-12-06,0.0
1993-12-07,0.0
1993-12-08,0.0
1993-12-09,0.0
1993-12-10,0.0
1993-12-11,0.0
1993-12-12,0.0
1993-12-13,0.0
1993-12-14,0.0
1993-12-15,0.0
1993-12-16,0.0
1993-12-17,0.0
1993-12-18,0.0
1993-12-19,0.0
1993-12-20,0.0
1993-12-21,0.0
1993-12-22,0.0
1993-12-23,0.0
1993-12-24,0.0
1993-12-25,0.0
1993-12-26,0.0
1993-12-27,0.0
1993-12-28,0.0
1993-12-29,0.0
1993-12-30,0.0
1993-12-31,0.0
1994-01-01,0.0
1994-01-02,0.0
1994-01-03,0.0
1994-01-04,0.0
1994-01-05,0.0
1994-01-06,0.0
1994-01-07,0.0
1994-01-08,0.0
1994-01-09,0.0
1994-01-10,0.0
1994-01-11,0.0
1994-01-12,0.0
1994-01-13,0.0
1994-01-14,0.0
1994-01-15,0.0
1994-01-16,0.0
1994-01-17,0.0
1994-01-18,0.0
1994-01-19,0.0
1994-01-20,0.0
1994-01-21,0.0
1994-01-22,0.0
1994-01-23,0.0
1994-01-24,0.0
1994-01-25,0.0
1994-01-26,0.0
1994-01-27,0.0
1994-01-28,0.0
1994-01-29,0.0
1994-01-30,0.0
1994-01-31,0.0
1994-02-01,0.0
1994-02-02,0.0
1994-02-03,0.0
1994-02-04,0.0
1994-02-05,0.0
1994-02-06,0.0
1994-02-07,0.0
1994-02-08,0.0
1994-02-09,0.0
1994-02-10,0.0
1994-02-11,0.0
1994-02-12,0.0
1994-02-13,0.0
1994-02-14,0.0
1994-02-15,0.0
1994-02-16,0.0
1994-02-17,0.0
1994-02-18,0.0
1994-02-19,0.0
1994-02-20,0.0
1994-02-21,0.0
1994-02-22,0.0
1994-02-23,0.0
1994-02-24,0.0
1994-02-25,0.0
1994-02-26,0.0
1994-02-27,0.0
1994-02-28,0.0
1994-03-01,0.0
1994-03-02,0.0
1994-03-03,0.0
1994-03-04,0.0
1994-03-05,0.0
1994-03-06,0.0
1994-03-07,0.0
1994-03-08,0.0
1994-03-09,0.0
1994-03-10,0.0
1994-03-11,0.0
1994-03-12,0.0
1994-03-13,0.0
1994-03-14,0.0
1994-03-15,0.0
1994-03-16,0.0
1994-03-17,0.0
1994-03-18,0.0
1994-03-19,0.0
1994-03-20,0.0
1994-03-21,0.0
1994-03-22,0.0
1994-03-23,0.0
1994-03-24,0.0
1994-03-25,0.0
1994-03-26,0.0
1994-03-27,0.0
1994-03-28,0.0
1994-03-29,0.0
1994-03-30,0.0
1994-03-31,0.0
1994-04-01,0.0
1994-04-02,0.0
1994-04-03,0.0
1994-04-04,0.0
1994-04-05,0.0
1994-04-06,0.0
1994-04-07,0.0
1994-04-08,0.0
1994-04-09,0.0
1994-04-10,0.0
1994-04-11,0.0
1994-04-12,0.0
1994-04-13,0.0
1994-04-14,0.0
1994-04-15,0.0
1994-04-16,0.0
1994-04-17,0.0
1994-04-18,0.0
1994-04-19,0.0
1994-04-20,0.0
1994-04-21,0.0
1994-04-22,0.0
1994-04-23,0.0
1994-04-24,0.0
1994-04-25,0.0
1994-04-26,0.0
1994-04-27,0.0
1994-04-28,0.0
1994-04-29,0.0
1994-04-30,0.0
1994-05-01,1.17
1994-05-02,1.21
1994-05-03,1.2049999999999998
1994-05-04,1.1955000000000002
1994-05-05,1.186
1994-05-06,1.1864999999999999
1994-05-07,1.1864999999999999
1994-05-08,1.1864999999999994
1994-05-09,1.1864999999999999
1994-05-10,1.1865
1994-05-11,1.1865000000000003
1994-05-12,1.1865
1994-05-13,1.1864999999999999
1994-05-14,1.1865000000000003
1994-05-15,1.1864999999999997
1994-05-16,1.1864999999999999
1994-05-17,1.2065000000000003
1994-05-18,1.2159999999999997
1994-05-19,3.5333593196314705
1994-05-20,7.589181543532018
1994-05-21,4.244652323613514
1994-05-22,6.093500705761582
1994-05-23,3.683833275873957
1994-05-24,4.5673275961723725
1994-05-25,4.898585120360962
1994-05-26,5.1076990003831275
1994-05-27,5.603981137952084
1994-05-28,5.783730428559334
1994-05-29,7.593235813716873
1994-05-30,12.583553134224687
1994-05-31,31.00196922976649
1994-06-01,62.972783678032364
1994-06-02,95.37424236218135
1994-06-03,130.15697693311225
1994-06-04,193.02030568077726
1994-06-05,226.11179856217586
1994-06-06,271.65262884231
1994-06-07,340.5082437310056
1994-06-08,497.64603819987184
1994-06-09,1132.7683682737563
1994-06-10,1447.4331363679107
1994-06-11,1508.1049919874642
1994-06-12,1501.4605598320652
1994-06-13,1475.931745387713
1994-06-14,1293.78066267184
1994-06-15,1207.9324121832212
1994-06-16,1118.5268634615477
1994-06-17,927.3616769215868
1994-06-18,862.3223807286757
1994-06-19,682.3920353843533
1994-06-20,631.8825402914752
1994-06-21,503.02465278966395
1994-06-22,454.500429302101
1994-06-23,386.389433470672
1994-06-24,297.00052879707573
1994-06-25,271.10184105722914
1994-06-26,229.5499897344692
1994-06-27,204.6761060839938
1994-06-28,172.17754032771163
1994-06-29,143.5607129871885
1994-06-30,133.1660656377794
1994-07-01,126.9548363644446
1994-07-02,117.56991731184714
1994-07-03,95.83908204985232
1994-07-04,93.48700354313563
1994-07-05,113.70484733925568
1994-07-06,135.17071021016653
1994-07-07,136.97335422434045
1994-07-08,131.5360960314982
1994-07-09,117.4530770670276
1994-07-10,106.89031607441916
1994-07-11,93.1972678932168
1994-07-12,84.93441207581989
1994-07-13,68.65109879346883
1994-07-14,65.99697407142463
1994-07-15,69.52617826307997
1994-07-16,93.63622627567274
1994-07-17,117.88952926472115
1994-07-18,135.38280568873174
1994-07-19,131.00032528128528
1994-07-20,107.76551653501245
1994-07-21,104.11634649599932
1994-07-22,127.00817771453572
1994-07-23,168.76723566724579
1994-07-24,171.10360150350166
1994-07-25,144.50080935871233
1994-07-26,139.55289486834755
1994-07-27,122.49271339879421
1994-07-28,98.88993937121027
1994-07-29,93.79214737794804
1994-07-30,89.3953098386779
1994-07-31,77.08452145562558
1994-08-01,68.61630771068961
1994-08-02,59.26729908953773
1994-08-03,55.498892313753686
1994-08-04,59.64476487029248
1994-08-05,59.817654617740736
1994-08-06,61.37628401092922
1994-08-07,105.60642308650081
1994-08-08,128.86374367693446
1994-08-09,150.22708091479853
1994-08-10,146.45672962073326
1994-08-11,144.13366378118454
1994-08-12,175.26166074123879
1994-08-13,249.84218116062988
1994-08-14,260.60814598096493
1994-08-15,268.04639751467346
1994-08-16,248.81381117092343
1994-08-17,236.1482461457432
1994-08-18,235.4230473723955
1994-08-19,230.41319645036742
1994-08-20,178.73389579340102
1994-08-21,172.80250317545827
1994-08-22,163.70819131541245
1994-08-23,133.89769907886688
1994-08-24,107.10395612229865
1994-08-25,101.47250540014134
1994-08-26,98.21250846117026
1994-08-27,79.58818176017658
1994-08-28,77.4849858519535
1994-08-29,95.01447278544867
1994-08-30,128.28794539857287
1994-08-31,140.63872207145135
1994-09-01,143.201442163654
1994-09-02,202.2144760041575
1994-09-03,213.29232401147115
1994-09-04,200.3270465017914
1994-09-05,135.00203023838185
1994-09-06,118.91084376979629
1994-09-07,123.78541173650392
1994-09-08,167.3490717737821
1994-09-09,178.5721981723559
1994-09-10,192.0946839229707
1994-09-11,177.15666051620025
1994-09-12,166.76387359421534
1994-09-13,331.7853309056096
1994-09-14,351.4538350313627
1994-09-15,314.9089428785927
1994-09-16,149.73005216039186
1994-09-17,134.96342496214143
1994-09-18,118.92268497378251
1994-09-19,113.28643135171065
1994-09-20,108.18902608568044
1994-09-21,98.62055799960693
1994-09-22,90.22144588769903
1994-09-23,83.40623066167609
1994-09-24,81.1874050472099
1994-09-25,76.34869656046077
1994-09-26,70.83174256345033
1994-09-27,63.840738781475615
1994-09-28,61.50663048541716
1994-09-29,59.16654529380713
1994-09-30,57.25336071370082
1994-10-01,74.828125
1994-10-02,72.046875
1994-10-03,68.421875
1994-10-04,62.296875
1994-10-05,56.203125
1994-10-06,50.859375
1994-10-07,45.90625
1994-10-08,41.28125
1994-10-09,37.03125
1994-10-10,33.09375
1994-10-11,29.421875
1994-10-12,26.03125
1994-10-13,22.90625
1994-10-14,20.046875
1994-10-15,17.390625
1994-10-16,14.953125
1994-10-17,12.671875
1994-10-18,10.609375
1994-10-19,8.703125
1994-10-20,7.015625
1994-10-21,5.578125
1994-10-22,4.34375
1994-10-23,3.3125
1994-10-24,2.5
1994-10-25,1.875
1994-10-26,1.40625
1994-10-27,1.078125
1994-10-28,0.859375
1994-10-29,0.6875
1994-10-30,0.546875
1994-10-31,0.453125
1994-11-01,0.359375
1994-11-02,0.28125
1994-11-03,0.234375
1994-11-04,0.1875
1994-11-05,0.171875
1994-11-06,0.140625
1994-11-07,0.125
1994-11-08,0.09375
1994-11-09,0.078125
1994-11-10,0.06249999999999999
1994-11-11,0.06249999999999999
1994-11-12,0.046875
1994-11-13,0.046875
1994-11-14,0.046875
1994-11-15,0.03125
1994-11-16,0.03125
1994-11-17,0.03125
1994-11-18,0.03125
1994-11-19,0.03125
1994-11-20,0.03125
1994-11-21,0.015625
1994-11-22,0.015625
1994-11-23,0.015625
1994-11-24,0.015625
1994-11-25,0.015625
1994-11-26,0.0
1994-11-27,0.0
1994-11-28,0.0
1994-11-29,0.0
1994-11-30,0.0
1994-12-01,0.0
1994-12-02,0.0
1994-12-03,0.0
1994-12-04,0.0
1994-12-05,0.0
1994-12-06,0.0
1994-12-07,0.0
1994-12-08,0.0
1994-12-09,0.0
1994-12-10,0.0
1994-12-11,0.0
1994-12-12,0.0
1994-12-13,0.0
1994-12-14,0.0
1994-12-15,0.0
1994-12-16,0.0
1994-12-17,0.0
1994-12-18,0.0
1994-12-19,0.0
1994-12-20,0.0
1994-12-21,0.0
1994-12-22,0.0
1994-12-23,0.0
1994-12-24,0.0
1994-12-25,0.0
1994-12-26,0.0
1994-12-27,0.0
1994-12-28,0.0
1994-12-29,0.0
1994-12-30,0.0
1994-12-31,0.0
1995-01-01,0.0
1995-01-02,0.0
1995-01-03,0.0
1995-01-04,0.0
1995-01-05,0.0
1995-01-06,0.0
1995-01-07,0.0
1995-01-08,0.0
1995-01-09,0.0
1995-01-10,0.0
1995-01-11,0.0
1995-01-12,0.0
1995-01-13,0.0
1995-01-14,0.0
1995-01-15,0.0
1995-01-16,0.0
1995-01-17,0.0
1995-01-18,0.0
1995-01-19,0.0
1995-01-20,0.0
1995-01-21,0.0
1995-01-22,0.0
1995-01-23,0.0
1995-01-24,0.0
1995-01-25,0.0
1995-01-26,0.0
1995-01-27,0.0
1995-01-28,0.0
1995-01-29,0.0
1995-01-30,0.0
1995-01-31,0.0
1995-02-01,0.0
1995-02-02,0.0
1995-02-03,0.0
1995-02-04,0.0
1995-02-05,0.0
1995-02-06,0.0
1995-02-07,0.0
1995-02-08,0.0
1995-02-09,0.0
1995-02-10,0.0
1995-02-11,0.0
1995-02-12,0.0
1995-02-13,0.0
1995-02-14,0.0
1995-02-15,0.0
1995-02-16,0.0
1995-02-17,0.0
1995-02-18,0.0
1995-02-19,0.0
1995-02-20,0.0
1995-02-21,0.0
1995-02-22,0.0
1995-02-23,0.0
1995-02-24,0.0
1995-02-25,0.0
1995-02-26,0.0
1995-02-27,0.0
1995-02-28,0.0
1995-03-01,0.0
1995-03-02,0.0
1995-03-03,0.0
1995-03-04,0.0
1995-03-05,0.0
1995-03-06,0.0
1995-03-07,0.0
1995-03-08,0.0
1995-03-09,0.0
1995-03-10,0.0
1995-03-11,0.0
1995-03-12,0.0
1995-03-13,0.0
1995-03-14,0.0
1995-03-15,0.0
1995-03-16,0.0
1995-03-17,0.0
1995-03-18,0.0
1995-03-19,0.0
1995-03-20,0.0
1995-03-21,0.0
1995-03-22,0.0
1995-03-23,0.0
1995-03-24,0.0
1995-03-25,0.0
1995-03-26,0.0
1995-03-27,0.0
1995-03-28,0.0
1995-03-29,0.0
1995-03-30,0.0
1995-03-31,0.0
1995-04-01,0.0
1995-04-02,0.0
1995-04-03,0.0
1995-04-04,0.0
1995-04-05,0.0
1995-04-06,0.0
1995-04-07,0.0
1995-04-08,0.0
1995-04-09,0.0
1995-04-10,0.0
1995-04-11,0.0
1995-04-12,0.0
1995-04-13,0.0
1995-04-14,0.0
1995-04-15,0.0
1995-04-16,0.0
1995-04-17,0.0
1995-04-18,0.0
1995-04-19,0.0
1995-04-20,0.0
1995-04-21,0.0
1995-04-22,0.0
1995-04-23,0.0
1995-04-24,0.0
1995-04-25,0.0
1995-04-26,0.0
1995-04-27,0.0
1995-04-28,0.0
1995-04-29,0.0
1995-04-30,0.0
1995-05-01,1.17
1995-05-02,1.21
1995-05-03,1.2049999999999998
1995-05-04,1.1955
1995-05-05,1.1860000000000002
1995-05-06,1.1865
1995-05-07,1.1864999999999999
1995-05-08,1.1864999999999997
1995-05-09,4.9255625
1995-05-10,4.9255625
1995-05-11,4.933751594494799
1995-05-12,8.571854426508525
1995-05-13,9.484475745577805
1995-05-14,12.551406735429353
1995-05-15,18.058241433233608
1995-05-16,18.17561038271798
1995-05-17,19.092392086746766
1995-05-18,25.74287003610108
1995-05-19,36.42596244395973
1995-05-20,16.972750368267114
1995-05-21,17.994741313322706
1995-05-22,13.354816406868622
1995-05-23,15.005119416165076
1995-05-24,26.149805341574773
1995-05-25,42.284166266566366
1995-05-26,75.68136731986218
1995-05-27,120.41114543936088
1995-05-28,170.91637809609705
1995-05-29,273.9688478097981
1995-05-30,338.58933373003555
1995-05-31,388.43318897888497
1995-06-01,365.36071244525476
1995-06-02,385.7632919256144
1995-06-03,375.15440369885664
1995-06-04,381.7292694893596
1995-06-05,406.5942409735764
1995-06-06,519.830229867325
1995-06-07,795.3309144179075
1995-06-08,1071.5714041279264
1995-06-09,1091.4295019545111
1995-06-10,921.9393348641914
1995-06-11,877.9256839359775
1995-06-12,835.3037893802907
1995-06-13,665.908262263336
1995-06-14,624.9969271985891
1995-06-15,528.047140833567
1995-06-16,413.1834258868873
1995-06-17,378.1860854033165
1995-06-18,300.4110814382942
1995-06-19,296.61857609459383
1995-06-20,333.30566641727194
1995-06-21,345.1730955605955
1995-06-22,436.15799509985493
1995-06-23,321.8064986247433
1995-06-24,300.8782326614944
1995-06-25,285.92359477917614
1995-06-26,268.65561170079224
1995-06-27,227.0927368696934
1995-06-28,212.72647321717494
1995-06-29,205.08717326700202
1995-06-30,195.4400068862079
1995-07-01,180.82511736166026
1995-07-02,176.99271289368957
1995-07-03,170.31009963159298
1995-07-04,146.07934682026269
1995-07-05,135.79341096821452
1995-07-06,133.88843535739946
1995-07-07,131.725837335517
1995-07-08,136.65847308537656
1995-07-09,150.4734645979336
1995-07-10,151.42060680090108
1995-07-11,159.83927525096817
1995-07-12,138.82711051287754
1995-07-13,129.97536669752938
1995-07-14,143.6712340494742
1995-07-15,159.96625243077878
1995-07-16,161.88805792460744
1995-07-17,154.67843287485206
1995-07-18,144.6523653340304
1995-07-19,128.3704660344239
1995-07-20,125.96130738108732
1995-07-21,146.91889252891906
1995-07-22,222.102429419796
1995-07-23,176.34185218105665
1995-07-24,143.48413355057284
1995-07-25,134.01824788189097
1995-07-26,121.56108333040312
1995-07-27,115.69869084507306
1995-07-28,95.36668851456693
1995-07-29,93.92397212477239
1995-07-30,117.83646973744483
1995-07-31,121.39949387605014
1995-08-01,115.95590873642662
1995-08-02,92.84809462327581
1995-08-03,84.89061655349987
1995-08-04,86.1327189151972
1995-08-05,107.17775490823682
1995-08-06,109.88876633808768
1995-08-07,110.81473779174499
1995-08-08,105.64475026517171
1995-08-09,81.03657468339868
1995-08-10,76.82066963850765
1995-08-11,66.54879297683551
1995-08-12,60.54509400450137
1995-08-13,54.65144132701056
1995-08-14,42.45158120497192
1995-08-15,38.66652567285971
1995-08-16,36.93014168226402
1995-08-17,34.16765640334463
1995-08-18,34.50714796137242
1995-08-19,34.90209176616333
1995-08-20,34.45288117639533
1995-08-21,47.14830940900748
1995-08-22,58.85402423179595
1995-08-23,65.00081648122023
1995-08-24,65.01209285792287
1995-08-25,71.57300168657653
1995-08-26,83.83064270563649
1995-08-27,78.45501907605463
1995-08-28,73.34515168733871
1995-08-29,67.57392752245161
1995-08-30,63.48888191442652
1995-08-31,55.26461398601682
1995-09-01,53.0821654759082
1995-09-02,60.04054326194717
1995-09-03,60.39737522663262
1995-09-04,57.9914750554841
1995-09-05,55.38271339729947
1995-09-06,56.677328236006076
1995-09-07,55.43691283403086
1995-09-08,55.46537952688576
1995-09-09,51.92615060082494
1995-09-10,49.09770808874809
1995-09-11,45.984009848841055
1995-09-12,37.722029742727294
1995-09-13,33.96086509385621
1995-09-14,31.08070067697235
1995-09-15,30.410038165719925
1995-09-16,27.957969723367036
1995-09-17,28.776098923482113
1995-09-18,28.82541104056145
1995-09-19,49.06590680146535
1995-09-20,82.93649312904138
1995-09-21,91.82916912331625
1995-09-22,88.11329206035707
1995-09-23,87.48337556025959
1995-09-24,99.94175024453783
1995-09-25,106.59699162970337
1995-09-26,118.49758912583428
1995-09-27,128.25225587130754
1995-09-28,127.1695697579741
1995-09-29,121.78416551393792
1995-09-30,112.874197155463
1995-10-01,132.0625
1995-10-02,120.90625
1995-10-03,110.375
1995-10-04,100.703125
1995-10-05,91.765625
1995-10-06,83.5
1995-10-07,75.96875
1995-10-08,68.9765625
1995-10-09,62.546875
1995-10-10,56.7265625
1995-10-11,51.4375
1995-10-12,46.546875
1995-10-13,41.9765625
1995-10-14,37.7734375
1995-10-15,33.9140625
1995-10-16,30.359375
1995-10-17,27.1640625
1995-10-18,24.265625
1995-10-19,21.6015625
1995-10-20,19.1328125
1995-10-21,16.875
1995-10-22,14.921875
1995-10-23,13.1484375
1995-10-24,11.515625
1995-10-25,9.984375
1995-10-26,8.625
1995-10-27,7.4140625
1995-10-28,6.2890625
1995-10-29,5.2265625
1995-10-30,4.2421875
1995-10-31,3.3671875
1995-11-01,2.6796875
1995-11-02,2.109375
1995-11-03,1.578125
1995-11-04,1.1171875
1995-11-05,1.6640625
1995-11-06,4.8125
1995-11-07,7.546875
1995-11-08,7.5859375
1995-11-09,6.84375
1995-11-10,6.0703125
1995-11-11,5.3515625
1995-11-12,4.703125
1995-11-13,4.109375
1995-11-14,3.5703125
1995-11-15,3.0546875
1995-11-16,2.625
1995-11-17,2.2421875
1995-11-18,1.8984375
1995-11-19,1.59375
1995-11-20,1.34375
1995-11-21,1.125
1995-11-22,0.9296875
1995-11-23,0.7421875
1995-11-24,0.5859375
1995-11-25,0.4453125
1995-11-26,0.328125
1995-11-27,0.234375
1995-11-28,0.15625
1995-11-29,0.109375
1995-11-30,0.06249999999999999
1995-12-01,0.046875
1995-12-02,0.03125
1995-12-03,0.03125
1995-12-04,0.015625
1995-12-05,0.015625
1995-12-06,0.015625
1995-12-07,0.0
1995-12-08,0.0
1995-12-09,0.0
1995-12-10,0.0
1995-12-11,0.0
1995-12-12,0.0
1995-12-13,0.0
1995-12-14,0.0
1995-12-15,0.0
1995-12-16,0.0
1995-12-17,0.0
1995-12-18,0.0
1995-12-19,0.0
1995-12-20,0.0
1995-12-21,0.0
1995-12-22,0.0
1995-12-23,0.0
1995-12-24,0.0
1995-12-25,0.0
1995-12-26,0.0
1995-12-27,0.0
1995-12-28,0.0
1995-12-29,0.0
1995-12-30,0.0
1995-12-31,0.0
1996-01-01,0.0
1996-01-02,0.0
1996-01-03,0.0
1996-01-04,0.0
1996-01-05,0.0
1996-01-06,0.0
1996-01-07,0.0
1996-01-08,0.0
1996-01-09,0.0
1996-01-10,0.0
1996-01-11,0.0
1996-01-12,0.0
1996-01-13,0.0
1996-01-14,0.0
1996-01-15,0.0
1996-01-16,0.0
1996-01-17,0.0
1996-01-18,0.0
1996-01-19,0.0
1996-01-20,0.0
1996-01-21,0.0
1996-01-22,0.0
1996-01-23,0.0
1996-01-24,0.0
1996-01-25,0.0
1996-01-26,0.0
1996-01-27,0.0
1996-01-28,0.0
1996-01-29,0.0
1996-01-30,0.0
1996-01-31,0.0
1996-02-01,0.0
1996-02-02,0.0
1996-02-03,0.0
1996-02-04,0.0
1996-02-05,0.0
1996-02-06,0.0
1996-02-07,0.0
1996-02-08,0.0
1996-02-09,0.0
1996-02-10,0.0
1996-02-11,0.0
1996-02-12,0.0
1996-02-13,0.0
1996-02-14,0.0
1996-02-15,0.0
1996-02-16,0.0
1996-02-17,0.0
1996-02-18,0.0
1996-02-19,0.0
1996-02-20,0.0
1996-02-21,0.0
1996-02-22,0.0
1996-02-23,0.0
1996-02-24,0.0
1996-02-25,0.0
1996-02-26,0.0
1996-02-27,0.0
1996-02-28,0.0
1996-02-29,0.0
1996-03-01,0.0
1996-03-02,0.0
1996-03-03,0.0
1996-03-04,0.0
1996-03-05,0.0
1996-03-06,0.0
1996-03-07,0.0
1996-03-08,0.0
1996-03-09,0.0
1996-03-10,0.0
1996-03-11,0.0
1996-03-12,0.0
1996-03-13,0.0
1996-03-14,0.0
1996-03-15,0.0
1996-03-16,0.0
1996-03-17,0.0
1996-03-18,0.0
1996-03-19,0.0
1996-03-20,0.0
1996-03-21,0.0
1996-03-22,0.0
1996-03-23,0.0
1996-03-24,0.0
1996-03-25,0.0
1996-03-26,0.0
1996-03-27,0.0
1996-03-28,0.0
1996-03-29,0.0
1996-03-30,0.0
1996-03-31,0.0
1996-04-01,0.0
1996-04-02,0.0
1996-04-03,0.0
1996-04-04,0.0
1996-04-05,0.0
1996-04-06,0.0
1996-04-07,0.0
1996-04-08,0.0
1996-04-09,0.0
1996-04-10,0.0
1996-04-11,0.0
1996-04-12,0.0
1996-04-13,0.0
1996-04-14,0.0
1996-04-15,0.0
1996-04-16,0.0
1996-04-17,0.0
1996-04-18,0.0
1996-04-19,0.0
1996-04-20,0.0
1996-04-21,0.0
1996-04-22,0.0
1996-04-23,0.0
1996-04-24,0.0
1996-04-25,0.0
1996-04-26,0.0
1996-04-27,0.0
1996-04-28,0.0
1996-04-29,0.0
1996-04-30,0.0
1996-05-01,1.2099999999999997
1996-05-02,1.2049999999999998
1996-05-03,1.1955
1996-05-04,1.186
1996-05-05,1.1864999999999999
1996-05-06,1.1864999999999997
1996-05-07,1.1864999999999997
1996-05-08,1.1864999999999999
1996-05-09,1.1865
1996-05-10,4.0987067395264365
1996-05-11,4.7211191128367425
1996-05-12,6.411691115731905
1996-05-13,9.248975187440458
1996-05-14,9.655684151482184
1996-05-15,7.726432388097505
1996-05-16,12.721506456241034
1996-05-17,11.635648341452098
1996-05-18,10.66079100893342
1996-05-19,7.973689716274201
1996-05-20,10.947451553290406
1996-05-21,9.37781362412615
1996-05-22,15.018446524091308
1996-05-23,29.057252108563034
1996-05-24,42.99260641911781
1996-05-25,15.568983913350648
1996-05-26,22.233826329861785
1996-05-27,39.71945951519984
1996-05-28,196.28922473998568
1996-05-29,282.82909929055313
1996-05-30,321.6218217395351
1996-05-31,305.545449128269
1996-06-01,329.5149101869445
1996-06-02,345.97201577852843
1996-06-03,386.7806947641975
1996-06-04,449.1527467009646
1996-06-05,618.6678029724173
1996-06-06,1065.1590509275177
1996-06-07,1275.120449860592
1996-06-08,1445.4101043392477
1996-06-09,1470.6658846252358
1996-06-10,1402.6092478874766
1996-06-11,1226.2016378069397
1996-06-12,1188.5106985187567
1996-06-13,1198.3210563144698
1996-06-14,1156.7613630472956
1996-06-15,1115.4238689310907
1996-06-16,1146.8825052516725
1996-06-17,1248.4618678947193
1996-06-18,1439.4116034854637
1996-06-19,1475.5181883127684
1996-06-20,1572.911541657653
1996-06-21,1792.8784320376974
1996-06-22,1749.6674382406359
1996-06-23,1584.946000959158
1996-06-24,1466.843430576996
1996-06-25,1332.1818805252024
1996-06-26,1011.9231054468559
1996-06-27,912.56884205151
1996-06-28,805.2993724020065
1996-06-29,694.5812603505859
1996-06-30,536.662832816055
1996-07-01,472.3605089528646
1996-07-02,423.1276773487045
1996-07-03,402.1130479742498
1996-07-04,390.1033231489331
1996-07-05,373.1629481097011
1996-07-06,348.6341916985265
1996-07-07,275.77364543271335
1996-07-08,251.38543304624324
1996-07-09,239.23892442672783
1996-07-10,198.03131889083966
1996-07-11,184.1719857081018
1996-07-12,157.67886345525312
1996-07-13,167.62287736568652
1996-07-14,253.55403608842008
1996-07-15,358.28550181597797
1996-07-16,360.5412614969742
1996-07-17,346.049086883248
1996-07-18,251.94471467606363
1996-07-19,240.24761997699875
1996-07-20,318.64795785856813
1996-07-21,347.55401251832893
1996-07-22,507.91148836164666
1996-07-23,522.6351992061401
1996-07-24,583.2364526441048
1996-07-25,610.2531478541189
1996-07-26,601.9181208041701
1996-07-27,572.4839942695511
1996-07-28,539.8826208436744
1996-07-29,523.3919044022746
1996-07-30,518.8609558325077
1996-07-31,546.4411255918093
1996-08-01,562.6404565317412
1996-08-02,588.6395628343179
1996-08-03,588.4290636309032
1996-08-04,613.3438827703185
1996-08-05,630.3382805133756
1996-08-06,611.0055074486966
1996-08-07,603.2420588519749
1996-08-08,602.284000393805
1996-08-09,587.225194035352
1996-08-10,545.529707478844
1996-08-11,509.0114966193684
1996-08-12,493.0301780424105
1996-08-13,493.22288598083594
1996-08-14,508.1236524898765
1996-08-15,496.38790227987425
1996-08-16,471.7326586654217
1996-08-17,258.0967551083386
1996-08-18,240.10185493473483
1996-08-19,176.84719881738033
1996-08-20,164.52658674067013
1996-08-21,134.8395908497512
1996-08-22,109.85550502464595
1996-08-23,103.46027952334492
1996-08-24,101.82641457158877
1996-08-25,114.58293014807792
1996-08-26,111.72268397826161
1996-08-27,141.30805123194983
1996-08-28,217.8768462589517
1996-08-29,433.8053059751868
1996-08-30,458.07226855966667
1996-08-31,426.5555943906977
1996-09-01,391.3399995525329
1996-09-02,388.06959515891316
1996-09-03,234.71775325892025
1996-09-04,207.04991169569752
1996-09-05,186.94299983782255
1996-09-06,183.6536021556208
1996-09-07,175.77041349109416
1996-09-08,161.56165048402175
1996-09-09,114.36731847857075
1996-09-10,107.09078513667338
1996-09-11,99.30315738542541
1996-09-12,87.76359279354202
1996-09-13,81.37001958291837
1996-09-14,75.66140695428201
1996-09-15,74.62318248875722
1996-09-16,69.76680404093216
1996-09-17,64.03545796770007
1996-09-18,58.37744627173751
1996-09-19,55.230286550467795
1996-09-20,41.17857201201774
1996-09-21,38.921375444173535
1996-09-22,33.93523858088938
1996-09-23,29.168915752380922
1996-09-24,27.52080346379394
1996-09-25,25.56007264241554
1996-09-26,23.76062202794439
1996-09-27,22.465460032962934
1996-09-28,21.143072030334306
1996-09-29,20.842955990974282
1996-09-30,41.70075669485811
1996-10-01,71.890625
1996-10-02,69.1875
1996-10-03,63.484375
1996-10-04,58.453125
1996-10-05,53.28125
1996-10-06,48.015625
1996-10-07,43.3125
1996-10-08,39.046875
1996-10-09,35.03125
1996-10-10,31.328125
1996-10-11,27.859375
1996-10-12,24.640625
1996-10-13,21.671875
1996-10-14,18.9375
1996-10-15,16.4375
1996-10-16,14.171875
1996-10-17,12.109375
1996-10-18,10.203125
1996-10-19,8.46875
1996-10-20,6.96875
1996-10-21,5.640625
1996-10-22,4.46875
1996-10-23,3.453125
1996-10-24,2.65625
1996-10-25,1.9999999999999998
1996-10-26,1.5
1996-10-27,1.109375
1996-10-28,0.796875
1996-10-29,0.578125
1996-10-30,0.4375
1996-10-31,0.34375
1996-11-01,0.25
1996-11-02,0.203125
1996-11-03,0.15625
1996-11-04,0.109375
1996-11-05,0.078125
1996-11-06,0.06249999999999999
1996-11-07,0.046875
1996-11-08,0.046875
1996-11-09,0.03125
1996-11-10,0.015625
1996-11-11,0.015625
1996-11-12,0.015625
1996-11-13,0.0
1996-11-14,0.0
1996-11-15,0.0
1996-11-16,0.0
1996-11-17,0.0
1996-11-18,0.0
1996-11-19,0.0
1996-11-20,0.0
1996-11-21,0.0
1996-11-22,0.0
1996-11-23,0.0
1996-11-24,0.0
1996-11-25,0.0
1996-11-26,0.0
1996-11-27,0.0
1996-11-28,0.0
1996-11-29,0.0
1996-11-30,0.0
1996-12-01,0.0
1996-12-02,0.0
1996-12-03,0.0
1996-12-04,0.0
1996-12-05,0.0
1996-12-06,0.0
1996-12-07,0.0
1996-12-08,0.0
1996-12-09,0.0
1996-12-10,0.0
1996-12-11,0.0
1996-12-12,0.0
1996-12-13,0.0
1996-12-14,0.0
1996-12-15,0.0
1996-12-16,0.0
1996-12-17,0.0
1996-12-18,0.0
1996-12-19,0.0
1996-12-20,0.0
1996-12-21,0.0
1996-12-22,0.0
1996-12-23,0.0
1996-12-24,0.0
1996-12-25,0.0
1996-12-26,0.0
1996-12-27,0.0
1996-12-28,0.0
1996-12-29,0.0
1996-12-30,0.0
1996-12-31,0.0
1997-01-01,0.0
1997-01-02,0.0
1997-01-03,0.0
1997-01-04,0.0
1997-01-05,0.0
1997-01-06,0.0
1997-01-07,0.0
1997-01-08,0.0
1997-01-09,0.0
1997-01-10,0.0
1997-01-11,0.0
1997-01-12,0.0
1997-01-13,0.0
1997-01-14,0.0
1997-01-15,0.0
1997-01-16,0.0
1997-01-17,0.0
1997-01-18,0.0
1997-01-19,0.0
1997-01-20,0.0
1997-01-21,0.0
1997-01-22,0.0
1997-01-23,0.0
1997-01-24,0.0
1997-01-25,0.0
1997-01-26,0.0
1997-01-27,0.0
1997-01-28,0.0
1997-01-29,0.0
1997-01-30,0.0
1997-01-31,0.0
1997-02-01,0.0
1997-02-02,0.0
1997-02-03,0.0
1997-02-04,0.0
1997-02-05,0.0
1997-02-06,0.0
1997-02-07,0.0
1997-02-08,0.0
1997-02-09,0.0
1997-02-10,0.0
1997-02-11,0.0
1997-02-12,0.0
1997-02-13,0.0
1997-02-14,0.0
1997-02-15,0.0
1997-02-16,0.0
1997-02-17,0.0
1997-02-18,0.0
1997-02-19,0.0
1997-02-20,0.0
1997-02-21,0.0
1997-02-22,0.0
1997-02-23,0.0
1997-02-24,0.0
1997-02-25,0.0
1997-02-26,0.0
1997-02-27,0.0
1997-02-28,0.0
1997-03-01,0.0
1997-03-02,0.0
1997-03-03,0.0
1997-03-04,0.0
1997-03-05,0.0
1997-03-06,0.0
1997-03-07,0.0
1997-03-08,0.0
1997-03-09,0.0
1997-03-10,0.0
1997-03-11,0.0
1997-03-12,0.0
1997-03-13,0.0
1997-03-14,0.0
1997-03-15,0.0
1997-03-16,0.0
1997-03-17,0.0
1997-03-18,0.0
1997-03-19,0.0
1997-03-20,0.0
1997-03-21,0.0
1997-03-22,0.0
1997-03-23,0.0
1997-03-24,0.0
1997-03-25,0.0
1997-03-26,0.0
1997-03-27,0.0
1997-03-28,0.0
1997-03-29,0.0
1997-03-30,0.0
1997-03-31,0.0
1997-04-01,0.0
1997-04-02,0.0
1997-04-03,0.0
1997-04-04,0.0
1997-04-05,0.0
1997-04-06,0.0
1997-04-07,0.0
1997-04-08,0.0
1997-04-09,0.0
1997-04-10,0.0
1997-04-11,0.0
1997-04-12,0.0
1997-04-13,0.0
1997-04-14,0.0
1997-04-15,0.0
1997-04-16,0.0
1997-04-17,0.0
1997-04-18,0.0
1997-04-19,0.0
1997-04-20,0.0
1997-04-21,0.0
1997-04-22,0.0
1997-04-23,0.0
1997-04-24,0.0
1997-04-25,0.0
1997-04-26,0.0
1997-04-27,0.0
1997-04-28,0.0
1997-04-29,0.0
1997-04-30,0.0
1997-05-01,1.1700000000000002
1997-05-02,1.2100000000000002
1997-05-03,5.001875
1997-05-04,10.187125
1997-05-05,9.793999999999999
1997-05-06,15.444220930232554
1997-05-07,11.244091422050333
1997-05-08,18.784120571322575
1997-05-09,9.316001894195642
1997-05-10,8.726164694439943
1997-05-11,7.152001613843189
1997-05-12,12.12057128420605
1997-05-13,9.28892001447702
1997-05-14,6.061121294248707
1997-05-15,3.9043239560643266
1997-05-16,6.921124058547692
1997-05-17,4.470431804762843
1997-05-18,3.0175405098012953
1997-05-19,11.17900070871723
1997-05-20,3.989346333424893
1997-05-21,14.066752362948971
1997-05-22,5.5545098039215715
1997-05-23,19.09999999999999
1997-05-24,7.510967644390684
1997-05-25,3.4945271990195157
1997-05-26,3.7666074868537516
1997-05-27,3.989467078625088
1997-05-28,6.761372082464387
1997-05-29,12.574043287240436
1997-05-30,248.08650933145827
1997-05-31,381.01472978643176
1997-06-01,454.6536301581851
1997-06-02,478.8293280544703
1997-06-03,469.69153037403015
1997-06-04,436.9864715716996
1997-06-05,400.80656144876053
1997-06-06,385.0998513864249
1997-06-07,387.4840094592187
1997-06-08,478.97411439401327
1997-06-09,536.1421678906149
1997-06-10,827.1974409429095
1997-06-11,1240.1437482688043
1997-06-12,1730.0883575859984
1997-06-13,2015.2741447132287
1997-06-14,1939.8452191559434
1997-06-15,1786.5201413823186
1997-06-16,1647.655260418437
1997-06-17,1533.520512196024
1997-06-18,1451.4559233449472
1997-06-19,1272.836015491649
1997-06-20,1214.4017939432588
1997-06-21,1125.5495709213806
1997-06-22,1033.0521937185326
1997-06-23,987.839035361652
1997-06-24,824.009973146653
1997-06-25,711.7143222575132
1997-06-26,625.7058380181203
1997-06-27,501.3400124155056
1997-06-28,440.0865604966847
1997-06-29,405.06836613764983
1997-06-30,375.8448464708113
1997-07-01,345.2353962951926
1997-07-02,344.21771828381264
1997-07-03,339.32955433831563
1997-07-04,326.16207174549146
1997-07-05,366.32161834285995
1997-07-06,350.9864564581754
1997-07-07,280.94531023934525
1997-07-08,260.87775763063655
1997-07-09,219.14867692172572
1997-07-10,209.54103725912262
1997-07-11,195.40361530434524
1997-07-12,181.32294584255342
1997-07-13,154.096420363334
1997-07-14,152.7285019835682
1997-07-15,163.97898403896411
1997-07-16,163.31087489901554
1997-07-17,159.14126856686107
1997-07-18,184.18430982235273
1997-07-19,153.33872172675015
1997-07-20,144.53850488370233
1997-07-21,129.1130003873892
1997-07-22,121.24531108313967
1997-07-23,115.75820576042243
1997-07-24,116.3122543391639
1997-07-25,116.36760207386625
1997-07-26,97.25907475595136
1997-07-27,95.04818407793174
1997-07-28,112.12482897800027
1997-07-29,113.72585384501271
1997-07-30,95.13484036119792
1997-07-31,91.68189207224908
1997-08-01,112.14349508528989
1997-08-02,118.1035039243766
1997-08-03,118.62718516889844
1997-08-04,125.52496257034083
1997-08-05,134.75082362255904
1997-08-06,151.76928505307666
1997-08-07,147.65571860226657
1997-08-08,127.95992571108307
1997-08-09,120.08065976000846
1997-08-10,108.31763531949582
1997-08-11,98.48607997632524
1997-08-12,83.97646795485447
1997-08-13,79.76012715737855
1997-08-14,67.5103264948035
1997-08-15,61.20652334176376
1997-08-16,56.27262794760735
1997-08-17,55.580872282675216
1997-08-18,54.58865267531874
1997-08-19,50.20134189284492
1997-08-20,37.00087582233634
1997-08-21,33.93426698911884
1997-08-22,31.393975758548716
1997-08-23,29.850302473604412
1997-08-24,31.549056716956144
1997-08-25,37.386519954447046
1997-08-26,42.96094052682774
1997-08-27,61.82037840914298
1997-08-28,96.29104890546247
1997-08-29,145.45774612079404
1997-08-30,209.50254748779372
1997-08-31,138.49890068478723
1997-09-01,110.47546357739526
1997-09-02,104.06835512739364
1997-09-03,105.80155076478863
1997-09-04,122.52167920757778
1997-09-05,123.8183014891538
1997-09-06,118.377021584289
1997-09-07,116.03557369053632
1997-09-08,107.60240682729152
1997-09-09,100.84049031471255
1997-09-10,98.04913879566426
1997-09-11,94.72353715073298
1997-09-12,102.56655861241012
1997-09-13,136.48082257795335
1997-09-14,143.60952358609936
1997-09-15,149.30569497101362
1997-09-16,140.34788108158705
1997-09-17,129.1743105673987
1997-09-18,117.81271741181163
1997-09-19,108.44639507526611
1997-09-20,99.76506966049955
1997-09-21,92.20787110526555
1997-09-22,85.77944779894442
1997-09-23,76.59489063784481
1997-09-24,68.54309001495638
1997-09-25,61.853948239911695
1997-09-26,53.58716441193006
1997-09-27,49.80999737241506
1997-09-28,46.32937060573284
1997-09-29,41.233995699198985
1997-09-30,36.17850833448362
1997-10-01,56.5390625
1997-10-02,55.2109375
1997-10-03,72.3671875
1997-10-04,86.765625
1997-10-05,81.9765625
1997-10-06,74.5078125
1997-10-07,67.5703125
1997-10-08,61.2109375
1997-10-09,55.3515625
1997-10-10,50.0234375
1997-10-11,45.0625
1997-10-12,40.4765625
1997-10-13,36.3203125
1997-10-14,32.4609375
1997-10-15,28.921875
1997-10-16,25.6796875
1997-10-17,22.75
1997-10-18,20.078125
1997-10-19,17.640625
1997-10-20,15.4609375
1997-10-21,13.515625
1997-10-22,11.7265625
1997-10-23,10.0703125
1997-10-24,8.6015625
1997-10-25,7.3046875
1997-10-26,6.1015625
1997-10-27,5.03125
1997-10-28,4.0703125
1997-10-29,3.234375
1997-10-30,2.5234375
1997-10-31,1.9140625
1997-11-01,1.3984375
1997-11-02,0.9765625
1997-11-03,0.671875
1997-11-04,0.4609375
1997-11-05,0.3125
1997-11-06,0.2109375
1997-11-07,0.1328125
1997-11-08,0.0859375
1997-11-09,0.06249999999999999
1997-11-10,0.046875
1997-11-11,0.0390625
1997-11-12,0.0234375
1997-11-13,0.015625
1997-11-14,0.015625
1997-11-15,0.007812500000000002
1997-11-16,0.0
1997-11-17,0.0
1997-11-18,0.0
1997-11-19,0.0
1997-11-20,0.0
1997-11-21,0.0
1997-11-22,0.0
1997-11-23,0.0
1997-11-24,0.0
1997-11-25,0.0
1997-11-26,0.0
1997-11-27,0.0
1997-11-28,0.0
1997-11-29,0.0
1997-11-30,0.0
1997-12-01,0.0
1997-12-02,0.0
1997-12-03,0.0
1997-12-04,0.0
1997-12-05,0.0
1997-12-06,0.0
1997-12-07,0.0
1997-12-08,0.0
1997-12-09,0.0
1997-12-10,0.0
1997-12-11,0.0
1997-12-12,0.0
1997-12-13,0.0
1997-12-14,0.0
1997-12-15,0.0
1997-12-16,0.0
1997-12-17,0.0
1997-12-18,0.0
1997-12-19,0.0
1997-12-20,0.0
1997-12-21,0.0
1997-12-22,0.0
1997-12-23,0.0
1997-12-24,0.0
1997-12-25,0.0
1997-12-26,0.0
1997-12-27,0.0
1997-12-28,0.0
1997-12-29,0.0
1997-12-30,0.0
1997-12-31,0.0
1998-01-01,0.0
1998-01-02,0.0
1998-01-03,0.0
1998-01-04,0.0
1998-01-05,0.0
1998-01-06,0.0
1998-01-07,0.0
1998-01-08,0.0
1998-01-09,0.0
1998-01-10,0.0
1998-01-11,0.0
1998-01-12,0.0
1998-01-13,0.0
1998-01-14,0.0
1998-01-15,0.0
1998-01-16,0.0
1998-01-17,0.0
1998-01-18,0.0
1998-01-19,0.0
1998-01-20,0.0
1998-01-21,0.0
1998-01-22,0.0
1998-01-23,0.0
1998-01-24,0.0
1998-01-25,0.0
1998-01-26,0.0
1998-01-27,0.0
1998-01-28,0.0
1998-01-29,0.0
1998-01-30,0.0
1998-01-31,0.0
1998-02-01,0.0
1998-02-02,0.0
1998-02-03,0.0
1998-02-04,0.0
1998-02-05,0.0
1998-02-06,0.0
1998-02-07,0.0
1998-02-08,0.0
1998-02-09,0.0
1998-02-10,0.0
1998-02-11,0.0
1998-02-12,0.0
1998-02-13,0.0
1998-02-14,0.0
1998-02-15,0.0
1998-02-16,0.0
1998-02-17,0.0
1998-02-18,0.0
1998-02-19,0.0
1998-02-20,0.0
1998-02-21,0.0
1998-02-22,0.0
1998-02-23,0.0
1998-02-24,0.0
1998-02-25,0.0
1998-02-26,0.0
1998-02-27,0.0
1998-02-28,0.0
1998-03-01,0.0
1998-03-02,0.0
1998-03-03,0.0
1998-03-04,0.0
1998-03-05,0.0
1998-03-06,0.0
1998-03-07,0.0
1998-03-08,0.0
1998-03-09,0.0
1998-03-10,0.0
1998-03-11,0.0
1998-03-12,0.0
1998-03-13,0.0
1998-03-14,0.0
1998-03-15,0.0
1998-03-16,0.0
1998-03-17,0.0
1998-03-18,0.0
1998-03-19,0.0
1998-03-20,0.0
1998-03-21,0.0
1998-03-22,0.0
1998-03-23,0.0
1998-03-24,0.0
1998-03-25,0.0
1998-03-26,0.0
1998-03-27,0.0
1998-03-28,0.0
1998-03-29,0.0
1998-03-30,0.0
1998-03-31,0.0
1998-04-01,0.0
1998-04-02,0.0
1998-04-03,0.0
1998-04-04,0.0
1998-04-05,0.0
1998-04-06,0.0
1998-04-07,0.0
1998-04-08,0.0
1998-04-09,0.0
1998-04-10,0.0
1998-04-11,0.0
1998-04-12,0.0
1998-04-13,0.0
1998-04-14,0.0
1998-04-15,0.0
1998-04-16,0.0
1998-04-17,0.0
1998-04-18,0.0
1998-04-19,0.0
1998-04-20,0.0
1998-04-21,0.0
1998-04-22,0.0
1998-04-23,0.0
1998-04-24,0.0
1998-04-25,0.0
1998-04-26,0.0
1998-04-27,0.0
1998-04-28,0.0
1998-04-29,0.0
1998-04-30,0.0
1998-05-01,1.17
1998-05-02,1.21
1998-05-03,1.2049999999999998
1998-05-04,1.1955
1998-05-05,1.186
1998-05-06,1.1865
1998-05-07,1.1864999999999999
1998-05-08,1.1864999999999997
1998-05-09,1.1864999999999999
1998-05-10,1.1865
1998-05-11,1.1865
1998-05-12,1.1864999999999999
1998-05-13,1.1864999999999999
1998-05-14,1.1865
1998-05-15,1.1864999999999999
1998-05-16,1.1864999999999999
1998-05-17,1.2065000000000001
1998-05-18,1.2160000000000002
1998-05-19,2.9379310344827587
1998-05-20,2.1541362263114583
1998-05-21,4.073375052440217
1998-05-22,3.080578852816631
1998-05-23,3.438551323838015
1998-05-24,2.5436168518399596
1998-05-25,2.9534838485757504
1998-05-26,4.392826651805927
1998-05-27,7.671274047865246
1998-05-28,9.463396754061268
1998-05-29,9.979596016587276
1998-05-30,12.717018145511371
1998-05-31,30.1686837453774
1998-06-01,71.54181665735041
1998-06-02,223.53224673364863
1998-06-03,283.9659586643997
1998-06-04,292.257812727459
1998-06-05,308.3013708417454
1998-06-06,332.66662905458895
1998-06-07,397.6691075421286
1998-06-08,614.0952905430312
1998-06-09,688.1536399464916
1998-06-10,860.2347434357548
1998-06-11,1195.7115722828216
1998-06-12,1513.8627585318418
1998-06-13,1508.4474619643124
1998-06-14,1284.1133183404625
1998-06-15,1199.132022021422
1998-06-16,1140.8854267905936
1998-06-17,1117.0309497161143
1998-06-18,1122.8393334193456
1998-06-19,1121.3321114506425
1998-06-20,1084.4364380419809
1998-06-21,915.8015868486617
1998-06-22,834.2170692224821
1998-06-23,750.5309549643296
1998-06-24,560.9854905811604
1998-06-25,525.2497812698616
1998-06-26,493.1685191074241
1998-06-27,464.82953458663087
1998-06-28,427.7483079196486
1998-06-29,395.47195644498663
1998-06-30,311.6987720002677
1998-07-01,296.8102969645428
1998-07-02,279.4557416637871
1998-07-03,264.79776225074954
1998-07-04,253.20111363294103
1998-07-05,298.95703428522967
1998-07-06,393.9102351435131
1998-07-07,472.81151397152524
1998-07-08,431.00257724866213
1998-07-09,411.95873718365186
1998-07-10,395.8949346212189
1998-07-11,296.21928242687085
1998-07-12,280.9959957722799
1998-07-13,264.1589022844523
1998-07-14,215.96118673516273
1998-07-15,203.54689894276603
1998-07-16,196.36805145542667
1998-07-17,191.65336954938792
1998-07-18,155.30057244269443
1998-07-19,146.23925988261314
1998-07-20,142.4001669113453
1998-07-21,184.78204320794254
1998-07-22,344.076181970046
1998-07-23,528.026849074869
1998-07-24,479.1778164096549
1998-07-25,311.18742868572383
1998-07-26,227.7231351329233
1998-07-27,174.67329239034598
1998-07-28,158.24713239978294
1998-07-29,138.7298821772577
1998-07-30,119.21228491427453
1998-07-31,113.60414972089185
1998-08-01,131.412392240288
1998-08-02,196.71044440205634
1998-08-03,279.3791532105536
1998-08-04,282.2773179566594
1998-08-05,261.7474335071415
1998-08-06,190.63890429470757
1998-08-07,179.17477517093974
1998-08-08,156.6788241319303
1998-08-09,146.6013158122487
1998-08-10,126.3938797826169
1998-08-11,141.74698587702173
1998-08-12,153.0756630026301
1998-08-13,187.47627765470676
1998-08-14,454.1150156089458
1998-08-15,515.9540376445165
1998-08-16,502.009612471776
1998-08-17,473.1252643330867
1998-08-18,427.08660012978686
1998-08-19,450.27734896328576
1998-08-20,477.3316573824287
1998-08-21,451.48667653839027
1998-08-22,246.06231576348733
1998-08-23,235.4822568453071
1998-08-24,224.50503261333637
1998-08-25,165.49528683701507
1998-08-26,151.8412916602034
1998-08-27,140.71180226196117
1998-08-28,140.02941372582558
1998-08-29,108.4559543639926
1998-08-30,100.98417511708475
1998-08-31,94.28856710724345
1998-09-01,90.75623911948067
1998-09-02,100.29569822474046
1998-09-03,128.23403417982723
1998-09-04,132.4035517061908
1998-09-05,126.34972019808608
1998-09-06,104.5967475070236
1998-09-07,96.83357082860108
1998-09-08,92.97974769709542
1998-09-09,87.69568709180292
1998-09-10,76.69719864852155
1998-09-11,73.40108936420587
1998-09-12,69.32875288101229
1998-09-13,70.88344260866003
1998-09-14,77.37731371346602
1998-09-15,107.06702759100155
1998-09-16,128.3932601025006
1998-09-17,124.81142794826411
1998-09-18,113.04324980928186
1998-09-19,104.00316339233574
1998-09-20,96.03753498873532
1998-09-21,89.27924244485766
1998-09-22,94.67370263254779
1998-09-23,156.15216359399253
1998-09-24,214.5181297056735
1998-09-25,233.2227247734294
1998-09-26,221.89513332695142
1998-09-27,204.55916731082942
1998-09-28,189.75663798870613
1998-09-29,173.34856199555784
1998-09-30,158.9073347972619
1998-10-01,188.078125
1998-10-02,187.8671875
1998-10-03,187.1484375
1998-10-04,174.4140625
1998-10-05,161.015625
1998-10-06,150.515625
1998-10-07,144.2421875
1998-10-08,139.9921875
1998-10-09,130.8515625
1998-10-10,119.5390625
1998-10-11,108.8828125
1998-10-12,99.171875
1998-10-13,90.46875
1998-10-14,82.5
1998-10-15,75.09375
1998-10-16,68.3125
1998-10-17,62.0234375
1998-10-18,56.1015625
1998-10-19,50.703125
1998-10-20,45.8203125
1998-10-21,41.328125
1998-10-22,37.2109375
1998-10-23,33.40625
1998-10-24,29.8515625
1998-10-25,26.53125
1998-10-26,23.5078125
1998-10-27,20.7578125
1998-10-28,18.234375
1998-10-29,15.953125
1998-10-30,13.8671875
1998-10-31,11.90625
1998-11-01,10.140625
1998-11-02,8.609375
1998-11-03,7.25
1998-11-04,6.0234375
1998-11-05,4.9140625
1998-11-06,3.890625
1998-11-07,2.984375
1998-11-08,2.2265625
1998-11-09,1.6328125
1998-11-10,1.1796875
1998-11-11,0.8203125
1998-11-12,0.5703125
1998-11-13,0.40625
1998-11-14,0.296875
1998-11-15,0.234375
1998-11-16,0.15625
1998-11-17,0.109375
1998-11-18,0.078125
1998-11-19,0.06249999999999999
1998-11-20,0.046875
1998-11-21,0.03125
1998-11-22,0.015625
1998-11-23,0.015625
1998-11-24,0.015625
1998-11-25,0.0
1998-11-26,0.0
1998-11-27,0.0
1998-11-28,0.0
1998-11-29,0.0
1998-11-30,0.0
1998-12-01,0.0
1998-12-02,0.0
1998-12-03,0.0
1998-12-04,0.0
1998-12-05,0.0
1998-12-06,0.0
1998-12-07,0.0
1998-12-08,0.0
1998-12-09,0.0
1998-12-10,0.0
1998-12-11,0.0
1998-12-12,0.0
1998-12-13,0.0
1998-12-14,0.0
1998-12-15,0.0
1998-12-16,0.0
1998-12-17,0.0
1998-12-18,0.0
1998-12-19,0.0
1998-12-20,0.0
1998-12-21,0.0
1998-12-22,0.0
1998-12-23,0.0
1998-12-24,0.0
1998-12-25,0.0
1998-12-26,0.0
1998-12-27,0.0
1998-12-28,0.0
1998-12-29,0.0
1998-12-30,0.0
1998-12-31,0.0
1999-01-01,0.0
1999-01-02,0.0
1999-01-03,0.0
1999-01-04,0.0
1999-01-05,0.0
1999-01-06,0.0
1999-01-07,0.0
1999-01-08,0.0
1999-01-09,0.0
1999-01-10,0.0
1999-01-11,0.0
1999-01-12,0.0
1999-01-13,0.0
1999-01-14,0.0
1999-01-15,0.0
1999-01-16,0.0
1999-01-17,0.0
1999-01-18,0.0
1999-01-19,0.0
1999-01-20,0.0
1999-01-21,0.0
1999-01-22,0.0
1999-01-23,0.0
1999-01-24,0.0
1999-01-25,0.0
1999-01-26,0.0
1999-01-27,0.0
1999-01-28,0.0
1999-01-29,0.0
1999-01-30,0.0
1999-01-31,0.0
1999-02-01,0.0
1999-02-02,0.0
1999-02-03,0.0
1999-02-04,0.0
1999-02-05,0.0
1999-02-06,0.0
1999-02-07,0.0
1999-02-08,0.0
1999-02-09,0.0
1999-02-10,0.0
1999-02-11,0.0
1999-02-12,0.0
1999-02-13,0.0
1999-02-14,0.0
1999-02-15,0.0
1999-02-16,0.0
1999-02-17,0.0
1999-02-18,0.0
1999-02-19,0.0
1999-02-20,0.0
1999-02-21,0.0
1999-02-22,0.0
1999-02-23,0.0
1999-02-24,0.0
1999-02-25,0.0
1999-02-26,0.0
1999-02-27,0.0
1999-02-28,0.0
1999-03-01,0.0
1999-03-02,0.0
1999-03-03,0.0
1999-03-04,0.0
1999-03-05,0.0
1999-03-06,0.0
1999-03-07,0.0
1999-03-08,0.0
1999-03-09,0.0
1999-03-10,0.0
1999-03-11,0.0
1999-03-12,0.0
1999-03-13,0.0
1999-03-14,0.0
1999-03-15,0.0
1999-03-16,0.0
1999-03-17,0.0
1999-03-18,0.0
1999-03-19,0.0
1999-03-20,0.0
1999-03-21,0.0
1999-03-22,0.0
1999-03-23,0.0
1999-03-24,0.0
1999-03-25,0.0
1999-03-26,0.0
1999-03-27,0.0
1999-03-28,0.0
1999-03-29,0.0
1999-03-30,0.0
1999-03-31,0.0
1999-04-01,0.0
1999-04-02,0.0
1999-04-03,0.0
1999-04-04,0.0
1999-04-05,0.0
1999-04-06,0.0
1999-04-07,0.0
1999-04-08,0.0
1999-04-09,0.0
1999-04-10,0.0
1999-04-11,0.0
1999-04-12,0.0
1999-04-13,0.0
1999-04-14,0.0
1999-04-15,0.0
1999-04-16,0.0
1999-04-17,0.0
1999-04-18,0.0
1999-04-19,0.0
1999-04-20,0.0
1999-04-21,0.0
1999-04-22,0.0
1999-04-23,0.0
1999-04-24,0.0
1999-04-25,0.0
1999-04-26,0.0
1999-04-27,0.0
1999-04-28,0.0
1999-04-29,0.0
1999-04-30,0.0
1999-05-01,1.1700000000000002
1999-05-02,1.21
1999-05-03,1.2049999999999998
1999-05-04,1.1955
1999-05-05,1.1860000000000002
1999-05-06,1.1864999999999999
1999-05-07,1.1864999999999999
1999-05-08,1.1864999999999997
1999-05-09,1.1864999999999999
1999-05-10,1.1865
1999-05-11,1.1865
1999-05-12,1.1864999999999999
1999-05-13,1.1864999999999999
1999-05-14,1.1865000000000003
1999-05-15,1.1864999999999999
1999-05-16,1.1864999999999997
1999-05-17,4.2016460176991295
1999-05-18,11.879172413793114
1999-05-19,3.520639479632793
1999-05-20,9.31851414446583
1999-05-21,6.591868969374911
1999-05-22,5.849496471192098
1999-05-23,7.77492994552851
1999-05-24,10.096554337801097
1999-05-25,9.825243949588652
1999-05-26,10.10613263734644
1999-05-27,11.162437290542812
1999-05-28,9.586216057315673
1999-05-29,9.027708366091659
1999-05-30,10.11958369508595
1999-05-31,10.029839083568366
1999-06-01,9.858447826058239
1999-06-02,10.787427289756483
1999-06-03,19.975318957027252
1999-06-04,10.606369441701908
1999-06-05,8.940475691883021
1999-06-06,8.178032937150538
1999-06-07,9.05988613074689
1999-06-08,41.039791688894766
1999-06-09,75.24553972614406
1999-06-10,94.75458802509254
1999-06-11,127.05497048616667
1999-06-12,164.2310459588625
1999-06-13,208.05867989832888
1999-06-14,246.31708690669095
1999-06-15,328.55836208377644
1999-06-16,422.92272616092185
1999-06-17,637.9131737983952
1999-06-18,1141.0326507442398
1999-06-19,1502.0922750287552
1999-06-20,1691.9328742079347
1999-06-21,1837.7081519291326
1999-06-22,2019.9946960012298
1999-06-23,2047.3781457644034
1999-06-24,1897.2262208435238
1999-06-25,1729.5595837619405
1999-06-26,1547.2916656562609
1999-06-27,1403.837552271578
1999-06-28,1189.4090455290363
1999-06-29,931.9528641834717
1999-06-30,800.5437786464571
1999-07-01,666.8482686708854
1999-07-02,606.8332929104348
1999-07-03,532.2685695917646
1999-07-04,448.290120716762
1999-07-05,416.32631462763766
1999-07-06,384.35838428179255
1999-07-07,354.48774345530353
1999-07-08,317.93304419551487
1999-07-09,255.15034068970735
1999-07-10,239.70603976796409
1999-07-11,201.56421802719674
1999-07-12,190.74939873103455
1999-07-13,172.9853280907967
1999-07-14,148.59992402067732
1999-07-15,136.7412488791757
1999-07-16,132.01564345113454
1999-07-17,149.36266140386826
1999-07-18,154.6965412452824
1999-07-19,152.32698355894988
1999-07-20,178.42893987183206
1999-07-21,183.48565163069358
1999-07-22,172.51010157714285
1999-07-23,144.2422730828598
1999-07-24,140.2574575424654
1999-07-25,165.77309601370234
1999-07-26,214.11068536945078
1999-07-27,228.38155172360072
1999-07-28,219.0736884712212
1999-07-29,169.96211231420435
1999-07-30,160.91370320814775
1999-07-31,142.9447067710772
1999-08-01,132.05367474691994
1999-08-02,132.49875278321466
1999-08-03,149.7547323087694
1999-08-04,148.8368229162961
1999-08-05,134.24537421248309
1999-08-06,155.090961239705
1999-08-07,158.97789265819495
1999-08-08,158.35632077377556
1999-08-09,168.93906918871318
1999-08-10,149.4551609501457
1999-08-11,138.78629683135145
1999-08-12,122.71678523859552
1999-08-13,121.49321168260089
1999-08-14,123.21137114421195
1999-08-15,121.56544918743354
1999-08-16,117.13056938129444
1999-08-17,114.25619140488381
1999-08-18,128.16620667396853
1999-08-19,228.7252290373685
1999-08-20,487.7553224306053
1999-08-21,514.9735506982188
1999-08-22,509.48392226148377
1999-08-23,475.37340929364086
1999-08-24,440.6748388072903
1999-08-25,417.2776180722051
1999-08-26,246.14259298212227
1999-08-27,231.98884968123076
1999-08-28,217.72596813557024
1999-08-29,151.46335468186086
1999-08-30,133.75551349431447
1999-08-31,105.57317694090737
1999-09-01,100.44932147815253
1999-09-02,92.87670236824104
1999-09-03,85.38551408607088
1999-09-04,71.8544757320022
1999-09-05,66.07817546417445
1999-09-06,60.86914345837385
1999-09-07,56.15300207690668
1999-09-08,53.58710587653764
1999-09-09,49.02793719257668
1999-09-10,47.35589023189309
1999-09-11,50.61803354875394
1999-09-12,61.18066844206065
1999-09-13,72.51440525736717
1999-09-14,96.77911701627771
1999-09-15,115.54705505828127
1999-09-16,129.34100480260435
1999-09-17,132.53685006614148
1999-09-18,133.60915533523095
1999-09-19,132.50451061536643
1999-09-20,125.6018448433498
1999-09-21,122.64099910810923
1999-09-22,114.26265459722251
1999-09-23,104.87535903032119
1999-09-24,92.46948711620963
1999-09-25,85.861607846475
1999-09-26,79.90932555814516
1999-09-27,72.10021857197458
1999-09-28,67.82526540505134
1999-09-29,61.738648041119276
1999-09-30,57.14641350949919
1999-10-01,72.015625
1999-10-02,65.1015625
1999-10-03,58.9375
1999-10-04,53.484375
1999-10-05,48.5
1999-10-06,43.796875
1999-10-07,39.3359375
1999-10-08,35.1796875
1999-10-09,31.5390625
1999-10-10,28.078125
1999-10-11,24.8046875
1999-10-12,21.8046875
1999-10-13,19.0859375
1999-10-14,16.6015625
1999-10-15,14.2734375
1999-10-16,12.140625
1999-10-17,10.21875
1999-10-18,8.453125
1999-10-19,6.8671875
1999-10-20,5.46875
1999-10-21,4.2421875
1999-10-22,3.1875
1999-10-23,2.3046875
1999-10-24,1.6015625
1999-10-25,1.09375
1999-10-26,0.765625
1999-10-27,0.5625
1999-10-28,0.4296875
1999-10-29,0.34375
1999-10-30,0.2734375
1999-10-31,0.21875
1999-11-01,0.1796875
1999-11-02,0.1484375
1999-11-03,0.11718750000000001
1999-11-04,0.09375
1999-11-05,0.0859375
1999-11-06,0.0703125
1999-11-07,0.05468749999999999
1999-11-08,0.046875
1999-11-09,0.0390625
1999-11-10,0.03125
1999-11-11,0.0234375
1999-11-12,0.0234375
1999-11-13,0.015625
1999-11-14,0.015625
1999-11-15,0.015625
1999-11-16,0.007812500000000002
1999-11-17,0.007812500000000002
1999-11-18,0.0
1999-11-19,0.0
1999-11-20,0.0
1999-11-21,0.0
1999-11-22,0.0
1999-11-23,0.0
1999-11-24,0.0
1999-11-25,0.0
1999-11-26,0.0
1999-11-27,0.0
1999-11-28,0.0
1999-11-29,0.0
1999-11-30,0.0
1999-12-01,0.0
1999-12-02,0.0
1999-12-03,0.0
1999-12-04,0.0
1999-12-05,0.0
1999-12-06,0.0
1999-12-07,0.0
1999-12-08,0.0
1999-12-09,0.0
1999-12-10,0.0
1999-12-11,0.0
1999-12-12,0.0
1999-12-13,0.0
1999-12-14,0.0
1999-12-15,0.0
1999-12-16,0.0
1999-12-17,0.0
1999-12-18,0.0
1999-12-19,0.0
1999-12-20,0.0
1999-12-21,0.0
1999-12-22,0.0
1999-12-23,0.0
1999-12-24,0.0
1999-12-25,0.0
1999-12-26,0.0
1999-12-27,0.0
1999-12-28,0.0
1999-12-29,0.0
1999-12-30,0.0
1999-12-31,0.0
2000-01-01,0.0
2000-01-02,0.0
2000-01-03,0.0
2000-01-04,0.0
2000-01-05,0.0
2000-01-06,0.0
2000-01-07,0.0
2000-01-08,0.0
2000-01-09,0.0
2000-01-10,0.0
2000-01-11,0.0
2000-01-12,0.0
2000-01-13,0.0
2000-01-14,0.0
2000-01-15,0.0
2000-01-16,0.0
2000-01-17,0.0
2000-01-18,0.0
2000-01-19,0.0
2000-01-20,0.0
2000-01-21,0.0
2000-01-22,0.0
2000-01-23,0.0
2000-01-24,0.0
2000-01-25,0.0
2000-01-26,0.0
2000-01-27,0.0
2000-01-28,0.0
2000-01-29,0.0
2000-01-30,0.0
2000-01-31,0.0
2000-02-01,0.0
2000-02-02,0.0
2000-02-03,0.0
2000-02-04,0.0
2000-02-05,0.0
2000-02-06,0.0
2000-02-07,0.0
2000-02-08,0.0
2000-02-09,0.0
2000-02-10,0.0
2000-02-11,0.0
2000-02-12,0.0
2000-02-13,0.0
2000-02-14,0.0
2000-02-15,0.0
2000-02-16,0.0
2000-02-17,0.0
2000-02-18,0.0
2000-02-19,0.0
2000-02-20,0.0
2000-02-21,0.0
2000-02-22,0.0
2000-02-23,0.0
2000-02-24,0.0
2000-02-25,0.0
2000-02-26,0.0
2000-02-27,0.0
2000-02-28,0.0
2000-02-29,0.0
2000-03-01,0.0
2000-03-02,0.0
2000-03-03,0.0
2000-03-04,0.0
2000-03-05,0.0
2000-03-06,0.0
2000-03-07,0.0
2000-03-08,0.0
2000-03-09,0.0
2000-03-10,0.0
2000-03-11,0.0
2000-03-12,0.0
2000-03-13,0.0
2000-03-14,0.0
2000-03-15,0.0
2000-03-16,0.0
2000-03-17,0.0
2000-03-18,0.0
2000-03-19,0.0
2000-03-20,0.0
2000-03-21,0.0
2000-03-22,0.0
2000-03-23,0.0
2000-03-24,0.0
2000-03-25,0.0
2000-03-26,0.0
2000-03-27,0.0
2000-03-28,0.0
2000-03-29,0.0
2000-03-30,0.0
2000-03-31,0.0
2000-04-01,0.0
2000-04-02,0.0
2000-04-03,0.0
2000-04-04,0.0
2000-04-05,0.0
2000-04-06,0.0
2000-04-07,0.0
2000-04-08,0.0
2000-04-09,0.0
2000-04-10,0.0
2000-04-11,0.0
2000-04-12,0.0
2000-04-13,0.0
2000-04-14,0.0
2000-04-15,0.0
2000-04-16,0.0
2000-04-17,0.0
2000-04-18,0.0
2000-04-19,0.0
2000-04-20,0.0
2000-04-21,0.0
2000-04-22,0.0
2000-04-23,0.0
2000-04-24,0.0
2000-04-25,0.0
2000-04-26,0.0
2000-04-27,0.0
2000-04-28,0.0
2000-04-29,0.0
2000-04-30,0.0
2000-05-01,1.21
2000-05-02,1.2049999999999996
2000-05-03,1.1954999999999998
2000-05-04,1.1860000000000002
2000-05-05,1.1864999999999999
2000-05-06,1.1864999999999999
2000-05-07,1.1864999999999997
2000-05-08,1.1865
2000-05-09,1.1865
2000-05-10,11.049526411657627
2000-05-11,14.887785437311548
2000-05-12,10.869271986970688
2000-05-13,13.490647589910717
2000-05-14,12.073837790239606
2000-05-15,10.371417768499187
2000-05-16,9.932051649928267
2000-05-17,7.970218820072683
2000-05-18,8.83402593576894
2000-05-19,7.738329668452849
2000-05-20,9.17292279261579
2000-05-21,5.499366303929776
2000-05-22,6.01865107219196
2000-05-23,5.506843963730883
2000-05-24,7.06715775276858
2000-05-25,11.410234351730901
2000-05-26,21.37725833156213
2000-05-27,39.12294175340179
2000-05-28,79.12755383269031
2000-05-29,103.08329897532288
2000-05-30,37.31410677401384
2000-05-31,63.618395751816614
2000-06-01,13.356391107167505
2000-06-02,22.10456228865013
2000-06-03,45.431527374201565
2000-06-04,76.35850898129041
2000-06-05,134.9196063131239
2000-06-06,220.7973485583564
2000-06-07,282.4115484524471
2000-06-08,296.5659722443669
2000-06-09,283.39702278816907
2000-06-10,279.90574351847613
2000-06-11,323.4187121168036
2000-06-12,537.1594606834432
2000-06-13,927.7275316942026
2000-06-14,1172.9884239310034
2000-06-15,1175.188393723179
2000-06-16,1143.816439633184
2000-06-17,954.3839939127434
2000-06-18,903.1175949322445
2000-06-19,853.0733500755877
2000-06-20,674.9131049096537
2000-06-21,630.3842905653327
2000-06-22,606.5323500264072
2000-06-23,553.3319257474848
2000-06-24,528.1974433678648
2000-06-25,495.8014363741914
2000-06-26,457.398426731708
2000-06-27,436.6816421297281
2000-06-28,423.83309289728135
2000-06-29,395.56605787867596
2000-06-30,365.30996368651194
2000-07-01,362.0724720209692
2000-07-02,329.4586398724314
2000-07-03,287.3686985502078
2000-07-04,246.65434560720055
2000-07-05,237.4145470199562
2000-07-06,227.6397312440572
2000-07-07,214.845009350423
2000-07-08,183.57125504737468
2000-07-09,174.50084991858358
2000-07-10,158.54816747627993
2000-07-11,134.14931029344095
2000-07-12,121.72486894957778
2000-07-13,106.46936441348488
2000-07-14,82.65316432407937
2000-07-15,76.95350659990362
2000-07-16,69.22374295243449
2000-07-17,64.15367696504347
2000-07-18,61.65308920857993
2000-07-19,67.17619066154529
2000-07-20,72.57937352913606
2000-07-21,73.88956057251657
2000-07-22,71.54856976741684
2000-07-23,74.16970244707092
2000-07-24,73.61216553777076
2000-07-25,69.6186275001158
2000-07-26,64.13126673945538
2000-07-27,60.03418834823299
2000-07-28,58.89002335218405
2000-07-29,55.45055002925689
2000-07-30,50.7927901219167
2000-07-31,46.4854692470579
2000-08-01,44.47898387645283
2000-08-02,42.97701855939457
2000-08-03,40.42085451486372
2000-08-04,37.466898263656475
2000-08-05,35.05088313879547
2000-08-06,32.89711911962322
2000-08-07,30.669245204210615
2000-08-08,30.970982504119853
2000-08-09,33.16986682409001
2000-08-10,31.76869097139568
2000-08-11,27.881311712566237
2000-08-12,27.569113723220614
2000-08-13,29.03827231178674
2000-08-14,34.52370032987754
2000-08-15,56.89632728213313
2000-08-16,82.3421918110972
2000-08-17,95.47282028883225
2000-08-18,91.68390206197382
2000-08-19,78.22091591010897
2000-08-20,72.07835405015697
2000-08-21,63.14997837207805
2000-08-22,59.09309474522035
2000-08-23,50.78420885749704
2000-08-24,47.29452589336506
2000-08-25,44.21881370763695
2000-08-26,43.3601353170144
2000-08-27,41.38992560771547
2000-08-28,42.84136134801796
2000-08-29,49.04357602337476
2000-08-30,47.54972481263732
2000-08-31,48.366784123728415
2000-09-01,48.632921951676565
2000-09-02,47.81959652902807
2000-09-03,46.652365445485316
2000-09-04,56.05222999717757
2000-09-05,65.14231307195863
2000-09-06,64.8414443731644
2000-09-07,61.68862161149217
2000-09-08,56.84521295657484
2000-09-09,54.65453188573911
2000-09-10,54.96975964745377
2000-09-11,63.60419018142794
2000-09-12,68.18120422554745
2000-09-13,69.95849296524439
2000-09-14,69.82961285808119
2000-09-15,60.36490946619892
2000-09-16,55.505704295722644
2000-09-17,50.507122753905676
2000-09-18,43.99483687702191
2000-09-19,36.38403357261015
2000-09-20,33.10004234256425
2000-09-21,29.133506109174014
2000-09-22,27.463570606915102
2000-09-23,25.4977392229703
2000-09-24,25.775509827370627
2000-09-25,25.26630948789698
2000-09-26,23.672779076728453
2000-09-27,22.72634853198259
2000-09-28,21.203890674656403
2000-09-29,21.77174171791311
2000-09-30,16.430342375124052
2000-10-01,29.59375
2000-10-02,26.4375
2000-10-03,23.328125
2000-10-04,20.375
2000-10-05,17.78125
2000-10-06,15.453125
2000-10-07,13.3125
2000-10-08,11.359375
2000-10-09,9.578125
2000-10-10,7.953125
2000-10-11,6.53125
2000-10-12,5.3125
2000-10-13,4.28125
2000-10-14,3.40625
2000-10-15,2.671875
2000-10-16,2.078125
2000-10-17,1.59375
2000-10-18,1.1875
2000-10-19,0.859375
2000-10-20,0.59375
2000-10-21,0.421875
2000-10-22,0.3125
2000-10-23,0.234375
2000-10-24,0.1875
2000-10-25,0.140625
2000-10-26,0.125
2000-10-27,0.09375
2000-10-28,0.078125
2000-10-29,0.046875
2000-10-30,0.03125
2000-10-31,0.03125
2000-11-01,0.015625
2000-11-02,0.015625
2000-11-03,0.0
2000-11-04,0.0
2000-11-05,0.0
2000-11-06,0.0
2000-11-07,0.0
2000-11-08,0.0
2000-11-09,0.0
2000-11-10,0.0
2000-11-11,0.0
2000-11-12,0.0
2000-11-13,0.0
2000-11-14,0.0
2000-11-15,0.0
2000-11-16,0.0
2000-11-17,0.0
2000-11-18,0.0
2000-11-19,0.0
2000-11-20,0.0
2000-11-21,0.0
2000-11-22,0.0
2000-11-23,0.0
2000-11-24,0.0
2000-11-25,0.0
2000-11-26,0.0
2000-11-27,0.0
2000-11-28,0.0
2000-11-29,0.0
2000-11-30,0.0
2000-12-01,0.0
2000-12-02,0.0
2000-12-03,0.0
2000-12-04,0.0
2000-12-05,0.0
2000-12-06,0.0
2000-12-07,0.0
2000-12-08,0.0
2000-12-09,0.0
2000-12-10,0.0
2000-12-11,0.0
2000-12-12,0.0
2000-12-13,0.0
2000-12-14,0.0
2000-12-15,0.0
2000-12-16,0.0
2000-12-17,0.0
2000-12-18,0.0
2000-12-19,0.0
2000-12-20,0.0
2000-12-21,0.0
2000-12-22,0.0
2000-12-23,0.0
2000-12-24,0.0
2000-12-25,0.0
2000-12-26,0.0
2000-12-27,0.0
2000-12-28,0.0
2000-12-29,0.0
2000-12-30,0.0
2000-12-31,0.0
2001-01-01,0.0
2001-01-02,0.0
2001-01-03,0.0
2001-01-04,0.0
2001-01-05,0.0
2001-01-06,0.0
2001-01-07,0.0
2001-01-08,0.0
2001-01-09,0.0
2001-01-10,0.0
2001-01-11,0.0
2001-01-12,0.0
2001-01-13,0.0
2001-01-14,0.0
2001-01-15,0.0
2001-01-16,0.0
2001-01-17,0.0
2001-01-18,0.0
2001-01-19,0.0
2001-01-20,0.0
2001-01-21,0.0
2001-01-22,0.0
2001-01-23,0.0
2001-01-24,0.0
2001-01-25,0.0
2001-01-26,0.0
2001-01-27,0.0
2001-01-28,0.0
2001-01-29,0.0
2001-01-30,0.0
2001-01-31,0.0
2001-02-01,0.0
2001-02-02,0.0
2001-02-03,0.0
2001-02-04,0.0
2001-02-05,0.0
2001-02-06,0.0
2001-02-07,0.0
2001-02-08,0.0
2001-02-09,0.0
2001-02-10,0.0
2001-02-11,0.0
2001-02-12,0.0
2001-02-13,0.0
2001-02-14,0.0
2001-02-15,0.0
2001-02-16,0.0
2001-02-17,0.0
2001-02-18,0.0
2001-02-19,0.0
2001-02-20,0.0
2001-02-21,0.0
2001-02-22,0.0
2001-02-23,0.0
2001-02-24,0.0
2001-02-25,0.0
2001-02-26,0.0
2001-02-27,0.0
2001-02-28,0.0
2001-03-01,0.0
2001-03-02,0.0
2001-03-03,0.0
2001-03-04,0.0
2001-03-05,0.0
2001-03-06,0.0
2001-03-07,0.0
2001-03-08,0.0
2001-03-09,0.0
2001-03-10,0.0
2001-03-11,0.0
2001-03-12,0.0
2001-03-13,0.0
2001-03-14,0.0
2001-03-15,0.0
2001-03-16,0.0
2001-03-17,0.0
2001-03-18,0.0
2001-03-19,0.0
2001-03-20,0.0
2001-03-21,0.0
2001-03-22,0.0
2001-03-23,0.0
2001-03-24,0.0
2001-03-25,0.0
2001-03-26,0.0
2001-03-27,0.0
2001-03-28,0.0
2001-03-29,0.0
2001-03-30,0.0
2001-03-31,0.0
2001-04-01,0.0
2001-04-02,0.0
2001-04-03,0.0
2001-04-04,0.0
2001-04-05,0.0
2001-04-06,0.0
2001-04-07,0.0
2001-04-08,0.0
2001-04-09,0.0
2001-04-10,0.0
2001-04-11,0.0
2001-04-12,0.0
2001-04-13,0.0
2001-04-14,0.0
2001-04-15,0.0
2001-04-16,0.0
2001-04-17,0.0
2001-04-18,0.0
2001-04-19,0.0
2001-04-20,0.0
2001-04-21,0.0
2001-04-22,0.0
2001-04-23,0.0
2001-04-24,0.0
2001-04-25,0.0
2001-04-26,0.0
2001-04-27,0.0
2001-04-28,0.0
2001-04-29,0.0
2001-04-30,0.0
2001-05-01,1.1700000000000002
2001-05-02,1.21
2001-05-03,1.2049999999999996
2001-05-04,1.1954999999999998
2001-05-05,1.1859999999999997
2001-05-06,1.1864999999999999
2001-05-07,1.1864999999999999
2001-05-08,1.1864999999999997
2001-05-09,1.1864999999999997
2001-05-10,4.925562500000001
2001-05-11,4.098706739526437
2001-05-12,5.425562403698025
2001-05-13,14.881084337349396
2001-05-14,5.9343737730663575
2001-05-15,5.8592930897537805
2001-05-16,5.779728577518841
2001-05-17,10.027310371974023
2001-05-18,7.2371329157968
2001-05-19,9.463639140597474
2001-05-20,11.171817424905528
2001-05-21,19.15119561807481
2001-05-22,48.49001527143805
2001-05-23,99.2673783079224
2001-05-24,134.60000599742114
2001-05-25,62.1349485003034
2001-05-26,80.989718231886
2001-05-27,29.62081017844605
2001-05-28,147.52974798012434
2001-05-29,256.5742566738648
2001-05-30,352.7793741211807
2001-05-31,406.3912883654942
2001-06-01,450.8668659024893
2001-06-02,518.7494313189193
2001-06-03,617.2526738541475
2001-06-04,768.348246897822
2001-06-05,1151.7329458876077
2001-06-06,1246.080949198943
2001-06-07,1234.4504566857981
2001-06-08,1171.9505418058852
2001-06-09,1133.9582929972316
2001-06-10,951.7331161834301
2001-06-11,891.5142596566367
2001-06-12,704.2879775585029
2001-06-13,654.8336142168855
2001-06-14,560.7325668988941
2001-06-15,521.124617223459
2001-06-16,420.2450413029711
2001-06-17,390.90778819531766
2001-06-18,306.4231082064278
2001-06-19,259.8704392941561
2001-06-20,233.41787137092183
2001-06-21,187.5847259307811
2001-06-22,207.14385175923778
2001-06-23,218.78760444635304
2001-06-24,254.538942092031
2001-06-25,241.65840237389153
2001-06-26,224.5588911181876
2001-06-27,205.97868219560888
2001-06-28,177.46779134447408
2001-06-29,165.37303041323358
2001-06-30,158.96466020271075
2001-07-01,152.0282418929228
2001-07-02,133.2386730026558
2001-07-03,129.66725717865418
2001-07-04,136.40684026785456
2001-07-05,134.94147328126
2001-07-06,129.79805021253927
2001-07-07,118.04257801710908
2001-07-08,107.54486445684113
2001-07-09,100.07427059845257
2001-07-10,76.59169974471438
2001-07-11,88.84342049282651
2001-07-12,72.39902071299906
2001-07-13,69.15789921834988
2001-07-14,68.75701151126128
2001-07-15,68.56572110200874
2001-07-16,72.37687004603833
2001-07-17,70.72396675643945
2001-07-18,67.95449088408473
2001-07-19,70.59472396069648
2001-07-20,70.34479947349911
2001-07-21,66.30798300952553
2001-07-22,61.35248642228472
2001-07-23,59.62666665238599
2001-07-24,65.12044870501883
2001-07-25,67.17866667136752
2001-07-26,65.06160799918557
2001-07-27,61.49770364800962
2001-07-28,64.20371581621616
2001-07-29,65.70019930276192
2001-07-30,63.37596355948247
2001-07-31,60.22790441092489
2001-08-01,60.22578795712979
2001-08-02,60.76692579234723
2001-08-03,57.13843945907737
2001-08-04,58.140152101115106
2001-08-05,53.31953599464492
2001-08-06,48.27637384557331
2001-08-07,44.654897314213635
2001-08-08,52.51815068585864
2001-08-09,76.4852401027199
2001-08-10,103.87236452094041
2001-08-11,117.84216653836724
2001-08-12,121.70016497720813
2001-08-13,120.48638693595623
2001-08-14,116.14999737936718
2001-08-15,101.36692938570097
2001-08-16,97.40635538423898
2001-08-17,80.62246178563147
2001-08-18,68.08383123764786
2001-08-19,62.21196881837032
2001-08-20,56.5423715340848
2001-08-21,53.28476490215174
2001-08-22,57.94404379814012
2001-08-23,99.84889282858688
2001-08-24,219.07548874033964
2001-08-25,414.6476979120598
2001-08-26,414.8970868927632
2001-08-27,244.00117792580082
2001-08-28,245.57656523656408
2001-08-29,419.114027839203
2001-08-30,430.69927957915326
2001-08-31,406.42430878219403
2001-09-01,229.0767598647098
2001-09-02,217.89315787169002
2001-09-03,205.07036918644852
2001-09-04,140.20088990658894
2001-09-05,133.4594469626263
2001-09-06,118.68881153334637
2001-09-07,111.49631528655289
2001-09-08,112.92098180497622
2001-09-09,113.28167523259094
2001-09-10,117.05218060895534
2001-09-11,115.61387691577343
2001-09-12,106.92084183595064
2001-09-13,97.87248188832488
2001-09-14,87.52674520692278
2001-09-15,78.47556796230167
2001-09-16,78.54791747667917
2001-09-17,112.67770167171923
2001-09-18,123.89572741300566
2001-09-19,121.9818406540275
2001-09-20,113.27847084175295
2001-09-21,111.78408505025314
2001-09-22,100.685275103703
2001-09-23,92.10413977865424
2001-09-24,87.34126799393701
2001-09-25,81.02142129777044
2001-09-26,74.86926740780162
2001-09-27,67.29117420309397
2001-09-28,63.11127503003428
2001-09-29,48.544367973544354
2001-09-30,42.711498236834075
2001-10-01,67.0078125
2001-10-02,60.765625
2001-10-03,54.9453125
2001-10-04,49.640625
2001-10-05,44.5234375
2001-10-06,39.8828125
2001-10-07,35.859375
2001-10-08,32.15625
2001-10-09,28.7109375
2001-10-10,25.4921875
2001-10-11,22.484375
2001-10-12,19.7890625
2001-10-13,17.375
2001-10-14,15.1875
2001-10-15,13.171875
2001-10-16,11.3671875
2001-10-17,9.7578125
2001-10-18,8.3515625
2001-10-19,7.1015625
2001-10-20,5.984375
2001-10-21,4.984375
2001-10-22,4.09375
2001-10-23,3.3046875
2001-10-24,2.625
2001-10-25,2.046875
2001-10-26,1.5390625
2001-10-27,1.1171875
2001-10-28,0.7890625
2001-10-29,0.53125
2001-10-30,0.3671875
2001-10-31,0.265625
2001-11-01,0.1875
2001-11-02,0.1484375
2001-11-03,0.11718750000000001
2001-11-04,0.09375
2001-11-05,0.0703125
2001-11-06,0.05468749999999999
2001-11-07,0.046875
2001-11-08,0.0390625
2001-11-09,0.03125
2001-11-10,0.0234375
2001-11-11,0.0234375
2001-11-12,0.015625
2001-11-13,0.015625
2001-11-14,0.007812500000000002
2001-11-15,0.007812500000000002
2001-11-16,0.007812500000000002
2001-11-17,0.007812500000000002
2001-11-18,0.007812500000000002
2001-11-19,0.0
2001-11-20,0.0
2001-11-21,0.0
2001-11-22,0.0
2001-11-23,0.0
2001-11-24,0.0
2001-11-25,0.0
2001-11-26,0.0
2001-11-27,0.0
2001-11-28,0.0
2001-11-29,0.0
2001-11-30,0.0
2001-12-01,0.0
2001-12-02,0.0
2001-12-03,0.0
2001-12-04,0.0
2001-12-05,0.0
2001-12-06,0.0
2001-12-07,0.0
2001-12-08,0.0
2001-12-09,0.0
2001-12-10,0.0
2001-12-11,0.0
2001-12-12,0.0
2001-12-13,0.0
2001-12-14,0.0
2001-12-15,0.0
2001-12-16,0.0
2001-12-17,0.0
2001-12-18,0.0
2001-12-19,0.0
2001-12-20,0.0
2001-12-21,0.0
2001-12-22,0.0
2001-12-23,0.0
2001-12-24,0.0
2001-12-25,0.0
2001-12-26,0.0
2001-12-27,0.0
2001-12-28,0.0
2001-12-29,0.0
2001-12-30,0.0
2001-12-31,0.0
2002-01-01,0.0
2002-01-02,0.0
2002-01-03,0.0
2002-01-04,0.0
2002-01-05,0.0
2002-01-06,0.0
2002-01-07,0.0
2002-01-08,0.0
2002-01-09,0.0
2002-01-10,0.0
2002-01-11,0.0
2002-01-12,0.0
2002-01-13,0.0
2002-01-14,0.0
2002-01-15,0.0
2002-01-16,0.0
2002-01-17,0.0
2002-01-18,0.0
2002-01-19,0.0
2002-01-20,0.0
2002-01-21,0.0
2002-01-22,0.0
2002-01-23,0.0
2002-01-24,0.0
2002-01-25,0.0
2002-01-26,0.0
2002-01-27,0.0
2002-01-28,0.0
2002-01-29,0.0
2002-01-30,0.0
2002-01-31,0.0
2002-02-01,0.0
2002-02-02,0.0
2002-02-03,0.0
2002-02-04,0.0
2002-02-05,0.0
2002-02-06,0.0
2002-02-07,0.0
2002-02-08,0.0
2002-02-09,0.0
2002-02-10,0.0
2002-02-11,0.0
2002-02-12,0.0
2002-02-13,0.0
2002-02-14,0.0
2002-02-15,0.0
2002-02-16,0.0
2002-02-17,0.0
2002-02-18,0.0
2002-02-19,0.0
2002-02-20,0.0
2002-02-21,0.0
2002-02-22,0.0
2002-02-23,0.0
2002-02-24,0.0
2002-02-25,0.0
2002-02-26,0.0
2002-02-27,0.0
2002-02-28,0.0
2002-03-01,0.0
2002-03-02,0.0
2002-03-03,0.0
2002-03-04,0.0
2002-03-05,0.0
2002-03-06,0.0
2002-03-07,0.0
2002-03-08,0.0
2002-03-09,0.0
2002-03-10,0.0
2002-03-11,0.0
2002-03-12,0.0
2002-03-13,0.0
2002-03-14,0.0
2002-03-15,0.0
2002-03-16,0.0
2002-03-17,0.0
2002-03-18,0.0
2002-03-19,0.0
2002-03-20,0.0
2002-03-21,0.0
2002-03-22,0.0
2002-03-23,0.0
2002-03-24,0.0
2002-03-25,0.0
2002-03-26,0.0
2002-03-27,0.0
2002-03-28,0.0
2002-03-29,0.0
2002-03-30,0.0
2002-03-31,0.0
2002-04-01,0.0
2002-04-02,0.0
2002-04-03,0.0
2002-04-04,0.0
2002-04-05,0.0
2002-04-06,0.0
2002-04-07,0.0
2002-04-08,0.0
2002-04-09,0.0
2002-04-10,0.0
2002-04-11,0.0
2002-04-12,0.0
2002-04-13,0.0
2002-04-14,0.0
2002-04-15,0.0
2002-04-16,0.0
2002-04-17,0.0
2002-04-18,0.0
2002-04-19,0.0
2002-04-20,0.0
2002-04-21,0.0
2002-04-22,0.0
2002-04-23,0.0
2002-04-24,0.0
2002-04-25,0.0
2002-04-26,0.0
2002-04-27,0.0
2002-04-28,0.0
2002-04-29,0.0
2002-04-30,0.0
2002-05-01,1.1700000000000002
2002-05-02,1.21
2002-05-03,1.2049999999999996
2002-05-04,1.1955
2002-05-05,1.186
2002-05-06,1.1864999999999999
2002-05-07,5.723749999999999
2002-05-08,7.77206896551724
2002-05-09,17.856836206896535
2002-05-10,5.310646275638723
2002-05-11,5.439592480698224
2002-05-12,3.7850998132988765
2002-05-13,11.688313253012046
2002-05-14,6.964205607476669
2002-05-15,5.098791593695281
2002-05-16,4.221798839458441
2002-05-17,3.5476637168141707
2002-05-18,7.06811764705883
2002-05-19,4.212534114499242
2002-05-20,7.930443327239489
2002-05-21,9.12899881339117
2002-05-22,8.734304427501637
2002-05-23,14.971801646349505
2002-05-24,37.51431441983909
2002-05-25,197.27283416471548
2002-05-26,337.86731257900436
2002-05-27,512.541362488528
2002-05-28,621.1833871125107
2002-05-29,683.7621975387256
2002-05-30,702.441461241552
2002-05-31,693.9026798952041
2002-06-01,669.516578592502
2002-06-02,660.6072082007179
2002-06-03,655.3205876722624
2002-06-04,680.7628577664232
2002-06-05,805.1158212029578
2002-06-06,885.7056682421857
2002-06-07,1113.9417060078642
2002-06-08,1147.0550981275917
2002-06-09,1171.8155277181609
2002-06-10,1243.3360267236521
2002-06-11,1288.3391248955013
2002-06-12,1271.7188792434201
2002-06-13,1225.4893710254053
2002-06-14,1168.7121048421338
2002-06-15,976.3699119631067
2002-06-16,911.9546560441398
2002-06-17,701.2909510160282
2002-06-18,648.9148313614983
2002-06-19,534.1562755340781
2002-06-20,484.694624278692
2002-06-21,341.8812224663536
2002-06-22,314.39468754743643
2002-06-23,268.71920063152817
2002-06-24,244.02802501590875
2002-06-25,197.27563533784812
2002-06-26,176.67174966538545
2002-06-27,153.95212700739376
2002-06-28,133.76931673915536
2002-06-29,132.34121996235203
2002-06-30,115.38598038035978
2002-07-01,99.50424441349867
2002-07-02,96.39587889054388
2002-07-03,93.3097326378029
2002-07-04,114.08914988371762
2002-07-05,121.31203582628633
2002-07-06,121.45890894493512
2002-07-07,117.48217880123734
2002-07-08,110.14666879112337
2002-07-09,105.59824836882106
2002-07-10,98.08416299956184
2002-07-11,87.3728732145236
2002-07-12,85.93318630293182
2002-07-13,84.34092903281625
2002-07-14,78.32849741339489
2002-07-15,68.51971117812506
2002-07-16,64.91320161064958
2002-07-17,62.42208659434708
2002-07-18,63.26923117495219
2002-07-19,67.27434816217865
2002-07-20,72.17992561909962
2002-07-21,75.92095910824403
2002-07-22,72.69853421578264
2002-07-23,65.85387492192046
2002-07-24,60.93050590755213
2002-07-25,56.703669668166235
2002-07-26,56.375786688894536
2002-07-27,51.86574079261725
2002-07-28,47.23041383311606
2002-07-29,43.43692039312211
2002-07-30,43.36654525758565
2002-07-31,45.83394240503596
2002-08-01,46.63053757879741
2002-08-02,44.10699203824842
2002-08-03,39.60121897382765
2002-08-04,35.79245178328254
2002-08-05,32.67030122314855
2002-08-06,29.258026259117564
2002-08-07,25.597124515348263
2002-08-08,22.881957099753578
2002-08-09,20.791696378826437
2002-08-10,20.180450637485244
2002-08-11,23.896987448205188
2002-08-12,29.4009909791084
2002-08-13,33.36648984560647
2002-08-14,34.62662301740286
2002-08-15,33.15514367696415
2002-08-16,30.946867058512836
2002-08-17,27.846072312875016
2002-08-18,27.831640141958427
2002-08-19,28.73543260282011
2002-08-20,26.68645355993441
2002-08-21,24.64848735382888
2002-08-22,22.440099066195742
2002-08-23,20.35261678253861
2002-08-24,18.427815858001296
2002-08-25,17.976868734904322
2002-08-26,18.913655744025018
2002-08-27,20.263288793886616
2002-08-28,19.493475857306628
2002-08-29,18.943413266858133
2002-08-30,21.367211364249634
2002-08-31,28.80389193140864
2002-09-01,34.08367731461075
2002-09-02,34.297184543578446
2002-09-03,31.4418704006084
2002-09-04,33.04386220419753
2002-09-05,34.10015822784812
2002-09-06,36.3462748837444
2002-09-07,41.45780567519004
2002-09-08,39.083855111639515
2002-09-09,36.657043254971526
2002-09-10,35.43426759509364
2002-09-11,33.37209564154133
2002-09-12,32.55646181536456
2002-09-13,28.002168287891134
2002-09-14,28.195682381010883
2002-09-15,30.621165388206236
2002-09-16,29.28557372609017
2002-09-17,28.43283835291554
2002-09-18,26.339287001376412
2002-09-19,25.488300967773217
2002-09-20,24.70400635508025
2002-09-21,26.86947491258767
2002-09-22,23.92384593282815
2002-09-23,27.85179748077303
2002-09-24,31.199625604279323
2002-09-25,31.79835495831868
2002-09-26,28.97088587976181
2002-09-27,26.182031131161672
2002-09-28,25.175482861674396
2002-09-29,24.27082047112265
2002-09-30,23.181628268095622
2002-10-01,42.4921875
2002-10-02,38.03125
2002-10-03,33.9375
2002-10-04,30.171875
2002-10-05,26.609375
2002-10-06,23.421875
2002-10-07,20.578125
2002-10-08,18.0390625
2002-10-09,15.6328125
2002-10-10,13.3515625
2002-10-11,11.2265625
2002-10-12,9.296875
2002-10-13,7.6640625
2002-10-14,6.265625
2002-10-15,5.0546875
2002-10-16,4.015625
2002-10-17,3.15625
2002-10-18,2.46875
2002-10-19,1.9140625
2002-10-20,1.4921875
2002-10-21,1.1640625
2002-10-22,0.9140625
2002-10-23,0.7265625
2002-10-24,0.578125
2002-10-25,0.453125
2002-10-26,0.3515625
2002-10-27,0.2734375
2002-10-28,0.21875
2002-10-29,0.1796875
2002-10-30,0.1484375
2002-10-31,0.11718750000000001
2002-11-01,0.0859375
2002-11-02,0.0703125
2002-11-03,0.05468749999999999
2002-11-04,0.046875
2002-11-05,0.0390625
2002-11-06,0.0234375
2002-11-07,0.007812500000000002
2002-11-08,0.0
2002-11-09,0.0
2002-11-10,0.0
2002-11-11,0.0
2002-11-12,0.0
2002-11-13,0.0
2002-11-14,0.0
2002-11-15,0.0
2002-11-16,0.0
2002-11-17,0.0
2002-11-18,0.0
2002-11-19,0.0
2002-11-20,0.0
2002-11-21,0.0
2002-11-22,0.0
2002-11-23,0.0
2002-11-24,0.0
2002-11-25,0.0
2002-11-26,0.0
2002-11-27,0.0
2002-11-28,0.0
2002-11-29,0.0
2002-11-30,0.0
2002-12-01,0.0
2002-12-02,0.0
2002-12-03,0.0
2002-12-04,0.0
2002-12-05,0.0
2002-12-06,0.0
2002-12-07,0.0
2002-12-08,0.0
2002-12-09,0.0
2002-12-10,0.0
2002-12-11,0.0
2002-12-12,0.0
2002-12-13,0.0
2002-12-14,0.0
2002-12-15,0.0
2002-12-16,0.0
2002-12-17,0.0
2002-12-18,0.0
2002-12-19,0.0
2002-12-20,0.0
2002-12-21,0.0
2002-12-22,0.0
2002-12-23,0.0
2002-12-24,0.0
2002-12-25,0.0
2002-12-26,0.0
2002-12-27,0.0
2002-12-28,0.0
2002-12-29,0.0
2002-12-30,0.0
2002-12-31,0.0
2003-01-01,0.0
2003-01-02,0.0
2003-01-03,0.0
2003-01-04,0.0
2003-01-05,0.0
2003-01-06,0.0
2003-01-07,0.0
2003-01-08,0.0
2003-01-09,0.0
2003-01-10,0.0
2003-01-11,0.0
2003-01-12,0.0
2003-01-13,0.0
2003-01-14,0.0
2003-01-15,0.0
2003-01-16,0.0
2003-01-17,0.0
2003-01-18,0.0
2003-01-19,0.0
2003-01-20,0.0
2003-01-21,0.0
2003-01-22,0.0
2003-01-23,0.0
2003-01-24,0.0
2003-01-25,0.0
2003-01-26,0.0
2003-01-27,0.0
2003-01-28,0.0
2003-01-29,0.0
2003-01-30,0.0
2003-01-31,0.0
2003-02-01,0.0
2003-02-02,0.0
2003-02-03,0.0
2003-02-04,0.0
2003-02-05,0.0
2003-02-06,0.0
2003-02-07,0.0
2003-02-08,0.0
2003-02-09,0.0
2003-02-10,0.0
2003-02-11,0.0
2003-02-12,0.0
2003-02-13,0.0
2003-02-14,0.0
2003-02-15,0.0
2003-02-16,0.0
2003-02-17,0.0
2003-02-18,0.0
2003-02-19,0.0
2003-02-20,0.0
2003-02-21,0.0
2003-02-22,0.0
2003-02-23,0.0
2003-02-24,0.0
2003-02-25,0.0
2003-02-26,0.0
2003-02-27,0.0
2003-02-28,0.0
2003-03-01,0.0
2003-03-02,0.0
2003-03-03,0.0
2003-03-04,0.0
2003-03-05,0.0
2003-03-06,0.0
2003-03-07,0.0
2003-03-08,0.0
2003-03-09,0.0
2003-03-10,0.0
2003-03-11,0.0
2003-03-12,0.0
2003-03-13,0.0
2003-03-14,0.0
2003-03-15,0.0
2003-03-16,0.0
2003-03-17,0.0
2003-03-18,0.0
2003-03-19,0.0
2003-03-20,0.0
2003-03-21,0.0
2003-03-22,0.0
2003-03-23,0.0
2003-03-24,0.0
2003-03-25,0.0
2003-03-26,0.0
2003-03-27,0.0
2003-03-28,0.0
2003-03-29,0.0
2003-03-30,0.0
2003-03-31,0.0
2003-04-01,0.0
2003-04-02,0.0
2003-04-03,0.0
2003-04-04,0.0
2003-04-05,0.0
2003-04-06,0.0
2003-04-07,0.0
2003-04-08,0.0
2003-04-09,0.0
2003-04-10,0.0
2003-04-11,0.0
2003-04-12,0.0
2003-04-13,0.0
2003-04-14,0.0
2003-04-15,0.0
2003-04-16,0.0
2003-04-17,0.0
2003-04-18,0.0
2003-04-19,0.0
2003-04-20,0.0
2003-04-21,0.0
2003-04-22,0.0
2003-04-23,0.0
2003-04-24,0.0
2003-04-25,0.0
2003-04-26,0.0
2003-04-27,0.0
2003-04-28,0.0
2003-04-29,0.0
2003-04-30,0.0
2003-05-01,1.17
2003-05-02,18.582325323475036
2003-05-03,22.43300805214723
2003-05-04,31.737131471342447
2003-05-05,47.65347728686997
2003-05-06,45.94957032093433
2003-05-07,41.88284058708239
2003-05-08,37.60228264865558
2003-05-09,34.24256521102966
2003-05-10,25.22197789014678
2003-05-11,22.027586645673328
2003-05-12,17.38459322283526
2003-05-13,19.060130173469677
2003-05-14,12.964210678927966
2003-05-15,11.230528623878161
2003-05-16,8.211313037499849
2003-05-17,11.067154471544717
2003-05-18,8.751534060156189
2003-05-19,9.880425346610732
2003-05-20,10.341134903183107
2003-05-21,13.8182471044409
2003-05-22,12.891025994886991
2003-05-23,18.083681347123957
2003-05-24,32.90908851884309
2003-05-25,48.83362318709286
2003-05-26,18.51091415879276
2003-05-27,25.594208477037384
2003-05-28,39.134413248820984
2003-05-29,80.98045839444848
2003-05-30,138.74935932415778
2003-05-31,303.6184878456549
2003-06-01,301.0898626056458
2003-06-02,344.22849258045267
2003-06-03,405.58690729984136
2003-06-04,430.32778211641073
2003-06-05,483.01240475931826
2003-06-06,508.62168655079023
2003-06-07,527.0198853723274
2003-06-08,640.2731429663577
2003-06-09,720.2875670180878
2003-06-10,712.1281436592931
2003-06-11,662.5129149012796
2003-06-12,556.0111025565741
2003-06-13,465.38283172010995
2003-06-14,413.97412109958674
2003-06-15,323.9073430267158
2003-06-16,282.46476172564064
2003-06-17,270.1496682132635
2003-06-18,247.6077072646904
2003-06-19,201.7527812105301
2003-06-20,182.6746401124083
2003-06-21,168.0662702224082
2003-06-22,162.81402948560705
2003-06-23,138.58048993032227
2003-06-24,150.8264569143556
2003-06-25,151.76457805189568
2003-06-26,149.76940304239116
2003-06-27,148.95351644575302
2003-06-28,137.10623125152745
2003-06-29,143.35079989188512
2003-06-30,140.9783193362969
2003-07-01,135.1593653090517
2003-07-02,126.63094292218919
2003-07-03,122.13928009498694
2003-07-04,116.65378520462855
2003-07-05,107.6455927148472
2003-07-06,85.71930482673002
2003-07-07,74.6511508758498
2003-07-08,68.94161876892781
2003-07-09,64.47883279753835
2003-07-10,58.46594695268451
2003-07-11,55.29620747027594
2003-07-12,51.53689517639786
2003-07-13,49.76582142235144
2003-07-14,50.550944874306005
2003-07-15,50.63335326835532
2003-07-16,48.53242479340642
2003-07-17,45.22301613975735
2003-07-18,42.329042820818664
2003-07-19,38.406830624473685
2003-07-20,36.02486494521236
2003-07-21,33.72166990521619
2003-07-22,31.22604372103336
2003-07-23,28.93812483330004
2003-07-24,27.024939997704482
2003-07-25,26.00363478917895
2003-07-26,25.96219114465261
2003-07-27,30.142724100784143
2003-07-28,35.01862190545315
2003-07-29,34.79514266471796
2003-07-30,37.8540160454
2003-07-31,42.63639273393756
2003-08-01,42.354839380159646
2003-08-02,39.36409610114225
2003-08-03,35.092497985394736
2003-08-04,31.836160339455713
2003-08-05,31.161259457595484
2003-08-06,34.07774448308238
2003-08-07,33.6600283917913
2003-08-08,30.958487333804733
2003-08-09,29.911401392728937
2003-08-10,29.696952353029744
2003-08-11,28.067658504570588
2003-08-12,26.861613503414567
2003-08-13,26.91845422575868
2003-08-14,24.59673734054308
2003-08-15,22.603014552238267
2003-08-16,21.45059094405296
2003-08-17,19.31914472316364
2003-08-18,18.49197037832583
2003-08-19,17.921174011385386
2003-08-20,18.01627498209853
2003-08-21,20.53253332885483
2003-08-22,23.39713637823085
2003-08-23,31.67610526819007
2003-08-24,46.66751700415141
2003-08-25,48.395876047630665
2003-08-26,44.46167041086248
2003-08-27,41.41287989813838
2003-08-28,39.13417845406539
2003-08-29,40.45114017264362
2003-08-30,41.07043112945576
2003-08-31,38.91962947120431
2003-09-01,35.01171480102785
2003-09-02,32.02413353672554
2003-09-03,30.74274610240007
2003-09-04,32.216164173401694
2003-09-05,35.14529711673699
2003-09-06,35.74478934472941
2003-09-07,35.09747183551636
2003-09-08,33.398391607004754
2003-09-09,33.163152496751444
2003-09-10,31.89413613432565
2003-09-11,30.996459402943792
2003-09-12,30.46525039878
2003-09-13,28.429650438449375
2003-09-14,27.953045448961248
2003-09-15,26.88711137482088
2003-09-16,24.27386861581032
2003-09-17,23.444415255980534
2003-09-18,21.74841777785497
2003-09-19,21.020129138939676
2003-09-20,19.897184499701694
2003-09-21,19.40617932891866
2003-09-22,21.689304552636877
2003-09-23,25.82290024255486
2003-09-24,24.397493170670465
2003-09-25,23.484811929565037
2003-09-26,23.38777142084404
2003-09-27,22.61866366213729
2003-09-28,21.825862422463135
2003-09-29,20.448001809510387
2003-09-30,20.857980712007695
2003-10-01,33.34375
2003-10-02,33.4453125
2003-10-03,31.1171875
2003-10-04,28.078125
2003-10-05,24.953125
2003-10-06,22.015625
2003-10-07,19.1171875
2003-10-08,16.484375
2003-10-09,14.25
2003-10-10,12.3125
2003-10-11,10.5234375
2003-10-12,8.875
2003-10-13,7.3828125
2003-10-14,6.0234375
2003-10-15,4.828125
2003-10-16,3.7734375
2003-10-17,2.859375
2003-10-18,2.0859375
2003-10-19,1.46875
2003-10-20,0.9921875
2003-10-21,0.671875
2003-10-22,0.46875
2003-10-23,0.34375
2003-10-24,0.265625
2003-10-25,0.21875
2003-10-26,0.171875
2003-10-27,0.125
2003-10-28,0.09375
2003-10-29,0.078125
2003-10-30,0.06249999999999999
2003-10-31,0.06249999999999999
2003-11-01,0.046875
2003-11-02,0.03125
2003-11-03,0.5625
2003-11-04,2.71875
2003-11-05,3.78125
2003-11-06,3.5859375
2003-11-07,3.1328125
2003-11-08,2.6953125
2003-11-09,2.328125
2003-11-10,2.0234375
2003-11-11,1.734375
2003-11-12,1.484375
2003-11-13,1.296875
2003-11-14,1.109375
2003-11-15,0.9375
2003-11-16,0.78125
2003-11-17,0.65625
2003-11-18,0.53125
2003-11-19,0.40625
2003-11-20,0.328125
2003-11-21,0.234375
2003-11-22,0.171875
2003-11-23,0.109375
2003-11-24,0.06249999999999999
2003-11-25,0.046875
2003-11-26,0.03125
2003-11-27,0.015625
2003-11-28,0.0
2003-11-29,0.0
2003-11-30,0.0
2003-12-01,0.0
2003-12-02,0.0
2003-12-03,0.0
2003-12-04,0.0
2003-12-05,0.0
2003-12-06,0.0
2003-12-07,0.0
2003-12-08,0.0
2003-12-09,0.0
2003-12-10,0.0
2003-12-11,0.0
2003-12-12,0.0
2003-12-13,0.0
2003-12-14,0.0
2003-12-15,0.0
2003-12-16,0.0
2003-12-17,0.0
2003-12-18,0.0
2003-12-19,0.0
2003-12-20,0.0
2003-12-21,0.0
2003-12-22,0.0
2003-12-23,0.0
2003-12-24,0.0
2003-12-25,0.0
2003-12-26,0.0
2003-12-27,0.0
2003-12-28,0.0
2003-12-29,0.0
2003-12-30,0.0
2003-12-31,0.0
2004-01-01,0.0
2004-01-02,0.0
2004-01-03,0.0
2004-01-04,0.0
2004-01-05,0.0
2004-01-06,0.0
2004-01-07,0.0
2004-01-08,0.0
2004-01-09,0.0
2004-01-10,0.0
2004-01-11,0.0
2004-01-12,0.0
2004-01-13,0.0
2004-01-14,0.0
2004-01-15,0.0
2004-01-16,0.0
2004-01-17,0.0
2004-01-18,0.0
2004-01-19,0.0
2004-01-20,0.0
2004-01-21,0.0
2004-01-22,0.0
2004-01-23,0.0
2004-01-24,0.0
2004-01-25,0.0
2004-01-26,0.0
2004-01-27,0.0
2004-01-28,0.0
2004-01-29,0.0
2004-01-30,0.0
2004-01-31,0.0
2004-02-01,0.0
2004-02-02,0.0
2004-02-03,0.0
2004-02-04,0.0
2004-02-05,0.0
2004-02-06,0.0
2004-02-07,0.0
2004-02-08,0.0
2004-02-09,0.0
2004-02-10,0.0
2004-02-11,0.0
2004-02-12,0.0
2004-02-13,0.0
2004-02-14,0.0
2004-02-15,0.0
2004-02-16,0.0
2004-02-17,0.0
2004-02-18,0.0
2004-02-19,0.0
2004-02-20,0.0
2004-02-21,0.0
2004-02-22,0.0
2004-02-23,0.0
2004-02-24,0.0
2004-02-25,0.0
2004-02-26,0.0
2004-02-27,0.0
2004-02-28,0.0
2004-02-29,0.0
2004-03-01,0.0
2004-03-02,0.0
2004-03-03,0.0
2004-03-04,0.0
2004-03-05,0.0
2004-03-06,0.0
2004-03-07,0.0
2004-03-08,0.0
2004-03-09,0.0
2004-03-10,0.0
2004-03-11,0.0
2004-03-12,0.0
2004-03-13,0.0
2004-03-14,0.0
2004-03-15,0.0
2004-03-16,0.0
2004-03-17,0.0
2004-03-18,0.0
2004-03-19,0.0
2004-03-20,0.0
2004-03-21,0.0
2004-03-22,0.0
2004-03-23,0.0
2004-03-24,0.0
2004-03-25,0.0
2004-03-26,0.0
2004-03-27,0.0
2004-03-28,0.0
2004-03-29,0.0
2004-03-30,0.0
2004-03-31,0.0
2004-04-01,0.0
2004-04-02,0.0
2004-04-03,0.0
2004-04-04,0.0
2004-04-05,0.0
2004-04-06,0.0
2004-04-07,0.0
2004-04-08,0.0
2004-04-09,0.0
2004-04-10,0.0
2004-04-11,0.0
2004-04-12,0.0
2004-04-13,0.0
2004-04-14,0.0
2004-04-15,0.0
2004-04-16,0.0
2004-04-17,0.0
2004-04-18,0.0
2004-04-19,0.0
2004-04-20,0.0
2004-04-21,0.0
2004-04-22,0.0
2004-04-23,0.0
2004-04-24,0.0
2004-04-25,0.0
2004-04-26,0.0
2004-04-27,0.0
2004-04-28,0.0
2004-04-29,0.0
2004-04-30,0.0
2004-05-01,1.21
2004-05-02,1.2049999999999998
2004-05-03,1.1955
2004-05-04,1.1860000000000002
2004-05-05,9.857011627906973
2004-05-06,25.87293818550688
2004-05-07,26.0109381663113
2004-05-08,18.374071349712008
2004-05-09,15.600248817737016
2004-05-10,13.82852331223289
2004-05-11,15.106589201178531
2004-05-12,12.014163557125359
2004-05-13,8.184375543680876
2004-05-14,12.02101765769106
2004-05-15,8.248211353017199
2004-05-16,7.118445719751317
2004-05-17,11.538487857095063
2004-05-18,8.232112469437658
2004-05-19,5.851587881953512
2004-05-20,8.790215354495874
2004-05-21,5.053830488900297
2004-05-22,5.013095325105151
2004-05-23,7.000465126307091
2004-05-24,8.611279675113517
2004-05-25,11.338354729678214
2004-05-26,19.429847326880843
2004-05-27,35.532363687194355
2004-05-28,78.42264448854321
2004-05-29,135.04618221871908
2004-05-30,285.97703000994306
2004-05-31,287.8019629762297
2004-06-01,346.5537998796991
2004-06-02,425.58875819034745
2004-06-03,495.3376186404154
2004-06-04,640.9026583075868
2004-06-05,886.5702828040851
2004-06-06,1233.7822011367525
2004-06-07,1491.2368466756361
2004-06-08,1612.904411848982
2004-06-09,1568.4020444627793
2004-06-10,1364.791516859495
2004-06-11,1254.9794304139812
2004-06-12,1159.8609487111294
2004-06-13,959.0531145212865
2004-06-14,728.7493940406562
2004-06-15,687.4726429198961
2004-06-16,659.9058577364963
2004-06-17,639.7379103018569
2004-06-18,544.0764999871415
2004-06-19,497.25264714561274
2004-06-20,351.63143705977467
2004-06-21,325.1763697758241
2004-06-22,295.16787041055875
2004-06-23,263.52929250252976
2004-06-24,242.3227666265757
2004-06-25,222.83155279925592
2004-06-26,183.16352889013842
2004-06-27,182.06661137728275
2004-06-28,175.86809647838754
2004-06-29,167.23516534451724
2004-06-30,156.37648666224786
2004-07-01,134.2298325147258
2004-07-02,126.6039549977419
2004-07-03,118.20661919345405
2004-07-04,110.23245516094104
2004-07-05,89.84955066650949
2004-07-06,79.847258822976
2004-07-07,73.19195170376665
2004-07-08,68.67552515832043
2004-07-09,61.57960665312044
2004-07-10,57.6297467250838
2004-07-11,53.91828991511263
2004-07-12,50.946499335261166
2004-07-13,51.35972633720896
2004-07-14,58.92664204838362
2004-07-15,70.02439331274307
2004-07-16,77.31031516426611
2004-07-17,74.26973655725737
2004-07-18,73.92142428454483
2004-07-19,73.39910977119408
2004-07-20,70.83661389184063
2004-07-21,66.92129963691244
2004-07-22,62.81714990159191
2004-07-23,60.77435897100059
2004-07-24,60.499624695031656
2004-07-25,62.632976994393715
2004-07-26,71.35751209252109
2004-07-27,87.96176084833168
2004-07-28,90.34919516677132
2004-07-29,85.78583450332795
2004-07-30,76.08363429753189
2004-07-31,70.83820877069441
2004-08-01,62.18438116897538
2004-08-02,56.93949859207156
2004-08-03,55.014027673240506
2004-08-04,68.02706139641802
2004-08-05,108.65319186586481
2004-08-06,143.8577741404678
2004-08-07,181.44987624014715
2004-08-08,248.3809044658572
2004-08-09,254.85267926553988
2004-08-10,251.63981527708432
2004-08-11,185.43967611627227
2004-08-12,169.08634830500554
2004-08-13,138.31718038645744
2004-08-14,125.02469238765909
2004-08-15,118.93597397472803
2004-08-16,119.44938559036797
2004-08-17,127.07518974989037
2004-08-18,136.8914134000978
2004-08-19,217.60388858314244
2004-08-20,454.40337826089393
2004-08-21,528.0576855123671
2004-08-22,528.6681265307973
2004-08-23,496.19789460208096
2004-08-24,457.36122878890166
2004-08-25,420.5423465468681
2004-08-26,239.6688628212018
2004-08-27,219.47014694391532
2004-08-28,147.53620890975455
2004-08-29,128.16711516441282
2004-08-30,123.10310922296502
2004-08-31,104.47026774288805
2004-09-01,93.98068522218368
2004-09-02,88.32035598808628
2004-09-03,82.67241529467121
2004-09-04,74.37951585199195
2004-09-05,77.40887971031991
2004-09-06,77.66490211028606
2004-09-07,77.75340867868285
2004-09-08,78.47694648612588
2004-09-09,85.74344220207574
2004-09-10,78.281940694978
2004-09-11,74.4014079765585
2004-09-12,72.82048403862588
2004-09-13,72.14983109224967
2004-09-14,76.86808846859128
2004-09-15,81.04263732537636
2004-09-16,103.13256121907115
2004-09-17,101.04504490682005
2004-09-18,96.07576364014358
2004-09-19,88.39360388850419
2004-09-20,88.23907433443695
2004-09-21,87.73372178487458
2004-09-22,80.3022373758473
2004-09-23,73.79217056571522
2004-09-24,68.94943817144174
2004-09-25,60.856194317299206
2004-09-26,56.74280080945303
2004-09-27,52.749901974040036
2004-09-28,46.974512388989424
2004-09-29,41.33970617833638
2004-09-30,45.63040364909141
2004-10-01,61.484375
2004-10-02,67.2734375
2004-10-03,83.34375
2004-10-04,98.265625
2004-10-05,96.2265625
2004-10-06,87.7421875
2004-10-07,79.6171875
2004-10-08,72.2421875
2004-10-09,65.3203125
2004-10-10,59.015625
2004-10-11,53.2421875
2004-10-12,48.1875
2004-10-13,43.6171875
2004-10-14,39.265625
2004-10-15,35.25
2004-10-16,31.4140625
2004-10-17,27.875
2004-10-18,24.75
2004-10-19,21.7265625
2004-10-20,19.0546875
2004-10-21,16.8671875
2004-10-22,14.8671875
2004-10-23,12.9921875
2004-10-24,11.328125
2004-10-25,9.8984375
2004-10-26,8.6015625
2004-10-27,7.390625
2004-10-28,6.3125
2004-10-29,5.359375
2004-10-30,4.515625
2004-10-31,3.7578125
2004-11-01,3.078125
2004-11-02,2.5
2004-11-03,1.9999999999999998
2004-11-04,1.5625
2004-11-05,1.1640625
2004-11-06,0.828125
2004-11-07,0.5703125
2004-11-08,0.390625
2004-11-09,0.2734375
2004-11-10,0.1953125
2004-11-11,0.1484375
2004-11-12,0.109375
2004-11-13,0.0859375
2004-11-14,0.06249999999999999
2004-11-15,0.046875
2004-11-16,0.0390625
2004-11-17,0.03125
2004-11-18,0.0234375
2004-11-19,0.015625
2004-11-20,0.007812500000000002
2004-11-21,0.007812500000000002
2004-11-22,0.0
2004-11-23,0.0
2004-11-24,0.0
2004-11-25,0.0
2004-11-26,0.0
2004-11-27,0.0
2004-11-28,0.0
2004-11-29,0.0
2004-11-30,0.0
2004-12-01,0.0
2004-12-02,0.0
2004-12-03,0.0
2004-12-04,0.0
2004-12-05,0.0
2004-12-06,0.0
2004-12-07,0.0
2004-12-08,0.0
2004-12-09,0.0
2004-12-10,0.0
2004-12-11,0.0
2004-12-12,0.0
2004-12-13,0.0
2004-12-14,0.0
2004-12-15,0.0
2004-12-16,0.0
2004-12-17,0.0
2004-12-18,0.0
2004-12-19,0.0
2004-12-20,0.0
2004-12-21,0.0
2004-12-22,0.0
2004-12-23,0.0
2004-12-24,0.0
2004-12-25,0.0
2004-12-26,0.0
2004-12-27,0.0
2004-12-28,0.0
2004-12-29,0.0
2004-12-30,0.0
2004-12-31,0.0
2005-01-01,0.0
2005-01-02,0.0
2005-01-03,0.0
2005-01-04,0.0
2005-01-05,0.0
2005-01-06,0.0
2005-01-07,0.0
2005-01-08,0.0
2005-01-09,0.0
2005-01-10,0.0
2005-01-11,0.0
2005-01-12,0.0
2005-01-13,0.0
2005-01-14,0.0
2005-01-15,0.0
2005-01-16,0.0
2005-01-17,0.0
2005-01-18,0.0
2005-01-19,0.0
2005-01-20,0.0
2005-01-21,0.0
2005-01-22,0.0
2005-01-23,0.0
2005-01-24,0.0
2005-01-25,0.0
2005-01-26,0.0
2005-01-27,0.0
2005-01-28,0.0
2005-01-29,0.0
2005-01-30,0.0
2005-01-31,0.0
2005-02-01,0.0
2005-02-02,0.0
2005-02-03,0.0
2005-02-04,0.0
2005-02-05,0.0
2005-02-06,0.0
2005-02-07,0.0
2005-02-08,0.0
2005-02-09,0.0
2005-02-10,0.0
2005-02-11,0.0
2005-02-12,0.0
2005-02-13,0.0
2005-02-14,0.0
2005-02-15,0.0
2005-02-16,0.0
2005-02-17,0.0
2005-02-18,0.0
2005-02-19,0.0
2005-02-20,0.0
2005-02-21,0.0
2005-02-22,0.0
2005-02-23,0.0
2005-02-24,0.0
2005-02-25,0.0
2005-02-26,0.0
2005-02-27,0.0
2005-02-28,0.0
2005-03-01,0.0
2005-03-02,0.0
2005-03-03,0.0
2005-03-04,0.0
2005-03-05,0.0
2005-03-06,0.0
2005-03-07,0.0
2005-03-08,0.0
2005-03-09,0.0
2005-03-10,0.0
2005-03-11,0.0
2005-03-12,0.0
2005-03-13,0.0
2005-03-14,0.0
2005-03-15,0.0
2005-03-16,0.0
2005-03-17,0.0
2005-03-18,0.0
2005-03-19,0.0
2005-03-20,0.0
2005-03-21,0.0
2005-03-22,0.0
2005-03-23,0.0
2005-03-24,0.0
2005-03-25,0.0
2005-03-26,0.0
2005-03-27,0.0
2005-03-28,0.0
2005-03-29,0.0
2005-03-30,0.0
2005-03-31,0.0
2005-04-01,0.0
2005-04-02,0.0
2005-04-03,0.0
2005-04-04,0.0
2005-04-05,0.0
2005-04-06,0.0
2005-04-07,0.0
2005-04-08,0.0
2005-04-09,0.0
2005-04-10,0.0
2005-04-11,0.0
2005-04-12,0.0
2005-04-13,0.0
2005-04-14,0.0
2005-04-15,0.0
2005-04-16,0.0
2005-04-17,0.0
2005-04-18,0.0
2005-04-19,0.0
2005-04-20,0.0
2005-04-21,0.0
2005-04-22,0.0
2005-04-23,0.0
2005-04-24,0.0
2005-04-25,0.0
2005-04-26,0.0
2005-04-27,0.0
2005-04-28,0.4375
2005-04-29,2.40625
2005-04-30,3.84375
2005-05-01,43.211507128309584
2005-05-02,36.48251016635857
2005-05-03,15.543030501374524
2005-05-04,19.28119399785638
2005-05-05,20.503599127352032
2005-05-06,19.898544480171488
2005-05-07,17.04042693209915
2005-05-08,14.62377926173252
2005-05-09,9.957573239021517
2005-05-10,6.229954407627955
2005-05-11,17.242546492111455
2005-05-12,12.436543156685373
2005-05-13,8.269981498612411
2005-05-14,5.737279151943468
2005-05-15,3.201098755626163
2005-05-16,16.11348162475832
2005-05-17,7.035569321533946
2005-05-18,2.961119675456392
2005-05-19,2.91819277108434
2005-05-20,5.471631419939591
2005-05-21,4.912296807827728
2005-05-22,6.189254541752448
2005-05-23,10.157959318761636
2005-05-24,12.255350916909222
2005-05-25,13.52808895415924
2005-05-26,16.380196790802394
2005-05-27,25.887052237139834
2005-05-28,45.627279656084276
2005-05-29,98.58305173115083
2005-05-30,289.2474090821932
2005-05-31,356.9047374109589
2005-06-01,397.96929699578027
2005-06-02,486.3298995493934
2005-06-03,726.1890318127122
2005-06-04,1155.9566494638245
2005-06-05,1526.9253193751158
2005-06-06,1683.3106223070672
2005-06-07,1758.4431187883542
2005-06-08,1775.380572655219
2005-06-09,1791.7617488221265
2005-06-10,1763.2445607212524
2005-06-11,1664.6019898576444
2005-06-12,1529.0287430841902
2005-06-13,1318.393925005847
2005-06-14,1205.5607267330354
2005-06-15,984.2937872427943
2005-06-16,899.4833484261305
2005-06-17,681.0683335202388
2005-06-18,560.7748330652275
2005-06-19,539.19312648704
2005-06-20,521.1087821883347
2005-06-21,504.67148041074955
2005-06-22,479.295237521591
2005-06-23,416.4391960920548
2005-06-24,380.135710936715
2005-06-25,300.4089402056984
2005-06-26,290.4809912713206
2005-06-27,278.0194358148011
2005-06-28,258.70657384244
2005-06-29,238.59753416315218
2005-06-30,196.85312174760338
2005-07-01,169.00969066169756
2005-07-02,156.00723056654735
2005-07-03,144.99427423044384
2005-07-04,123.23752026132314
2005-07-05,112.49160187936258
2005-07-06,90.93229552583311
2005-07-07,82.8734345574197
2005-07-08,79.10193845125687
2005-07-09,75.00171323793396
2005-07-10,68.26497756859236
2005-07-11,71.50932854870398
2005-07-12,87.55539921957855
2005-07-13,109.29489838979475
2005-07-14,144.511351658202
2005-07-15,159.59610528033818
2005-07-16,155.31395780791433
2005-07-17,147.97556382391954
2005-07-18,134.5516014212811
2005-07-19,151.84273281196855
2005-07-20,314.7484225417279
2005-07-21,344.9521132687416
2005-07-22,335.0612791014703
2005-07-23,310.8349396776161
2005-07-24,220.09642854305525
2005-07-25,169.31537709274698
2005-07-26,140.0775460102171
2005-07-27,130.83536985462652
2005-07-28,119.6191753451997
2005-07-29,121.03771125032806
2005-07-30,131.8508883671319
2005-07-31,149.47587515964665
2005-08-01,158.6812924004126
2005-08-02,152.55429484575416
2005-08-03,134.36547482204952
2005-08-04,149.93546181173747
2005-08-05,196.00617171185527
2005-08-06,276.09776973274535
2005-08-07,462.55861028980587
2005-08-08,463.4466009740028
2005-08-09,274.3624019114758
2005-08-10,457.9285106576555
2005-08-11,473.0316525273455
2005-08-12,501.31908182116933
2005-08-13,539.2561759374756
2005-08-14,544.3038813917074
2005-08-15,526.9428974833808
2005-08-16,497.5033209687437
2005-08-17,467.97718928294773
2005-08-18,414.98604014152323
2005-08-19,243.77970263135023
2005-08-20,236.14261302350548
2005-08-21,229.8778476540457
2005-08-22,226.5255687870798
2005-08-23,224.5426112120507
2005-08-24,174.91860984510097
2005-08-25,154.8450327012666
2005-08-26,145.08327539499632
2005-08-27,140.83085038025726
2005-08-28,144.92724552894552
2005-08-29,138.12045913966458
2005-08-30,125.17656686895195
2005-08-31,99.40563277477119
2005-09-01,88.84791212591266
2005-09-02,86.0975576557495
2005-09-03,84.08405145690334
2005-09-04,73.40729149600462
2005-09-05,68.749682834785
2005-09-06,63.72553706738601
2005-09-07,59.40200127029755
2005-09-08,61.65460745334127
2005-09-09,72.82600571683828
2005-09-10,93.59951707165104
2005-09-11,92.28963162510962
2005-09-12,83.2627732028639
2005-09-13,80.38530572670315
2005-09-14,78.79912834558904
2005-09-15,76.71863178674899
2005-09-16,70.9015902712677
2005-09-17,68.08068354123093
2005-09-18,64.09145285418779
2005-09-19,52.706031252179706
2005-09-20,48.55937922642843
2005-09-21,55.3283055930751
2005-09-22,90.6317921314639
2005-09-23,137.38490884652077
2005-09-24,178.1064020557007
2005-09-25,174.4740978549896
2005-09-26,160.81264115355023
2005-09-27,148.4037503737042
2005-09-28,138.57911754000102
2005-09-29,126.7107390455861
2005-09-30,106.97894825829599
2005-10-01,133.6328125
2005-10-02,121.5234375
2005-10-03,113.7890625
2005-10-04,123.96875
2005-10-05,141.65625
2005-10-06,155.7265625
2005-10-07,151.90625
2005-10-08,140.09375
2005-10-09,128.0390625
2005-10-10,116.890625
2005-10-11,106.5703125
2005-10-12,97.1171875
2005-10-13,88.5390625
2005-10-14,80.453125
2005-10-15,73.4765625
2005-10-16,67.734375
2005-10-17,61.546875
2005-10-18,55.6328125
2005-10-19,50.140625
2005-10-20,45.171875
2005-10-21,40.5546875
2005-10-22,36.2890625
2005-10-23,32.546875
2005-10-24,29.125
2005-10-25,25.890625
2005-10-26,22.875
2005-10-27,20.0546875
2005-10-28,17.421875
2005-10-29,14.9453125
2005-10-30,12.734375
2005-10-31,10.7578125
2005-11-01,8.9453125
2005-11-02,7.3203125
2005-11-03,5.875
2005-11-04,4.6015625
2005-11-05,3.46875
2005-11-06,2.5078125
2005-11-07,1.7890625
2005-11-08,1.2890625
2005-11-09,0.9375
2005-11-10,0.6953125
2005-11-11,0.5390625
2005-11-12,0.4296875
2005-11-13,0.3515625
2005-11-14,0.2890625
2005-11-15,0.2421875
2005-11-16,0.203125
2005-11-17,0.171875
2005-11-18,0.1484375
2005-11-19,0.125
2005-11-20,0.109375
2005-11-21,0.09375
2005-11-22,0.078125
2005-11-23,0.0703125
2005-11-24,0.06249999999999999
2005-11-25,0.05468749999999999
2005-11-26,0.046875
2005-11-27,0.03125
2005-11-28,0.0234375
2005-11-29,0.015625
2005-11-30,0.007812500000000002
2005-12-01,0.007812500000000002
2005-12-02,0.0
2005-12-03,0.0
2005-12-04,0.0
2005-12-05,0.0
2005-12-06,0.0
2005-12-07,0.0
2005-12-08,0.0
2005-12-09,0.0
2005-12-10,0.0
2005-12-11,0.0
2005-12-12,0.0
2005-12-13,0.0
2005-12-14,0.0
2005-12-15,0.0
2005-12-16,0.0
2005-12-17,0.0
2005-12-18,0.0
2005-12-19,0.0
2005-12-20,0.0
2005-12-21,0.0
2005-12-22,0.0
2005-12-23,0.0
2005-12-24,0.0
2005-12-25,0.0
2005-12-26,0.0
2005-12-27,0.0
2005-12-28,0.0
2005-12-29,0.0
2005-12-30,0.0
2005-12-31,0.0
2006-01-01,0.0
2006-01-02,0.0
2006-01-03,0.0
2006-01-04,0.0
2006-01-05,0.0
2006-01-06,0.0
2006-01-07,0.0
2006-01-08,0.0
2006-01-09,0.0
2006-01-10,0.0
2006-01-11,0.0
2006-01-12,0.0
2006-01-13,0.0
2006-01-14,0.0
2006-01-15,0.0
2006-01-16,0.0
2006-01-17,0.0
2006-01-18,0.0
2006-01-19,0.0
2006-01-20,0.0
2006-01-21,0.0
2006-01-22,0.0
2006-01-23,0.0
2006-01-24,0.0
2006-01-25,0.0
2006-01-26,0.0
2006-01-27,0.0
2006-01-28,0.0
2006-01-29,0.0
2006-01-30,0.0
2006-01-31,0.0
2006-02-01,0.0
2006-02-02,0.0
2006-02-03,0.0
2006-02-04,0.0
2006-02-05,0.0
2006-02-06,0.0
2006-02-07,0.0
2006-02-08,0.0
2006-02-09,0.0
2006-02-10,0.0
2006-02-11,0.0
2006-02-12,0.0
2006-02-13,0.0
2006-02-14,0.0
2006-02-15,0.0
2006-02-16,0.0
2006-02-17,0.0
2006-02-18,0.0
2006-02-19,0.0
2006-02-20,0.0
2006-02-21,0.0
2006-02-22,0.0
2006-02-23,0.0
2006-02-24,0.0
2006-02-25,0.0
2006-02-26,0.0
2006-02-27,0.0
2006-02-28,0.0
2006-03-01,0.0
2006-03-02,0.0
2006-03-03,0.0
2006-03-04,0.0
2006-03-05,0.0
2006-03-06,0.0
2006-03-07,0.0
2006-03-08,0.0
2006-03-09,0.0
2006-03-10,0.0
2006-03-11,0.0
2006-03-12,0.0
2006-03-13,0.0
2006-03-14,0.0
2006-03-15,0.0
2006-03-16,0.0
2006-03-17,0.0
2006-03-18,0.0
2006-03-19,0.0
2006-03-20,0.0
2006-03-21,0.0
2006-03-22,0.0
2006-03-23,0.0
2006-03-24,0.0
2006-03-25,0.0
2006-03-26,0.0
2006-03-27,0.0
2006-03-28,0.0
2006-03-29,0.0
2006-03-30,0.0
2006-03-31,0.0
2006-04-01,0.0
2006-04-02,0.0
2006-04-03,0.0
2006-04-04,0.0
2006-04-05,0.0
2006-04-06,0.0
2006-04-07,0.0
2006-04-08,0.0
2006-04-09,0.0
2006-04-10,0.0
2006-04-11,0.0
2006-04-12,0.0
2006-04-13,0.0
2006-04-14,0.0
2006-04-15,0.0
2006-04-16,0.0
2006-04-17,0.0
2006-04-18,0.0
2006-04-19,0.0
2006-04-20,0.0
2006-04-21,0.0
2006-04-22,0.0
2006-04-23,0.0
2006-04-24,0.0
2006-04-25,0.0
2006-04-26,0.0
2006-04-27,0.0
2006-04-28,0.0
2006-04-29,0.0
2006-04-30,0.0
2006-05-01,1.1700000000000002
2006-05-02,1.21
2006-05-03,1.2049999999999998
2006-05-04,1.1954999999999998
2006-05-05,1.186
2006-05-06,1.1864999999999999
2006-05-07,1.1864999999999997
2006-05-08,1.1864999999999997
2006-05-09,1.1864999999999999
2006-05-10,1.1864999999999999
2006-05-11,1.1865000000000003
2006-05-12,1.1864999999999999
2006-05-13,18.8258125
2006-05-14,4.554711425206128
2006-05-15,8.78330685729416
2006-05-16,8.847228932783876
2006-05-17,10.662382208226727
2006-05-18,5.9252949818294285
2006-05-19,7.494989401556141
2006-05-20,13.382535910159309
2006-05-21,9.840567276830003
2006-05-22,8.728507047351867
2006-05-23,16.697662122796146
2006-05-24,44.81476469607238
2006-05-25,231.3646594726662
2006-05-26,363.6684351420029
2006-05-27,507.35998332688007
2006-05-28,584.9295098035057
2006-05-29,594.358497829816
2006-05-30,599.9187285721381
2006-05-31,657.2238877095059
2006-06-01,745.3668701639187
2006-06-02,785.5462364576061
2006-06-03,770.1362075615456
2006-06-04,656.4876783868323
2006-06-05,633.9789188811304
2006-06-06,679.6959077417836
2006-06-07,714.7394102287442
2006-06-08,884.7577624417023
2006-06-09,1178.7787909147926
2006-06-10,1216.9197519146987
2006-06-11,1006.3747134559057
2006-06-12,927.0643555101564
2006-06-13,898.0814824991949
2006-06-14,906.8567169305458
2006-06-15,735.1105614801224
2006-06-16,708.1697950041118
2006-06-17,677.3558932828242
2006-06-18,567.2982216746032
2006-06-19,531.5332063397378
2006-06-20,382.6459881032772
2006-06-21,339.5089837603445
2006-06-22,324.24924927502553
2006-06-23,323.9124791145002
2006-06-24,385.69699204054507
2006-06-25,357.923153205017
2006-06-26,322.09848013705465
2006-06-27,319.04718249222026
2006-06-28,331.1871301149035
2006-06-29,397.61241957346175
2006-06-30,365.96112094107843
2006-07-01,299.1214173839226
2006-07-02,328.1759793862903
2006-07-03,308.6825009966295
2006-07-04,249.99648003113975
2006-07-05,205.95615786935986
2006-07-06,191.2229334832588
2006-07-07,166.00639568566774
2006-07-08,156.1702510241546
2006-07-09,151.15682978802923
2006-07-10,143.41325544273485
2006-07-11,124.47427192087291
2006-07-12,112.68782941265157
2006-07-13,89.27947935257814
2006-07-14,80.47737310850302
2006-07-15,76.73477842207045
2006-07-16,75.3953726596691
2006-07-17,70.93131476187104
2006-07-18,72.2012647860443
2006-07-19,85.03578265659084
2006-07-20,82.74098466002744
2006-07-21,80.55363007645583
2006-07-22,113.9555310707754
2006-07-23,139.71543070200158
2006-07-24,164.2214310065339
2006-07-25,166.08884251656983
2006-07-26,164.0750502217447
2006-07-27,156.13312422432423
2006-07-28,139.98185774547693
2006-07-29,137.66389925989037
2006-07-30,133.20396429385806
2006-07-31,118.15813084246196
2006-08-01,110.26868460743675
2006-08-02,86.67057525271966
2006-08-03,80.68059693691694
2006-08-04,80.96940477387533
2006-08-05,83.291431220919
2006-08-06,103.85733243294064
2006-08-07,105.98842827955092
2006-08-08,101.58420086778099
2006-08-09,96.06947058252622
2006-08-10,93.4639255779814
2006-08-11,77.5190010708276
2006-08-12,67.47909442931335
2006-08-13,65.6869283504151
2006-08-14,62.429784684171665
2006-08-15,59.051384907428414
2006-08-16,65.36623033822451
2006-08-17,92.45019756744298
2006-08-18,93.42353702805678
2006-08-19,92.89943473783667
2006-08-20,111.13195847781778
2006-08-21,130.2886187826165
2006-08-22,131.07498832059636
2006-08-23,124.61961437108842
2006-08-24,119.21320399881962
2006-08-25,116.90458041788655
2006-08-26,111.44453992315078
2006-08-27,91.57001325227274
2006-08-28,77.17638003240947
2006-08-29,71.38205705855952
2006-08-30,65.53646900437595
2006-08-31,62.97874236674285
2006-09-01,64.22023489028138
2006-09-02,68.90151533985342
2006-09-03,69.91639158396615
2006-09-04,72.6248020901235
2006-09-05,94.26260270728527
2006-09-06,122.16101778421238
2006-09-07,167.87294601493818
2006-09-08,163.16284602896442
2006-09-09,112.8600954858341
2006-09-10,107.44512291791939
2006-09-11,104.32790587063283
2006-09-12,101.87320141120941
2006-09-13,97.91382655254272
2006-09-14,97.57566538549587
2006-09-15,86.26691389100273
2006-09-16,80.57881757011317
2006-09-17,77.21799355358581
2006-09-18,76.07631847350304
2006-09-19,77.9180468474056
2006-09-20,77.57909118631471
2006-09-21,74.0853590992299
2006-09-22,61.63769224035897
2006-09-23,55.99281295971705
2006-09-24,50.47924523968143
2006-09-25,46.10957340823037
2006-09-26,33.70801778285341
2006-09-27,30.884682425317695
2006-09-28,32.246503626478365
2006-09-29,29.185095509786226
2006-09-30,25.839563523747305
2006-10-01,51.921875
2006-10-02,46.90625
2006-10-03,42.1640625
2006-10-04,37.6796875
2006-10-05,33.7421875
2006-10-06,30.171875
2006-10-07,26.6953125
2006-10-08,23.46875
2006-10-09,20.4375
2006-10-10,17.5625
2006-10-11,15.1328125
2006-10-12,12.9921875
2006-10-13,11.0
2006-10-14,9.125
2006-10-15,7.453125
2006-10-16,5.9296875
2006-10-17,5.796875
2006-10-18,7.015625
2006-10-19,6.734375
2006-10-20,5.6484375
2006-10-21,4.71875
2006-10-22,3.953125
2006-10-23,3.3359375
2006-10-24,2.8515625
2006-10-25,2.4765625
2006-10-26,2.140625
2006-10-27,1.828125
2006-10-28,1.546875
2006-10-29,1.3046875
2006-10-30,1.109375
2006-10-31,0.9296875
2006-11-01,0.765625
2006-11-02,0.6328125
2006-11-03,0.5234375
2006-11-04,0.421875
2006-11-05,0.328125
2006-11-06,0.25
2006-11-07,0.1875
2006-11-08,0.1328125
2006-11-09,0.09375
2006-11-10,0.06249999999999999
2006-11-11,0.046875
2006-11-12,0.0390625
2006-11-13,0.03125
2006-11-14,0.0234375
2006-11-15,0.015625
2006-11-16,0.015625
2006-11-17,0.015625
2006-11-18,0.007812500000000002
2006-11-19,0.007812500000000002
2006-11-20,0.007812500000000002
2006-11-21,0.0
2006-11-22,0.0
2006-11-23,0.0
2006-11-24,0.0
2006-11-25,0.0
2006-11-26,0.0
2006-11-27,0.0
2006-11-28,0.0
2006-11-29,0.0
2006-11-30,0.0
2006-12-01,0.0
2006-12-02,0.0
2006-12-03,0.0
2006-12-04,0.0
2006-12-05,0.0
2006-12-06,0.0
2006-12-07,0.0
2006-12-08,0.0
2006-12-09,0.0
2006-12-10,0.0
2006-12-11,0.0
2006-12-12,0.0
2006-12-13,0.0
2006-12-14,0.0
2006-12-15,0.0
2006-12-16,0.0
2006-12-17,0.0
2006-12-18,0.0
2006-12-19,0.0
2006-12-20,0.0
2006-12-21,0.0
2006-12-22,0.0
2006-12-23,0.0
2006-12-24,0.0
2006-12-25,0.0
2006-12-26,0.0
2006-12-27,0.0
2006-12-28,0.0
2006-12-29,0.0
2006-12-30,0.0
2006-12-31,0.0
2007-01-01,0.0
2007-01-02,0.0
2007-01-03,0.0
2007-01-04,0.0
2007-01-05,0.0
2007-01-06,0.0
2007-01-07,0.0
2007-01-08,0.0
2007-01-09,0.0
2007-01-10,0.0
2007-01-11,0.0
2007-01-12,0.0
2007-01-13,0.0
2007-01-14,0.0
2007-01-15,0.0
2007-01-16,0.0
2007-01-17,0.0
2007-01-18,0.0
2007-01-19,0.0
2007-01-20,0.0
2007-01-21,0.0
2007-01-22,0.0
2007-01-23,0.0
2007-01-24,0.0
2007-01-25,0.0
2007-01-26,0.0
2007-01-27,0.0
2007-01-28,0.0
2007-01-29,0.0
2007-01-30,0.0
2007-01-31,0.0
2007-02-01,0.0
2007-02-02,0.0
2007-02-03,0.0
2007-02-04,0.0
2007-02-05,0.0
2007-02-06,0.0
2007-02-07,0.0
2007-02-08,0.0
2007-02-09,0.0
2007-02-10,0.0
2007-02-11,0.0
2007-02-12,0.0
2007-02-13,0.0
2007-02-14,0.0
2007-02-15,0.0
2007-02-16,0.0
2007-02-17,0.0
2007-02-18,0.0
2007-02-19,0.0
2007-02-20,0.0
2007-02-21,0.0
2007-02-22,0.0
2007-02-23,0.0
2007-02-24,0.0
2007-02-25,0.0
2007-02-26,0.0
2007-02-27,0.0
2007-02-28,0.0
2007-03-01,0.0
2007-03-02,0.0
2007-03-03,0.0
2007-03-04,0.0
2007-03-05,0.0
2007-03-06,0.0
2007-03-07,0.0
2007-03-08,0.0
2007-03-09,0.0
2007-03-10,0.0
2007-03-11,0.0
2007-03-12,0.0
2007-03-13,0.0
2007-03-14,0.0
2007-03-15,0.0
2007-03-16,0.0
2007-03-17,0.0
2007-03-18,0.0
2007-03-19,0.0
2007-03-20,0.0
2007-03-21,0.0
2007-03-22,0.0
2007-03-23,0.0
2007-03-24,0.0
2007-03-25,0.0
2007-03-26,0.0
2007-03-27,0.0
2007-03-28,0.0
2007-03-29,0.0
2007-03-30,0.0
2007-03-31,0.0
2007-04-01,0.0
2007-04-02,0.0
2007-04-03,0.0
2007-04-04,0.0
2007-04-05,0.0
2007-04-06,0.0
2007-04-07,0.0
2007-04-08,0.0
2007-04-09,0.0
2007-04-10,0.0
2007-04-11,0.0
2007-04-12,0.0
2007-04-13,0.0
2007-04-14,0.0
2007-04-15,0.0
2007-04-16,0.0
2007-04-17,0.0
2007-04-18,0.0
2007-04-19,0.0
2007-04-20,0.0
2007-04-21,0.0
2007-04-22,0.0
2007-04-23,0.0
2007-04-24,0.0
2007-04-25,0.0
2007-04-26,0.0
2007-04-27,0.0
2007-04-28,0.0
2007-04-29,0.0
2007-04-30,0.0
2007-05-01,1.17
2007-05-02,1.21
2007-05-03,1.2049999999999996
2007-05-04,1.1954999999999998
2007-05-05,1.186
2007-05-06,1.1864999999999999
2007-05-07,1.1864999999999999
2007-05-08,1.1864999999999994
2007-05-09,1.1864999999999999
2007-05-10,1.1864999999999999
2007-05-11,1.1865
2007-05-12,4.925562499999999
2007-05-13,7.4789375
2007-05-14,1.1865
2007-05-15,1.1864999999999999
2007-05-16,1.1864999999999997
2007-05-17,14.717312500000002
2007-05-18,6.833432048681549
2007-05-19,3.8171657517184143
2007-05-20,5.446276442935492
2007-05-21,5.167055887330518
2007-05-22,9.859653021942773
2007-05-23,9.999549851754807
2007-05-24,13.404290272737082
2007-05-25,16.36744472583957
2007-05-26,93.70934368646614
2007-05-27,333.41740273129017
2007-05-28,486.60523456669597
2007-05-29,644.352916428423
2007-05-30,759.9608089976776
2007-05-31,1073.9295642018324
2007-06-01,1219.933005735192
2007-06-02,1522.0870698543904
2007-06-03,1541.5740274524749
2007-06-04,1559.8583996403968
2007-06-05,1497.5145806621913
2007-06-06,1273.8162667979634
2007-06-07,1219.927036086535
2007-06-08,1001.6571988473513
2007-06-09,929.2644196110166
2007-06-10,726.2570081698294
2007-06-11,671.5104418107193
2007-06-12,571.6175020944496
2007-06-13,484.24792248805574
2007-06-14,433.1690431411302
2007-06-15,337.89362176259107
2007-06-16,284.2252844326516
2007-06-17,260.5856653048638
2007-06-18,215.01532183675195
2007-06-19,196.62564703867537
2007-06-20,181.4905462000891
2007-06-21,165.33883556241716
2007-06-22,140.4516857764641
2007-06-23,127.507949806983
2007-06-24,118.07984633562482
2007-06-25,108.49866377108134
2007-06-26,109.62961631351898
2007-06-27,114.59789415934651
2007-06-28,111.01560215136634
2007-06-29,103.30153728617749
2007-06-30,93.41910689789968
2007-07-01,79.52598121523941
2007-07-02,76.28914195942755
2007-07-03,73.37575802390862
2007-07-04,71.20654340772145
2007-07-05,65.6701982478471
2007-07-06,60.71276484538473
2007-07-07,53.133633880357586
2007-07-08,47.42972962933525
2007-07-09,43.55767007050855
2007-07-10,38.76427883066165
2007-07-11,35.8869117727035
2007-07-12,32.790334268143276
2007-07-13,30.039589500057776
2007-07-14,27.76366855237594
2007-07-15,26.363118419728824
2007-07-16,27.855723322481957
2007-07-17,31.76209265962391
2007-07-18,35.2472480086087
2007-07-19,41.69115294927623
2007-07-20,55.068588963994394
2007-07-21,59.413269699933394
2007-07-22,62.17702596431388
2007-07-23,70.06557538921075
2007-07-24,76.18794909897143
2007-07-25,90.68360876226178
2007-07-26,92.66668950162699
2007-07-27,88.94294089757418
2007-07-28,85.43752700948113
2007-07-29,77.6607340192223
2007-07-30,72.68166882135688
2007-07-31,68.72459346608063
2007-08-01,62.0401520406155
2007-08-02,56.6994451463708
2007-08-03,52.068877365377716
2007-08-04,53.45828597164437
2007-08-05,49.585427544169264
2007-08-06,45.33397035113375
2007-08-07,40.488814327962444
2007-08-08,36.69883113651877
2007-08-09,33.1486043744267
2007-08-10,29.711273649817624
2007-08-11,27.16342898142582
2007-08-12,24.486703480809727
2007-08-13,23.151135735454062
2007-08-14,22.442497839511923
2007-08-15,25.79837759704963
2007-08-16,33.131631236480075
2007-08-17,38.36802453950266
2007-08-18,56.12773902530592
2007-08-19,63.437374286092194
2007-08-20,63.38897605396431
2007-08-21,58.94825766306573
2007-08-22,52.08045192390144
2007-08-23,48.78374463330879
2007-08-24,47.99167584869888
2007-08-25,59.81755712917471
2007-08-26,66.00362340479678
2007-08-27,71.01769465926772
2007-08-28,66.48893716685511
2007-08-29,65.28782513911868
2007-08-30,64.16490456561596
2007-08-31,63.22211421939636
2007-09-01,62.639057417021185
2007-09-02,62.17790374095353
2007-09-03,61.47660782159429
2007-09-04,84.92397190529955
2007-09-05,103.3268230683827
2007-09-06,125.35450271698164
2007-09-07,122.3148811493801
2007-09-08,120.8684390495552
2007-09-09,194.80843928028227
2007-09-10,425.4823552654585
2007-09-11,430.09898740176794
2007-09-12,406.47647910323815
2007-09-13,375.42092377839447
2007-09-14,376.87712560308273
2007-09-15,351.70966568855187
2007-09-16,280.8094229399674
2007-09-17,252.37862934163957
2007-09-18,227.9009247274903
2007-09-19,192.9554903840906
2007-09-20,180.34203076517247
2007-09-21,147.0270560707502
2007-09-22,182.07816107780877
2007-09-23,197.5424446084553
2007-09-24,196.51787625242721
2007-09-25,187.77103631869667
2007-09-26,179.4040235631144
2007-09-27,168.15999830318117
2007-09-28,158.61629329039204
2007-09-29,148.22181753525803
2007-09-30,138.63586134032295
2007-10-01,165.359375
2007-10-02,154.0078125
2007-10-03,139.4609375
2007-10-04,125.359375
2007-10-05,114.03125
2007-10-06,104.2109375
2007-10-07,95.4921875
2007-10-08,88.390625
2007-10-09,82.0859375
2007-10-10,75.109375
2007-10-11,68.21875
2007-10-12,61.6484375
2007-10-13,55.53125
2007-10-14,49.9765625
2007-10-15,44.875
2007-10-16,40.296875
2007-10-17,36.125
2007-10-18,32.2421875
2007-10-19,28.734375
2007-10-20,25.578125
2007-10-21,22.625
2007-10-22,19.8046875
2007-10-23,17.15625
2007-10-24,14.78125
2007-10-25,12.6328125
2007-10-26,10.6484375
2007-10-27,8.8203125
2007-10-28,7.1640625
2007-10-29,5.6640625
2007-10-30,4.359375
2007-10-31,3.28125
2007-11-01,2.4375
2007-11-02,1.8203125
2007-11-03,1.3671875
2007-11-04,1.046875
2007-11-05,0.8046875
2007-11-06,0.609375
2007-11-07,0.484375
2007-11-08,0.3984375
2007-11-09,0.328125
2007-11-10,0.2734375
2007-11-11,0.2265625
2007-11-12,0.1796875
2007-11-13,0.1484375
2007-11-14,0.11718750000000001
2007-11-15,0.1015625
2007-11-16,0.0859375
2007-11-17,0.078125
2007-11-18,0.0703125
2007-11-19,0.06249999999999999
2007-11-20,0.05468749999999999
2007-11-21,0.046875
2007-11-22,0.0390625
2007-11-23,0.03125
2007-11-24,0.03125
2007-11-25,0.015625
2007-11-26,0.015625
2007-11-27,0.015625
2007-11-28,0.0
2007-11-29,0.0
2007-11-30,0.5625
2007-12-01,5.578125
2007-12-02,10.78125
2007-12-03,12.96875
2007-12-04,12.578125
2007-12-05,11.546875
2007-12-06,10.4375
2007-12-07,9.390625
2007-12-08,8.484375
2007-12-09,7.625
2007-12-10,6.84375
2007-12-11,6.09375
2007-12-12,5.453125
2007-12-13,4.859375
2007-12-14,4.328125
2007-12-15,3.84375
2007-12-16,3.40625
2007-12-17,2.984375
2007-12-18,2.609375
2007-12-19,2.265625
2007-12-20,1.96875
2007-12-21,1.6875
2007-12-22,1.421875
2007-12-23,1.1875
2007-12-24,0.96875
2007-12-25,0.765625
2007-12-26,0.609375
2007-12-27,0.5
2007-12-28,0.390625
2007-12-29,0.28125
2007-12-30,0.203125
2007-12-31,0.15625
2008-01-01,0.109375
2008-01-02,0.078125
2008-01-03,0.046875
2008-01-04,0.03125
2008-01-05,0.03125
2008-01-06,0.015625
2008-01-07,0.015625
2008-01-08,0.015625
2008-01-09,0.0
2008-01-10,0.0
2008-01-11,0.0
2008-01-12,0.0
2008-01-13,0.0
2008-01-14,0.0
2008-01-15,0.0
2008-01-16,0.0
2008-01-17,0.0
2008-01-18,0.0
2008-01-19,0.0
2008-01-20,0.0
2008-01-21,0.0
2008-01-22,0.0
2008-01-23,0.0
2008-01-24,0.0
2008-01-25,0.0
2008-01-26,0.0
2008-01-27,0.0
2008-01-28,0.0
2008-01-29,0.0
2008-01-30,0.0
2008-01-31,0.0
2008-02-01,0.0
2008-02-02,0.0
2008-02-03,0.0
2008-02-04,0.0
2008-02-05,0.0
2008-02-06,0.0
2008-02-07,0.0
2008-02-08,0.0
2008-02-09,0.0
2008-02-10,0.0
2008-02-11,0.0
2008-02-12,0.0
2008-02-13,0.0
2008-02-14,0.0
2008-02-15,0.0
2008-02-16,0.0
2008-02-17,0.0
2008-02-18,0.0
2008-02-19,0.0
2008-02-20,0.0
2008-02-21,0.0
2008-02-22,0.0
2008-02-23,0.0
2008-02-24,0.0
2008-02-25,0.0
2008-02-26,0.0
2008-02-27,0.0
2008-02-28,0.0
2008-02-29,0.0
2008-03-01,0.0
2008-03-02,0.0
2008-03-03,0.0
2008-03-04,0.0
2008-03-05,0.0
2008-03-06,0.0
2008-03-07,0.0
2008-03-08,0.0
2008-03-09,0.0
2008-03-10,0.0
2008-03-11,0.0
2008-03-12,0.0
2008-03-13,0.0
2008-03-14,0.0
2008-03-15,0.0
2008-03-16,0.0
2008-03-17,0.0
2008-03-18,0.0
2008-03-19,0.0
2008-03-20,0.0
2008-03-21,0.0
2008-03-22,0.0
2008-03-23,0.0
2008-03-24,0.0
2008-03-25,0.0
2008-03-26,0.0
2008-03-27,0.0
2008-03-28,0.0
2008-03-29,0.0
2008-03-30,0.0
2008-03-31,0.0
2008-04-01,0.0
2008-04-02,0.0
2008-04-03,0.0
2008-04-04,0.0
2008-04-05,0.0
2008-04-06,0.0
2008-04-07,0.0
2008-04-08,0.0
2008-04-09,0.0
2008-04-10,0.0
2008-04-11,0.0
2008-04-12,0.0
2008-04-13,0.0
2008-04-14,0.0
2008-04-15,0.0
2008-04-16,0.0
2008-04-17,0.0
2008-04-18,0.0
2008-04-19,0.0
2008-04-20,0.0
2008-04-21,0.0
2008-04-22,0.0
2008-04-23,0.0
2008-04-24,0.0
2008-04-25,0.0
2008-04-26,0.0
2008-04-27,0.0
2008-04-28,0.0
2008-04-29,0.0
2008-04-30,0.0
2008-05-01,1.21
2008-05-02,1.2049999999999998
2008-05-03,1.1955
2008-05-04,1.186
2008-05-05,1.1864999999999999
2008-05-06,1.1864999999999997
2008-05-07,1.1864999999999997
2008-05-08,1.1864999999999999
2008-05-09,1.1864999999999999
2008-05-10,1.1865
2008-05-11,1.1864999999999999
2008-05-12,1.1864999999999999
2008-05-13,1.1865
2008-05-14,1.1864999999999999
2008-05-15,18.755
2008-05-16,32.46106250000001
2008-05-17,10.82581818181818
2008-05-18,15.36896551724138
2008-05-19,12.149999999999997
2008-05-20,4.0863175803402685
2008-05-21,9.250588235294122
2008-05-22,6.073750017237813
2008-05-23,30.479142133294513
2008-05-24,78.37124015979843
2008-05-25,290.23447092423777
2008-05-26,365.9115311030992
2008-05-27,330.00069547586224
2008-05-28,308.5732673882206
2008-05-29,362.12778186117816
2008-05-30,434.52715188809105
2008-05-31,565.6257531882585
2008-06-01,763.1614791334948
2008-06-02,1075.6695167712778
2008-06-03,886.5554239522029
2008-06-04,836.330131872895
2008-06-05,704.9902259832653
2008-06-06,649.3950000850394
2008-06-07,570.042892351327
2008-06-08,521.7197585953642
2008-06-09,476.2365445692575
2008-06-10,483.1562984862719
2008-06-11,460.1760133989963
2008-06-12,434.4657980730736
2008-06-13,353.32685509302104
2008-06-14,325.2140579046519
2008-06-15,275.4830316761228
2008-06-16,251.7359862651412
2008-06-17,207.9606163743679
2008-06-18,196.24554648227758
2008-06-19,188.1510744568845
2008-06-20,174.631422678316
2008-06-21,170.7870692945396
2008-06-22,161.43571222363894
2008-06-23,158.53072334036844
2008-06-24,153.2145541789678
2008-06-25,145.92304395354083
2008-06-26,124.18811194366911
2008-06-27,112.87223590251843
2008-06-28,103.02344687511649
2008-06-29,97.66270745701131
2008-06-30,89.73884033807838
2008-07-01,91.19083344617283
2008-07-02,90.33836099840504
2008-07-03,94.30503613218814
2008-07-04,112.909962382774
2008-07-05,113.84170565598961
2008-07-06,107.49306277832358
2008-07-07,82.3749839493777
2008-07-08,79.64016268932471
2008-07-09,103.27144206601595
2008-07-10,97.44836963224095
2008-07-11,91.81132251854594
2008-07-12,82.9578901576413
2008-07-13,78.1780159221408
2008-07-14,78.79961082601676
2008-07-15,92.52308909148896
2008-07-16,92.79374507308613
2008-07-17,92.36276645285088
2008-07-18,84.47458487384495
2008-07-19,76.65020210331012
2008-07-20,69.86982752370594
2008-07-21,65.74791644248633
2008-07-22,61.90741371406734
2008-07-23,58.62083247106039
2008-07-24,59.849452467246756
2008-07-25,68.75832112653382
2008-07-26,73.86172222528818
2008-07-27,72.1076920821765
2008-07-28,70.62500294335203
2008-07-29,68.37997526790348
2008-07-30,68.29255584388193
2008-07-31,71.64552330375082
2008-08-01,84.89577622270784
2008-08-02,128.20745313992282
2008-08-03,151.09457624270775
2008-08-04,155.3041526325844
2008-08-05,155.7014873923875
2008-08-06,146.03826516570538
2008-08-07,121.33807571637595
2008-08-08,112.15348290904026
2008-08-09,114.19058162511962
2008-08-10,135.74504481845204
2008-08-11,136.63681481625528
2008-08-12,125.29123374667618
2008-08-13,114.04554841837529
2008-08-14,95.58447507098641
2008-08-15,79.96012988744769
2008-08-16,77.2069979676135
2008-08-17,64.67754274911924
2008-08-18,56.966888403345365
2008-08-19,50.54380110928718
2008-08-20,45.723022835657034
2008-08-21,34.93442667362337
2008-08-22,31.78144004480078
2008-08-23,28.467117584440892
2008-08-24,26.885537562416307
2008-08-25,27.13041689979881
2008-08-26,29.435256529899544
2008-08-27,29.052655667175525
2008-08-28,27.108844058516077
2008-08-29,27.830339231332633
2008-08-30,37.67134869059644
2008-08-31,50.465639453003355
2008-09-01,48.60492457514962
2008-09-02,47.1622214127154
2008-09-03,45.5234325043126
2008-09-04,42.8176024171228
2008-09-05,40.29499955045404
2008-09-06,39.21821325752358
2008-09-07,50.46925565604926
2008-09-08,62.33722049342574
2008-09-09,65.4738356633109
2008-09-10,60.207786572939575
2008-09-11,52.31145586397388
2008-09-12,47.32130412829605
2008-09-13,41.85627222254044
2008-09-14,36.415913068565516
2008-09-15,34.1981310512275
2008-09-16,31.35829478600619
2008-09-17,32.783000071785196
2008-09-18,41.65733097984383
2008-09-19,45.19507699254238
2008-09-20,38.47390998197607
2008-09-21,33.63513229218554
2008-09-22,32.060030292685866
2008-09-23,30.97921047800565
2008-09-24,30.898548475664906
2008-09-25,29.402185479145214
2008-09-26,27.85330498232298
2008-09-27,26.904772395313515
2008-09-28,25.14406998895199
2008-09-29,25.185050025686806
2008-09-30,18.460072775388696
2008-10-01,32.6328125
2008-10-02,29.0234375
2008-10-03,25.703125
2008-10-04,22.6875
2008-10-05,19.8359375
2008-10-06,17.2265625
2008-10-07,14.84375
2008-10-08,12.6640625
2008-10-09,10.6953125
2008-10-10,8.921875
2008-10-11,7.3671875
2008-10-12,5.9921875
2008-10-13,4.78125
2008-10-14,3.8046875
2008-10-15,3.0078125
2008-10-16,2.3515625
2008-10-17,1.828125
2008-10-18,1.3984375
2008-10-19,1.0625
2008-10-20,0.8203125
2008-10-21,0.640625
2008-10-22,0.5
2008-10-23,0.3984375
2008-10-24,0.3203125
2008-10-25,0.265625
2008-10-26,0.21875
2008-10-27,0.1796875
2008-10-28,0.140625
2008-10-29,0.109375
2008-10-30,0.0859375
2008-10-31,0.078125
2008-11-01,0.06249999999999999
2008-11-02,0.046875
2008-11-03,0.0390625
2008-11-04,0.03125
2008-11-05,0.0234375
2008-11-06,0.0234375
2008-11-07,0.015625
2008-11-08,0.015625
2008-11-09,0.015625
2008-11-10,0.007812500000000002
2008-11-11,0.007812500000000002
2008-11-12,0.0
2008-11-13,0.0
2008-11-14,0.0
2008-11-15,0.0
2008-11-16,0.0
2008-11-17,0.0
2008-11-18,0.0
2008-11-19,0.0
2008-11-20,0.0
2008-11-21,0.0
2008-11-22,0.0
2008-11-23,0.0
2008-11-24,0.0
2008-11-25,0.0
2008-11-26,0.0
2008-11-27,0.0
2008-11-28,0.0
2008-11-29,0.0
2008-11-30,0.0
2008-12-01,0.0
2008-12-02,0.0
2008-12-03,0.0
2008-12-04,0.0
2008-12-05,0.0
2008-12-06,0.0
2008-12-07,0.0
2008-12-08,0.0
2008-12-09,0.0
2008-12-10,0.0
2008-12-11,0.0
2008-12-12,0.0
2008-12-13,0.0
2008-12-14,0.0
2008-12-15,0.0
2008-12-16,0.0
2008-12-17,0.0
2008-12-18,0.0
2008-12-19,0.0
2008-12-20,0.0
2008-12-21,0.0
2008-12-22,0.0
2008-12-23,0.0
2008-12-24,0.0
2008-12-25,0.0
2008-12-26,0.0
2008-12-27,0.0
2008-12-28,0.0
2008-12-29,0.0
2008-12-30,0.0
2008-12-31,0.0
2009-01-01,0.0
2009-01-02,0.0
2009-01-03,0.0
2009-01-04,0.0
2009-01-05,0.0
2009-01-06,0.0
2009-01-07,0.0
2009-01-08,0.0
2009-01-09,0.0
2009-01-10,0.0
2009-01-11,0.0
2009-01-12,0.0
2009-01-13,0.0
2009-01-14,0.0
2009-01-15,0.0
2009-01-16,0.0
2009-01-17,0.0
2009-01-18,0.0
2009-01-19,0.0
2009-01-20,0.0
2009-01-21,0.0
2009-01-22,0.0
2009-01-23,0.0
2009-01-24,0.0
2009-01-25,0.0
2009-01-26,0.0
2009-01-27,0.0
2009-01-28,0.0
2009-01-29,0.0
2009-01-30,0.0
2009-01-31,0.0
2009-02-01,0.0
2009-02-02,0.0
2009-02-03,0.0
2009-02-04,0.0
2009-02-05,0.0
2009-02-06,0.0
2009-02-07,0.0
2009-02-08,0.0
2009-02-09,0.0
2009-02-10,0.0
2009-02-11,0.0
2009-02-12,0.0
2009-02-13,0.0
2009-02-14,0.0
2009-02-15,0.0
2009-02-16,0.0
2009-02-17,0.0
2009-02-18,0.0
2009-02-19,0.0
2009-02-20,0.0
2009-02-21,0.0
2009-02-22,0.0
2009-02-23,0.0
2009-02-24,0.0
2009-02-25,0.0
2009-02-26,0.0
2009-02-27,0.0
2009-02-28,0.0
2009-03-01,0.0
2009-03-02,0.0
2009-03-03,0.0
2009-03-04,0.0
2009-03-05,0.0
2009-03-06,0.0
2009-03-07,0.0
2009-03-08,0.0
2009-03-09,0.0
2009-03-10,0.0
2009-03-11,0.0
2009-03-12,0.0
2009-03-13,0.0
2009-03-14,0.0
2009-03-15,0.0
2009-03-16,0.0
2009-03-17,0.0
2009-03-18,0.0
2009-03-19,0.0
2009-03-20,0.0
2009-03-21,0.0
2009-03-22,0.0
2009-03-23,0.0
2009-03-24,0.0
2009-03-25,0.0
2009-03-26,0.0
2009-03-27,0.0
2009-03-28,0.0
2009-03-29,0.0
2009-03-30,0.0
2009-03-31,0.0
2009-04-01,0.0
2009-04-02,0.0
2009-04-03,0.0
2009-04-04,0.0
2009-04-05,0.0
2009-04-06,0.0
2009-04-07,0.0
2009-04-08,0.0
2009-04-09,0.0
2009-04-10,0.0
2009-04-11,0.0
2009-04-12,0.0
2009-04-13,0.0
2009-04-14,0.0
2009-04-15,0.0
2009-04-16,0.0
2009-04-17,0.0
2009-04-18,0.0
2009-04-19,0.0
2009-04-20,0.0
2009-04-21,0.0
2009-04-22,0.0
2009-04-23,0.0
2009-04-24,0.0
2009-04-25,0.0
2009-04-26,0.0
2009-04-27,0.0
2009-04-28,0.0
2009-04-29,0.0
2009-04-30,0.0
2009-05-01,1.17
2009-05-02,1.21
2009-05-03,1.2049999999999996
2009-05-04,1.1954999999999998
2009-05-05,1.1860000000000002
2009-05-06,1.1865
2009-05-07,1.1864999999999999
2009-05-08,1.1864999999999997
2009-05-09,5.794504504504503
2009-05-10,8.615575274905929
2009-05-11,9.333301205899494
2009-05-12,13.924239083656103
2009-05-13,18.86004187199134
2009-05-14,20.427271446916038
2009-05-15,25.658136048409027
2009-05-16,24.802312591216662
2009-05-17,25.494322233097243
2009-05-18,35.506150077359464
2009-05-19,57.11112474947883
2009-05-20,66.47563314302442
2009-05-21,134.77214146196147
2009-05-22,260.5172594964759
2009-05-23,426.80688633816516
2009-05-24,534.6723609215771
2009-05-25,574.359197400369
2009-05-26,683.544898686757
2009-05-27,739.86853831939
2009-05-28,699.0850112813724
2009-05-29,634.826292688949
2009-05-30,611.0826583918293
2009-05-31,630.1415116799418
2009-06-01,693.140056914266
2009-06-02,612.8087307291877
2009-06-03,605.9125528725825
2009-06-04,636.133349609282
2009-06-05,692.2058787406962
2009-06-06,763.861981565604
2009-06-07,904.3762618118608
2009-06-08,948.9508687299647
2009-06-09,999.5296794020779
2009-06-10,1171.1992762838174
2009-06-11,997.3416201401668
2009-06-12,926.9865263616152
2009-06-13,714.7536307731945
2009-06-14,606.8295683997942
2009-06-15,560.2251425297053
2009-06-16,442.3515093162849
2009-06-17,408.76237879335775
2009-06-18,330.8969373817143
2009-06-19,313.1379254529862
2009-06-20,263.40020651166407
2009-06-21,241.70490013467474
2009-06-22,218.26121278135852
2009-06-23,179.7135113574649
2009-06-24,169.26565357785628
2009-06-25,184.06572165124362
2009-06-26,192.5885561825754
2009-06-27,183.64015768235723
2009-06-28,174.02671621502984
2009-06-29,145.28344804519568
2009-06-30,133.96367039095531
2009-07-01,128.98995802806786
2009-07-02,127.21439142929421
2009-07-03,131.37143908159845
2009-07-04,142.87701207002974
2009-07-05,172.4968237067096
2009-07-06,200.59957827619021
2009-07-07,221.0829055802569
2009-07-08,216.58460694940123
2009-07-09,210.04502996485954
2009-07-10,202.35944708981532
2009-07-11,195.4124036106546
2009-07-12,191.5847653582787
2009-07-13,208.33179562448865
2009-07-14,215.37166371826274
2009-07-15,364.37089509878916
2009-07-16,376.41476769065434
2009-07-17,369.46805866202277
2009-07-18,352.5410048856159
2009-07-19,337.2410973601792
2009-07-20,322.94086452794676
2009-07-21,315.57383952335505
2009-07-22,320.6923476256694
2009-07-23,327.06358820043084
2009-07-24,315.6159935610817
2009-07-25,287.2840063307521
2009-07-26,208.9899780462594
2009-07-27,162.678424178333
2009-07-28,155.58777310478257
2009-07-29,148.74653363873904
2009-07-30,136.45134651800095
2009-07-31,137.61549985104483
2009-08-01,134.7489200646484
2009-08-02,132.73170424106607
2009-08-03,152.33966580290348
2009-08-04,195.01036329112827
2009-08-05,188.33732492406241
2009-08-06,173.56914185078134
2009-08-07,149.25269794469406
2009-08-08,137.7660723589309
2009-08-09,117.07348246271542
2009-08-10,113.3826006968835
2009-08-11,100.81853475381939
2009-08-12,92.87635936582042
2009-08-13,76.99073360365794
2009-08-14,65.93795443078312
2009-08-15,61.41637695270694
2009-08-16,54.00265246264719
2009-08-17,49.233103656042296
2009-08-18,48.42504743409652
2009-08-19,53.800959587534265
2009-08-20,101.46714603934082
2009-08-21,214.95397486352027
2009-08-22,241.05691562573622
2009-08-23,398.4731653109975
2009-08-24,395.55810502548826
2009-08-25,231.73634914274731
2009-08-26,220.36985773278832
2009-08-27,207.41562082494977
2009-08-28,204.0960547058414
2009-08-29,213.02920004250137
2009-08-30,232.25273512680084
2009-08-31,424.4088662047068
2009-09-01,472.529555318655
2009-09-02,469.9495274550579
2009-09-03,470.89433495502163
2009-09-04,455.6134002492355
2009-09-05,420.20287860818246
2009-09-06,388.32696304113
2009-09-07,203.30076108537403
2009-09-08,191.07916603236168
2009-09-09,176.05570178603054
2009-09-10,158.94547072464076
2009-09-11,110.6581633570518
2009-09-12,103.21831438153879
2009-09-13,92.15331887297138
2009-09-14,85.97526823413445
2009-09-15,80.25950520985774
2009-09-16,76.3862868017929
2009-09-17,69.45853824320287
2009-09-18,63.01821752983952
2009-09-19,51.45918402653272
2009-09-20,46.51750976185729
2009-09-21,38.828608129928725
2009-09-22,33.74413050484925
2009-09-23,30.972262542348084
2009-09-24,27.709117211158592
2009-09-25,26.095229566801628
2009-09-26,24.24200375174671
2009-09-27,22.57474218652932
2009-09-28,21.42611391590076
2009-09-29,19.85284793292991
2009-09-30,19.69764927593732
2009-10-01,28.3671875
2009-10-02,25.1640625
2009-10-03,22.1171875
2009-10-04,19.1953125
2009-10-05,16.546875
2009-10-06,14.203125
2009-10-07,12.0390625
2009-10-08,10.046875
2009-10-09,8.2421875
2009-10-10,6.5859375
2009-10-11,5.1875
2009-10-12,5.6328125
2009-10-13,9.46875
2009-10-14,10.8984375
2009-10-15,9.765625
2009-10-16,8.453125
2009-10-17,7.40625
2009-10-18,6.5546875
2009-10-19,5.7734375
2009-10-20,5.0703125
2009-10-21,4.4453125
2009-10-22,3.890625
2009-10-23,3.328125
2009-10-24,2.7578125
2009-10-25,2.296875
2009-10-26,1.984375
2009-10-27,1.7265625
2009-10-28,1.484375
2009-10-29,1.2578125
2009-10-30,1.0546875
2009-10-31,0.8515625
2009-11-01,0.6796875
2009-11-02,0.515625
2009-11-03,0.3828125
2009-11-04,0.2734375
2009-11-05,0.1875
2009-11-06,0.11718750000000001
2009-11-07,0.078125
2009-11-08,0.05468749999999999
2009-11-09,0.0390625
2009-11-10,0.03125
2009-11-11,0.0234375
2009-11-12,0.015625
2009-11-13,0.007812500000000002
2009-11-14,0.007812500000000002
2009-11-15,0.007812500000000002
2009-11-16,0.0
2009-11-17,0.0
2009-11-18,0.0
2009-11-19,0.0
2009-11-20,0.0
2009-11-21,0.0
2009-11-22,0.0
2009-11-23,0.0
2009-11-24,0.0
2009-11-25,0.0
2009-11-26,0.0
2009-11-27,0.0
2009-11-28,0.0
2009-11-29,0.0
2009-11-30,0.0
2009-12-01,0.0
2009-12-02,0.0
2009-12-03,0.0
2009-12-04,0.0
2009-12-05,0.0
2009-12-06,0.0
2009-12-07,0.0
2009-12-08,0.0
2009-12-09,0.0
2009-12-10,0.0
2009-12-11,0.0
2009-12-12,0.0
2009-12-13,0.0
2009-12-14,0.0
2009-12-15,0.0
2009-12-16,0.0
2009-12-17,0.0
2009-12-18,0.0
2009-12-19,0.0
2009-12-20,0.0
2009-12-21,0.0
2009-12-22,0.0
2009-12-23,0.0
2009-12-24,0.0
2009-12-25,0.0
2009-12-26,0.0
2009-12-27,0.0
2009-12-28,0.0
2009-12-29,0.0
2009-12-30,0.0
2009-12-31,0.0
2010-01-01,0.0
2010-01-02,0.0
2010-01-03,0.0
2010-01-04,0.0
2010-01-05,0.0
2010-01-06,0.0
2010-01-07,0.0
2010-01-08,0.0
2010-01-09,0.0
2010-01-10,0.0
2010-01-11,0.0
2010-01-12,0.0
2010-01-13,0.0
2010-01-14,0.0
2010-01-15,0.0
2010-01-16,0.0
2010-01-17,0.0
2010-01-18,0.0
2010-01-19,0.0
2010-01-20,0.0
2010-01-21,0.0
2010-01-22,0.0
2010-01-23,0.0
2010-01-24,0.0
2010-01-25,0.0
2010-01-26,0.0
2010-01-27,0.0
2010-01-28,0.0
2010-01-29,0.0
2010-01-30,0.0
2010-01-31,0.0
2010-02-01,0.0
2010-02-02,0.0
2010-02-03,0.0
2010-02-04,0.0
2010-02-05,0.0
2010-02-06,0.0
2010-02-07,0.0
2010-02-08,0.0
2010-02-09,0.0
2010-02-10,0.0
2010-02-11,0.0
2010-02-12,0.0
2010-02-13,0.0
2010-02-14,0.0
2010-02-15,0.0
2010-02-16,0.0
2010-02-17,0.0
2010-02-18,0.0
2010-02-19,0.0
2010-02-20,0.0
2010-02-21,0.0
2010-02-22,0.0
2010-02-23,0.0
2010-02-24,0.0
2010-02-25,0.0
2010-02-26,0.0
2010-02-27,0.0
2010-02-28,0.0
2010-03-01,0.0
2010-03-02,0.0
2010-03-03,0.0
2010-03-04,0.0
2010-03-05,0.0
2010-03-06,0.0
2010-03-07,0.0
2010-03-08,0.0
2010-03-09,0.0
2010-03-10,0.0
2010-03-11,0.0
2010-03-12,0.0
2010-03-13,0.0
2010-03-14,0.0
2010-03-15,0.0
2010-03-16,0.0
2010-03-17,0.0
2010-03-18,0.0
2010-03-19,0.0
2010-03-20,0.0
2010-03-21,0.0
2010-03-22,0.0
2010-03-23,0.0
2010-03-24,0.0
2010-03-25,0.0
2010-03-26,0.0
2010-03-27,0.0
2010-03-28,0.0
2010-03-29,0.0
2010-03-30,0.0
2010-03-31,0.0
2010-04-01,0.0
2010-04-02,0.0
2010-04-03,0.0
2010-04-04,0.0
2010-04-05,0.0
2010-04-06,0.0
2010-04-07,0.0
2010-04-08,0.0
2010-04-09,0.0
2010-04-10,0.0
2010-04-11,0.0
2010-04-12,0.0
2010-04-13,0.0
2010-04-14,0.0
2010-04-15,0.0
2010-04-16,0.0
2010-04-17,0.0
2010-04-18,0.0
2010-04-19,0.0
2010-04-20,0.0
2010-04-21,0.0
2010-04-22,0.0
2010-04-23,0.0
2010-04-24,0.0
2010-04-25,0.0
2010-04-26,0.0
2010-04-27,0.0
2010-04-28,0.0
2010-04-29,0.0
2010-04-30,0.0
2010-05-01,1.17
2010-05-02,1.21
2010-05-03,1.2049999999999996
2010-05-04,1.1955
2010-05-05,4.9235
2010-05-06,12.371255813953486
2010-05-07,19.156549419894752
2010-05-08,19.491215351812368
2010-05-09,17.222187179930554
2010-05-10,20.043182877147004
2010-05-11,23.242757270010593
2010-05-12,20.111422049010386
2010-05-13,22.661719600079756
2010-05-14,15.680026096681996
2010-05-15,13.354028589883052
2010-05-16,9.593222888296523
2010-05-17,13.687551410808226
2010-05-18,12.503776385989328
2010-05-19,15.9637303960808
2010-05-20,20.593141692107334
2010-05-21,116.35401569612814
2010-05-22,291.6115141940803
2010-05-23,719.2258883914955
2010-05-24,1038.0847626220518
2010-05-25,1119.3902948686687
2010-05-26,1185.9424786334794
2010-05-27,1019.2568770199587
2010-05-28,1058.8805088089766
2010-05-29,1165.2996426398047
2010-05-30,1368.523738257602
2010-05-31,1534.6274532638843
2010-06-01,1536.0345269630918
2010-06-02,1268.2551024081552
2010-06-03,1197.6481549027424
2010-06-04,928.3736588757945
2010-06-05,881.5370645672865
2010-06-06,762.5955542652861
2010-06-07,714.535208947045
2010-06-08,616.4245787127708
2010-06-09,546.7046377686721
2010-06-10,463.82626102295353
2010-06-11,429.96614090721664
2010-06-12,358.2756753407783
2010-06-13,330.8797246358206
2010-06-14,295.14673161285225
2010-06-15,262.5279687244044
2010-06-16,231.05809466414132
2010-06-17,217.93069087706456
2010-06-18,197.55361290690564
2010-06-19,179.14102144437675
2010-06-20,162.40525473833344
2010-06-21,142.21024032210056
2010-06-22,126.9954867314126
2010-06-23,115.87264691829907
2010-06-24,106.00602700641261
2010-06-25,93.87419958013601
2010-06-26,84.38627352779785
2010-06-27,76.57729867117408
2010-06-28,71.60837950698705
2010-06-29,69.07606864681551
2010-06-30,69.08080957358307
2010-07-01,70.62525378550647
2010-07-02,81.52520674494502
2010-07-03,81.32601891857848
2010-07-04,78.96848621834921
2010-07-05,71.73309562552355
2010-07-06,65.72502194697279
2010-07-07,58.071695834624265
2010-07-08,52.16003213368652
2010-07-09,46.015651831074585
2010-07-10,40.2038693051189
2010-07-11,37.363345377048745
2010-07-12,34.822826986999836
2010-07-13,32.918884221634805
2010-07-14,32.2543852065364
2010-07-15,31.907314247708904
2010-07-16,30.182438312265695
2010-07-17,29.19211661468521
2010-07-18,30.768962634836548
2010-07-19,31.382376983023352
2010-07-20,30.323959374959337
2010-07-21,27.85063491251826
2010-07-22,25.87816641263926
2010-07-23,25.45114547323962
2010-07-24,26.81062361578126
2010-07-25,28.481361108945165
2010-07-26,32.18508464637251
2010-07-27,34.749984330766594
2010-07-28,33.13988468581271
2010-07-29,34.40134013532232
2010-07-30,45.97260470803307
2010-07-31,54.20955714635283
2010-08-01,52.56306882940728
2010-08-02,51.15933730420693
2010-08-03,52.5696595478406
2010-08-04,76.03156286579893
2010-08-05,109.09527194027446
2010-08-06,124.29047389952295
2010-08-07,120.83381770013612
2010-08-08,118.82029709721853
2010-08-09,117.74480950461874
2010-08-10,115.68581069921176
2010-08-11,111.57034865830417
2010-08-12,100.04587077978869
2010-08-13,94.29596443017076
2010-08-14,78.56473994209841
2010-08-15,99.01923466392901
2010-08-16,114.80228804768608
2010-08-17,116.11021026362674
2010-08-18,108.76642474204424
2010-08-19,89.24418523212803
2010-08-20,74.25253923295298
2010-08-21,71.10015379512782
2010-08-22,81.74117574208398
2010-08-23,95.09397781343827
2010-08-24,99.4801963319218
2010-08-25,117.48594901008533
2010-08-26,116.3159292889227
2010-08-27,109.57583201477924
2010-08-28,103.55665408245125
2010-08-29,89.82034045585185
2010-08-30,71.55662323707656
2010-08-31,68.26980355128421
2010-09-01,84.17985071087703
2010-09-02,99.71065678943731
2010-09-03,100.3099477980102
2010-09-04,96.22987010422727
2010-09-05,88.87950427254223
2010-09-06,93.80783978397001
2010-09-07,114.34753697155499
2010-09-08,163.23618137047947
2010-09-09,165.0581286361758
2010-09-10,157.96483156831994
2010-09-11,153.65591390810172
2010-09-12,165.65823644771967
2010-09-13,371.85381400162
2010-09-14,487.40731594932623
2010-09-15,532.1512949950377
2010-09-16,431.2886844424926
2010-09-17,378.0428501082188
2010-09-18,333.8664003882276
2010-09-19,288.4429688735925
2010-09-20,274.4040765400824
2010-09-21,259.53443732069206
2010-09-22,249.09274451110275
2010-09-23,230.81928985587842
2010-09-24,213.5897677241804
2010-09-25,192.19515632510573
2010-09-26,176.72550088459172
2010-09-27,167.42423160589993
2010-09-28,157.60524313784936
2010-09-29,142.41114355547987
2010-09-30,131.0034557241385
2010-10-01,152.8359375
2010-10-02,139.671875
2010-10-03,126.8984375
2010-10-04,116.078125
2010-10-05,106.2265625
2010-10-06,97.09375
2010-10-07,88.7265625
2010-10-08,80.875
2010-10-09,73.5234375
2010-10-10,66.8125
2010-10-11,60.625
2010-10-12,54.8203125
2010-10-13,49.515625
2010-10-14,44.6484375
2010-10-15,40.1796875
2010-10-16,36.0
2010-10-17,32.046875
2010-10-18,28.46875
2010-10-19,25.21875
2010-10-20,22.1875
2010-10-21,19.3671875
2010-10-22,16.7109375
2010-10-23,14.2734375
2010-10-24,12.0859375
2010-10-25,10.140625
2010-10-26,8.4140625
2010-10-27,6.7890625
2010-10-28,5.2890625
2010-10-29,4.015625
2010-10-30,2.9453125
2010-10-31,2.1015625
2010-11-01,1.4765625
2010-11-02,1.0625
2010-11-03,0.796875
2010-11-04,0.6015625
2010-11-05,0.4609375
2010-11-06,0.359375
2010-11-07,0.2890625
2010-11-08,0.234375
2010-11-09,0.1953125
2010-11-10,0.1640625
2010-11-11,0.140625
2010-11-12,0.109375
2010-11-13,0.0859375
2010-11-14,0.06249999999999999
2010-11-15,0.05468749999999999
2010-11-16,0.0390625
2010-11-17,0.03125
2010-11-18,0.0234375
2010-11-19,0.015625
2010-11-20,0.015625
2010-11-21,0.007812500000000002
2010-11-22,0.007812500000000002
2010-11-23,0.0
2010-11-24,0.0
2010-11-25,0.0
2010-11-26,0.0
2010-11-27,0.0
2010-11-28,0.0
2010-11-29,0.0
2010-11-30,0.0
2010-12-01,0.0
2010-12-02,0.0
2010-12-03,0.0
2010-12-04,0.0
2010-12-05,0.0
2010-12-06,0.0
2010-12-07,0.0
2010-12-08,0.0
2010-12-09,0.0
2010-12-10,0.0
2010-12-11,0.0
2010-12-12,0.0
2010-12-13,0.0
2010-12-14,0.0
2010-12-15,0.0
2010-12-16,0.0
2010-12-17,0.0
2010-12-18,0.0
2010-12-19,0.0
2010-12-20,0.0
2010-12-21,0.0
2010-12-22,0.0
2010-12-23,0.0
2010-12-24,0.0
2010-12-25,0.0
2010-12-26,0.0
2010-12-27,0.0
2010-12-28,0.0
2010-12-29,0.0
2010-12-30,0.0
2010-12-31,0.0
2011-01-01,0.0
2011-01-02,0.0
2011-01-03,0.0
2011-01-04,0.0
2011-01-05,0.0
2011-01-06,0.0
2011-01-07,0.0
2011-01-08,0.0
2011-01-09,0.0
2011-01-10,0.0
2011-01-11,0.0
2011-01-12,0.0
2011-01-13,0.0
2011-01-14,0.0
2011-01-15,0.0
2011-01-16,0.0
2011-01-17,0.0
2011-01-18,0.0
2011-01-19,0.0
2011-01-20,0.0
2011-01-21,0.0
2011-01-22,0.0
2011-01-23,0.0
2011-01-24,0.0
2011-01-25,0.0
2011-01-26,0.0
2011-01-27,0.0
2011-01-28,0.0
2011-01-29,0.0
2011-01-30,0.0
2011-01-31,0.0
2011-02-01,0.0
2011-02-02,0.0
2011-02-03,0.0
2011-02-04,0.0
2011-02-05,0.0
2011-02-06,0.0
2011-02-07,0.0
2011-02-08,0.0
2011-02-09,0.0
2011-02-10,0.0
2011-02-11,0.0
2011-02-12,0.0
2011-02-13,0.0
2011-02-14,0.0
2011-02-15,0.0
2011-02-16,0.0
2011-02-17,0.0
2011-02-18,0.0
2011-02-19,0.0
2011-02-20,0.0
2011-02-21,0.0
2011-02-22,0.0
2011-02-23,0.0
2011-02-24,0.0
2011-02-25,0.0
2011-02-26,0.0
2011-02-27,0.0
2011-02-28,0.0
2011-03-01,0.0
2011-03-02,0.0
2011-03-03,0.0
2011-03-04,0.0
2011-03-05,0.0
2011-03-06,0.0
2011-03-07,0.0
2011-03-08,0.0
2011-03-09,0.0
2011-03-10,0.0
2011-03-11,0.0
2011-03-12,0.0
2011-03-13,0.0
2011-03-14,0.0
2011-03-15,0.0
2011-03-16,0.0
2011-03-17,0.0
2011-03-18,0.0
2011-03-19,0.0
2011-03-20,0.0
2011-03-21,0.0
2011-03-22,0.0
2011-03-23,0.0
2011-03-24,0.0
2011-03-25,0.0
2011-03-26,0.0
2011-03-27,0.0
2011-03-28,0.0
2011-03-29,0.0
2011-03-30,0.0
2011-03-31,0.0
2011-04-01,0.0
2011-04-02,0.0
2011-04-03,0.0
2011-04-04,0.0
2011-04-05,0.0
2011-04-06,0.0
2011-04-07,0.0
2011-04-08,0.0
2011-04-09,0.0
2011-04-10,0.0
2011-04-11,0.0
2011-04-12,0.0
2011-04-13,0.0
2011-04-14,0.0
2011-04-15,0.0
2011-04-16,0.0
2011-04-17,0.0
2011-04-18,0.0
2011-04-19,0.0
2011-04-20,0.0
2011-04-21,0.0
2011-04-22,0.0
2011-04-23,0.0
2011-04-24,0.0
2011-04-25,0.0
2011-04-26,0.0
2011-04-27,0.0
2011-04-28,0.0
2011-04-29,0.0
2011-04-30,0.0
2011-05-01,1.17
2011-05-02,1.21
2011-05-03,1.2049999999999998
2011-05-04,1.1955
2011-05-05,1.1860000000000002
2011-05-06,1.1864999999999997
2011-05-07,1.1864999999999997
2011-05-08,1.1864999999999997
2011-05-09,1.1864999999999999
2011-05-10,1.1865
2011-05-11,7.187959927140299
2011-05-12,8.399202929771675
2011-05-13,9.430943570767825
2011-05-14,7.708225363172366
2011-05-15,4.397286205983591
2011-05-16,22.674410058027217
2011-05-17,9.869492625368762
2011-05-18,4.251890466531445
2011-05-19,25.136206896551727
2011-05-20,20.64999999999999
2011-05-21,15.94712413358539
2011-05-22,16.897647058823537
2011-05-23,6.248052596329869
2011-05-24,6.583218728664345
2011-05-25,10.637939698191248
2011-05-26,17.36084020594977
2011-05-27,34.416126750123645
2011-05-28,190.48226758706235
2011-05-29,326.41357838127607
2011-05-30,386.4832103714698
2011-05-31,449.0474287221
2011-06-01,430.1835818540383
2011-06-02,493.3688917735043
2011-06-03,525.2854837227137
2011-06-04,504.0640064002415
2011-06-05,551.0089749849989
2011-06-06,606.0626241329267
2011-06-07,701.6364946530532
2011-06-08,770.7215863245669
2011-06-09,978.41894170432
2011-06-10,1266.6600954512899
2011-06-11,1428.2597662619582
2011-06-12,1590.3662089383286
2011-06-13,1666.0417122990523
2011-06-14,1726.5417294631843
2011-06-15,1767.9024055648142
2011-06-16,1712.11812386743
2011-06-17,1586.694310923785
2011-06-18,1332.6745548162144
2011-06-19,1215.1995660159064
2011-06-20,1120.7326973860381
2011-06-21,931.8844100127915
2011-06-22,851.1725218647573
2011-06-23,635.5849435166687
2011-06-24,581.7696136703804
2011-06-25,547.3147326477024
2011-06-26,494.74284077208904
2011-06-27,350.34289505879866
2011-06-28,317.9023709702743
2011-06-29,301.78848405145874
2011-06-30,285.3578702064098
2011-07-01,271.6881178603752
2011-07-02,228.95328391048062
2011-07-03,210.01326261863986
2011-07-04,178.37378662011326
2011-07-05,164.72756614336902
2011-07-06,136.5174569829051
2011-07-07,126.21379984058122
2011-07-08,112.26537948243549
2011-07-09,102.58454264391342
2011-07-10,74.14330533929275
2011-07-11,69.28085385750123
2011-07-12,66.06894120985726
2011-07-13,63.170971122227456
2011-07-14,60.36378290323345
2011-07-15,57.460075724592215
2011-07-16,54.12357366054417
2011-07-17,51.70486714354212
2011-07-18,52.16383086697477
2011-07-19,52.936522734389136
2011-07-20,58.957030756557046
2011-07-21,59.139770924737405
2011-07-22,59.360906297691194
2011-07-23,63.156699323696174
2011-07-24,64.24212218691635
2011-07-25,70.36706074506375
2011-07-26,74.81407145932575
2011-07-27,84.81248007925818
2011-07-28,83.86655368379168
2011-07-29,84.7427662283011
2011-07-30,107.27375967017184
2011-07-31,132.455474103077
2011-08-01,155.12694040804115
2011-08-02,148.45061607944757
2011-08-03,147.51511435774478
2011-08-04,179.74612642084938
2011-08-05,178.35103100477602
2011-08-06,169.30170123979977
2011-08-07,148.67942330895087
2011-08-08,140.3948323403592
2011-08-09,134.26152701785634
2011-08-10,116.18731610294454
2011-08-11,130.7904223338609
2011-08-12,165.76292210348868
2011-08-13,230.00831715779245
2011-08-14,182.33644368716685
2011-08-15,171.14142053031532
2011-08-16,166.05050276902278
2011-08-17,172.55120506706368
2011-08-18,161.29316191127663
2011-08-19,125.00361122357374
2011-08-20,119.36977348987136
2011-08-21,120.05938595141048
2011-08-22,101.23503064745218
2011-08-23,86.04294281820066
2011-08-24,69.13081905534881
2011-08-25,62.471857302436746
2011-08-26,57.95240484167578
2011-08-27,53.60886202331084
2011-08-28,43.917257050402746
2011-08-29,41.472714154447445
2011-08-30,38.149557304820455
2011-08-31,34.87088631106519
2011-09-01,34.159769390814475
2011-09-02,33.20580037427975
2011-09-03,34.1325368510524
2011-09-04,48.049741724461306
2011-09-05,57.22091281945
2011-09-06,60.00938940393335
2011-09-07,56.30031186401256
2011-09-08,54.08293650459375
2011-09-09,56.40445166349835
2011-09-10,68.19856672812243
2011-09-11,71.71700282075243
2011-09-12,94.32178245050915
2011-09-13,143.57568379143004
2011-09-14,159.3275709545054
2011-09-15,164.8036087540872
2011-09-16,151.45504780502515
2011-09-17,143.26330154519428
2011-09-18,135.61582158263678
2011-09-19,131.3238944791082
2011-09-20,126.82726455160802
2011-09-21,128.74145081760093
2011-09-22,122.81476847816337
2011-09-23,104.52019990377462
2011-09-24,97.77838960652086
2011-09-25,90.5775485351124
2011-09-26,83.82084894873785
2011-09-27,75.34578439043436
2011-09-28,71.0345544942856
2011-09-29,54.67383395741856
2011-09-30,48.14433807246856
2011-10-01,75.7734375
2011-10-02,68.8671875
2011-10-03,62.4140625
2011-10-04,56.59375
2011-10-05,51.140625
2011-10-06,46.0703125
2011-10-07,41.4921875
2011-10-08,37.265625
2011-10-09,34.3828125
2011-10-10,34.21875
2011-10-11,32.6328125
2011-10-12,28.9375
2011-10-13,25.4375
2011-10-14,22.359375
2011-10-15,19.6015625
2011-10-16,17.078125
2011-10-17,14.765625
2011-10-18,12.65625
2011-10-19,10.6875
2011-10-20,8.8984375
2011-10-21,7.2890625
2011-10-22,5.84375
2011-10-23,4.640625
2011-10-24,3.6796875
2011-10-25,2.921875
2011-10-26,2.296875
2011-10-27,1.796875
2011-10-28,1.3828125
2011-10-29,1.03125
2011-10-30,0.765625
2011-10-31,0.5625
2011-11-01,0.421875
2011-11-02,0.3203125
2011-11-03,0.2421875
2011-11-04,0.1875
2011-11-05,0.1484375
2011-11-06,0.125
2011-11-07,0.1015625
2011-11-08,0.0859375
2011-11-09,0.06249999999999999
2011-11-10,0.046875
2011-11-11,0.0390625
2011-11-12,0.03125
2011-11-13,0.0234375
2011-11-14,0.015625
2011-11-15,0.015625
2011-11-16,0.007812500000000002
2011-11-17,0.007812500000000002
2011-11-18,0.007812500000000002
2011-11-19,0.0
2011-11-20,0.0
2011-11-21,0.0
2011-11-22,0.0
2011-11-23,0.0
2011-11-24,0.0
2011-11-25,0.0
2011-11-26,0.0
2011-11-27,0.0
2011-11-28,0.0
2011-11-29,0.0
2011-11-30,0.0
2011-12-01,0.0
2011-12-02,0.0
2011-12-03,0.0
2011-12-04,0.0
2011-12-05,0.0
2011-12-06,0.0
2011-12-07,0.0
2011-12-08,0.0
2011-12-09,0.0
2011-12-10,0.0
2011-12-11,0.0
2011-12-12,0.0
2011-12-13,0.0
2011-12-14,0.0
2011-12-15,0.0
2011-12-16,0.0
2011-12-17,0.0
2011-12-18,0.0
2011-12-19,0.0
2011-12-20,0.0
2011-12-21,0.0
2011-12-22,0.0
2011-12-23,0.0
2011-12-24,0.0
2011-12-25,0.0
2011-12-26,0.0
2011-12-27,0.0
2011-12-28,0.0
2011-12-29,0.0
2011-12-30,0.0
2011-12-31,0.0
2012-01-01,0.0
2012-01-02,0.0
2012-01-03,0.0
2012-01-04,0.0
2012-01-05,0.0
2012-01-06,0.0
2012-01-07,0.0
2012-01-08,0.0
2012-01-09,0.0
2012-01-10,0.0
2012-01-11,0.0
2012-01-12,0.0
2012-01-13,0.0
2012-01-14,0.0
2012-01-15,0.0
2012-01-16,0.0
2012-01-17,0.0
2012-01-18,0.0
2012-01-19,0.0
2012-01-20,0.0
2012-01-21,0.0
2012-01-22,0.0
2012-01-23,0.0
2012-01-24,0.0
2012-01-25,0.0
2012-01-26,0.0
2012-01-27,0.0
2012-01-28,0.0
2012-01-29,0.0
2012-01-30,0.0
2012-01-31,0.0
2012-02-01,0.0
2012-02-02,0.0
2012-02-03,0.0
2012-02-04,0.0
2012-02-05,0.0
2012-02-06,0.0
2012-02-07,0.0
2012-02-08,0.0
2012-02-09,0.0
2012-02-10,0.0
2012-02-11,0.0
2012-02-12,0.0
2012-02-13,0.0
2012-02-14,0.0
2012-02-15,0.0
2012-02-16,0.0
2012-02-17,0.0
2012-02-18,0.0
2012-02-19,0.0
2012-02-20,0.0
2012-02-21,0.0
2012-02-22,0.0
2012-02-23,0.0
2012-02-24,0.0
2012-02-25,0.0
2012-02-26,0.0
2012-02-27,0.0
2012-02-28,0.0
2012-02-29,0.0
2012-03-01,0.0
2012-03-02,0.0
2012-03-03,0.0
2012-03-04,0.0
2012-03-05,0.0
2012-03-06,0.0
2012-03-07,0.0
2012-03-08,0.0
2012-03-09,0.0
2012-03-10,0.0
2012-03-11,0.0
2012-03-12,0.0
2012-03-13,0.0
2012-03-14,0.0
2012-03-15,0.0
2012-03-16,0.0
2012-03-17,0.0
2012-03-18,0.0
2012-03-19,0.0
2012-03-20,0.0
2012-03-21,0.0
2012-03-22,0.0
2012-03-23,0.0
2012-03-24,0.0
2012-03-25,0.0
2012-03-26,0.0
2012-03-27,0.0
2012-03-28,0.0
2012-03-29,0.0
2012-03-30,0.0
2012-03-31,0.0
2012-04-01,0.0
2012-04-02,0.0
2012-04-03,0.0
2012-04-04,0.0
2012-04-05,0.0
2012-04-06,0.0
2012-04-07,0.0
2012-04-08,0.0
2012-04-09,0.0
2012-04-10,0.0
2012-04-11,0.0
2012-04-12,0.0
2012-04-13,0.0
2012-04-14,0.0
2012-04-15,0.0
2012-04-16,0.0
2012-04-17,0.0
2012-04-18,0.0
2012-04-19,0.0
2012-04-20,0.0
2012-04-21,0.0
2012-04-22,0.0
2012-04-23,0.0
2012-04-24,0.0
2012-04-25,0.0
2012-04-26,0.0
2012-04-27,0.0
2012-04-28,0.0
2012-04-29,0.0
2012-04-30,0.0
2012-05-01,1.21
2012-05-02,1.2049999999999998
2012-05-03,1.1955
2012-05-04,1.186
2012-05-05,1.1864999999999999
2012-05-06,1.1864999999999999
2012-05-07,1.1864999999999997
2012-05-08,1.1865
2012-05-09,4.925562500000001
2012-05-10,4.933751594494799
2012-05-11,12.724924601464924
2012-05-12,15.816234967622599
2012-05-13,13.029780133490389
2012-05-14,7.520664548583544
2012-05-15,3.3899317891146867
2012-05-16,16.62730973451333
2012-05-17,6.7160892494929065
2012-05-18,3.7091211906449355
2012-05-19,26.649999999999988
2012-05-20,5.119190323031742
2012-05-21,8.841200564609267
2012-05-22,14.392072451558548
2012-05-23,42.32115159299851
2012-05-24,80.00498989935582
2012-05-25,305.22530318260846
2012-05-26,480.14607295534154
2012-05-27,634.7122730351392
2012-05-28,681.4823217720137
2012-05-29,642.1407884092405
2012-05-30,665.476073365013
2012-05-31,601.1416158390471
2012-06-01,574.1532746697408
2012-06-02,524.8166903424675
2012-06-03,462.56985737359906
2012-06-04,466.03059058470893
2012-06-05,449.99971399296305
2012-06-06,402.98699061196646
2012-06-07,382.50011514026255
2012-06-08,381.74935479207716
2012-06-09,325.77709768634674
2012-06-10,327.2370603593441
2012-06-11,274.1019589501465
2012-06-12,242.19259680532488
2012-06-13,246.11133983973644
2012-06-14,200.55958917901359
2012-06-15,165.9026615520991
2012-06-16,216.7736999179551
2012-06-17,180.72317166584747
2012-06-18,136.80952666154124
2012-06-19,103.1972833701474
2012-06-20,90.80656499193181
2012-06-21,82.86478221327184
2012-06-22,84.39447509571013
2012-06-23,89.3277850516534
2012-06-24,86.5762631485841
2012-06-25,78.43045545660755
2012-06-26,70.61205821010736
2012-06-27,65.29856517189083
2012-06-28,60.462048596877
2012-06-29,55.6011372093462
2012-06-30,52.914499273490314
2012-07-01,58.81904902575781
2012-07-02,66.51213510480365
2012-07-03,74.47867376393138
2012-07-04,73.80125148227411
2012-07-05,71.78352689015446
2012-07-06,65.13863722998215
2012-07-07,59.353792910475
2012-07-08,53.18004567235576
2012-07-09,46.322128821562195
2012-07-10,44.56303284093459
2012-07-11,43.19093733629752
2012-07-12,42.81541559541116
2012-07-13,42.54796746166489
2012-07-14,40.706712190457374
2012-07-15,39.524462729684515
2012-07-16,43.77927668327664
2012-07-17,60.29201224774343
2012-07-18,74.50328061495176
2012-07-19,83.53429433641367
2012-07-20,81.42990719978935
2012-07-21,76.4787483045469
2012-07-22,70.12310534353773
2012-07-23,70.44219152971718
2012-07-24,86.29930345253311
2012-07-25,113.16820880440758
2012-07-26,153.97075105433322
2012-07-27,206.4220065029955
2012-07-28,209.3780557512729
2012-07-29,211.5753502678512
2012-07-30,252.51928189521644
2012-07-31,205.19981319686528
2012-08-01,190.01015678618248
2012-08-02,191.72043200510754
2012-08-03,254.31936310589455
2012-08-04,254.47780181113498
2012-08-05,248.62907510663607
2012-08-06,186.47390945985018
2012-08-07,173.6474714863008
2012-08-08,159.89016446591245
2012-08-09,142.98539133668191
2012-08-10,180.40119717812752
2012-08-11,423.8850619649459
2012-08-12,256.2011299248984
2012-08-13,234.4787581018275
2012-08-14,247.29809010167534
2012-08-15,456.03205411657973
2012-08-16,503.8995666283739
2012-08-17,509.3306979169279
2012-08-18,518.459976717674
2012-08-19,498.2518802413567
2012-08-20,464.3444699650937
2012-08-21,438.7571113074202
2012-08-22,421.987551026579
2012-08-23,402.65435511277667
2012-08-24,399.219588696725
2012-08-25,409.1498044738251
2012-08-26,402.6996985638137
2012-08-27,238.3958936102725
2012-08-28,236.05551957064034
2012-08-29,406.23648774469865
2012-08-30,413.253609586103
2012-08-31,387.14934216673424
2012-09-01,231.23556759186405
2012-09-02,215.75345642592652
2012-09-03,191.52973335687568
2012-09-04,129.6919839622232
2012-09-05,113.62458690623293
2012-09-06,101.39698580034018
2012-09-07,96.69598703259686
2012-09-08,89.74722443742579
2012-09-09,74.74769821804527
2012-09-10,68.36597056380438
2012-09-11,66.68332880924345
2012-09-12,61.78993400935333
2012-09-13,63.91728038555556
2012-09-14,70.2873239462232
2012-09-15,61.84042845559567
2012-09-16,56.52976196057557
2012-09-17,51.211588714313635
2012-09-18,41.78740244917722
2012-09-19,36.70423983241391
2012-09-20,33.4432986147765
2012-09-21,32.27331483916254
2012-09-22,30.498405031205905
2012-09-23,28.514054998289957
2012-09-24,27.711499646275797
2012-09-25,26.724879160446818
2012-09-26,26.02648055659978
2012-09-27,24.4269938865387
2012-09-28,22.368695134324405
2012-09-29,19.520632444809678
2012-09-30,15.017150386365861
2012-10-01,20.140625
2012-10-02,17.6328125
2012-10-03,15.2734375
2012-10-04,12.9765625
2012-10-05,10.765625
2012-10-06,8.8125
2012-10-07,7.25
2012-10-08,5.953125
2012-10-09,4.890625
2012-10-10,4.015625
2012-10-11,3.2421875
2012-10-12,2.53125
2012-10-13,2.015625
2012-10-14,1.59375
2012-10-15,1.2265625
2012-10-16,0.9296875
2012-10-17,0.6953125
2012-10-18,0.4921875
2012-10-19,0.3359375
2012-10-20,0.234375
2012-10-21,2.0546875
2012-10-22,7.78125
2012-10-23,11.21875
2012-10-24,13.671875
2012-10-25,18.578125
2012-10-26,24.4453125
2012-10-27,29.3203125
2012-10-28,29.71875
2012-10-29,28.1015625
2012-10-30,26.328125
2012-10-31,24.203125
2012-11-01,21.90625
2012-11-02,19.65625
2012-11-03,17.6015625
2012-11-04,15.7421875
2012-11-05,14.0625
2012-11-06,12.53125
2012-11-07,11.125
2012-11-08,9.8203125
2012-11-09,8.625
2012-11-10,7.546875
2012-11-11,6.6640625
2012-11-12,5.875
2012-11-13,5.1328125
2012-11-14,4.46875
2012-11-15,3.9140625
2012-11-16,3.4140625
2012-11-17,2.9453125
2012-11-18,2.5234375
2012-11-19,2.171875
2012-11-20,1.859375
2012-11-21,1.578125
2012-11-22,1.3203125
2012-11-23,1.09375
2012-11-24,0.8984375
2012-11-25,0.734375
2012-11-26,0.578125
2012-11-27,0.453125
2012-11-28,0.34375
2012-11-29,0.25
2012-11-30,0.1640625
2012-12-01,0.109375
2012-12-02,0.0703125
2012-12-03,0.046875
2012-12-04,0.03125
2012-12-05,0.0234375
2012-12-06,0.015625
2012-12-07,0.007812500000000002
2012-12-08,0.0
2012-12-09,0.0
2012-12-10,0.0
2012-12-11,0.0
2012-12-12,0.0
2012-12-13,0.0
2012-12-14,0.0
2012-12-15,0.0
2012-12-16,0.0
2012-12-17,0.0
2012-12-18,0.0
2012-12-19,0.0
2012-12-20,0.0
2012-12-21,0.234375
2012-12-22,0.625
2012-12-23,0.625
2012-12-24,0.53125
2012-12-25,0.46875
2012-12-26,0.421875
2012-12-27,0.375
2012-12-28,0.34375
2012-12-29,0.296875
2012-12-30,0.265625
2012-12-31,0.25
2013-01-01,0.21875
2013-01-02,0.1875
2013-01-03,0.171875
2013-01-04,0.15625
2013-01-05,0.125
2013-01-06,0.109375
2013-01-07,0.09375
2013-01-08,0.078125
2013-01-09,0.06249999999999999
2013-01-10,0.06249999999999999
2013-01-11,0.046875
2013-01-12,0.03125
2013-01-13,0.03125
2013-01-14,0.015625
2013-01-15,0.015625
2013-01-16,0.0
2013-01-17,0.0
2013-01-18,0.0
2013-01-19,0.0
2013-01-20,0.0
2013-01-21,0.0
2013-01-22,0.0
2013-01-23,0.0
2013-01-24,0.0
2013-01-25,0.0
2013-01-26,0.0
2013-01-27,0.0
2013-01-28,0.0
2013-01-29,0.0
2013-01-30,0.0
2013-01-31,0.0
2013-02-01,0.0
2013-02-02,0.0
2013-02-03,0.0
2013-02-04,0.0
2013-02-05,0.0
2013-02-06,0.0
2013-02-07,0.0
2013-02-08,0.0
2013-02-09,0.0
2013-02-10,0.0
2013-02-11,0.0
2013-02-12,0.0
2013-02-13,0.0
2013-02-14,0.0
2013-02-15,0.0
2013-02-16,0.0
2013-02-17,0.0
2013-02-18,0.0
2013-02-19,0.0
2013-02-20,0.0
2013-02-21,0.0
2013-02-22,0.0
2013-02-23,0.0
2013-02-24,0.0
2013-02-25,0.0
2013-02-26,0.0
2013-02-27,0.0
2013-02-28,0.0
2013-03-01,0.0
2013-03-02,0.0
2013-03-03,0.0
2013-03-04,0.0
2013-03-05,0.0
2013-03-06,0.0
2013-03-07,0.0
2013-03-08,0.0
2013-03-09,0.0
2013-03-10,0.0
2013-03-11,0.0
2013-03-12,0.0
2013-03-13,0.0
2013-03-14,0.0
2013-03-15,0.0
2013-03-16,0.0
2013-03-17,0.0
2013-03-18,0.0
2013-03-19,0.0
2013-03-20,0.0
2013-03-21,0.0
2013-03-22,0.0
2013-03-23,0.0
2013-03-24,0.0
2013-03-25,0.0
2013-03-26,0.0
2013-03-27,0.0
2013-03-28,0.0
2013-03-29,0.0
2013-03-30,0.0
2013-03-31,0.0
2013-04-01,0.0
2013-04-02,0.0
2013-04-03,0.0
2013-04-04,0.0
2013-04-05,0.0
2013-04-06,0.0
2013-04-07,0.0
2013-04-08,0.0
2013-04-09,0.0
2013-04-10,0.0
2013-04-11,0.0
2013-04-12,0.0
2013-04-13,0.0
2013-04-14,0.0
2013-04-15,0.0
2013-04-16,0.0
2013-04-17,0.0
2013-04-18,0.0
2013-04-19,0.0
2013-04-20,0.0
2013-04-21,0.0
2013-04-22,0.0
2013-04-23,0.0
2013-04-24,0.0
2013-04-25,0.15625
2013-04-26,2.3125
2013-04-27,7.46875
2013-04-28,10.9375
2013-04-29,10.46875
2013-04-30,9.3125
2013-05-01,21.96129234629862
2013-05-02,23.961243913235933
2013-05-03,20.95473360387485
2013-05-04,17.847056806002147
2013-05-05,15.35770329970001
2013-05-06,12.941684887459807
2013-05-07,13.636229886514924
2013-05-08,20.200406974587278
2013-05-09,11.614405357867673
2013-05-10,15.762758956070678
2013-05-11,21.952221275832695
2013-05-12,19.52626564854362
2013-05-13,31.89735630651651
2013-05-14,28.49867486848101
2013-05-15,25.39396858852325
2013-05-16,18.506945493142915
2013-05-17,15.72136393412302
2013-05-18,18.0597958710276
2013-05-19,14.961669943325527
2013-05-20,10.493426698832216
2013-05-21,11.931348687921876
2013-05-22,7.145822266464557
2013-05-23,7.616520478521684
2013-05-24,6.335289709775176
2013-05-25,9.773150655725514
2013-05-26,11.587459370972795
2013-05-27,15.624692015398606
2013-05-28,45.09959086680139
2013-05-29,265.45213655192555
2013-05-30,429.5358287242391
2013-05-31,595.4174622474738
2013-06-01,703.0872179435413
2013-06-02,1108.8476107921715
2013-06-03,1336.528236985828
2013-06-04,1728.267424285544
2013-06-05,1850.34589716185
2013-06-06,1813.189252801757
2013-06-07,1629.0708176213132
2013-06-08,1408.4129588071844
2013-06-09,1413.1498901533284
2013-06-10,1614.0744551935459
2013-06-11,1619.9817148696582
2013-06-12,1472.5043940742262
2013-06-13,1396.6901590691577
2013-06-14,1302.8410885250144
2013-06-15,1199.647166811381
2013-06-16,999.9222561797466
2013-06-17,944.963031926141
2013-06-18,735.2186060367263
2013-06-19,679.6618464571714
2013-06-20,555.1674548928404
2013-06-21,499.65131234002064
2013-06-22,461.5382001555869
2013-06-23,338.16834704516225
2013-06-24,311.14215500365395
2013-06-25,287.348382853916
2013-06-26,266.6625608448241
2013-06-27,223.34342995382843
2013-06-28,221.4068984818722
2013-06-29,295.2878207536802
2013-06-30,364.9900882574555
2013-07-01,348.37654072446793
2013-07-02,353.5352375862362
2013-07-03,333.4047571589067
2013-07-04,291.32591730262953
2013-07-05,276.43365035469145
2013-07-06,227.12692940336447
2013-07-07,185.6609717470877
2013-07-08,175.0446111326343
2013-07-09,170.19988642483904
2013-07-10,192.12523996893512
2013-07-11,237.14251019096804
2013-07-12,273.94204500543674
2013-07-13,262.5214217979992
2013-07-14,353.1238113446851
2013-07-15,409.4841160113353
2013-07-16,654.8621227857222
2013-07-17,674.3733100317182
2013-07-18,672.8369571872427
2013-07-19,624.0012232177435
2013-07-20,571.6853180626487
2013-07-21,568.5541720064084
2013-07-22,574.6783667116044
2013-07-23,555.9095272912168
2013-07-24,507.9447833947612
2013-07-25,484.40665014251243
2013-07-26,460.7227847807616
2013-07-27,293.42306980214437
2013-07-28,274.9444350903297
2013-07-29,208.09580831676521
2013-07-30,201.53308899642727
2013-07-31,209.59654599984412
2013-08-01,257.85148110631786
2013-08-02,500.8118067777057
2013-08-03,633.4191077394892
2013-08-04,673.0722227036784
2013-08-05,648.5216655592652
2013-08-06,624.7460802950405
2013-08-07,615.7793099547339
2013-08-08,596.9617304614503
2013-08-09,559.0125581240904
2013-08-10,523.6310259436988
2013-08-11,485.74146778603006
2013-08-12,440.4448137063141
2013-08-13,252.71884845875138
2013-08-14,221.86139507257639
2013-08-15,175.98220640670195
2013-08-16,157.28607890737968
2013-08-17,128.04453034712057
2013-08-18,113.8517619690875
2013-08-19,118.22034150872629
2013-08-20,216.38551087533665
2013-08-21,527.6855090387969
2013-08-22,572.1762809187276
2013-08-23,544.5266657343291
2013-08-24,517.6226752170572
2013-08-25,498.6917844091153
2013-08-26,507.3070401061427
2013-08-27,548.2748481180605
2013-08-28,573.8712262284398
2013-08-29,553.6480470659434
2013-08-30,515.6502350969484
2013-08-31,460.4658177160206
2013-09-01,408.3648392041124
2013-09-02,361.9123394957587
2013-09-03,224.06403928803482
2013-09-04,201.84428356460592
2013-09-05,136.9401476874081
2013-09-06,118.3061602322305
2013-09-07,112.00225346283018
2013-09-08,112.22400056339747
2013-09-09,110.25729878846582
2013-09-10,110.25783562594131
2013-09-11,110.93399156996767
2013-09-12,109.93463447050311
2013-09-13,110.83633104639917
2013-09-14,113.86913382411412
2013-09-15,114.25863956209724
2013-09-16,122.61246587914412
2013-09-17,123.98936379982331
2013-09-18,120.03749955567461
2013-09-19,119.67449542507468
2013-09-20,114.79048064307156
2013-09-21,108.03256459098675
2013-09-22,101.06997470723255
2013-09-23,91.66309014182634
2013-09-24,79.66369110708693
2013-09-25,72.07552492406258
2013-09-26,62.488392683147424
2013-09-27,58.195923909846385
2013-09-28,54.374200581395364
2013-09-29,48.44127297993179
2013-09-30,42.58473197400261
2013-10-01,69.6953125
2013-10-02,66.6796875
2013-10-03,60.71875
2013-10-04,54.71875
2013-10-05,49.25
2013-10-06,44.1640625
2013-10-07,39.7109375
2013-10-08,35.6640625
2013-10-09,31.8203125
2013-10-10,28.3203125
2013-10-11,25.046875
2013-10-12,22.0546875
2013-10-13,19.3046875
2013-10-14,16.828125
2013-10-15,14.5390625
2013-10-16,12.375
2013-10-17,10.375
2013-10-18,8.5546875
2013-10-19,7.015625
2013-10-20,5.6953125
2013-10-21,4.5390625
2013-10-22,3.578125
2013-10-23,2.8203125
2013-10-24,2.25
2013-10-25,1.7890625
2013-10-26,1.4140625
2013-10-27,1.1171875
2013-10-28,0.8828125
2013-10-29,0.6953125
2013-10-30,0.5546875
2013-10-31,0.4453125
2013-11-01,0.3515625
2013-11-02,0.265625
2013-11-03,0.203125
2013-11-04,0.1640625
2013-11-05,0.140625
2013-11-06,0.11718750000000001
2013-11-07,0.0859375
2013-11-08,0.0703125
2013-11-09,0.06249999999999999
2013-11-10,0.05468749999999999
2013-11-11,0.046875
2013-11-12,0.0390625
2013-11-13,0.03125
2013-11-14,0.0234375
2013-11-15,0.015625
2013-11-16,0.015625
2013-11-17,0.015625
2013-11-18,0.015625
2013-11-19,0.015625
2013-11-20,0.015625
2013-11-21,0.015625
2013-11-22,0.015625
2013-11-23,0.015625
2013-11-24,0.0
2013-11-25,0.0
2013-11-26,0.0
2013-11-27,0.0
2013-11-28,0.0
2013-11-29,0.0
2013-11-30,0.0
2013-12-01,0.0
2013-12-02,0.0
2013-12-03,0.0
2013-12-04,0.0
2013-12-05,0.0
2013-12-06,0.0
2013-12-07,0.0
2013-12-08,0.0
2013-12-09,0.0
2013-12-10,0.0
2013-12-11,0.0
2013-12-12,0.0
2013-12-13,0.0
2013-12-14,0.0
2013-12-15,0.0
2013-12-16,0.0
2013-12-17,0.0
2013-12-18,0.0
2013-12-19,0.0
2013-12-20,0.0
2013-12-21,0.0
2013-12-22,0.0
2013-12-23,0.0
2013-12-24,0.0
2013-12-25,0.0
2013-12-26,0.0
2013-12-27,0.0
2013-12-28,0.0
2013-12-29,0.0
2013-12-30,0.0
2013-12-31,0.0
2014-01-01,0.0
2014-01-02,0.0
2014-01-03,0.0
2014-01-04,0.0
2014-01-05,0.0
2014-01-06,0.0
2014-01-07,0.0
2014-01-08,0.0
2014-01-09,0.0
2014-01-10,0.0
2014-01-11,0.0
2014-01-12,0.0
2014-01-13,0.0
2014-01-14,0.0
2014-01-15,0.0
2014-01-16,0.0
2014-01-17,0.0
2014-01-18,0.0
2014-01-19,0.0
2014-01-20,0.0
2014-01-21,0.0
2014-01-22,0.0
2014-01-23,0.0
2014-01-24,0.0
2014-01-25,0.0
2014-01-26,0.0
2014-01-27,0.0
2014-01-28,0.0
2014-01-29,0.0
2014-01-30,0.0
2014-01-31,0.0
2014-02-01,0.0
2014-02-02,0.0
2014-02-03,0.0
2014-02-04,0.0
2014-02-05,0.0
2014-02-06,0.0
2014-02-07,0.0
2014-02-08,0.0
2014-02-09,0.0
2014-02-10,0.0
2014-02-11,0.0
2014-02-12,0.0
2014-02-13,0.0
2014-02-14,0.0
2014-02-15,0.0
2014-02-16,0.0
2014-02-17,0.0
2014-02-18,0.0
2014-02-19,0.0
2014-02-20,0.0
2014-02-21,0.0
2014-02-22,0.0
2014-02-23,0.0
2014-02-24,0.0
2014-02-25,0.0
2014-02-26,0.0
2014-02-27,0.0
2014-02-28,0.0
2014-03-01,0.0
2014-03-02,0.0
2014-03-03,0.0
2014-03-04,0.0
2014-03-05,0.0
2014-03-06,0.0
2014-03-07,0.0
2014-03-08,0.0
2014-03-09,0.0
2014-03-10,0.0
2014-03-11,0.0
2014-03-12,0.0
2014-03-13,0.0
2014-03-14,0.0
2014-03-15,0.0
2014-03-16,0.0
2014-03-17,0.0
2014-03-18,0.0
2014-03-19,0.0
2014-03-20,0.0
2014-03-21,0.0
2014-03-22,0.0
2014-03-23,0.0
2014-03-24,0.0
2014-03-25,0.0
2014-03-26,0.0
2014-03-27,0.0
2014-03-28,0.0
2014-03-29,0.0
2014-03-30,0.0
2014-03-31,0.0
2014-04-01,0.0
2014-04-02,0.0
2014-04-03,0.0
2014-04-04,0.0
2014-04-05,0.0
2014-04-06,0.0
2014-04-07,0.0
2014-04-08,0.0
2014-04-09,0.0
2014-04-10,0.0
2014-04-11,0.0
2014-04-12,0.0
2014-04-13,0.0
2014-04-14,0.0
2014-04-15,0.0
2014-04-16,0.0
2014-04-17,0.0
2014-04-18,0.0
2014-04-19,0.0
2014-04-20,0.0
2014-04-21,0.0
2014-04-22,0.0
2014-04-23,0.0
2014-04-24,0.0
2014-04-25,0.0
2014-04-26,0.0
2014-04-27,0.0
2014-04-28,0.0
2014-04-29,0.0
2014-04-30,0.0
2014-05-01,1.1700000000000002
2014-05-02,1.21
2014-05-03,1.2049999999999996
2014-05-04,1.1955
2014-05-05,1.186
2014-05-06,1.1864999999999999
2014-05-07,1.1864999999999997
2014-05-08,1.1864999999999997
2014-05-09,1.1864999999999999
2014-05-10,1.1865
2014-05-11,1.1865000000000003
2014-05-12,1.1864999999999999
2014-05-13,1.1864999999999999
2014-05-14,1.1865
2014-05-15,1.1864999999999997
2014-05-16,1.1864999999999999
2014-05-17,1.2065000000000003
2014-05-18,1.2159999999999997
2014-05-19,3.825862068965517
2014-05-20,26.64999999999999
2014-05-21,16.381056080655334
2014-05-22,10.588823529411771
2014-05-23,2.825366522302095
2014-05-24,3.4704423607989217
2014-05-25,5.347454644619086
2014-05-26,8.222968409320467
2014-05-27,10.828810769058265
2014-05-28,9.851505752345183
2014-05-29,8.779774838520709
2014-05-30,11.32888429627848
2014-05-31,8.319809817254567
2014-06-01,7.88600104354488
2014-06-02,9.236098787341023
2014-06-03,22.827701533352244
2014-06-04,67.52561645822932
2014-06-05,248.48215529152264
2014-06-06,300.76513289395496
2014-06-07,315.04516514077915
2014-06-08,344.394230055933
2014-06-09,368.85259656328446
2014-06-10,430.0123386732222
2014-06-11,508.6875741242184
2014-06-12,726.8560536617405
2014-06-13,1000.0092810172642
2014-06-14,1034.946986389129
2014-06-15,1199.432523148898
2014-06-16,1352.1440955080025
2014-06-17,1801.7394744094538
2014-06-18,1993.2849521488838
2014-06-19,2016.127739220223
2014-06-20,2116.084075547867
2014-06-21,2159.384998572394
2014-06-22,2263.747867045837
2014-06-23,2389.1092101324193
2014-06-24,2340.8201845236713
2014-06-25,2191.1526628982283
2014-06-26,1963.7872924292976
2014-06-27,1793.881540577547
2014-06-28,1525.1588495905366
2014-06-29,1376.8735619317597
2014-06-30,1246.1388054148847
2014-07-01,1214.6758883929942
2014-07-02,1124.0463056814378
2014-07-03,1062.8488028233544
2014-07-04,942.9772401771082
2014-07-05,846.1099498000084
2014-07-06,778.1430759564045
2014-07-07,714.9590288373383
2014-07-08,652.0218760555957
2014-07-09,616.6795406409833
2014-07-10,593.8841918941905
2014-07-11,566.3417340929536
2014-07-12,565.5460398991758
2014-07-13,451.80603258091327
2014-07-14,425.0181292931502
2014-07-15,406.679224997567
2014-07-16,382.14210007710744
2014-07-17,376.3633421865205
2014-07-18,371.8959790229082
2014-07-19,352.7821065472483
2014-07-20,330.1580158015205
2014-07-21,320.2683059465869
2014-07-22,318.8008959239717
2014-07-23,328.989021076019
2014-07-24,474.7325897232146
2014-07-25,468.4588741145072
2014-07-26,469.07014737846464
2014-07-27,469.4095127637571
2014-07-28,457.5995427263133
2014-07-29,284.9162631425991
2014-07-30,465.2036890221789
2014-07-31,492.1913607997256
2014-08-01,492.5304405103748
2014-08-02,270.3290848509385
2014-08-03,253.7943666170025
2014-08-04,191.10763899242696
2014-08-05,181.12748940386012
2014-08-06,178.01347119175176
2014-08-07,176.2285388722293
2014-08-08,163.6709878972243
2014-08-09,138.90291259731092
2014-08-10,117.29248541857784
2014-08-11,109.31965125089414
2014-08-12,99.22034506003264
2014-08-13,97.22663182901061
2014-08-14,91.67833235634615
2014-08-15,74.68840633277614
2014-08-16,63.436442823376964
2014-08-17,59.07092898735024
2014-08-18,54.35633775456596
2014-08-19,51.53854926938614
2014-08-20,52.7649698750731
2014-08-21,56.87813931535331
2014-08-22,56.87181879104181
2014-08-23,56.10013343251764
2014-08-24,54.01485301098491
2014-08-25,54.650009335679954
2014-08-26,59.23947463478108
2014-08-27,64.18861300261489
2014-08-28,62.93947209577879
2014-08-29,59.228188373040716
2014-08-30,52.86520934057281
2014-08-31,49.06175869803075
2014-09-01,51.585498504529255
2014-09-02,63.50176256547272
2014-09-03,67.65462541790995
2014-09-04,67.46766983996403
2014-09-05,66.3404093165043
2014-09-06,61.70832923399997
2014-09-07,57.413319144368124
2014-09-08,67.16490107378645
2014-09-09,98.12549826841632
2014-09-10,112.95182994044285
2014-09-11,111.75228193495138
2014-09-12,105.53412743354922
2014-09-13,98.10676831889248
2014-09-14,90.24071213050351
2014-09-15,84.7461073874612
2014-09-16,81.9027302696023
2014-09-17,81.0025203222157
2014-09-18,75.20177158146285
2014-09-19,69.80535663694128
2014-09-20,69.7206651863667
2014-09-21,66.08866098790176
2014-09-22,66.25025632047863
2014-09-23,61.88676112710883
2014-09-24,55.84460053441533
2014-09-25,51.18227676589872
2014-09-26,47.403047802152045
2014-09-27,58.57092341962531
2014-09-28,81.33426255748545
2014-09-29,82.89751913269363
2014-09-30,78.83980956176583
2014-10-01,104.84375
2014-10-02,109.2109375
2014-10-03,116.3125
2014-10-04,116.3125
2014-10-05,109.078125
2014-10-06,100.5078125
2014-10-07,92.390625
2014-10-08,84.609375
2014-10-09,77.3125
2014-10-10,70.3828125
2014-10-11,64.0625
2014-10-12,58.1171875
2014-10-13,52.578125
2014-10-14,47.453125
2014-10-15,42.734375
2014-10-16,38.375
2014-10-17,34.3125
2014-10-18,30.6171875
2014-10-19,27.1953125
2014-10-20,24.0390625
2014-10-21,21.1484375
2014-10-22,18.5
2014-10-23,16.015625
2014-10-24,13.75
2014-10-25,11.6640625
2014-10-26,9.703125
2014-10-27,7.8671875
2014-10-28,6.3046875
2014-10-29,5.0078125
2014-10-30,3.8671875
2014-10-31,2.875
2014-11-01,2.1171875
2014-11-02,1.5625
2014-11-03,1.171875
2014-11-04,0.8984375
2014-11-05,0.6796875
2014-11-06,0.5234375
2014-11-07,0.421875
2014-11-08,0.34375
2014-11-09,0.28125
2014-11-10,0.21875
2014-11-11,0.171875
2014-11-12,0.1328125
2014-11-13,0.1015625
2014-11-14,0.09375
2014-11-15,0.078125
2014-11-16,0.06249999999999999
2014-11-17,0.046875
2014-11-18,0.046875
2014-11-19,0.03125
2014-11-20,0.015625
2014-11-21,0.015625
2014-11-22,0.0
2014-11-23,0.0
2014-11-24,0.0
2014-11-25,0.0
2014-11-26,0.0
2014-11-27,0.0
2014-11-28,0.0
2014-11-29,0.0
2014-11-30,0.0
2014-12-01,0.0
2014-12-02,0.0
2014-12-03,0.0
2014-12-04,0.0
2014-12-05,0.0
2014-12-06,0.0
2014-12-07,0.0
2014-12-08,0.0
2014-12-09,0.0
2014-12-10,0.0
2014-12-11,0.0
2014-12-12,0.0
2014-12-13,0.0
2014-12-14,0.0
2014-12-15,0.0
2014-12-16,0.0
2014-12-17,0.0
2014-12-18,0.0
2014-12-19,0.0
2014-12-20,0.0
2014-12-21,0.0
2014-12-22,0.0
2014-12-23,0.0
2014-12-24,0.0
2014-12-25,0.0
2014-12-26,0.0
2014-12-27,0.0
2014-12-28,0.0
2014-12-29,0.0
2014-12-30,0.0
2014-12-31,0.0
2015-01-01,0.0
2015-01-02,0.0
2015-01-03,0.0
2015-01-04,0.0
2015-01-05,0.0
2015-01-06,0.0
2015-01-07,0.0
2015-01-08,0.0
2015-01-09,0.0
2015-01-10,0.0
2015-01-11,0.0
2015-01-12,0.0
2015-01-13,0.0
2015-01-14,0.0
2015-01-15,0.0
2015-01-16,0.0
2015-01-17,0.0
2015-01-18,0.0
2015-01-19,0.0
2015-01-20,0.0
2015-01-21,0.0
2015-01-22,0.0
2015-01-23,0.0
2015-01-24,0.0
2015-01-25,0.0
2015-01-26,0.0
2015-01-27,0.0
2015-01-28,0.0
2015-01-29,0.0
2015-01-30,0.0
2015-01-31,0.0
2015-02-01,0.0
2015-02-02,0.0
2015-02-03,0.0
2015-02-04,0.0
2015-02-05,0.0
2015-02-06,0.0
2015-02-07,0.0
2015-02-08,0.0
2015-02-09,0.0
2015-02-10,0.0
2015-02-11,0.0
2015-02-12,0.0
2015-02-13,0.0
2015-02-14,0.0
2015-02-15,0.0
2015-02-16,0.0
2015-02-17,0.0
2015-02-18,0.0
2015-02-19,0.0
2015-02-20,0.0
2015-02-21,0.0
2015-02-22,0.0
2015-02-23,0.0
2015-02-24,0.0
2015-02-25,0.0
2015-02-26,0.0
2015-02-27,0.0
2015-02-28,0.0
2015-03-01,0.0
2015-03-02,0.0
2015-03-03,0.0
2015-03-04,0.0
2015-03-05,0.0
2015-03-06,0.0
2015-03-07,0.0
2015-03-08,0.0
2015-03-09,0.0
2015-03-10,0.0
2015-03-11,0.0
2015-03-12,0.0
2015-03-13,0.0
2015-03-14,0.0
2015-03-15,0.0
2015-03-16,0.0
2015-03-17,0.0
2015-03-18,0.0
2015-03-19,0.0
2015-03-20,0.0
2015-03-21,0.0
2015-03-22,0.0
2015-03-23,0.0
2015-03-24,0.0
2015-03-25,0.0
2015-03-26,0.0
2015-03-27,0.0
2015-03-28,0.0
2015-03-29,0.0
2015-03-30,0.0
2015-03-31,0.0
2015-04-01,0.0
2015-04-02,0.0
2015-04-03,0.0
2015-04-04,0.0
2015-04-05,0.0
2015-04-06,0.0
2015-04-07,0.0
2015-04-08,0.0
2015-04-09,0.0
2015-04-10,0.0
2015-04-11,0.0
2015-04-12,0.0
2015-04-13,0.0
2015-04-14,0.0
2015-04-15,0.0
2015-04-16,0.0
2015-04-17,0.0
2015-04-18,0.0
2015-04-19,0.0
2015-04-20,0.0
2015-04-21,0.0
2015-04-22,0.0
2015-04-23,0.0
2015-04-24,0.0
2015-04-25,0.0
2015-04-26,0.0
2015-04-27,0.0
2015-04-28,0.0
2015-04-29,0.0
2015-04-30,0.0
2015-05-01,1.1700000000000002
2015-05-02,1.21
2015-05-03,1.2049999999999996
2015-05-04,1.1955
2015-05-05,1.1860000000000002
2015-05-06,1.1864999999999999
2015-05-07,1.1864999999999999
2015-05-08,1.1864999999999997
2015-05-09,1.1864999999999999
2015-05-10,1.1864999999999999
2015-05-11,1.1865
2015-05-12,1.1864999999999997
2015-05-13,1.1864999999999999
2015-05-14,1.1865
2015-05-15,13.152374999999997
2015-05-16,17.34365570599624
2015-05-17,3.9147439480417243
2015-05-18,5.934246203251483
2015-05-19,6.733007427227018
2015-05-20,6.283048446069469
2015-05-21,11.180650258705073
2015-05-22,6.188980623636599
2015-05-23,4.813361649313935
2015-05-24,6.165972331021599
2015-05-25,8.4335024801067
2015-05-26,12.719470324833416
2015-05-27,23.771256070399644
2015-05-28,48.0707081803724
2015-05-29,105.4911633037926
2015-05-30,293.3867538028886
2015-05-31,334.9660013844967
2015-06-01,337.79916395575384
2015-06-02,389.8927169570349
2015-06-03,427.6983284014555
2015-06-04,437.4420661133773
2015-06-05,503.87577645955264
2015-06-06,560.2276880706688
2015-06-07,591.1416211997548
2015-06-08,608.3595628840216
2015-06-09,620.4623948491553
2015-06-10,725.1726999632069
2015-06-11,713.8151774249204
2015-06-12,708.114738289052
2015-06-13,753.4661834751566
2015-06-14,1004.7056017315855
2015-06-15,1273.5704441704952
2015-06-16,1637.8867635984325
2015-06-17,1926.0113419733807
2015-06-18,2036.7363318718292
2015-06-19,1870.2175676578274
2015-06-20,1688.7853512466502
2015-06-21,1536.8948860578134
2015-06-22,1264.3969466041028
2015-06-23,1154.560927164343
2015-06-24,1071.7540579677757
2015-06-25,1022.3287576269976
2015-06-26,947.0316306154929
2015-06-27,674.9849688584787
2015-06-28,598.5489232513313
2015-06-29,554.8008871447494
2015-06-30,517.3991699525601
2015-07-01,469.6023925408324
2015-07-02,416.4435731005737
2015-07-03,383.55709071325276
2015-07-04,365.7836037970728
2015-07-05,305.07082747278395
2015-07-06,277.085907576244
2015-07-07,226.65394642012035
2015-07-08,252.1901832303804
2015-07-09,248.51975531237292
2015-07-10,245.9375571925406
2015-07-11,230.50163004491165
2015-07-12,221.14346657284702
2015-07-13,214.79951124982554
2015-07-14,210.12300718070165
2015-07-15,241.9282115182861
2015-07-16,234.1357381360334
2015-07-17,196.557278582871
2015-07-18,184.6744373068594
2015-07-19,151.272008717312
2015-07-20,142.8627461461817
2015-07-21,124.83505443166293
2015-07-22,115.11302992409003
2015-07-23,107.29647407061655
2015-07-24,88.98666800374733
2015-07-25,75.49792458568879
2015-07-26,73.92015936802571
2015-07-27,89.04092628195028
2015-07-28,113.18183505522377
2015-07-29,129.5036162372852
2015-07-30,163.20532634395792
2015-07-31,262.411541515818
2015-08-01,474.6972151615394
2015-08-02,478.71116478109866
2015-08-03,471.04073823891
2015-08-04,459.6484741492919
2015-08-05,459.6772510477576
2015-08-06,442.9429719823692
2015-08-07,251.9500950740327
2015-08-08,229.44453965626147
2015-08-09,168.44668622314362
2015-08-10,141.7175982242458
2015-08-11,135.35230035321004
2015-08-12,159.33763230984061
2015-08-13,226.0167692321693
2015-08-14,227.86089198742363
2015-08-15,220.14927654585009
2015-08-16,171.58710812407608
2015-08-17,164.83638899433188
2015-08-18,161.68389838660548
2015-08-19,211.51619541216067
2015-08-20,228.70773996564517
2015-08-21,402.53469929570485
2015-08-22,233.2707376336789
2015-08-23,230.35007741242137
2015-08-24,227.0501313038036
2015-08-25,230.61477072076045
2015-08-26,384.018196736575
2015-08-27,224.91367274092775
2015-08-28,209.72243795856744
2015-08-29,205.28137241909954
2015-08-30,206.71309133242562
2015-08-31,193.38083116004384
2015-09-01,128.62910322871556
2015-09-02,104.37378117082393
2015-09-03,104.30148967182248
2015-09-04,129.38491005736074
2015-09-05,180.2314769383289
2015-09-06,168.4664639450365
2015-09-07,123.36931304947208
2015-09-08,112.63564049130976
2015-09-09,102.15105344050009
2015-09-10,95.94895426825137
2015-09-11,91.96511088835986
2015-09-12,84.34137345728823
2015-09-13,77.26737147491312
2015-09-14,78.76335942402618
2015-09-15,85.97256424515598
2015-09-16,106.86733071445268
2015-09-17,112.49215898473471
2015-09-18,108.84651256520763
2015-09-19,104.67361686373346
2015-09-20,95.21250731471818
2015-09-21,87.38388885246079
2015-09-22,79.50853237128358
2015-09-23,77.42541635782915
2015-09-24,88.07994411621256
2015-09-25,97.87564231558102
2015-09-26,96.67847555619029
2015-09-27,87.96683020607279
2015-09-28,82.86117345634256
2015-09-29,75.39740056132865
2015-09-30,69.76618360529103
2015-10-01,88.1875
2015-10-02,80.015625
2015-10-03,72.875
2015-10-04,68.2421875
2015-10-05,67.984375
2015-10-06,67.578125
2015-10-07,66.0234375
2015-10-08,61.65625
2015-10-09,55.6796875
2015-10-10,50.03125
2015-10-11,45.0546875
2015-10-12,40.625
2015-10-13,36.4765625
2015-10-14,32.609375
2015-10-15,29.0546875
2015-10-16,25.78125
2015-10-17,22.671875
2015-10-18,19.8359375
2015-10-19,17.2421875
2015-10-20,14.8984375
2015-10-21,12.7421875
2015-10-22,10.78125
2015-10-23,9.046875
2015-10-24,7.5234375
2015-10-25,6.1953125
2015-10-26,5.1015625
2015-10-27,4.1953125
2015-10-28,3.4375
2015-10-29,2.796875
2015-10-30,2.2578125
2015-10-31,1.8203125
2015-11-01,1.421875
2015-11-02,1.0625
2015-11-03,0.7890625
2015-11-04,0.578125
2015-11-05,0.4140625
2015-11-06,0.296875
2015-11-07,0.21875
2015-11-08,0.1640625
2015-11-09,0.11718750000000001
2015-11-10,0.09375
2015-11-11,0.078125
2015-11-12,0.0703125
2015-11-13,0.06249999999999999
2015-11-14,0.046875
2015-11-15,0.046875
2015-11-16,0.0390625
2015-11-17,0.03125
2015-11-18,0.03125
2015-11-19,0.0234375
2015-11-20,0.015625
2015-11-21,0.015625
2015-11-22,0.015625
2015-11-23,0.015625
2015-11-24,0.007812500000000002
2015-11-25,0.007812500000000002
2015-11-26,0.0
2015-11-27,0.0
2015-11-28,0.0
2015-11-29,0.0
2015-11-30,0.0
2015-12-01,0.0
2015-12-02,0.0
2015-12-03,0.0
2015-12-04,0.0
2015-12-05,0.0
2015-12-06,0.0
2015-12-07,0.0
2015-12-08,0.0
2015-12-09,0.0
2015-12-10,0.0
2015-12-11,0.0
2015-12-12,0.0
2015-12-13,0.0
2015-12-14,0.0
2015-12-15,0.0
2015-12-16,0.0
2015-12-17,0.0
2015-12-18,0.0
2015-12-19,0.0
2015-12-20,0.0
2015-12-21,0.0
2015-12-22,0.0
2015-12-23,0.0
2015-12-24,0.0
2015-12-25,0.0
2015-12-26,0.0
2015-12-27,0.0
2015-12-28,0.0
2015-12-29,0.0
2015-12-30,0.0
2015-12-31,0.0
2016-01-01,0.0
2016-01-02,0.0
2016-01-03,0.0
2016-01-04,0.0
2016-01-05,0.0
2016-01-06,0.0
2016-01-07,0.0
2016-01-08,0.0
2016-01-09,0.0
2016-01-10,0.0
2016-01-11,0.0
2016-01-12,0.0
2016-01-13,0.0
2016-01-14,0.0
2016-01-15,0.0
2016-01-16,0.0
2016-01-17,0.0
2016-01-18,0.0
2016-01-19,0.0
2016-01-20,0.0
2016-01-21,0.0
2016-01-22,0.0
2016-01-23,0.0
2016-01-24,0.0
2016-01-25,0.0
2016-01-26,0.0
2016-01-27,0.0
2016-01-28,0.0
2016-01-29,0.0
2016-01-30,0.0
2016-01-31,0.0
2016-02-01,0.0
2016-02-02,0.0
2016-02-03,0.0
2016-02-04,0.0
2016-02-05,0.0
2016-02-06,0.0
2016-02-07,0.0
2016-02-08,0.0
2016-02-09,0.0
2016-02-10,0.0
2016-02-11,0.0
2016-02-12,0.0
2016-02-13,0.0
2016-02-14,0.0
2016-02-15,0.0
2016-02-16,0.0
2016-02-17,0.0
2016-02-18,0.0
2016-02-19,0.0
2016-02-20,0.0
2016-02-21,0.0
2016-02-22,0.0
2016-02-23,0.0
2016-02-24,0.0
2016-02-25,0.0
2016-02-26,0.0
2016-02-27,0.0
2016-02-28,0.0
2016-02-29,0.0
2016-03-01,0.0
2016-03-02,0.0
2016-03-03,0.0
2016-03-04,0.0
2016-03-05,0.0
2016-03-06,0.0
2016-03-07,0.0
2016-03-08,0.0
2016-03-09,0.0
2016-03-10,0.0
2016-03-11,0.0
2016-03-12,0.0
2016-03-13,0.0
2016-03-14,0.0
2016-03-15,0.0
2016-03-16,0.0
2016-03-17,0.0
2016-03-18,0.0
2016-03-19,0.0
2016-03-20,0.0
2016-03-21,0.0
2016-03-22,0.0
2016-03-23,0.0
2016-03-24,0.0
2016-03-25,0.0
2016-03-26,0.0
2016-03-27,0.0
2016-03-28,0.0
2016-03-29,0.0
2016-03-30,0.0
2016-03-31,0.0
2016-04-01,0.0
2016-04-02,0.0
2016-04-03,0.0
2016-04-04,0.0
2016-04-05,0.0
2016-04-06,0.0
2016-04-07,0.0
2016-04-08,0.0
2016-04-09,0.0
2016-04-10,0.0
2016-04-11,0.0
2016-04-12,0.0
2016-04-13,0.0
2016-04-14,0.0
2016-04-15,0.0
2016-04-16,0.0
2016-04-17,0.0
2016-04-18,0.0
2016-04-19,0.0
2016-04-20,0.0
2016-04-21,0.0
2016-04-22,0.0
2016-04-23,0.0
2016-04-24,0.0
2016-04-25,0.0
2016-04-26,0.0
2016-04-27,0.0
2016-04-28,0.0
2016-04-29,0.0
2016-04-30,0.0
2016-05-01,1.2100000000000002
2016-05-02,1.2049999999999998
2016-05-03,1.1954999999999998
2016-05-04,1.186
2016-05-05,1.1864999999999999
2016-05-06,1.1864999999999999
2016-05-07,1.1864999999999997
2016-05-08,1.1865
2016-05-09,1.1865
2016-05-10,1.1865000000000003
2016-05-11,1.1865
2016-05-12,1.1864999999999999
2016-05-13,1.1865
2016-05-14,1.1864999999999999
2016-05-15,15.703423597679016
2016-05-16,6.693183231647315
2016-05-17,7.053861439727828
2016-05-18,13.995080657039466
2016-05-19,21.756097222518733
2016-05-20,120.05108473671513
2016-05-21,280.76620512673884
2016-05-22,483.93727292880277
2016-05-23,642.2883377060897
2016-05-24,606.8148001211217
2016-05-25,664.4567367364724
2016-05-26,704.9992569342456
2016-05-27,709.2979937915921
2016-05-28,699.7213279057075
2016-05-29,704.2184189291155
2016-05-30,690.1854910284011
2016-05-31,714.066912011532
2016-06-01,640.6070573122679
2016-06-02,596.7706707274439
2016-06-03,548.2216312089994
2016-06-04,495.2115855541397
2016-06-05,435.9330771054648
2016-06-06,359.84303531090876
2016-06-07,372.5404641611225
2016-06-08,298.09709422586735
2016-06-09,282.0471264575587
2016-06-10,243.27731564036796
2016-06-11,275.54036518937966
2016-06-12,215.68482234600617
2016-06-13,168.3993152448888
2016-06-14,160.39510456572262
2016-06-15,166.5707532213037
2016-06-16,151.62845699226804
2016-06-17,127.7509070656649
2016-06-18,96.3534471574294
2016-06-19,73.31720727220055
2016-06-20,68.92014616722281
2016-06-21,65.12807516159417
2016-06-22,61.10194349631591
2016-06-23,58.47815346048833
2016-06-24,55.697629079725914
2016-06-25,53.716989723483444
2016-06-26,57.806582761670846
2016-06-27,65.94256359479968
2016-06-28,66.28838184325272
2016-06-29,60.92206051101865
2016-06-30,52.69681843961097
2016-07-01,50.3259534198651
2016-07-02,46.142277461163005
2016-07-03,48.80119280069619
2016-07-04,52.565722595996185
2016-07-05,50.609173770460245
2016-07-06,45.36879536794775
2016-07-07,42.76303754985912
2016-07-08,43.886156112243185
2016-07-09,54.381654280834205
2016-07-10,70.61904461499769
2016-07-11,92.56835521298106
2016-07-12,85.44858406116434
2016-07-13,76.48058470079489
2016-07-14,66.28822986976796
2016-07-15,62.48099324601421
2016-07-16,60.337350781669535
2016-07-17,63.34397307270639
2016-07-18,73.23205102351922
2016-07-19,103.78465387841442
2016-07-20,134.70553162808446
2016-07-21,137.3763602429905
2016-07-22,131.5498693026249
2016-07-23,124.654724484694
2016-07-24,129.98449590154522
2016-07-25,161.270537541819
2016-07-26,203.51724657899507
2016-07-27,197.68714662356294
2016-07-28,157.72309786448187
2016-07-29,158.58256932861673
2016-07-30,153.79184227371525
2016-07-31,143.96746655489733
2016-08-01,123.48819039352132
2016-08-02,116.24489138280056
2016-08-03,116.23243781239009
2016-08-04,105.5225397343553
2016-08-05,98.09131822923406
2016-08-06,76.74499885264818
2016-08-07,75.02887321117485
2016-08-08,93.1173091029741
2016-08-09,95.59620994476813
2016-08-10,92.42705951984613
2016-08-11,75.18707152820193
2016-08-12,64.1190792466341
2016-08-13,59.29987425484811
2016-08-14,54.12325265143972
2016-08-15,48.3313399091685
2016-08-16,36.76960118582879
2016-08-17,34.060100378895825
2016-08-18,34.27517822463088
2016-08-19,44.77159183259516
2016-08-20,56.14877119284325
2016-08-21,80.3648427681717
2016-08-22,93.32862690296332
2016-08-23,78.45447447240495
2016-08-24,64.17044969046125
2016-08-25,61.93144007495248
2016-08-26,62.55912258781865
2016-08-27,61.42658534417248
2016-08-28,58.34525459999067
2016-08-29,55.97463013774403
2016-08-30,61.44626023206526
2016-08-31,68.99281794424854
2016-09-01,70.134628808155
2016-09-02,69.23100789728244
2016-09-03,61.825431448735856
2016-09-04,56.19484891786167
2016-09-05,48.555960979410784
2016-09-06,44.41726708424929
2016-09-07,38.50720036635497
2016-09-08,34.35338006522064
2016-09-09,32.32028804723587
2016-09-10,33.059566826804215
2016-09-11,37.8901746487656
2016-09-12,37.88939579830112
2016-09-13,38.29411280960356
2016-09-14,40.97084528391581
2016-09-15,42.66253302808153
2016-09-16,40.555776969382606
2016-09-17,37.445679716240335
2016-09-18,32.70934299264416
2016-09-19,33.01087646992098
2016-09-20,34.67727234310847
2016-09-21,32.2002874143258
2016-09-22,30.790036825366467
2016-09-23,29.528977786821017
2016-09-24,29.163015366549725
2016-09-25,28.703448865579748
2016-09-26,28.470689305384006
2016-09-27,23.91717829363682
2016-09-28,34.36574847667772
2016-09-29,92.43527386802212
2016-09-30,134.93828924974054
2016-10-01,253.7265625
2016-10-02,398.875
2016-10-03,509.4609375
2016-10-04,530.359375
2016-10-05,514.4609375
2016-10-06,508.546875
2016-10-07,550.8203125
2016-10-08,638.7109375
2016-10-09,718.71875
2016-10-10,764.2109375
2016-10-11,776.1953125
2016-10-12,745.0859375
2016-10-13,693.28125
2016-10-14,641.5
2016-10-15,591.9296875
2016-10-16,545.515625
2016-10-17,502.8359375
2016-10-18,463.8984375
2016-10-19,427.3671875
2016-10-20,393.7890625
2016-10-21,362.8046875
2016-10-22,334.0703125
2016-10-23,307.78125
2016-10-24,288.6953125
2016-10-25,287.3125
2016-10-26,283.453125
2016-10-27,263.6328125
2016-10-28,243.0859375
2016-10-29,225.5859375
2016-10-30,206.9921875
2016-10-31,189.2265625
2016-11-01,174.1484375
2016-11-02,158.390625
2016-11-03,144.5546875
2016-11-04,132.4609375
2016-11-05,121.3359375
2016-11-06,111.0625
2016-11-07,101.578125
2016-11-08,92.8125
2016-11-09,84.7421875
2016-11-10,77.296875
2016-11-11,70.390625
2016-11-12,64.046875
2016-11-13,58.140625
2016-11-14,52.6796875
2016-11-15,47.6484375
2016-11-16,43.0234375
2016-11-17,38.71875
2016-11-18,34.7578125
2016-11-19,31.109375
2016-11-20,27.765625
2016-11-21,24.671875
2016-11-22,21.8125
2016-11-23,19.171875
2016-11-24,16.734375
2016-11-25,14.46875
2016-11-26,12.46875
2016-11-27,10.65625
2016-11-28,9.015625
2016-11-29,7.546875
2016-11-30,6.234375
2016-12-01,5.109375
2016-12-02,4.140625
2016-12-03,3.3125
2016-12-04,2.625
2016-12-05,2.046875
2016-12-06,1.609375
2016-12-07,1.25
2016-12-08,0.96875
2016-12-09,0.78125
2016-12-10,0.640625
2016-12-11,0.53125
2016-12-12,0.453125
2016-12-13,0.390625
2016-12-14,0.328125
2016-12-15,0.265625
2016-12-16,0.21875
2016-12-17,0.1875
2016-12-18,0.140625
2016-12-19,0.109375
2016-12-20,0.078125
2016-12-21,0.078125
2016-12-22,0.06249999999999999
2016-12-23,0.06249999999999999
2016-12-24,0.046875
2016-12-25,0.046875
2016-12-26,0.03125
2016-12-27,0.03125
2016-12-28,0.03125
2016-12-29,0.015625
2016-12-30,0.015625
2016-12-31,0.015625
2017-01-01,0.015625
2017-01-02,0.015625
2017-01-03,0.015625
2017-01-04,0.0
2017-01-05,0.0
2017-01-06,0.0
2017-01-07,0.0
2017-01-08,0.0
2017-01-09,0.0
2017-01-10,0.0
2017-01-11,0.0
2017-01-12,0.0
2017-01-13,0.0
2017-01-14,0.0
2017-01-15,0.0
2017-01-16,0.0
2017-01-17,0.0
2017-01-18,0.0
2017-01-19,0.0
2017-01-20,0.0
2017-01-21,0.0
2017-01-22,0.0
2017-01-23,0.0
2017-01-24,0.0
2017-01-25,0.0
2017-01-26,0.0
2017-01-27,0.0
2017-01-28,0.0
2017-01-29,0.0
2017-01-30,0.0
2017-01-31,0.0
2017-02-01,0.0
2017-02-02,0.0
2017-02-03,0.0
2017-02-04,0.0
2017-02-05,0.0
2017-02-06,0.0
2017-02-07,0.0
2017-02-08,0.0
2017-02-09,0.0
2017-02-10,0.0
2017-02-11,0.0
2017-02-12,0.0
2017-02-13,0.0
2017-02-14,0.0
2017-02-15,0.0
2017-02-16,0.0
2017-02-17,0.0
2017-02-18,0.0
2017-02-19,0.0
2017-02-20,0.0
2017-02-21,0.0
2017-02-22,0.0
2017-02-23,0.0
2017-02-24,0.0
2017-02-25,0.0
2017-02-26,0.0
2017-02-27,0.0
2017-02-28,0.0
2017-03-01,0.0
2017-03-02,0.0
2017-03-03,0.0
2017-03-04,0.0
2017-03-05,0.0
2017-03-06,0.0
2017-03-07,0.0
2017-03-08,0.0
2017-03-09,0.0
2017-03-10,0.0
2017-03-11,0.0
2017-03-12,0.0
2017-03-13,0.0
2017-03-14,0.0
2017-03-15,0.0
2017-03-16,0.0
2017-03-17,0.0
2017-03-18,0.0
2017-03-19,0.0
2017-03-20,0.0
2017-03-21,0.0
2017-03-22,0.0
2017-03-23,0.0
2017-03-24,0.0
2017-03-25,0.0
2017-03-26,0.0
2017-03-27,0.0
2017-03-28,0.0
2017-03-29,0.0
2017-03-30,0.0
2017-03-31,0.0
2017-04-01,0.0
2017-04-02,0.0
2017-04-03,0.0
2017-04-04,0.0
2017-04-05,0.0
2017-04-06,0.0
2017-04-07,0.0
2017-04-08,0.0
2017-04-09,0.0
2017-04-10,0.0
2017-04-11,0.0
2017-04-12,0.0
2017-04-13,0.0
2017-04-14,0.0
2017-04-15,0.0
2017-04-16,0.0
2017-04-17,0.0
2017-04-18,0.0
2017-04-19,0.0
2017-04-20,0.0
2017-04-21,0.0
2017-04-22,0.0
2017-04-23,0.0
2017-04-24,0.0
2017-04-25,0.0
2017-04-26,0.0
2017-04-27,0.0
2017-04-28,0.0
2017-04-29,0.0
2017-04-30,0.0
2017-05-01,1.17
2017-05-02,1.21
2017-05-03,1.2049999999999998
2017-05-04,1.1955
2017-05-05,1.186
2017-05-06,1.1864999999999999
2017-05-07,1.1864999999999999
2017-05-08,1.1864999999999997
2017-05-09,1.1864999999999999
2017-05-10,1.1865
2017-05-11,1.1865
2017-05-12,1.1864999999999997
2017-05-13,5.3027710843373494
2017-05-14,7.215488810365141
2017-05-15,14.299060100608969
2017-05-16,5.687093614342048
2017-05-17,7.92750836920134
2017-05-18,7.767655609680662
2017-05-19,8.293090647113438
2017-05-20,14.467724601723685
2017-05-21,10.341300639990658
2017-05-22,6.490718309540506
2017-05-23,7.168841550024132
2017-05-24,5.797102327308446
2017-05-25,6.835811488211818
2017-05-26,5.101140538469575
2017-05-27,5.908903565398748
2017-05-28,6.29534814731893
2017-05-29,5.546389639039975
2017-05-30,6.024237660073348
2017-05-31,5.8833964378163275
2017-06-01,7.142214428659175
2017-06-02,9.706472444050084
2017-06-03,25.503316738750044
2017-06-04,75.01458869360778
2017-06-05,296.5719816578728
2017-06-06,340.4666125419696
2017-06-07,475.33423599145607
2017-06-08,1009.5885442986704
2017-06-09,1622.942916405614
2017-06-10,1969.7034511083873
2017-06-11,2152.0715076282704
2017-06-12,2111.2121041465475
2017-06-13,2165.556473243686
2017-06-14,2212.221654393921
2017-06-15,2189.394976895926
2017-06-16,2135.8957901579142
2017-06-17,2059.8673950965567
2017-06-18,1938.0837295528202
2017-06-19,1762.0776716308433
2017-06-20,1637.1210100678543
2017-06-21,1519.628474384482
2017-06-22,1270.3304157961431
2017-06-23,1191.025083418571
2017-06-24,1116.5916141438627
2017-06-25,1026.0847208426103
2017-06-26,943.3507825973699
2017-06-27,861.642975320164
2017-06-28,826.0104093050553
2017-06-29,602.6576550589702
2017-06-30,566.237144072034
2017-07-01,524.5205741545752
2017-07-02,473.07486628313615
2017-07-03,427.25554429988455
2017-07-04,399.4079162719649
2017-07-05,384.3037787119989
2017-07-06,388.76509851974345
2017-07-07,431.9233878940814
2017-07-08,412.64205175566684
2017-07-09,449.1100244484535
2017-07-10,464.776818268851
2017-07-11,464.5788559859984
2017-07-12,471.47902016313986
2017-07-13,605.785776994583
2017-07-14,643.0762912502471
2017-07-15,589.4814345907649
2017-07-16,594.9563930882726
2017-07-17,548.9897363864684
2017-07-18,556.6944908858329
2017-07-19,543.20537594581
2017-07-20,503.8589106950232
2017-07-21,488.48922465274075
2017-07-22,492.40975192416386
2017-07-23,538.139852205719
2017-07-24,570.580144181317
2017-07-25,583.1098829930891
2017-07-26,564.2683131873832
2017-07-27,529.780974651165
2017-07-28,496.1820745368522
2017-07-29,486.16204854728136
2017-07-30,481.291790644925
2017-07-31,477.1057517184245
2017-08-01,479.4694867337629
2017-08-02,265.2236809392381
2017-08-03,257.2421560403046
2017-08-04,251.8695819135256
2017-08-05,239.59037598157374
2017-08-06,235.125380954564
2017-08-07,229.79947192575221
2017-08-08,228.54480560673846
2017-08-09,232.9978551217169
2017-08-10,173.9872645036634
2017-08-11,162.62415525075383
2017-08-12,139.8983307647805
2017-08-13,132.06121479386772
2017-08-14,123.16551104366415
2017-08-15,113.76480621156682
2017-08-16,105.1833291482448
2017-08-17,90.60915141670768
2017-08-18,87.60251259335399
2017-08-19,73.79333052626193
2017-08-20,67.60880880769477
2017-08-21,63.23663701632768
2017-08-22,58.14508598697106
2017-08-23,57.10608123714338
2017-08-24,53.93614797629634
2017-08-25,44.4643121248453
2017-08-26,39.62010408373796
2017-08-27,37.05851232465829
2017-08-28,33.40114530617472
2017-08-29,32.466024446226605
2017-08-30,34.34157894401919
2017-08-31,34.35458169500225
2017-09-01,33.588129860725054
2017-09-02,34.09283543230052
2017-09-03,36.44157123045608
2017-09-04,46.95390453726434
2017-09-05,61.46382570980176
2017-09-06,82.0990275472056
2017-09-07,92.69236157275122
2017-09-08,90.66110761847185
2017-09-09,78.76521653287124
2017-09-10,77.12044545250653
2017-09-11,76.6107097739937
2017-09-12,73.25487792577199
2017-09-13,70.82659940642628
2017-09-14,67.3537786804065
2017-09-15,61.50212547234836
2017-09-16,56.13975865086396
2017-09-17,45.833724047557304
2017-09-18,42.26886766785018
2017-09-19,39.4500575608527
2017-09-20,35.08033665769484
2017-09-21,34.00960500538368
2017-09-22,31.031848616937896
2017-09-23,32.77228771610991
2017-09-24,33.18336174074235
2017-09-25,38.56579220362824
2017-09-26,37.14288196427115
2017-09-27,42.290727750085715
2017-09-28,54.153794280692274
2017-09-29,52.30733524040291
2017-09-30,49.09961241023427
2017-10-01,96.375
2017-10-02,142.796875
2017-10-03,191.6171875
2017-10-04,214.359375
2017-10-05,208.3203125
2017-10-06,192.7890625
2017-10-07,174.578125
2017-10-08,157.8828125
2017-10-09,143.4296875
2017-10-10,130.984375
2017-10-11,119.5625
2017-10-12,109.1015625
2017-10-13,99.7265625
2017-10-14,91.2265625
2017-10-15,83.2265625
2017-10-16,75.734375
2017-10-17,68.90625
2017-10-18,62.6796875
2017-10-19,56.859375
2017-10-20,51.4296875
2017-10-21,46.3671875
2017-10-22,41.7421875
2017-10-23,37.6015625
2017-10-24,33.734375
2017-10-25,30.125
2017-10-26,26.7890625
2017-10-27,23.6953125
2017-10-28,20.8359375
2017-10-29,18.2109375
2017-10-30,15.7578125
2017-10-31,13.5078125
2017-11-01,11.453125
2017-11-02,9.625
2017-11-03,7.9609375
2017-11-04,6.4375
2017-11-05,5.0703125
2017-11-06,6.09375
2017-11-07,8.28125
2017-11-08,8.0
2017-11-09,6.8515625
2017-11-10,5.890625
2017-11-11,5.09375
2017-11-12,4.484375
2017-11-13,3.96875
2017-11-14,3.75
2017-11-15,3.625
2017-11-16,3.234375
2017-11-17,2.859375
2017-11-18,2.5234375
2017-11-19,2.2265625
2017-11-20,1.953125
2017-11-21,1.6953125
2017-11-22,1.484375
2017-11-23,1.296875
2017-11-24,1.125
2017-11-25,0.96875
2017-11-26,0.828125
2017-11-27,0.6875
2017-11-28,0.5625
2017-11-29,0.46875
2017-11-30,0.390625
2017-12-01,0.328125
2017-12-02,0.25
2017-12-03,0.1875
2017-12-04,0.140625
2017-12-05,0.125
2017-12-06,0.09375
2017-12-07,0.078125
2017-12-08,0.046875
2017-12-09,0.046875
2017-12-10,0.03125
2017-12-11,0.03125
2017-12-12,0.015625
2017-12-13,0.015625
2017-12-14,0.0
2017-12-15,0.0
2017-12-16,0.0
2017-12-17,0.0
2017-12-18,0.0
2017-12-19,0.0
2017-12-20,0.0
2017-12-21,0.0
2017-12-22,0.0
2017-12-23,0.0
2017-12-24,0.0
2017-12-25,0.0
2017-12-26,0.0
2017-12-27,0.0
2017-12-28,0.0
2017-12-29,0.0
2017-12-30,0.0
2017-12-31,0.0
2018-01-01,0.0
2018-01-02,0.0
2018-01-03,0.0
2018-01-04,0.0
2018-01-05,0.0
2018-01-06,0.0
2018-01-07,0.0
2018-01-08,0.0
2018-01-09,0.0
2018-01-10,0.0
2018-01-11,0.0
2018-01-12,0.0
2018-01-13,0.0
2018-01-14,0.0
2018-01-15,0.0
2018-01-16,0.0
2018-01-17,0.0
2018-01-18,0.0
2018-01-19,0.0
2018-01-20,0.0
2018-01-21,0.0
2018-01-22,0.0
2018-01-23,0.0
2018-01-24,0.0
2018-01-25,0.0
2018-01-26,0.0
2018-01-27,0.0
2018-01-28,0.0
2018-01-29,0.0
2018-01-30,0.0
2018-01-31,0.0
2018-02-01,0.0
2018-02-02,0.0
2018-02-03,0.0
2018-02-04,0.0
2018-02-05,0.0
2018-02-06,0.0
2018-02-07,0.0
2018-02-08,0.0
2018-02-09,0.0
2018-02-10,0.0
2018-02-11,0.0
2018-02-12,0.0
2018-02-13,0.0
2018-02-14,0.0
2018-02-15,0.0
2018-02-16,0.0
2018-02-17,0.0
2018-02-18,0.0
2018-02-19,0.0
2018-02-20,0.0
2018-02-21,0.0
2018-02-22,0.0
2018-02-23,0.0
2018-02-24,0.0
2018-02-25,0.0
2018-02-26,0.0
2018-02-27,0.0
2018-02-28,0.0
2018-03-01,0.0
2018-03-02,0.0
2018-03-03,0.0
2018-03-04,0.0
2018-03-05,0.0
2018-03-06,0.0
2018-03-07,0.0
2018-03-08,0.0
2018-03-09,0.0
2018-03-10,0.0
2018-03-11,0.0
2018-03-12,0.0
2018-03-13,0.0
2018-03-14,0.0
2018-03-15,0.0
2018-03-16,0.0
2018-03-17,0.0
2018-03-18,0.0
2018-03-19,0.0
2018-03-20,0.0
2018-03-21,0.0
2018-03-22,0.0
2018-03-23,0.0
2018-03-24,0.0
2018-03-25,0.0
2018-03-26,0.0
2018-03-27,0.0
2018-03-28,0.0
2018-03-29,0.0
2018-03-30,0.0
2018-03-31,0.0
2018-04-01,0.0
2018-04-02,0.0
2018-04-03,0.0
2018-04-04,0.0
2018-04-05,0.0
2018-04-06,0.0
2018-04-07,0.0
2018-04-08,0.0
2018-04-09,0.0
2018-04-10,0.0
2018-04-11,0.0
2018-04-12,0.0
2018-04-13,0.0
2018-04-14,0.0
2018-04-15,0.0
2018-04-16,0.0
2018-04-17,0.0
2018-04-18,0.0
2018-04-19,0.0
2018-04-20,0.0
2018-04-21,0.0
2018-04-22,0.0
2018-04-23,0.0
2018-04-24,0.0
2018-04-25,0.0
2018-04-26,0.0
2018-04-27,0.0
2018-04-28,0.0
2018-04-29,0.0
2018-04-30,0.0
2018-05-01,1.1700000000000002
2018-05-02,1.21
2018-05-03,1.2049999999999996
2018-05-04,1.1955
2018-05-05,1.186
2018-05-06,1.1864999999999999
2018-05-07,1.1864999999999999
2018-05-08,1.1864999999999999
2018-05-09,1.1865
2018-05-10,1.1864999999999999
2018-05-11,1.1865
2018-05-12,1.1864999999999999
2018-05-13,1.1864999999999999
2018-05-14,1.1865000000000003
2018-05-15,1.1864999999999999
2018-05-16,18.755
2018-05-17,45.76887500000001
2018-05-18,27.109151515151506
2018-05-19,27.799999999999994
2018-05-20,35.649999999999984
2018-05-21,3.454423157600335
2018-05-22,17.47117647058824
2018-05-23,3.9290991650667513
2018-05-24,3.4024184702331257
2018-05-25,8.50942302253229
2018-05-26,5.190502420992346
2018-05-27,5.161063660740887
2018-05-28,8.618265980073884
2018-05-29,9.066073180936444
2018-05-30,9.817712980220042
2018-05-31,9.641425356411544
2018-06-01,12.292230610209565
2018-06-02,16.933944592329684
2018-06-03,154.7698574985306
2018-06-04,258.52208821997516
2018-06-05,327.05749658654116
2018-06-06,354.4124507049862
2018-06-07,339.8734301373435
2018-06-08,333.11541422316753
2018-06-09,306.13548462874496
2018-06-10,321.3829112821635
2018-06-11,393.45886217307213
2018-06-12,797.8964323519317
2018-06-13,1920.4777822860067
2018-06-14,2861.7454094217737
2018-06-15,3526.861625337987
2018-06-16,3615.77698057343
2018-06-17,3327.6063243832928
2018-06-18,3013.0330800900297
2018-06-19,2706.2446307886853
2018-06-20,2515.145022424991
2018-06-21,2329.890813846541
2018-06-22,2152.9550588086277
2018-06-23,2001.019629006058
2018-06-24,1834.406647933793
2018-06-25,1717.4123974688805
2018-06-26,1614.9993488824512
2018-06-27,1588.8693654631354
2018-06-28,1425.807501247838
2018-06-29,1289.6165829860097
2018-06-30,1190.485442861702
2018-07-01,1188.433384602043
2018-07-02,1090.6579561872352
2018-07-03,1033.3105564600276
2018-07-04,900.0343813869538
2018-07-05,767.0623077010223
2018-07-06,636.470050073308
2018-07-07,578.495685049094
2018-07-08,508.6681058836322
2018-07-09,482.2798933146614
2018-07-10,463.622523258388
2018-07-11,445.86186619401616
2018-07-12,418.6663600129117
2018-07-13,388.6767301839502
2018-07-14,363.06265265016117
2018-07-15,344.501693310158
2018-07-16,251.11528912439314
2018-07-17,321.082445456784
2018-07-18,343.63348948701804
2018-07-19,519.9200372085887
2018-07-20,576.9456504789392
2018-07-21,613.8002722346174
2018-07-22,614.1225180569567
2018-07-23,587.9303490206258
2018-07-24,524.4979608652197
2018-07-25,485.3348275832957
2018-07-26,456.36856256058564
2018-07-27,462.8515903862112
2018-07-28,505.37455694808796
2018-07-29,529.1254674105375
2018-07-30,518.6266786498851
2018-07-31,508.9066561175469
2018-08-01,508.5369590373065
2018-08-02,460.640900383071
2018-08-03,263.45364968387264
2018-08-04,250.59624931636205
2018-08-05,188.87470396904644
2018-08-06,171.57914363840652
2018-08-07,147.01078463705548
2018-08-08,135.18845556780286
2018-08-09,111.9327726486885
2018-08-10,103.82613661464251
2018-08-11,92.45386934487478
2018-08-12,87.9052588359851
2018-08-13,76.62040772147436
2018-08-14,71.8292902066487
2018-08-15,61.6908455864418
2018-08-16,54.91644451090591
2018-08-17,49.882307265584295
2018-08-18,46.09463838529517
2018-08-19,36.08961068618153
2018-08-20,46.7946945937887
2018-08-21,82.10016295284922
2018-08-22,148.52779685579517
2018-08-23,156.9888568449985
2018-08-24,148.09490835680836
2018-08-25,113.66345051637845
2018-08-26,105.8087317582665
2018-08-27,102.30189899082848
2018-08-28,103.99661285446668
2018-08-29,99.45690702996501
2018-08-30,95.76717692243247
2018-08-31,89.5415259130668
2018-09-01,81.6633755545236
2018-09-02,70.0840594861111
2018-09-03,62.98983786577542
2018-09-04,58.368585520394106
2018-09-05,54.01594874074357
2018-09-06,48.39294062996374
2018-09-07,46.54640341328935
2018-09-08,41.40498113039487
2018-09-09,37.181251442112966
2018-09-10,35.80266210803884
2018-09-11,54.1532681239452
2018-09-12,88.26192873893017
2018-09-13,104.02824300519927
2018-09-14,141.40107188862243
2018-09-15,342.8240624430121
2018-09-16,360.5394878572276
2018-09-17,354.62370986643447
2018-09-18,313.50694251754203
2018-09-19,264.7127172551672
2018-09-20,253.5047976264426
2018-09-21,247.01934960326093
2018-09-22,239.44264449670837
2018-09-23,222.8110626380682
2018-09-24,210.10685263924975
2018-09-25,198.6039857232788
2018-09-26,201.2339833930742
2018-09-27,211.61887917482534
2018-09-28,227.8579097978594
2018-09-29,259.21605586461936
2018-09-30,322.4256575253965
2018-10-01,510.3984375
2018-10-02,567.734375
2018-10-03,579.8828125
2018-10-04,578.75
2018-10-05,566.0078125
2018-10-06,536.1953125
2018-10-07,506.2890625
2018-10-08,477.90625
2018-10-09,447.078125
2018-10-10,417.125
2018-10-11,387.0625
2018-10-12,356.8046875
2018-10-13,328.640625
2018-10-14,302.2421875
2018-10-15,277.5546875
2018-10-16,252.8125
2018-10-17,228.9140625
2018-10-18,215.09375
2018-10-19,201.3671875
2018-10-20,183.4140625
2018-10-21,167.578125
2018-10-22,153.453125
2018-10-23,140.5
2018-10-24,127.78125
2018-10-25,116.6484375
2018-10-26,106.765625
2018-10-27,97.5546875
2018-10-28,89.0390625
2018-10-29,81.140625
2018-10-30,73.796875
2018-10-31,67.03125
2018-11-01,60.7109375
2018-11-02,54.90625
2018-11-03,49.5859375
2018-11-04,44.703125
2018-11-05,40.109375
2018-11-06,35.875
2018-11-07,32.078125
2018-11-08,28.546875
2018-11-09,25.1796875
2018-11-10,22.1171875
2018-11-11,19.3515625
2018-11-12,16.8046875
2018-11-13,14.453125
2018-11-14,12.2890625
2018-11-15,10.3125
2018-11-16,8.5
2018-11-17,6.859375
2018-11-18,5.40625
2018-11-19,4.15625
2018-11-20,3.09375
2018-11-21,2.2421875
2018-11-22,1.6015625
2018-11-23,1.15625
2018-11-24,0.859375
2018-11-25,0.640625
2018-11-26,0.484375
2018-11-27,0.375
2018-11-28,0.296875
2018-11-29,0.234375
2018-11-30,0.1875
2018-12-01,0.140625
2018-12-02,0.109375
2018-12-03,0.09375
2018-12-04,0.078125
2018-12-05,0.06249999999999999
2018-12-06,0.046875
2018-12-07,0.046875
2018-12-08,0.03125
2018-12-09,0.015625
2018-12-10,0.015625
2018-12-11,0.015625
2018-12-12,0.015625
2018-12-13,0.0
2018-12-14,0.0
2018-12-15,0.0
2018-12-16,0.0
2018-12-17,0.0
2018-12-18,0.0
2018-12-19,0.0
2018-12-20,0.0
2018-12-21,0.0
2018-12-22,0.0
2018-12-23,0.0
2018-12-24,0.0
2018-12-25,0.0
2018-12-26,0.0
2018-12-27,0.0
2018-12-28,0.0
2018-12-29,0.0
2018-12-30,0.0
2018-12-31,0.0
2019-01-01,0.0
2019-01-02,0.0
2019-01-03,0.0
2019-01-04,0.0
2019-01-05,0.0
2019-01-06,0.0
2019-01-07,0.0
2019-01-08,0.0
2019-01-09,0.0
2019-01-10,0.0
2019-01-11,0.0
2019-01-12,0.0
2019-01-13,0.0
2019-01-14,0.0
2019-01-15,0.0
2019-01-16,0.0
2019-01-17,0.0
2019-01-18,0.0
2019-01-19,0.0
2019-01-20,0.0
2019-01-21,0.0
2019-01-22,0.0
2019-01-23,0.0
2019-01-24,0.0
2019-01-25,0.0
2019-01-26,0.0
2019-01-27,0.0
2019-01-28,0.0
2019-01-29,0.0
2019-01-30,0.0
2019-01-31,0.0
2019-02-01,0.0
2019-02-02,0.0
2019-02-03,0.0
2019-02-04,0.0
2019-02-05,0.0
2019-02-06,0.0
2019-02-07,0.0
2019-02-08,0.0
2019-02-09,0.0
2019-02-10,0.0
2019-02-11,0.0
2019-02-12,0.0
2019-02-13,0.0
2019-02-14,0.0
2019-02-15,0.0
2019-02-16,0.0
2019-02-17,0.0
2019-02-18,0.0
2019-02-19,0.0
2019-02-20,0.0
2019-02-21,0.0
2019-02-22,0.0
2019-02-23,0.0
2019-02-24,0.0
2019-02-25,0.0
2019-02-26,0.0
2019-02-27,0.0
2019-02-28,0.0
2019-03-01,0.0
2019-03-02,0.0
2019-03-03,0.0
2019-03-04,0.0
2019-03-05,0.0
2019-03-06,0.0
2019-03-07,0.0
2019-03-08,0.0
2019-03-09,0.0
2019-03-10,0.0
2019-03-11,0.0
2019-03-12,0.0
2019-03-13,0.0
2019-03-14,0.0
2019-03-15,0.0
2019-03-16,0.0
2019-03-17,0.0
2019-03-18,0.0
2019-03-19,0.0
2019-03-20,0.0
2019-03-21,0.0
2019-03-22,0.0
2019-03-23,0.0
2019-03-24,0.0
2019-03-25,0.0
2019-03-26,0.0
2019-03-27,0.0
2019-03-28,0.0
2019-03-29,0.0
2019-03-30,0.0
2019-03-31,0.0
2019-04-01,0.0
2019-04-02,0.0
2019-04-03,0.0
2019-04-04,0.0
2019-04-05,0.0
2019-04-06,0.0
2019-04-07,0.0
2019-04-08,0.0
2019-04-09,0.0
2019-04-10,0.0
2019-04-11,0.0
2019-04-12,0.0
2019-04-13,0.0
2019-04-14,0.0
2019-04-15,0.0
2019-04-16,0.0
2019-04-17,0.0
2019-04-18,0.0
2019-04-19,0.0
2019-04-20,0.0
2019-04-21,0.0
2019-04-22,0.0
2019-04-23,0.0
2019-04-24,0.0
2019-04-25,0.0
2019-04-26,0.0
2019-04-27,0.0
2019-04-28,0.0
2019-04-29,0.0
2019-04-30,1.03125
2019-05-01,61.68808553971487
2019-05-02,30.757424271169285
2019-05-03,32.186570231705716
2019-05-04,29.32015434083602
2019-05-05,26.472838287428377
2019-05-06,23.078823151125395
2019-05-07,19.156549419894752
2019-05-08,16.12858356520126
2019-05-09,10.79800943118185
2019-05-10,24.00186613889889
2019-05-11,19.26591003692515
2019-05-12,14.599403992531997
2019-05-13,10.475809435707697
2019-05-14,7.412583431488029
2019-05-15,4.131466772570829
2019-05-16,21.034177949709996
2019-05-17,8.99751622418882
2019-05-18,3.78251926977688
2019-05-19,22.472413793103442
2019-05-20,8.649999999999999
2019-05-21,22.04151515151515
2019-05-22,52.83621212121212
2019-05-23,27.036046511627898
2019-05-24,5.3325963650375705
2019-05-25,10.124925506885859
2019-05-26,19.640451076763558
2019-05-27,148.15020588539542
2019-05-28,216.24145438146704
2019-05-29,328.358256830756
2019-05-30,372.63892688226986
2019-05-31,387.98084390617436
2019-06-01,398.63960647263514
2019-06-02,513.5349188686939
2019-06-03,613.2233086339032
2019-06-04,642.4245641343497
2019-06-05,766.0365830637887
2019-06-06,1316.950372716945
2019-06-07,1908.4672932845488
2019-06-08,2188.798777856836
2019-06-09,2242.9599964520526
2019-06-10,2292.256104624748
2019-06-11,2245.2244825509965
2019-06-12,2085.200002004694
2019-06-13,1921.3241783791068
2019-06-14,1732.439735818721
2019-06-15,1469.6259654823848
2019-06-16,1338.6269412520396
2019-06-17,1235.5429027196208
2019-06-18,1004.3036744979302
2019-06-19,929.174019728083
2019-06-20,718.9909587198217
2019-06-21,671.4684252096858
2019-06-22,600.0722854463921
2019-06-23,460.0335266281415
2019-06-24,422.02130912379005
2019-06-25,380.40355595841066
2019-06-26,332.07047077322034
2019-06-27,279.32129403273086
2019-06-28,269.0171227962583
2019-06-29,260.98138513725024
2019-06-30,242.88578822252484
2019-07-01,232.33823967873874
2019-07-02,221.66505940853318
2019-07-03,211.62762914380625
2019-07-04,197.51241763121257
2019-07-05,187.69863835284673
2019-07-06,180.20707451909934
2019-07-07,157.44391207376694
2019-07-08,132.55769370235595
2019-07-09,121.70857128570914
2019-07-10,105.56633777866188
2019-07-11,91.7588286340908
2019-07-12,82.68876046963831
2019-07-13,65.74395789470054
2019-07-14,61.80601558183662
2019-07-15,62.9237541857759
2019-07-16,79.23265938307019
2019-07-17,125.75019568988095
2019-07-18,132.24727275904166
2019-07-19,141.59564111245288
2019-07-20,176.0944750676674
2019-07-21,307.53267284356104
2019-07-22,516.3733657054833
2019-07-23,591.4931356816037
2019-07-24,563.8699686594049
2019-07-25,530.2248638102731
2019-07-26,504.1163262237827
2019-07-27,483.6826379384159
2019-07-28,469.3598782054764
2019-07-29,496.6366908801541
2019-07-30,536.7695106429276
2019-07-31,531.4139444111088
2019-08-01,518.3555082050391
2019-08-02,466.8636262358231
2019-08-03,266.2720807203815
2019-08-04,248.43712012986737
2019-08-05,236.91648846120353
2019-08-06,182.5462448977166
2019-08-07,174.54497527296618
2019-08-08,160.53678287587724
2019-08-09,136.02870664767056
2019-08-10,129.30127520245063
2019-08-11,116.76861212646456
2019-08-12,113.97385099066389
2019-08-13,116.09025116100291
2019-08-14,119.26178920794285
2019-08-15,122.64789958260077
2019-08-16,115.23637439801986
2019-08-17,107.46135789116619
2019-08-18,104.48200400426961
2019-08-19,114.57982409341967
2019-08-20,125.99164027610308
2019-08-21,142.34758541612095
2019-08-22,119.88306442810219
2019-08-23,97.52466198162993
2019-08-24,79.09856185624393
2019-08-25,64.74984243298655
2019-08-26,60.50797776053788
2019-08-27,58.02316803360662
2019-08-28,63.128582939729576
2019-08-29,83.29416451269711
2019-08-30,91.47438205034277
2019-08-31,96.63908567155681
2019-09-01,104.25173805458722
2019-09-02,119.95142879033101
2019-09-03,103.69801681833034
2019-09-04,97.76651945672292
2019-09-05,89.07241354081661
2019-09-06,83.65809142300277
2019-09-07,75.54590090927405
2019-09-08,66.9480608155745
2019-09-09,61.177513441758215
2019-09-10,55.46171577062312
2019-09-11,52.91550171862641
2019-09-12,50.503547480824245
2019-09-13,51.397244442977154
2019-09-14,48.332646854921705
2019-09-15,42.94207266676951
2019-09-16,39.96435648529456
2019-09-17,35.32220999685633
2019-09-18,32.49743860607247
2019-09-19,30.021384365933265
2019-09-20,28.269785798011117
2019-09-21,27.59348473554055
2019-09-22,24.99085775127613
2019-09-23,23.549960544250226
2019-09-24,21.851436864958934
2019-09-25,21.165540764910563
2019-09-26,20.799290606199605
2019-09-27,22.884711108724318
2019-09-28,24.82520859557334
2019-09-29,24.302365565309454
2019-09-30,21.457100742785567
2019-10-01,27.9453125
2019-10-02,28.8359375
2019-10-03,26.203125
2019-10-04,22.7578125
2019-10-05,19.7421875
2019-10-06,17.2265625
2019-10-07,14.9375
2019-10-08,12.8125
2019-10-09,11.0703125
2019-10-10,9.6328125
2019-10-11,8.359375
2019-10-12,7.2578125
2019-10-13,6.3125
2019-10-14,5.53125
2019-10-15,4.796875
2019-10-16,4.078125
2019-10-17,3.5234375
2019-10-18,3.0703125
2019-10-19,2.625
2019-10-20,2.234375
2019-10-21,1.90625
2019-10-22,1.625
2019-10-23,1.40625
2019-10-24,1.2109375
2019-10-25,1.0234375
2019-10-26,0.859375
2019-10-27,0.7109375
2019-10-28,0.5546875
2019-10-29,0.421875
2019-10-30,0.328125
2019-10-31,0.234375
2019-11-01,0.1640625
2019-11-02,0.109375
2019-11-03,0.0703125
2019-11-04,0.046875
2019-11-05,0.03125
2019-11-06,0.0234375
2019-11-07,0.015625
2019-11-08,0.007812500000000002
2019-11-09,0.007812500000000002
2019-11-10,0.0
2019-11-11,0.0
2019-11-12,0.0
2019-11-13,0.0
2019-11-14,0.0
2019-11-15,0.0
2019-11-16,0.0
2019-11-17,0.0
2019-11-18,0.0
2019-11-19,0.0
2019-11-20,0.0
2019-11-21,0.0
2019-11-22,0.0
2019-11-23,0.0
2019-11-24,0.0
2019-11-25,0.0
2019-11-26,0.0
2019-11-27,0.0
2019-11-28,0.0
2019-11-29,0.0
2019-11-30,0.0
2019-12-01,0.0
2019-12-02,0.0
2019-12-03,0.0
2019-12-04,0.0
2019-12-05,0.0
2019-12-06,0.0
2019-12-07,0.0
2019-12-08,0.0
2019-12-09,0.0
2019-12-10,0.0
2019-12-11,0.0
2019-12-12,0.0
2019-12-13,0.0
2019-12-14,0.0
2019-12-15,0.0
2019-12-16,0.0
2019-12-17,0.0
2019-12-18,0.0
2019-12-19,0.0
2019-12-20,0.0
2019-12-21,0.0
2019-12-22,0.0
2019-12-23,0.0
2019-12-24,0.0
2019-12-25,0.0
2019-12-26,0.0
2019-12-27,0.0
2019-12-28,0.0
2019-12-29,0.0
2019-12-30,0.0
2019-12-31,0.0
2020-01-01,0.0
2020-01-02,0.0
2020-01-03,0.0
2020-01-04,0.0
2020-01-05,0.0
2020-01-06,0.0
2020-01-07,0.0
2020-01-08,0.0
2020-01-09,0.0
2020-01-10,0.0
2020-01-11,0.0
2020-01-12,0.0
2020-01-13,0.0
2020-01-14,0.0
2020-01-15,0.0
2020-01-16,0.0
2020-01-17,0.0
2020-01-18,0.0
2020-01-19,0.0
2020-01-20,0.0
2020-01-21,0.0
2020-01-22,0.0
2020-01-23,0.0
2020-01-24,0.0
2020-01-25,0.0
2020-01-26,0.0
2020-01-27,0.0
2020-01-28,0.0
2020-01-29,0.0
2020-01-30,0.0
2020-01-31,0.0
2020-02-01,0.0
2020-02-02,0.0
2020-02-03,0.0
2020-02-04,0.0
2020-02-05,0.0
2020-02-06,0.0
2020-02-07,0.0
2020-02-08,0.0
2020-02-09,0.0
2020-02-10,0.0
2020-02-11,0.0
2020-02-12,0.0
2020-02-13,0.0
2020-02-14,0.0
2020-02-15,0.0
2020-02-16,0.0
2020-02-17,0.0
2020-02-18,0.0
2020-02-19,0.0
2020-02-20,0.0
2020-02-21,0.0
2020-02-22,0.0
2020-02-23,0.0
2020-02-24,0.0
2020-02-25,0.0
2020-02-26,0.0
2020-02-27,0.0
2020-02-28,0.0
2020-02-29,0.0
2020-03-01,0.0
2020-03-02,0.0
2020-03-03,0.0
2020-03-04,0.0
2020-03-05,0.0
2020-03-06,0.0
2020-03-07,0.0
2020-03-08,0.0
2020-03-09,0.0
2020-03-10,0.0
2020-03-11,0.0
2020-03-12,0.0
2020-03-13,0.0
2020-03-14,0.0
2020-03-15,0.0
2020-03-16,0.0
2020-03-17,0.0
2020-03-18,0.0
2020-03-19,0.0
2020-03-20,0.0
2020-03-21,0.0
2020-03-22,0.0
2020-03-23,0.0
2020-03-24,0.0
2020-03-25,0.0
2020-03-26,0.0
2020-03-27,0.0
2020-03-28,0.0
2020-03-29,0.0
2020-03-30,0.0
2020-03-31,0.0
2020-04-01,0.0
2020-04-02,0.0
2020-04-03,0.0
2020-04-04,0.0
2020-04-05,0.0
2020-04-06,0.0
2020-04-07,0.0
2020-04-08,0.0
2020-04-09,0.0
2020-04-10,0.0
2020-04-11,0.0
2020-04-12,0.0
2020-04-13,0.0
2020-04-14,0.0
2020-04-15,0.0
2020-04-16,0.0
2020-04-17,0.0
2020-04-18,0.0
2020-04-19,0.0
2020-04-20,0.0
2020-04-21,0.0
2020-04-22,0.0
2020-04-23,0.0
2020-04-24,0.0
2020-04-25,0.0
2020-04-26,0.0
2020-04-27,0.0
2020-04-28,0.0
2020-04-29,0.0
2020-04-30,0.0
2020-05-01,1.21
2020-05-02,1.2049999999999998
2020-05-03,1.1954999999999998
2020-05-04,1.186
2020-05-05,1.1864999999999999
2020-05-06,1.1864999999999999
2020-05-07,1.1864999999999997
2020-05-08,1.1864999999999999
2020-05-09,11.29909535804247
2020-05-10,21.0005052421368
2020-05-11,22.427441983646172
2020-05-12,30.865339960691596
2020-05-13,26.988681496209775
2020-05-14,26.90785133940712
2020-05-15,22.709244454629882
2020-05-16,24.088467442989582
2020-05-17,38.89505719911858
2020-05-18,64.55660369765214
2020-05-19,65.29923144488359
2020-05-20,33.713680716768515
2020-05-21,57.1623184666669
2020-05-22,28.26559180276285
2020-05-23,42.16198479918529
2020-05-24,19.089975483658275
2020-05-25,18.285006775198603
2020-05-26,26.033474117191055
2020-05-27,46.00583900491764
2020-05-28,98.24066719256508
2020-05-29,157.81678186705474
2020-05-30,337.7253063280311
2020-05-31,369.06712955256955
2020-06-01,498.9015194855046
2020-06-02,629.3604337944645
2020-06-03,959.6105033334511
2020-06-04,1693.9275902757006
2020-06-05,1916.458602902412
2020-06-06,1909.0873264329982
2020-06-07,1798.1882511669044
2020-06-08,1670.7652367240148
2020-06-09,1458.4652212380392
2020-06-10,1331.120774284679
2020-06-11,1081.8276173839795
2020-06-12,996.7974331520403
2020-06-13,775.4126572333412
2020-06-14,717.7676771177963
2020-06-15,631.0159848024574
2020-06-16,605.9491564017442
2020-06-17,571.4809464305085
2020-06-18,537.3653495484306
2020-06-19,388.9660823121736
2020-06-20,344.4206674247688
2020-06-21,303.83195035393254
2020-06-22,271.1223911252011
2020-06-23,249.62561105373516
2020-06-24,206.5192348644417
2020-06-25,187.0745196391203
2020-06-26,175.4739177090083
2020-06-27,176.84871941698057
2020-06-28,167.42795332621574
2020-06-29,143.81978626948603
2020-06-30,136.53983245150943
2020-07-01,132.261572490757
2020-07-02,172.67078976642875
2020-07-03,287.0740120473679
2020-07-04,358.05696980234177
2020-07-05,354.1902568095505
2020-07-06,355.8056831003386
2020-07-07,339.9659236846893
2020-07-08,308.10567742291016
2020-07-09,284.54296260567867
2020-07-10,265.9012645483914
2020-07-11,230.97528311128912
2020-07-12,363.5589328186048
2020-07-13,405.18372175319445
2020-07-14,406.9876161561489
2020-07-15,387.51967170713607
2020-07-16,519.3293205400661
2020-07-17,521.6895580514855
2020-07-18,516.2123104805273
2020-07-19,505.3134723101339
2020-07-20,501.1859387249133
2020-07-21,492.81883427981967
2020-07-22,323.13631638276286
2020-07-23,295.71828050398994
2020-07-24,209.63232503270953
2020-07-25,163.06148949882422
2020-07-26,154.05802172038668
2020-07-27,148.4802049170658
2020-07-28,143.74668388719624
2020-07-29,134.43572996508468
2020-07-30,131.29000380663254
2020-07-31,123.60547476824699
2020-08-01,110.23865295864044
2020-08-02,99.15908522949701
2020-08-03,80.51094456627615
2020-08-04,75.7668470752384
2020-08-05,74.08283587185008
2020-08-06,74.32550252784881
2020-08-07,92.7832394445373
2020-08-08,103.10436223461717
2020-08-09,110.06709274998356
2020-08-10,125.69481465661883
2020-08-11,114.47732007249385
2020-08-12,110.49788796429361
2020-08-13,107.94164906232302
2020-08-14,94.66184018032897
2020-08-15,87.8312326804108
2020-08-16,72.55172878239932
2020-08-17,68.78661547402913
2020-08-18,67.69358480674134
2020-08-19,69.10374522717133
2020-08-20,76.10710924525812
2020-08-21,66.95578950264628
2020-08-22,81.74097537156929
2020-08-23,147.14300482096974
2020-08-24,213.68032121347701
2020-08-25,226.5118927365019
2020-08-26,223.450813095219
2020-08-27,217.8525617587566
2020-08-28,204.65089820019708
2020-08-29,190.7683356704598
2020-08-30,127.60616722227907
2020-08-31,117.89261774416609
2020-09-01,95.95520698782244
2020-09-02,90.42540628090087
2020-09-03,85.73873752704444
2020-09-04,83.135094950594
2020-09-05,87.12171809444139
2020-09-06,91.06192886139168
2020-09-07,94.58813241566631
2020-09-08,96.6926785349654
2020-09-09,93.37795914348439
2020-09-10,87.81124545796266
2020-09-11,73.85987348762613
2020-09-12,70.55550105731143
2020-09-13,66.86276909803999
2020-09-14,65.90015018166581
2020-09-15,77.78188388335148
2020-09-16,84.18189520902285
2020-09-17,83.93535346483159
2020-09-18,79.23361103214187
2020-09-19,71.6033291641341
2020-09-20,62.382515286189424
2020-09-21,50.73927750119444
2020-09-22,44.56449096885041
2020-09-23,40.65017374563349
2020-09-24,36.93379726640878
2020-09-25,33.981245615466186
2020-09-26,31.027081762880762
2020-09-27,29.513771759548685
2020-09-28,27.62846488988625
2020-09-29,25.90110409034033
2020-09-30,21.47801043693894
2020-10-01,42.7421875
2020-10-02,38.546875
2020-10-03,34.9453125
2020-10-04,31.40625
2020-10-05,28.1171875
2020-10-06,24.96875
2020-10-07,21.84375
2020-10-08,18.953125
2020-10-09,18.203125
2020-10-10,19.375
2020-10-11,18.171875
2020-10-12,15.7890625
2020-10-13,13.609375
2020-10-14,11.5703125
2020-10-15,12.4765625
2020-10-16,18.3671875
2020-10-17,26.9453125
2020-10-18,33.8828125
2020-10-19,33.515625
2020-10-20,31.7890625
2020-10-21,30.3515625
2020-10-22,28.953125
2020-10-23,26.9765625
2020-10-24,24.421875
2020-10-25,22.0
2020-10-26,19.734375
2020-10-27,17.59375
2020-10-28,15.7109375
2020-10-29,14.015625
2020-10-30,12.453125
2020-10-31,11.03125
2020-11-01,9.7421875
2020-11-02,8.5703125
2020-11-03,7.4765625
2020-11-04,6.5
2020-11-05,5.625
2020-11-06,4.8203125
2020-11-07,4.1171875
2020-11-08,3.5234375
2020-11-09,3.0234375
2020-11-10,2.546875
2020-11-11,2.1015625
2020-11-12,1.7109375
2020-11-13,1.3984375
2020-11-14,1.1640625
2020-11-15,0.9609375
2020-11-16,0.7578125
2020-11-17,0.578125
2020-11-18,0.4296875
2020-11-19,0.296875
2020-11-20,0.1953125
2020-11-21,0.125
2020-11-22,0.078125
2020-11-23,0.046875
2020-11-24,0.03125
2020-11-25,0.015625
2020-11-26,0.007812500000000002
2020-11-27,0.0
2020-11-28,0.0
2020-11-29,0.0
2020-11-30,0.0
2020-12-01,0.0
2020-12-02,0.0
2020-12-03,0.0
2020-12-04,0.0
2020-12-05,0.0
2020-12-06,0.0
2020-12-07,0.0
2020-12-08,0.0
2020-12-09,0.0
2020-12-10,0.0
2020-12-11,0.0
2020-12-12,0.0
2020-12-13,0.0
2020-12-14,0.0
2020-12-15,0.0
2020-12-16,0.0
2020-12-17,0.0
2020-12-18,0.0
2020-12-19,0.0
2020-12-20,0.0
2020-12-21,0.0
2020-12-22,0.0
2020-12-23,0.0
2020-12-24,0.0
2020-12-25,0.0
2020-12-26,0.0
2020-12-27,0.0
2020-12-28,0.0
2020-12-29,0.0
2020-12-30,0.0
2020-12-31,0.0
2021-01-01,0.0
2021-01-02,0.0
2021-01-03,0.0
2021-01-04,0.0
2021-01-05,0.0
2021-01-06,0.0
2021-01-07,0.0
2021-01-08,0.0
2021-01-09,0.0
2021-01-10,0.0
2021-01-11,0.0
2021-01-12,0.0
2021-01-13,0.0
2021-01-14,0.0
2021-01-15,0.0
2021-01-16,0.0
2021-01-17,0.0
2021-01-18,0.0
2021-01-19,0.0
2021-01-20,0.0
2021-01-21,0.0
2021-01-22,0.0
2021-01-23,0.0
2021-01-24,0.0
2021-01-25,0.0
2021-01-26,0.0
2021-01-27,0.0
2021-01-28,0.0
2021-01-29,0.0
2021-01-30,0.0
2021-01-31,0.0
2021-02-01,0.0
2021-02-02,0.0
2021-02-03,0.0
2021-02-04,0.0
2021-02-05,0.0
2021-02-06,0.0
2021-02-07,0.0
2021-02-08,0.0
2021-02-09,0.0
2021-02-10,0.0
2021-02-11,0.0
2021-02-12,0.0
2021-02-13,0.0
2021-02-14,0.0
2021-02-15,0.0
2021-02-16,0.0
2021-02-17,0.0
2021-02-18,0.0
2021-02-19,0.0
2021-02-20,0.0
2021-02-21,0.0
2021-02-22,0.0
2021-02-23,0.0
2021-02-24,0.0
2021-02-25,0.0
2021-02-26,0.0
2021-02-27,0.0
2021-02-28,0.0
2021-03-01,0.0
2021-03-02,0.0
2021-03-03,0.0
2021-03-04,0.0
2021-03-05,0.0
2021-03-06,0.0
2021-03-07,0.0
2021-03-08,0.0
2021-03-09,0.0
2021-03-10,0.0
2021-03-11,0.0
2021-03-12,0.0
2021-03-13,0.0
2021-03-14,0.0
2021-03-15,0.0
2021-03-16,0.0
2021-03-17,0.0
2021-03-18,0.0
2021-03-19,0.0
2021-03-20,0.0
2021-03-21,0.0
2021-03-22,0.0
2021-03-23,0.0
2021-03-24,0.0
2021-03-25,0.0
2021-03-26,0.0
2021-03-27,0.0
2021-03-28,0.0
2021-03-29,0.0
2021-03-30,0.0
2021-03-31,0.0
2021-04-01,0.0
2021-04-02,0.0
2021-04-03,0.0
2021-04-04,0.0
2021-04-05,0.0
2021-04-06,0.0
2021-04-07,0.0
2021-04-08,0.0
2021-04-09,0.0
2021-04-10,0.0
2021-04-11,0.0
2021-04-12,0.0
2021-04-13,0.0
2021-04-14,0.0
2021-04-15,0.0
2021-04-16,0.0
2021-04-17,0.0
2021-04-18,0.0
2021-04-19,0.0
2021-04-20,0.0
2021-04-21,0.0
2021-04-22,0.0
2021-04-23,0.0
2021-04-24,0.0
2021-04-25,0.0
2021-04-26,0.0
2021-04-27,0.0
2021-04-28,0.0
2021-04-29,0.0
2021-04-30,0.0
2021-05-01,1.1700000000000002
2021-05-02,1.21
2021-05-03,1.2049999999999996
2021-05-04,1.1955
2021-05-05,1.1860000000000002
2021-05-06,1.1865
2021-05-07,1.1864999999999999
2021-05-08,1.1864999999999997
2021-05-09,1.1864999999999999
2021-05-10,1.1865
2021-05-11,1.1865000000000003
2021-05-12,4.772249614792012
2021-05-13,6.876827012025915
2021-05-14,13.226874754613283
2021-05-15,15.56170240931959
2021-05-16,6.390405739470456
2021-05-17,12.842262075561933
2021-05-18,15.272140261346939
2021-05-19,16.522401267970906
2021-05-20,15.643658333511238
2021-05-21,19.379540098630958
2021-05-22,16.612944051039566
2021-05-23,21.52873874605413
2021-05-24,40.1458720775511
2021-05-25,67.83138564530877
2021-05-26,126.23320138975058
2021-05-27,429.9091132012355
2021-05-28,536.7404062837269
2021-05-29,588.7234836043829
2021-05-30,664.468648048623
2021-05-31,821.3870858270878
2021-06-01,1316.994759472439
2021-06-02,1860.3159974348455
2021-06-03,2007.9949285051566
2021-06-04,2071.1178868328143
2021-06-05,2051.8314056578533
2021-06-06,2011.8328917872552
2021-06-07,1833.2048080341924
2021-06-08,1639.9744975807573
2021-06-09,1445.7185705477018
2021-06-10,1367.8635830554915
2021-06-11,1271.5697746719657
2021-06-12,1040.2668520630737
2021-06-13,807.767683573882
2021-06-14,747.675739494027
2021-06-15,636.1969058779259
2021-06-16,578.5342424161342
2021-06-17,464.2663330596172
2021-06-18,438.12562361569377
2021-06-19,431.5338663309885
2021-06-20,519.273694877356
2021-06-21,378.48894135247775
2021-06-22,351.17741213529837
2021-06-23,316.460548150745
2021-06-24,276.4921233269698
2021-06-25,252.82341273150058
2021-06-26,233.07739640681385
2021-06-27,188.4382208573599
2021-06-28,175.7070543039407
2021-06-29,145.89147218331584
2021-06-30,133.1945515218214
2021-07-01,105.32116002994098
2021-07-02,100.11819982811555
2021-07-03,91.2101270578978
2021-07-04,84.61353553516939
2021-07-05,75.16771160191284
2021-07-06,68.17640497117179
2021-07-07,65.03307296017597
2021-07-08,67.8833726096414
2021-07-09,69.75726367506725
2021-07-10,67.94870390374946
2021-07-11,64.86814218608731
2021-07-12,59.101977067291735
2021-07-13,54.822687200285564
2021-07-14,51.05431235821063
2021-07-15,49.989214333984194
2021-07-16,57.37628605180355
2021-07-17,73.34630917807414
2021-07-18,122.30574053052291
2021-07-19,141.1632743740767
2021-07-20,169.67718032941048
2021-07-21,141.83647482920867
2021-07-22,130.51726600056924
2021-07-23,111.11238961150018
2021-07-24,90.32763341975118
2021-07-25,84.00172388723583
2021-07-26,84.43866592096248
2021-07-27,110.25323055704028
2021-07-28,134.81881283897363
2021-07-29,153.30238128879344
2021-07-30,186.81500596051848
2021-07-31,186.28380970859004
2021-08-01,151.95979435897272
2021-08-02,143.81296465439272
2021-08-03,149.71526767527115
2021-08-04,241.25386341325992
2021-08-05,437.365000071648
2021-08-06,467.7343049340971
2021-08-07,490.83420974864214
2021-08-08,482.869098033588
2021-08-09,444.3710336097347
2021-08-10,246.21761666247437
2021-08-11,224.82840738891662
2021-08-12,161.79861852196578
2021-08-13,136.91608852886938
2021-08-14,127.77250564756069
2021-08-15,124.15400335146471
2021-08-16,120.20041202385558
2021-08-17,110.12104986653564
2021-08-18,102.81262385193854
2021-08-19,87.06401274588288
2021-08-20,79.96262274552947
2021-08-21,65.78450744803148
2021-08-22,56.36392273504786
2021-08-23,53.10717211981494
2021-08-24,53.32797270824837
2021-08-25,55.90010528572368
2021-08-26,57.84484193686095
2021-08-27,61.65265109879292
2021-08-28,70.3418901751909
2021-08-29,86.55306366787964
2021-08-30,97.35214243355614
2021-08-31,119.12631820041761
2021-09-01,103.56555483332257
2021-09-02,127.3095648219653
2021-09-03,216.27158956581187
2021-09-04,218.19450928098857
2021-09-05,200.93540901459332
2021-09-06,196.59821088946867
2021-09-07,193.21396898931656
2021-09-08,185.45678984954088
2021-09-09,175.10596637099908
2021-09-10,163.81256935938646
2021-09-11,114.31288717818694
2021-09-12,108.23359813689069
2021-09-13,100.4450387729888
2021-09-14,89.20341340518105
2021-09-15,86.12419891119823
2021-09-16,94.38533572192837
2021-09-17,117.56881305917226
2021-09-18,112.31326754938377
2021-09-19,114.37048224134936
2021-09-20,112.06096403109241
2021-09-21,107.31555550516273
2021-09-22,100.59807652690297
2021-09-23,89.74321348193463
2021-09-24,79.99206496040237
2021-09-25,72.21607766177732
2021-09-26,62.672302358172566
2021-09-27,58.60373587673097
2021-09-28,55.37561181719851
2021-09-29,38.408117129717006
2021-09-30,33.68582299000751
2021-10-01,68.046875
2021-10-02,61.875
2021-10-03,56.03125
2021-10-04,53.0234375
2021-10-05,53.2734375
2021-10-06,49.578125
2021-10-07,44.4375
2021-10-08,39.875
2021-10-09,35.7734375
2021-10-10,32.0390625
2021-10-11,28.5546875
2021-10-12,25.2578125
2021-10-13,22.2265625
2021-10-14,19.3984375
2021-10-15,16.8671875
2021-10-16,14.53125
2021-10-17,12.40625
2021-10-18,10.484375
2021-10-19,8.703125
2021-10-20,7.1328125
2021-10-21,5.75
2021-10-22,4.640625
2021-10-23,3.7734375
2021-10-24,3.0546875
2021-10-25,2.453125
2021-10-26,1.9375
2021-10-27,1.4765625
2021-10-28,1.1328125
2021-10-29,0.890625
2021-10-30,0.6796875
2021-10-31,0.5
2021-11-01,0.359375
2021-11-02,0.25
2021-11-03,0.1875
2021-11-04,0.140625
2021-11-05,0.109375
2021-11-06,0.09375
2021-11-07,0.078125
2021-11-08,0.06249999999999999
2021-11-09,0.046875
2021-11-10,0.0390625
2021-11-11,0.03125
2021-11-12,0.03125
2021-11-13,0.0234375
2021-11-14,0.0234375
2021-11-15,0.015625
2021-11-16,0.015625
2021-11-17,0.007812500000000002
2021-11-18,0.007812500000000002
2021-11-19,0.007812500000000002
2021-11-20,0.007812500000000002
2021-11-21,0.0
2021-11-22,0.0
2021-11-23,0.0
2021-11-24,0.0
2021-11-25,0.0
2021-11-26,0.0
2021-11-27,0.0
2021-11-28,0.0
2021-11-29,0.0
2021-11-30,0.0
2021-12-01,0.0
2021-12-02,0.0
2021-12-03,0.0
2021-12-04,0.0
2021-12-05,0.0
2021-12-06,0.0
2021-12-07,0.0
2021-12-08,0.0
2021-12-09,0.0
2021-12-10,0.0
2021-12-11,0.0
2021-12-12,0.0
2021-12-13,0.0
2021-12-14,0.0
2021-12-15,0.0
2021-12-16,0.0
2021-12-17,0.0
2021-12-18,0.0
2021-12-19,0.0
2021-12-20,0.0
2021-12-21,0.0
2021-12-22,0.0
2021-12-23,0.0
2021-12-24,0.0
2021-12-25,0.0
2021-12-26,0.0
2021-12-27,0.0
2021-12-28,0.0
2021-12-29,0.0
2021-12-30,0.0
2021-12-31,0.0
2022-01-01,0.0
2022-01-02,0.0
2022-01-03,0.0
2022-01-04,0.0
2022-01-05,0.0
2022-01-06,0.0
2022-01-07,0.0
2022-01-08,0.0
2022-01-09,0.0
2022-01-10,0.0
2022-01-11,0.0
2022-01-12,0.0
2022-01-13,0.0
2022-01-14,0.0
2022-01-15,0.0
2022-01-16,0.0
2022-01-17,0.0
2022-01-18,0.0
2022-01-19,0.0
2022-01-20,0.0
2022-01-21,0.0
2022-01-22,0.0
2022-01-23,0.0
2022-01-24,0.0
2022-01-25,0.0
2022-01-26,0.0
2022-01-27,0.0
2022-01-28,0.0
2022-01-29,0.0
2022-01-30,0.0
2022-01-31,0.0
2022-02-01,0.0
2022-02-02,0.0
2022-02-03,0.0
2022-02-04,0.0
2022-02-05,0.0
2022-02-06,0.0
2022-02-07,0.0
2022-02-08,0.0
2022-02-09,0.0
2022-02-10,0.0
2022-02-11,0.0
2022-02-12,0.0
2022-02-13,0.0
2022-02-14,0.0
2022-02-15,0.0
2022-02-16,0.0
2022-02-17,0.0
2022-02-18,0.0
2022-02-19,0.0
2022-02-20,0.0
2022-02-21,0.0
2022-02-22,0.0
2022-02-23,0.0
2022-02-24,0.0
2022-02-25,0.0
2022-02-26,0.0
2022-02-27,0.0
2022-02-28,0.0
2022-03-01,0.0
2022-03-02,0.0
2022-03-03,0.0
2022-03-04,0.0
2022-03-05,0.0
2022-03-06,0.0
2022-03-07,0.0
2022-03-08,0.0
2022-03-09,0.0
2022-03-10,0.0
2022-03-11,0.0
2022-03-12,0.0
2022-03-13,0.0
2022-03-14,0.0
2022-03-15,0.0
2022-03-16,0.0
2022-03-17,0.0
2022-03-18,0.0
2022-03-19,0.0
2022-03-20,0.0
2022-03-21,0.0
2022-03-22,0.0
2022-03-23,0.0
2022-03-24,0.0
2022-03-25,0.0
2022-03-26,0.0
2022-03-27,0.0
2022-03-28,0.0
2022-03-29,0.0
2022-03-30,0.0
2022-03-31,0.0
2022-04-01,0.0
2022-04-02,0.0
2022-04-03,0.0
2022-04-04,0.0
2022-04-05,0.0
2022-04-06,0.0
2022-04-07,0.0
2022-04-08,0.0
2022-04-09,0.0
2022-04-10,0.0
2022-04-11,0.0
2022-04-12,0.0
2022-04-13,0.0
2022-04-14,0.0
2022-04-15,0.0
2022-04-16,0.0
2022-04-17,0.0
2022-04-18,0.0
2022-04-19,0.0
2022-04-20,0.0
2022-04-21,0.0
2022-04-22,0.0
2022-04-23,0.0
2022-04-24,0.0
2022-04-25,0.0
2022-04-26,0.0
2022-04-27,0.0
2022-04-28,0.0
2022-04-29,0.03125
2022-04-30,0.06249999999999999
2022-05-01,8.545000000000002
2022-05-02,5.022499999999999
2022-05-03,5.001875
2022-05-04,1.1955
2022-05-05,1.186
2022-05-06,1.1865
2022-05-07,1.1864999999999999
2022-05-08,1.1864999999999999
2022-05-09,6.759422413793097
2022-05-10,8.214136739834478
2022-05-11,12.584254618072896
2022-05-12,14.02141854537028
2022-05-13,17.459423761642974
2022-05-14,16.777215525454622
2022-05-15,23.02662173646994
2022-05-16,27.01660089015402
2022-05-17,34.01259292369583
2022-05-18,57.181035210277095
2022-05-19,98.24555299780266
2022-05-20,108.00835163226463
2022-05-21,197.42065684063525
2022-05-22,354.4880945573077
2022-05-23,704.5163847840124
2022-05-24,1038.6886478221777
2022-05-25,1282.0581948029535
2022-05-26,1418.8938456336589
2022-05-27,1517.4700421102862
2022-05-28,1451.129798159112
2022-05-29,1293.080278544413
2022-05-30,1240.818358280511
2022-05-31,1218.3231927899021
2022-06-01,915.378711134592
2022-06-02,834.435421427693
2022-06-03,744.9598824465403
2022-06-04,688.9795968541781
2022-06-05,655.94965523136
2022-06-06,591.2513347503628
2022-06-07,496.9362581791027
2022-06-08,442.9708073943779
2022-06-09,421.4113030436382
2022-06-10,350.34218794587764
2022-06-11,347.2301881723432
2022-06-12,285.6745597951776
2022-06-13,244.153690942738
2022-06-14,243.18831945938555
2022-06-15,196.32599181448666
2022-06-16,163.25233663038006
2022-06-17,214.99429482553123
2022-06-18,181.62414447941072
2022-06-19,138.92980305880093
2022-06-20,110.8059381188877
2022-06-21,105.83606476476946
2022-06-22,107.34810309546238
2022-06-23,112.0210108489923
2022-06-24,109.90151471977225
2022-06-25,109.04189900007052
2022-06-26,119.12501309605724
2022-06-27,123.08395218428653
2022-06-28,121.51825728242225
2022-06-29,117.8911098274513
2022-06-30,108.28484693701668
2022-07-01,95.23528139353168
2022-07-02,102.84169798077217
2022-07-03,147.0708199894811
2022-07-04,170.76456737643008
2022-07-05,163.38304177748523
2022-07-06,135.32830823676358
2022-07-07,125.32729834982632
2022-07-08,113.0038226224042
2022-07-09,111.42566561721229
2022-07-10,144.71070738859302
2022-07-11,220.28489135867102
2022-07-12,225.83369442252297
2022-07-13,216.7851288635653
2022-07-14,208.48755623059202
2022-07-15,195.5026793779107
2022-07-16,186.08832625820085
2022-07-17,152.48147708052326
2022-07-18,141.13172635482866
2022-07-19,126.64203652941123
2022-07-20,123.73558343115532
2022-07-21,120.73950152056061
2022-07-22,114.00478634112922
2022-07-23,104.94508901450703
2022-07-24,86.67641780334935
2022-07-25,72.61931006731216
2022-07-26,69.69928122263912
2022-07-27,67.34664806119363
2022-07-28,65.73751790717428
2022-07-29,66.34894575219492
2022-07-30,66.92435169173491
2022-07-31,64.20980031410417
2022-08-01,56.88570862162199
2022-08-02,51.714384691369375
2022-08-03,52.63746998113028
2022-08-04,48.44800182656639
2022-08-05,49.49303723199254
2022-08-06,52.12295341382504
2022-08-07,48.70878776044008
2022-08-08,44.70861318681742
2022-08-09,40.74105109673816
2022-08-10,36.71438777908965
2022-08-11,32.89021596134268
2022-08-12,28.80890814798808
2022-08-13,26.99653336545411
2022-08-14,26.579904881198242
2022-08-15,34.28838289634493
2022-08-16,58.78740926488056
2022-08-17,62.51819651028381
2022-08-18,58.75865866582649
2022-08-19,52.832387758039545
2022-08-20,47.04935088540745
2022-08-21,42.458203837588286
2022-08-22,32.85008160753465
2022-08-23,40.398075240169945
2022-08-24,42.439386040126024
2022-08-25,43.44620355200674
2022-08-26,59.052082127567
2022-08-27,81.4902662830211
2022-08-28,80.6451664535135
2022-08-29,67.49442750723486
2022-08-30,79.93705268350216
2022-08-31,121.57892090346182
2022-09-01,195.80623678660083
2022-09-02,201.89036888544882
2022-09-03,192.32838447005773
2022-09-04,134.96005603419016
2022-09-05,183.18828470301074
2022-09-06,179.02703716808927
2022-09-07,173.08274085279393
2022-09-08,166.0351469049707
2022-09-09,161.22894062525285
2022-09-10,118.95624099734032
2022-09-11,114.43241273711718
2022-09-12,107.39232473276714
2022-09-13,99.89837043499772
2022-09-14,92.40026076986017
2022-09-15,91.93983433823097
2022-09-16,110.38926884339682
2022-09-17,116.44009504668308
2022-09-18,110.59765527317361
2022-09-19,103.74840198057663
2022-09-20,91.81537119797962
2022-09-21,90.58074717294357
2022-09-22,104.32709801711613
2022-09-23,129.37253159229232
2022-09-24,135.0959063890221
2022-09-25,133.03920718117743
2022-09-26,125.94803735117625
2022-09-27,116.30622412548361
2022-09-28,104.31403403320556
2022-09-29,91.46195608225672
2022-09-30,84.19842737228939
2022-10-01,106.625
2022-10-02,97.40625
2022-10-03,88.796875
2022-10-04,80.8515625
2022-10-05,73.390625
2022-10-06,66.640625
2022-10-07,60.5
2022-10-08,54.84375
2022-10-09,49.5859375
2022-10-10,44.71875
2022-10-11,40.21875
2022-10-12,36.078125
2022-10-13,32.2421875
2022-10-14,28.6953125
2022-10-15,25.4296875
2022-10-16,22.421875
2022-10-17,19.65625
2022-10-18,17.1171875
2022-10-19,19.6328125
2022-10-20,32.5546875
2022-10-21,40.6796875
2022-10-22,37.0703125
2022-10-23,33.1015625
2022-10-24,29.6171875
2022-10-25,26.515625
2022-10-26,23.75
2022-10-27,21.2421875
2022-10-28,19.0078125
2022-10-29,17.0234375
2022-10-30,15.265625
2022-10-31,13.6796875
2022-11-01,12.1796875
2022-11-02,10.84375
2022-11-03,9.6953125
2022-11-04,8.625
2022-11-05,7.5703125
2022-11-06,6.6171875
2022-11-07,5.8046875
2022-11-08,5.0
2022-11-09,4.265625
2022-11-10,3.6640625
2022-11-11,3.125
2022-11-12,2.6328125
2022-11-13,2.1875
2022-11-14,1.796875
2022-11-15,1.4375
2022-11-16,1.1015625
2022-11-17,0.828125
2022-11-18,0.6171875
2022-11-19,0.453125
2022-11-20,0.328125
2022-11-21,0.234375
2022-11-22,0.1640625
2022-11-23,0.109375
2022-11-24,0.078125
2022-11-25,0.046875
2022-11-26,0.0390625
2022-11-27,0.03125
2022-11-28,0.0234375
2022-11-29,0.015625
2022-11-30,0.007812500000000002
2022-12-01,0.007812500000000002
2022-12-02,0.007812500000000002
2022-12-03,0.0
2022-12-04,0.0
2022-12-05,0.0
2022-12-06,0.0
2022-12-07,0.0
2022-12-08,0.0
2022-12-09,0.0
2022-12-10,0.0
2022-12-11,0.0
2022-12-12,0.0
2022-12-13,0.0
2022-12-14,0.0
2022-12-15,0.0
2022-12-16,0.0
2022-12-17,0.0
2022-12-18,0.0
2022-12-19,0.0
2022-12-20,0.0
2022-12-21,0.0
2022-12-22,0.0
2022-12-23,0.0
2022-12-24,0.0
2022-12-25,0.0
2022-12-26,0.0
2022-12-27,0.0
2022-12-28,0.0
2022-12-29,0.0
2022-12-30,0.0
2022-12-31,0.0
2023-01-01,0.0
2023-01-02,0.0
2023-01-03,0.0
2023-01-04,0.0
2023-01-05,0.0
2023-01-06,0.0
2023-01-07,0.0
2023-01-08,0.0
2023-01-09,0.0
2023-01-10,0.0
2023-01-11,0.0
2023-01-12,0.0
2023-01-13,0.0
2023-01-14,0.0
2023-01-15,0.0
2023-01-16,0.0
2023-01-17,0.0
2023-01-18,0.0
2023-01-19,0.0
2023-01-20,0.0
2023-01-21,0.0
2023-01-22,0.0
2023-01-23,0.0
2023-01-24,0.0
2023-01-25,0.0
2023-01-26,0.0
2023-01-27,0.0
2023-01-28,0.0
2023-01-29,0.0
2023-01-30,0.0
2023-01-31,0.0
2023-02-01,0.0
2023-02-02,0.0
2023-02-03,0.0
2023-02-04,0.0
2023-02-05,0.0
2023-02-06,0.0
2023-02-07,0.0
2023-02-08,0.0
2023-02-09,0.0
2023-02-10,0.0
2023-02-11,0.0
2023-02-12,0.0
2023-02-13,0.0
2023-02-14,0.0
2023-02-15,0.0
2023-02-16,0.0
2023-02-17,0.0
2023-02-18,0.0
2023-02-19,0.0
2023-02-20,0.0
2023-02-21,0.0
2023-02-22,0.0
2023-02-23,0.0
2023-02-24,0.0
2023-02-25,0.0
2023-02-26,0.0
2023-02-27,0.0
2023-02-28,0.0
2023-03-01,0.0
2023-03-02,0.0
2023-03-03,0.0
2023-03-04,0.0
2023-03-05,0.0
2023-03-06,0.0
2023-03-07,0.0
2023-03-08,0.0
2023-03-09,0.0
2023-03-10,0.0
2023-03-11,0.0
2023-03-12,0.0
2023-03-13,0.0
2023-03-14,0.0
2023-03-15,0.0
2023-03-16,0.0
2023-03-17,0.0
2023-03-18,0.0
2023-03-19,0.0
2023-03-20,0.0
2023-03-21,0.0
2023-03-22,0.0
2023-03-23,0.0
2023-03-24,0.0
2023-03-25,0.0
2023-03-26,0.0
2023-03-27,0.0
2023-03-28,0.0
2023-03-29,0.0
2023-03-30,0.0
2023-03-31,0.0
2023-04-01,0.0
2023-04-02,0.0
2023-04-03,0.0
2023-04-04,0.0
2023-04-05,0.0
2023-04-06,0.0
2023-04-07,0.0
2023-04-08,0.0
2023-04-09,0.0
2023-04-10,0.0
2023-04-11,0.0
2023-04-12,0.0
2023-04-13,0.0
2023-04-14,0.0
2023-04-15,0.0
2023-04-16,0.0
2023-04-17,0.0
2023-04-18,0.0
2023-04-19,0.0
2023-04-20,0.0
2023-04-21,0.0
2023-04-22,0.0
2023-04-23,0.0
2023-04-24,0.0
2023-04-25,0.0
2023-04-26,0.0
2023-04-27,0.0
2023-04-28,0.0
2023-04-29,0.0
2023-04-30,0.0
2023-05-01,1.17
2023-05-02,1.2100000000000002
2023-05-03,1.2049999999999998
2023-05-04,1.1954999999999998
2023-05-05,1.186
2023-05-06,1.1864999999999999
2023-05-07,1.1864999999999999
2023-05-08,1.1864999999999997
2023-05-09,1.1864999999999999
2023-05-10,1.1865
2023-05-11,1.1865
2023-05-12,1.1864999999999997
2023-05-13,13.152375000000001
2023-05-14,3.567676902536732
2023-05-15,9.059095154699373
2023-05-16,9.142495164410116
2023-05-17,4.201646017699129
2023-05-18,19.70763636363636
2023-05-19,23.3603448275862
2023-05-20,8.47149409502886
2023-05-21,11.228565020327965
2023-05-22,20.352254247641454
2023-05-23,140.4446375749376
2023-05-24,245.37092700138945
2023-05-25,339.3341189046117
2023-05-26,432.5840358340056
2023-05-27,540.688854690994
2023-05-28,603.0564484580082
2023-05-29,659.0499727102609
2023-05-30,695.1404829165638
2023-05-31,731.4159430510009
2023-06-01,786.1205842319764
2023-06-02,851.789076942802
2023-06-03,873.0015749736507
2023-06-04,782.2958411827458
2023-06-05,776.5066280501377
2023-06-06,786.9314950903109
2023-06-07,795.2627823120803
2023-06-08,813.7522789737914
2023-06-09,838.451037297969
2023-06-10,1006.1543516831088
2023-06-11,831.7972939174256
2023-06-12,782.883755639778
2023-06-13,737.4875123934743
2023-06-14,732.2002749616053
2023-06-15,718.8278716910407
2023-06-16,616.7315237038799
2023-06-17,561.5835418248037
2023-06-18,447.28650362495017
2023-06-19,411.3246430450818
2023-06-20,369.8968325439516
2023-06-21,324.5906867763738
2023-06-22,302.16274391216064
2023-06-23,272.36741752553763
2023-06-24,261.41000271231707
2023-06-25,254.39205055033818
2023-06-26,242.3686583118043
2023-06-27,230.88604973527507
2023-06-28,227.6664880153789
2023-06-29,216.07239518977858
2023-06-30,196.2928927788845
2023-07-01,180.31820768952377
2023-07-02,175.70401399347892
2023-07-03,155.13270352456698
2023-07-04,137.92794927421522
2023-07-05,134.11083403647933
2023-07-06,156.56956999983035
2023-07-07,160.0906411387151
2023-07-08,158.78998501160342
2023-07-09,146.5268386686172
2023-07-10,127.31424609527421
2023-07-11,117.57198647572697
2023-07-12,107.3075884475902
2023-07-13,87.443587040399
2023-07-14,82.55401768780915
2023-07-15,76.54270098914519
2023-07-16,71.22201783151158
2023-07-17,67.07098277839485
2023-07-18,63.5307680695435
2023-07-19,61.936448783228066
2023-07-20,60.273830383802185
2023-07-21,59.61044323553981
2023-07-22,56.379878722662696
2023-07-23,54.276402073512195
2023-07-24,51.4971918585621
2023-07-25,50.55250421993522
2023-07-26,49.905110169472486
2023-07-27,53.09290823705182
2023-07-28,57.03457723341967
2023-07-29,65.19189498282299
2023-07-30,82.83473986219417
2023-07-31,122.26700796319153
2023-08-01,144.05682177258265
2023-08-02,145.12811953612467
2023-08-03,136.37622155286928
2023-08-04,124.00283010240555
2023-08-05,138.86200986842292
2023-08-06,144.99140996821197
2023-08-07,162.15084588102263
2023-08-08,165.62434806897932
2023-08-09,159.11876448652018
2023-08-10,159.48993178344938
2023-08-11,159.711532562088
2023-08-12,154.59939867518335
2023-08-13,134.80285017031437
2023-08-14,124.38026563834585
2023-08-15,111.40578076270239
2023-08-16,92.72306856934574
2023-08-17,86.52488883959099
2023-08-18,90.31869622563187
2023-08-19,106.90398164123668
2023-08-20,114.67054525016998
2023-08-21,114.91687623854838
2023-08-22,109.44507987838867
2023-08-23,90.99108939085201
2023-08-24,77.90580744172732
2023-08-25,63.846565548676914
2023-08-26,57.091668205942845
2023-08-27,52.1400769792865
2023-08-28,50.46927260781138
2023-08-29,55.12126405939294
2023-08-30,57.389820413036176
2023-08-31,56.14531706645593
2023-09-01,55.73420327120138
2023-09-02,58.39051632124208
2023-09-03,56.72183930713681
2023-09-04,56.63623432221375
2023-09-05,70.57302758926613
2023-09-06,93.13772129185486
2023-09-07,95.61186918262369
2023-09-08,93.11263418381495
2023-09-09,92.905940667988
2023-09-10,90.85773771058892
2023-09-11,88.01059391053752
2023-09-12,74.84563548701085
2023-09-13,71.09769775554115
2023-09-14,67.34029529839731
2023-09-15,63.26660245153559
2023-09-16,61.674049459758656
2023-09-17,59.606330052408374
2023-09-18,55.46463786659026
2023-09-19,48.54080838932208
2023-09-20,40.3122782241313
2023-09-21,37.28586188426367
2023-09-22,35.55350083506696
2023-09-23,42.5347844827071
2023-09-24,59.06828484066795
2023-09-25,60.56923179187429
2023-09-26,54.96182892997361
2023-09-27,47.70317401332804
2023-09-28,41.74009920682136
2023-09-29,36.61130615352399
2023-09-30,32.57676743848443
2023-10-01,67.921875
2023-10-02,63.36328125
2023-10-03,57.59765625
2023-10-04,52.05078125
2023-10-05,46.875
2023-10-06,42.14453125
2023-10-07,37.8359375
2023-10-08,33.734375
2023-10-09,29.875
2023-10-10,26.515625
2023-10-11,23.5390625
2023-10-12,20.6171875
2023-10-13,17.82421875
2023-10-14,15.3359375
2023-10-15,13.11328125
2023-10-16,11.14453125
2023-10-17,9.32421875
2023-10-18,7.640625
2023-10-19,6.1484375
2023-10-20,4.828125
2023-10-21,3.68359375
2023-10-22,2.72265625
2023-10-23,3.484375
2023-10-24,7.64453125
2023-10-25,12.19921875
2023-10-26,12.828125
2023-10-27,11.59765625
2023-10-28,10.25390625
2023-10-29,9.00390625
2023-10-30,7.78515625
2023-10-31,6.7734375
2023-11-01,5.90625
2023-11-02,5.125
2023-11-03,4.41796875
2023-11-04,3.77734375
2023-11-05,3.21484375
2023-11-06,2.70703125
2023-11-07,2.2421875
2023-11-08,1.7734375
2023-11-09,1.37109375
2023-11-10,1.07421875
2023-11-11,0.828125
2023-11-12,0.62890625
2023-11-13,0.45703125
2023-11-14,0.3046875
2023-11-15,0.19921875
2023-11-16,0.13671875
2023-11-17,0.09765625
2023-11-18,0.07421875
2023-11-19,0.05859374999999999
2023-11-20,0.04296875
2023-11-21,0.03125
2023-11-22,0.01953125
2023-11-23,0.007812500000000002
2023-11-24,0.00390625
2023-11-25,0.00390625
2023-11-26,0.0
2023-11-27,0.0
2023-11-28,0.0
2023-11-29,0.0
2023-11-30,0.0
2023-12-01,0.0
2023-12-02,0.0
2023-12-03,0.0
2023-12-04,0.0
2023-12-05,0.0
2023-12-06,0.0
2023-12-07,0.0
2023-12-08,0.0
2023-12-09,0.0
2023-12-10,0.0
2023-12-11,0.0
2023-12-12,0.0
2023-12-13,0.0
2023-12-14,0.0
2023-12-15,0.0
2023-12-16,0.0
2023-12-17,0.0
2023-12-18,0.0
2023-12-19,0.0
2023-12-20,0.0
2023-12-21,0.0
2023-12-22,0.0
2023-12-23,0.0
2023-12-24,0.0
2023-12-25,0.0
2023-12-26,0.0
2023-12-27,0.0
2023-12-28,0.0
2023-12-29,0.0
2023-12-30,0.0
2023-12-31,0.0
2024-01-01,0.0
2024-01-02,0.0
2024-01-03,0.0
2024-01-04,0.0
2024-01-05,0.0
2024-01-06,0.0
2024-01-07,0.0
2024-01-08,0.0
2024-01-09,0.0
2024-01-10,0.0
2024-01-11,0.0
2024-01-12,0.0
2024-01-13,0.0
2024-01-14,0.0
2024-01-15,0.0
2024-01-16,0.0
2024-01-17,0.0
2024-01-18,0.0
2024-01-19,0.0
2024-01-20,0.0
2024-01-21,0.0
2024-01-22,0.0
2024-01-23,0.0
2024-01-24,0.0
2024-01-25,0.0
2024-01-26,0.0
2024-01-27,0.0
2024-01-28,0.0
2024-01-29,0.0
2024-01-30,0.0
2024-01-31,0.0
2024-02-01,0.0
2024-02-02,0.0
2024-02-03,0.0
2024-02-04,0.0
2024-02-05,0.0
2024-02-06,0.0
2024-02-07,0.0
2024-02-08,0.0
2024-02-09,0.0
2024-02-10,0.0
2024-02-11,0.0
2024-02-12,0.0
2024-02-13,0.0
2024-02-14,0.0
2024-02-15,0.0
2024-02-16,0.0
2024-02-17,0.0
2024-02-18,0.0
2024-02-19,0.0
2024-02-20,0.0
2024-02-21,0.0
2024-02-22,0.0
2024-02-23,0.0
2024-02-24,0.0
2024-02-25,0.0
2024-02-26,0.0
2024-02-27,0.0
2024-02-28,0.0
2024-02-29,0.0
2024-03-01,0.0
2024-03-02,0.0
2024-03-03,0.0
2024-03-04,0.0
2024-03-05,0.0
2024-03-06,0.0
2024-03-07,0.0
2024-03-08,0.0
2024-03-09,0.0
2024-03-10,0.0
2024-03-11,0.0
2024-03-12,0.0
2024-03-13,0.0
2024-03-14,0.0
2024-03-15,0.0
2024-03-16,0.0
2024-03-17,0.0
2024-03-18,0.0
2024-03-19,0.0
2024-03-20,0.0
2024-03-21,0.0
2024-03-22,0.0
2024-03-23,0.0
2024-03-24,0.0
2024-03-25,0.0
2024-03-26,0.0
2024-03-27,0.0
2024-03-28,0.0
2024-03-29,0.0
2024-03-30,0.0
2024-03-31,0.0
2024-04-01,0.0
2024-04-02,0.0
2024-04-03,0.0
2024-04-04,0.0
2024-04-05,0.0
2024-04-06,0.0
2024-04-07,0.0
2024-04-08,0.0
2024-04-09,0.0
2024-04-10,0.0
2024-04-11,0.0
2024-04-12,0.0
2024-04-13,0.0
2024-04-14,0.0
2024-04-15,0.0
2024-04-16,0.0
2024-04-17,0.0
2024-04-18,0.0
2024-04-19,0.0
2024-04-20,0.0
2024-04-21,0.0
2024-04-22,0.0
2024-04-23,0.0
2024-04-24,0.0
2024-04-25,0.0
2024-04-26,0.0
2024-04-27,0.0
2024-04-28,0.0
2024-04-29,0.0
2024-04-30,0.0
2024-05-01,1.21
2024-05-02,1.2049999999999996
2024-05-03,1.1955
2024-05-04,1.186
2024-05-05,1.1864999999999999
2024-05-06,1.1864999999999997
2024-05-07,1.1864999999999994
2024-05-08,1.1864999999999999
2024-05-09,1.1865
2024-05-10,1.1865
2024-05-11,1.1864999999999999
2024-05-12,1.1864999999999999
2024-05-13,1.1865000000000003
2024-05-14,11.781803852889688
2024-05-15,5.244699445786568
2024-05-16,8.902703995276521
2024-05-17,8.059274637050907
2024-05-18,5.8434286109701565
2024-05-19,11.065492996429581
2024-05-20,5.7808285554467895
2024-05-21,14.571666666666676
2024-05-22,40.13052325581394
2024-05-23,16.582029029331714
2024-05-24,8.667455453945507
2024-05-25,7.350684906544489
2024-05-26,6.378380838878405
2024-05-27,7.777353072875855
2024-05-28,9.612343767829294
2024-05-29,15.52347299044069
2024-05-30,38.78798047452704
2024-05-31,87.77993851313576
2024-06-01,122.66773581621108
2024-06-02,175.00273653475807
2024-06-03,318.6498855044091
2024-06-04,345.5936540929422
2024-06-05,362.199899865782
2024-06-06,380.33340962519947
2024-06-07,416.17817099784287
2024-06-08,415.6874030572765
2024-06-09,388.2221924301327
2024-06-10,364.63098210459896
2024-06-11,393.1570311212428
2024-06-12,530.5963289431169
2024-06-13,769.0489148087939
2024-06-14,1036.6836810822822
2024-06-15,1270.1060209356485
2024-06-16,1287.8576473350745
2024-06-17,1053.5876737573135
2024-06-18,953.1645422722517
2024-06-19,719.9307559472941
2024-06-20,654.5955914580737
2024-06-21,517.2159436914827
2024-06-22,442.3896293091644
2024-06-23,402.3456373703657
2024-06-24,320.79132516378303
2024-06-25,343.1799912580746
2024-06-26,352.6330746128376
2024-06-27,433.5330079409296
2024-06-28,398.27834143565394
2024-06-29,313.28545232181915
2024-06-30,300.79222738408026
2024-07-01,334.02811589397015
2024-07-02,324.7480326273226
2024-07-03,309.3333675297403
2024-07-04,304.15800418436436
2024-07-05,335.78924735648525
2024-07-06,336.0722084152195
2024-07-07,319.31940842754307
2024-07-08,314.8932275820822
2024-07-09,395.7472922361596
2024-07-10,397.7245000424847
2024-07-11,378.62890267962854
2024-07-12,352.70257343551157
2024-07-13,252.90741655023277
2024-07-14,199.7513868945596
2024-07-15,192.83803261411518
2024-07-16,192.67459596667
2024-07-17,180.30330035319813
2024-07-18,144.1811942079425
2024-07-19,127.35342685538936
2024-07-20,116.08018828971143
2024-07-21,95.69085745440252
2024-07-22,87.91323217712926
2024-07-23,73.10469932782698
2024-07-24,69.47415716760433
2024-07-25,65.74052767545328
2024-07-26,67.86262542371433
2024-07-27,86.35265710211576
2024-07-28,112.80085983590654
2024-07-29,126.55989491572672
2024-07-30,121.24252197680082
2024-07-31,122.50414176772692
2024-08-01,151.01665135621036
2024-08-02,186.50692337802133
2024-08-03,181.27255010787727
2024-08-04,180.4669609944006
2024-08-05,177.16772195149247
2024-08-06,167.37321586163156
2024-08-07,140.972750390751
2024-08-08,128.04592969919943
2024-08-09,108.92013131737252
2024-08-10,105.6187136730191
2024-08-11,110.47377266217302
2024-08-12,117.32136854922683
2024-08-13,120.988025629131
2024-08-14,124.21970586487156
2024-08-15,123.42322752509017
2024-08-16,117.46394349586024
2024-08-17,106.25752971541947
2024-08-18,97.6115967402682
2024-08-19,80.31001151473424
2024-08-20,73.9720838619288
2024-08-21,74.75941392896522
2024-08-22,79.19626630390871
2024-08-23,77.27364760203352
2024-08-24,76.47169279368639
2024-08-25,72.56274390015437
2024-08-26,68.50585070946408
2024-08-27,66.60474897022503
2024-08-28,62.39028612501723
2024-08-29,62.048601869557345
2024-08-30,68.3862112571596
2024-08-31,70.20390951068153
2024-09-01,69.78064355384761
2024-09-02,67.73525879281392
2024-09-03,61.334402197550965
2024-09-04,61.178587868433574
2024-09-05,65.03964814409105
2024-09-06,64.07015767368664
2024-09-07,64.51179673801654
2024-09-08,74.67432542832319
2024-09-09,96.2166700981194
2024-09-10,96.7587457712066
2024-09-11,87.68011117430294
2024-09-12,78.99890286603383
2024-09-13,75.03012948230933
2024-09-14,81.7954884480791
2024-09-15,87.00024447307744
2024-09-16,91.54612810935804
2024-09-17,103.67937263271672
2024-09-18,115.7506370394286
2024-09-19,117.92561858133479
2024-09-20,114.57148547931124
2024-09-21,108.02021421099988
2024-09-22,101.34053973129437
2024-09-23,100.23355772516331
2024-09-24,95.9201205180017
2024-09-25,95.25411129631061
2024-09-26,115.25676042929798
2024-09-27,126.96351132973093
2024-09-28,127.07491487685402
2024-09-29,116.32966539836708
2024-09-30,113.21500203234295
2024-10-01,133.96875
2024-10-02,130.78125
2024-10-03,151.921875
2024-10-04,178.2578125
2024-10-05,178.8828125
2024-10-06,166.7265625
2024-10-07,153.578125
2024-10-08,139.4921875
2024-10-09,126.6171875
2024-10-10,115.4140625
2024-10-11,105.3828125
2024-10-12,96.1484375
2024-10-13,87.6953125
2024-10-14,79.921875
2024-10-15,72.765625
2024-10-16,65.953125
2024-10-17,59.79296875
2024-10-18,55.296875
2024-10-19,52.5078125
2024-10-20,48.4296875
2024-10-21,43.62109375
2024-10-22,39.03515625
2024-10-23,34.73828125
2024-10-24,30.9921875
2024-10-25,27.65234375
2024-10-26,24.578125
2024-10-27,21.69921875
2024-10-28,18.99609375
2024-10-29,16.5546875
2024-10-30,14.35546875
2024-10-31,12.26171875
2024-11-01,10.3515625
2024-11-02,8.69921875
2024-11-03,7.25
2024-11-04,5.953125
2024-11-05,4.828125
2024-11-06,3.8515625
2024-11-07,3.00390625
2024-11-08,2.3046875
2024-11-09,1.734375
2024-11-10,1.28125
2024-11-11,0.9609375
2024-11-12,0.73046875
2024-11-13,0.55078125
2024-11-14,0.40234375
2024-11-15,0.2890625
2024-11-16,0.21484375
2024-11-17,0.16015625
2024-11-18,0.12109375000000001
2024-11-19,0.09765625
2024-11-20,0.07421875
2024-11-21,0.05859374999999999
2024-11-22,0.046875
2024-11-23,0.0390625
2024-11-24,0.02734375
2024-11-25,0.01953125
2024-11-26,0.011718750000000002
2024-11-27,0.007812500000000002
2024-11-28,0.007812500000000002
2024-11-29,0.00390625
2024-11-30,0.00390625
2024-12-01,0.0
2024-12-02,0.0
2024-12-03,0.0
2024-12-04,0.0
2024-12-05,0.0
2024-12-06,0.0
2024-12-07,0.0
2024-12-08,0.0
2024-12-09,0.0
2024-12-10,0.0
2024-12-11,0.0
2024-12-12,0.0
2024-12-13,0.0
2024-12-14,0.0
2024-12-15,0.0
2024-12-16,0.0
2024-12-17,0.0
2024-12-18,0.0
2024-12-19,0.0
2024-12-20,0.0
2024-12-21,0.0
2024-12-22,0.0
2024-12-23,0.0
2024-12-24,0.0
2024-12-25,0.0
2024-12-26,0.0
2024-12-27,0.0
2024-12-28,0.0
2024-12-29,0.0
2024-12-30,0.0
2024-12-31,0.0
2025-01-01,0.0
2025-01-02,0.0
2025-01-03,0.0
2025-01-04,0.0
2025-01-05,0.0
2025-01-06,0.0
2025-01-07,0.0
2025-01-08,0.0
2025-01-09,0.0
2025-01-10,0.0
2025-01-11,0.0
2025-01-12,0.0
2025-01-13,0.0
2025-01-14,0.0
2025-01-15,0.0
2025-01-16,0.0
2025-01-17,0.0
2025-01-18,0.0
2025-01-19,0.0
2025-01-20,0.0
2025-01-21,0.0
2025-01-22,0.0
2025-01-23,0.0
2025-01-24,0.0
2025-01-25,0.0
2025-01-26,0.0
2025-01-27,0.0
2025-01-28,0.0
2025-01-29,0.0
2025-01-30,0.0
2025-01-31,0.0
2025-02-01,0.0
2025-02-02,0.0
2025-02-03,0.0
2025-02-04,0.0
2025-02-05,0.0
2025-02-06,0.0
2025-02-07,0.0
2025-02-08,0.0
2025-02-09,0.0
2025-02-10,0.0
2025-02-11,0.0
2025-02-12,0.0
2025-02-13,0.015625
2025-02-14,0.1875
2025-02-15,0.375
2025-02-16,0.375
2025-02-17,0.328125
2025-02-18,0.296875
2025-02-19,0.25
2025-02-20,0.1875
2025-02-21,0.15625
2025-02-22,0.09375
2025-02-23,0.06249999999999999
2025-02-24,0.06249999999999999
2025-02-25,0.03125
2025-02-26,0.03125
2025-02-27,0.0
2025-02-28,0.0
2025-03-01,0.0
2025-03-02,0.0
2025-03-03,0.0
2025-03-04,0.0
2025-03-05,0.0
2025-03-06,0.0
2025-03-07,0.0
2025-03-08,0.0
2025-03-09,0.0
2025-03-10,0.0
2025-03-11,0.0
2025-03-12,0.0
2025-03-13,0.0
2025-03-14,0.0
2025-03-15,0.0
2025-03-16,0.0
2025-03-17,0.0
2025-03-18,0.0
2025-03-19,0.0
2025-03-20,0.0
2025-03-21,0.0
2025-03-22,0.0
2025-03-23,0.0
2025-03-24,0.0
2025-03-25,0.0
2025-03-26,0.0
2025-03-27,0.0
2025-03-28,0.0
2025-03-29,0.0
2025-03-30,0.0
2025-03-31,0.0
2025-04-01,0.0
2025-04-02,0.0
2025-04-03,0.0
2025-04-04,0.0
2025-04-05,0.0
2025-04-06,0.0
2025-04-07,0.0
2025-04-08,0.0
2025-04-09,0.0
2025-04-10,0.0
2025-04-11,0.0
2025-04-12,0.0
2025-04-13,0.0
2025-04-14,0.0
2025-04-15,0.0
2025-04-16,0.0
2025-04-17,0.0
2025-04-18,0.0
2025-04-19,0.0
2025-04-20,0.0
2025-04-21,0.0
2025-04-22,0.0
2025-04-23,0.0
2025-04-24,0.0
2025-04-25,0.0
2025-04-26,0.0
2025-04-27,0.0
2025-04-28,0.0
2025-04-29,0.0
2025-04-30,0.0
2025-05-01,1.1700000000000002
2025-05-02,1.21
2025-05-03,1.2049999999999998
2025-05-04,1.1954999999999998
2025-05-05,1.1860000000000002
2025-05-06,1.1864999999999999
2025-05-07,1.1864999999999999
2025-05-08,1.1864999999999997
2025-05-09,1.1865
2025-05-10,1.1864999999999999
2025-05-11,1.1865
2025-05-12,1.1864999999999999
2025-05-13,7.4789375
2025-05-14,18.285967957276455
2025-05-15,6.457386814932495
2025-05-16,5.102025010657962
2025-05-17,4.232279866168077
2025-05-18,4.3508916839499525
2025-05-19,24.273260099220426
2025-05-20,9.847901675363936
2025-05-21,5.2899356733323994
2025-05-22,13.775098039215695
2025-05-23,38.146511627906975
2025-05-24,19.2424463259752
2025-05-25,5.977446959367333
2025-05-26,10.164273135731948
2025-05-27,14.194864066179123
2025-05-28,46.843258170518745
2025-05-29,294.2841083463895
2025-05-30,408.4512351399714
2025-05-31,398.9728291730411
2025-06-01,348.24691536388616
2025-06-02,353.61616331101834
2025-06-03,348.02944400706576
2025-06-04,352.9897211453959
2025-06-05,447.9436748081018
2025-06-06,560.4945581496338
2025-06-07,673.0374522214516
2025-06-08,865.2602554388601
2025-06-09,1452.0207644535142
2025-06-10,1712.2771360804331
2025-06-11,1580.636381678968
2025-06-12,1497.1961794866797
2025-06-13,1423.8572734225088
2025-06-14,1370.512498844658
2025-06-15,1319.804689069314
2025-06-16,1270.403568356377
2025-06-17,1058.896640886505
2025-06-18,954.570959008568
2025-06-19,728.339874033858
2025-06-20,666.3006879336624
2025-06-21,529.0285921613231
2025-06-22,476.9016149022908
2025-06-23,341.5399408100134
2025-06-24,311.2520899070267
2025-06-25,265.72315197111817
2025-06-26,245.45059352295078
2025-06-27,236.6684315280527
2025-06-28,261.2913120099261
2025-06-29,253.64210989123572
2025-06-30,233.89773583083903
2025-07-01,189.55522838178788
2025-07-02,183.36326217397624
2025-07-03,211.75113259381897
2025-07-04,279.23324616823425
2025-07-05,282.9401698407517
2025-07-06,229.96202689734437
2025-07-07,185.99452254759242
2025-07-08,170.93615930243607
2025-07-09,153.63690794983702
2025-07-10,149.62413487586667
2025-07-11,136.50996768487144
2025-07-12,126.46810704386857
2025-07-13,110.01388592303353
2025-07-14,101.67249801235066
2025-07-15,81.53671424520141
2025-07-16,89.31504155446233
2025-07-17,87.88774960288582
2025-07-18,90.32865005028137
2025-07-19,99.08714770245
2025-07-20,101.08651363338689
2025-07-21,116.09676947558636
2025-07-22,114.74361539643641
2025-07-23,108.36232681231326
2025-07-24,90.29119414214242
2025-07-25,84.93238902760942
2025-07-26,104.0061987478324
2025-07-27,129.11498126908756
2025-07-28,143.5536939928745
2025-07-29,140.7351913727535
2025-07-30,126.9798150309176
2025-07-31,109.89845920039845
2025-08-01,102.67076846034779
2025-08-02,99.28725292969203
2025-08-03,76.20885318786442
2025-08-04,65.12708454923418
2025-08-05,59.38181019471898
2025-08-06,53.3228066922323
2025-08-07,51.31760763467649
2025-08-08,51.459582642153585
2025-08-09,51.69503623409307
2025-08-10,52.13165109950007
2025-08-11,56.32394603068308
2025-08-12,59.51555407491003
2025-08-13,57.99021456821742
2025-08-14,53.683634185166234
2025-08-15,48.9376806507352
2025-08-16,38.258378995005465
2025-08-17,34.53421213482623
2025-08-18,34.748795303251654
2025-08-19,43.76829018948445
2025-08-20,45.99535678954089
2025-08-21,54.811596301574774
2025-08-22,64.80248639234539
2025-08-23,61.96190366853887
2025-08-24,55.832223811975304
2025-08-25,51.83729344808153
2025-08-26,40.62266637141262
2025-08-27,38.70765372175199
2025-08-28,46.81567532750367
2025-08-29,54.33724817792941
2025-08-30,55.670048503691646
2025-08-31,49.85997193520356
2025-09-01,45.98268167755537
2025-09-02,37.59128236885391
2025-09-03,35.19084427494575
2025-09-04,36.551879248781496
2025-09-05,45.382532872099794
2025-09-06,45.62917703119849
2025-09-07,42.448101642185414
2025-09-08,37.45544013910644
2025-09-09,36.0829104785785
2025-09-10,36.86732225045045
2025-09-11,35.70490000868618
2025-09-12,38.3867886735764
2025-09-13,40.05899855420758
2025-09-14,39.49958869160662
2025-09-15,36.894784024571294
2025-09-16,34.24766233156917
2025-09-17,30.62626981632011
2025-09-18,28.430018241882294
2025-09-19,26.35228381624938
2025-09-20,34.08624945135524
2025-09-21,32.92607604069604
2025-09-22,34.46953698419558
2025-09-23,32.70494397451192
2025-09-24,32.25073260354847
2025-09-25,21.735779083589605
2025-09-26,21.482428483930924
2025-09-27,20.868925466468564
2025-09-28,19.631103695121592
2025-09-29,19.465214610260706
2025-09-30,20.078100591196673
